---------------------------------------------
-- GLOBAL SERVICES
---------------------------------------------
INSERT INTO IU (idIU, IUName, IUAlias, IUDescription, IUType) VALUES ('IGl_1431689232384061UIServ_2', 'TGSINCPRODUCTOS', 'Sincronizar productos', '', 'S');
INSERT INTO IU (idIU, IUName, IUAlias, IUDescription, IUType) VALUES ('IGl_1431697489920972UIServ_2', 'TGSINCPLANES', 'Sincronizar planes', '', 'S');
INSERT INTO IU (idIU, IUName, IUAlias, IUDescription, IUType) VALUES ('IGl_1431698538496232UIServ_2', 'TGSINCPARENTESCOS', 'Sincronizar parentescos', '', 'S');
INSERT INTO IU (idIU, IUName, IUAlias, IUDescription, IUType) VALUES ('IGl_1431700242432628UIServ_2', 'TGSINCPERIODICIDADES', 'Sincronizar periodicidades', '', 'S');
INSERT INTO IU (idIU, IUName, IUAlias, IUDescription, IUType) VALUES ('IGl_1431709679616367UIServ_2', 'TGSINCESTADOSCONTRATO', 'Sincronizar estados de contrato', '', 'S');
INSERT INTO IU (idIU, IUName, IUAlias, IUDescription, IUType) VALUES ('IGl_1431710990336966UIServ_2', 'TGSINCESTADOSBENEFICIARIO', 'Sincronizar estados de beneficiario', '', 'S');
INSERT INTO IU (idIU, IUName, IUAlias, IUDescription, IUType) VALUES ('IGl_1431872995328708UIServ_2', 'TGSINCREGIONALES', 'Sincronizar regionales', '', 'S');
INSERT INTO IU (idIU, IUName, IUAlias, IUDescription, IUType) VALUES ('IGl_1431874830336565UIServ_2', 'TGSINCSUCURSALES', 'Sincronizar sucursales', '', 'S');
INSERT INTO IU (idIU, IUName, IUAlias, IUDescription, IUType) VALUES ('IGl_1431877320704354UIServ_2', 'TGSINCGRUPOSASOCIADOS', 'Sincronizar grupos asociados', '', 'S');
INSERT INTO IU (idIU, IUName, IUAlias, IUDescription, IUType) VALUES ('IGl_1431881252864956UIServ_2', 'TGSINCESTADOSCIVILES', 'Sincronizar estados civiles', '', 'S');
INSERT INTO IU (idIU, IUName, IUAlias, IUDescription, IUType) VALUES ('IGl_1431882301440372UIServ_2', 'TGSINCDEPARTAMENTOS', 'Sincronizar departamentos', '', 'S');
INSERT INTO IU (idIU, IUName, IUAlias, IUDescription, IUType) VALUES ('IGl_1431887282176770UIServ_2', 'TGSINC1ASESOR', 'TGSINC1ASESOR', '', 'S');
INSERT INTO IU (idIU, IUName, IUAlias, IUDescription, IUType) VALUES ('IGl_1431888199680855UIServ_2', 'OGSINCASESORES', 'Sincronizar asesores', '', 'S');
INSERT INTO IU (idIU, IUName, IUAlias, IUDescription, IUType) VALUES ('IGl_1431889772544083UIServ_2', 'TGSINCOMPANIAS', 'Sincronizar compañías', '', 'S');
INSERT INTO IU (idIU, IUName, IUAlias, IUDescription, IUType) VALUES ('IGl_1431891214336411UIServ_2', 'TGSINCMUNICIPIOS', 'Sincronizar municipios', '', 'S');
INSERT INTO IU (idIU, IUName, IUAlias, IUDescription, IUType) VALUES ('IGl_1431940759552592UIServ_2', 'TGSINCTIPOSDIRECCION', 'Sincronizar tipos de dirección', '', 'S');
INSERT INTO IU (idIU, IUName, IUAlias, IUDescription, IUType) VALUES ('IGl_1431941414912113UIServ_2', 'TGSINCESTADOSPERSONA', 'Sincronizar estados de persona', '', 'S');
INSERT INTO IU (idIU, IUName, IUAlias, IUDescription, IUType) VALUES ('IGl_1431942070272211UIServ_2', 'TGSINCFORMASPAGO', 'Sincronizar formas de pago', '', 'S');
INSERT INTO IU (idIU, IUName, IUAlias, IUDescription, IUType) VALUES ('IGl_1431942725632508UIServ_2', 'TGSINCTIPOSIDENTIFICACION', 'Sincronizar tipos de identificación', '', 'S');
INSERT INTO IU (idIU, IUName, IUAlias, IUDescription, IUType) VALUES ('IGl_1431943249920923UIServ_2', 'TGSINCEPSS', 'Sincronizar EPS', '', 'S');
INSERT INTO IU (idIU, IUName, IUAlias, IUDescription, IUType) VALUES ('IGl_1433001394176267UIServ_2', 'TGSINCPAISES', 'Sincronizar países', '', 'S');
INSERT INTO IU (idIU, IUName, IUAlias, IUDescription, IUType) VALUES ('IGl_1433189875712803UIServ_1', 'TGSELECCONTRATOASOC', 'Contratos asociados', '', 'S');
INSERT INTO IU (idIU, IUName, IUAlias, IUDescription, IUType) VALUES ('IGl_1433934757888116UIServ_1', 'TGSELECCONTRATOASOCTIT', 'Contratos asociados', '', 'S');
INSERT INTO IU (idIU, IUName, IUAlias, IUDescription, IUType) VALUES ('IGl_1436519235584156UIServ_1', 'TGSOLICITUDFISICALEER', 'Carga masiva solicitudes físicas', '', 'S');
INSERT INTO IU (idIU, IUName, IUAlias, IUDescription, IUType) VALUES ('IGl_1436519497728128UIServ_1', 'TGSOLICITUDFISICACARGAR', 'Cargar registro solicitud física', '', 'S');
INSERT INTO IU (idIU, IUName, IUAlias, IUDescription, IUType) VALUES ('IGl_1436549251072158UIServ_1', 'TGENFILELEGALIZACOM', 'Generación archivo legaliza comisiones', '', 'S');
INSERT INTO IU (idIU, IUName, IUAlias, IUDescription, IUType) VALUES ('IGl_1437658906624317UIServ_1', 'OGENERARSOLICITUDINC', 'Generar solicitud', '', 'S');
INSERT INTO IU (idIU, IUName, IUAlias, IUDescription, IUType) VALUES ('IGl_1437660872704199UIServ_1', 'TMARCARGENERADAENCOR', 'Marcar que la solicitud ha sido generada en el CORE', '', 'S');
INSERT INTO IU (idIU, IUName, IUAlias, IUDescription, IUType) VALUES ('IGl_1439799705600484UIServ_1', 'TGSINCENTIDADESFIN', 'Sincronizar entidades financieras', '', 'S');
INSERT INTO IU (idIU, IUName, IUAlias, IUDescription, IUType) VALUES ('IGl_1439799967744820UIServ_1', 'TGSINCTIPOSDEENTIDAD', 'Sincronizar tipos de entidad', '', 'S');
INSERT INTO IU (idIU, IUName, IUAlias, IUDescription, IUType) VALUES ('IGl_1439800098816306UIServ_1', 'TGSINCTIPOSINSTITUCION', 'Sincronizar tipos de institución', '', 'S');
INSERT INTO IU (idIU, IUName, IUAlias, IUDescription, IUType) VALUES ('IGl_1439800229888478UIServ_1', 'TGSINCTIPOSSUCURSAL', 'Sincronizar tipos de sucursal', '', 'S');
INSERT INTO IU (idIU, IUName, IUAlias, IUDescription, IUType) VALUES ('IGl_1439802195968753UIServ_1', 'TGVERIFICARUSUARIO', 'Verificar usuario ', '', 'S');
INSERT INTO IU (idIU, IUName, IUAlias, IUDescription, IUType) VALUES ('IGl_1445874368512966UIServ_1', 'TGCREARTARIFA', 'Crear Tarifa', '', 'S');
INSERT INTO IU (idIU, IUName, IUAlias, IUDescription, IUType) VALUES ('IGl_1445875023872887UIServ_1', 'TGELIMINARTARIFA', 'Eliminar Tarifa', '', 'S');
INSERT INTO IU (idIU, IUName, IUAlias, IUDescription, IUType) VALUES ('IGl_1460563476480126UIServ_2', 'OGSINCAGENTESXPROD', 'Sincronizar agentes x producto', '', 'S');
INSERT INTO IU (idIU, IUName, IUAlias, IUDescription, IUType) VALUES ('IGl_1460563607552988UIServ_2', 'TGSINC1AGENTEXPROD', 'Sincronizar un agente por producto', '', 'S');
INSERT INTO IU (idIU, IUName, IUAlias, IUDescription, IUType) VALUES ('IGl_1460563607552522UIServ_2', 'TGSINC1AGENTEXPRODAUX', 'Sincronizar un agente x producto', '', 'S');
INSERT INTO IU (idIU, IUName, IUAlias, IUDescription, IUType) VALUES ('IGl_1462185885696764UIServ_1', 'OGENERARSOLICITUD2', 'Generar solicitud', '', 'S');
INSERT INTO IU (idIU, IUName, IUAlias, IUDescription, IUType) VALUES ('IGl_1462195191808103UIServ_1', 'TGCREARPERSONACORE', 'Crar persona en core', '', 'S');
INSERT INTO IU (idIU, IUName, IUAlias, IUDescription, IUType) VALUES ('IGl_1462202138624625UIServ_1', 'TGACTPERSONAENCORE', 'TGACTPERSONAENCORE', '', 'S');
INSERT INTO IU (idIU, IUName, IUAlias, IUDescription, IUType) VALUES ('IGl_1462445670400401UIServ_1', 'TGPOSPROCESARASESORES', 'Pos-procesar asesores', '', 'S');
INSERT INTO IU (idIU, IUName, IUAlias, IUDescription, IUType) VALUES ('IGl_1462447112192088UIServ_1', 'TCREARAGENTE', 'Crear', '', 'S');
INSERT INTO IU (idIU, IUName, IUAlias, IUDescription, IUType) VALUES ('IGl_1462447243264368UIServ_1', 'TMODIFICARAGENTE', 'Modificar Agente', '', 'S');
INSERT INTO IU (idIU, IUName, IUAlias, IUDescription, IUType) VALUES ('IGl_1471434326016281UIServ_2', 'TGCREARCONTRATOCORE', 'TGCREARCONTRATOCORE', '', 'S');
INSERT INTO IU (idIU, IUName, IUAlias, IUDescription, IUType) VALUES ('IGl_1471435112448913UIServ_1', 'TGINCLUSIONCONTRATOCORE', 'TGINCLUSIONCONTRATOCORE', '', 'S');
INSERT INTO IU (idIU, IUName, IUAlias, IUDescription, IUType) VALUES ('IGl_1473869250560546UIServ_1', 'TGNOTIFICARCREAR', 'Notificacion de creacion', '', 'S');
INSERT INTO IU (idIU, IUName, IUAlias, IUDescription, IUType) VALUES ('IGl_1473869381632355UIServ_1', 'TGNOTIFICARINCLUSION', 'Notificación de inclución', '', 'S');
INSERT INTO IU (idIU, IUName, IUAlias, IUDescription, IUType) VALUES ('IGl_1473964015616108UIServ_1', 'TGNOTIFICARANULAR', 'Notificar anulación', '', 'S');
INSERT INTO IU (idIU, IUName, IUAlias, IUDescription, IUType) VALUES ('IGl_1475495198720658UIServ_1', 'TGNEWASESORAGENCIA', 'Nuevo asesor de agencia', '', 'S');
INSERT INTO IU (idIU, IUName, IUAlias, IUDescription, IUType) VALUES ('IGl_1475495460864793UIServ_1', 'TGMODASESORAGENCIA', 'Modificar', '', 'S');
INSERT INTO IU (idIU, IUName, IUAlias, IUDescription, IUType) VALUES ('IGl_1495609901056477UIServ_1', 'TGCREARACTPERSONACORE', 'Crear o actualizar Persona', '', 'S');
INSERT INTO IU (idIU, IUName, IUAlias, IUDescription, IUType) VALUES ('IGl_1517847314432997UIServ_1', 'tdelcontsindocsol', 'Eliminar', '', 'S');
INSERT INTO IU (idIU, IUName, IUAlias, IUDescription, IUType) VALUES ('IGl_1537799356416380UIServ_1', 'OGANULARSOL', 'Anular solicitudes', '', 'S');
INSERT INTO IU (idIU, IUName, IUAlias, IUDescription, IUType) VALUES ('IGl_1537802371072443UIServ_1', 'OGANULARSOLAUX', 'OGANULARSOLAUX', '', 'S');
INSERT INTO IU (idIU, IUName, IUAlias, IUDescription, IUType) VALUES ('IGl_1544717205504325UIServ_1', 'TGACTDIRECCIONES', 'Actualizar direcciones', '', 'S');
INSERT INTO IU (idIU, IUName, IUAlias, IUDescription, IUType) VALUES ('IGl_1547136925696950UIServ_1', 'TGACTTIPOFACTURA', 'TGACTTIPOFACTURA', '', 'S');
INSERT INTO IU (idIU, IUName, IUAlias, IUDescription, IUType) VALUES ('IGl_1584043524096102UIServ_1', 'OGSOLNOVSETTRAMITADO', 'Marcar como Tramitadas as Solicitudes de Novedad', '', 'S');
INSERT INTO IU (idIU, IUName, IUAlias, IUDescription, IUType) VALUES ('IGl_1584439099392074UIServ_1', 'TGSOLNOVSETTRA', 'TGSOLNOVSETTRA', '', 'S');
INSERT INTO IU (idIU, IUName, IUAlias, IUDescription, IUType) VALUES ('IGl_1587633717248106UIServ_1', 'TGCREARCOMBO', 'Nueva configuración contrato combo', '', 'S');
INSERT INTO IU (idIU, IUName, IUAlias, IUDescription, IUType) VALUES ('IGl_1587633979392848UIServ_1', 'TGEDITARCOMBO', 'Editar contrato combo', '', 'S');
INSERT INTO IU (idIU, IUName, IUAlias, IUDescription, IUType) VALUES ('IGl_1587634241536186UIServ_1', 'TDELCOMBO', 'Eliminar contrato combo', '', 'S');
INSERT INTO IU (idIU, IUName, IUAlias, IUDescription, IUType) VALUES ('IGl_1588762378240048UIServ_1', 'OGASIGUSUARIOS', 'Reasignación usuarios por archivo plano', '', 'S');
INSERT INTO IU (idIU, IUName, IUAlias, IUDescription, IUType) VALUES ('IGl_1594054803456798UIServ_1', 'TGDUMMYGDC271', 'Reactivación de contratos cancelados', '', 'S');
INSERT INTO IU (idIU, IUName, IUAlias, IUDescription, IUType) VALUES ('IGl_1623834492928280UIServ_1', 'TGADDPLANTREP', 'Nuevo', '', 'S');
INSERT INTO IU (idIU, IUName, IUAlias, IUDescription, IUType) VALUES ('IGl_1623834755072701UIServ_1', 'TGEDITPLANTREP', 'Modificar', '', 'S');
INSERT INTO IU (idIU, IUName, IUAlias, IUDescription, IUType) VALUES ('IGl_1623841832960263UIServ_1', 'OGCARGAVISASESORES', 'Carga visibilidad Asesores', '', 'S');
INSERT INTO IU (idIU, IUName, IUAlias, IUDescription, IUType) VALUES ('IGl_1624010260480499UIServ_1', 'OGCARGAPLANASESOR', 'Cargar Dominios Asesores', '', 'S');
INSERT INTO IU (idIU, IUName, IUAlias, IUDescription, IUType) VALUES ('IGl_1655288233984471UIServ_1', 'TGCREARFINIEPS', 'Crear', '', 'S');
INSERT INTO IU (idIU, IUName, IUAlias, IUDescription, IUType) VALUES ('IGl_1655288365056783UIServ_1', 'TGMODFINIEPS', 'Modificar', '', 'S');
INSERT INTO IU (idIU, IUName, IUAlias, IUDescription, IUType) VALUES ('IGl_1658391625728650UIServ_1', 'TGValidadorUsuarios', 'Validador de usuarios', '', 'S');
INSERT INTO IU (idIU, IUName, IUAlias, IUDescription, IUType) VALUES ('IGl_1658397786112231UIServ_1', 'TGCREARCONTEXENTO', 'Añadir contrato exento', '', 'S');
INSERT INTO IU (idIU, IUName, IUAlias, IUDescription, IUType) VALUES ('IGl_1658398048256569UIServ_1', 'TGDELCONTRATOEXENTO', 'Eliminar Contrato', '', 'S');
INSERT INTO IU (idIU, IUName, IUAlias, IUDescription, IUType) VALUES ('IGl_1718189031424886UIServ_1', 'TGDUMMYFASE1', 'Llamada Servicio Rest desde Microfrontend', '', 'S');


---------------------------------------------
-- CLASS Funcionario
---------------------------------------------
-- PIU: Funcionario.PIUAgente
INSERT INTO IU (idIU, IUName, IUAlias, IUDescription, IUType) VALUES ('Clas_1431626842112800UIPobCl_1', 'PIUAgente', 'Usuarios', '', 'P');
INSERT INTO IUAttribute (idIU, idIUAttribute, IUAttributeName, IUAttributeAlias, IUAttributeDescription) VALUES ('Clas_1431626842112800UIPobCl_1', 'Clas_1431626842112800CjtoVis_2ICtjoVis_1', 'Usuario', 'Usuario', '');
INSERT INTO IUAttribute (idIU, idIUAttribute, IUAttributeName, IUAttributeAlias, IUAttributeDescription) VALUES ('Clas_1431626842112800UIPobCl_1', 'Clas_1431626842112800CjtoVis_2ICtjoVis_6', 'Rol.Nombre', 'Rol', '');
INSERT INTO IUAttribute (idIU, idIUAttribute, IUAttributeName, IUAttributeAlias, IUAttributeDescription) VALUES ('Clas_1431626842112800UIPobCl_1', 'Clas_1431626842112800CjtoVis_2ICtjoVis_2', 'PrimerNombre', 'Primer nombre', '');
INSERT INTO IUAttribute (idIU, idIUAttribute, IUAttributeName, IUAttributeAlias, IUAttributeDescription) VALUES ('Clas_1431626842112800UIPobCl_1', 'Clas_1431626842112800CjtoVis_2ICtjoVis_3', 'SegundoNombre', 'Segundo nombre', '');
INSERT INTO IUAttribute (idIU, idIUAttribute, IUAttributeName, IUAttributeAlias, IUAttributeDescription) VALUES ('Clas_1431626842112800UIPobCl_1', 'Clas_1431626842112800CjtoVis_2ICtjoVis_4', 'PrimerApellido', 'Primer apellido', '');
INSERT INTO IUAttribute (idIU, idIUAttribute, IUAttributeName, IUAttributeAlias, IUAttributeDescription) VALUES ('Clas_1431626842112800UIPobCl_1', 'Clas_1431626842112800CjtoVis_2ICtjoVis_5', 'SegundoApellido', 'Segundo apellido', '');
INSERT INTO IUAttribute (idIU, idIUAttribute, IUAttributeName, IUAttributeAlias, IUAttributeDescription) VALUES ('Clas_1431626842112800UIPobCl_1', 'Clas_1431626842112800CjtoVis_2ICtjoVis_10', 'Disponible', 'Disponible', '');
INSERT INTO IUAttribute (idIU, idIUAttribute, IUAttributeName, IUAttributeAlias, IUAttributeDescription) VALUES ('Clas_1431626842112800UIPobCl_1', 'Clas_1431626842112800CjtoVis_2ICtjoVis_7', 'UsuarioLDAP', 'Usuario LDAP', '');
INSERT INTO IUAttribute (idIU, idIUAttribute, IUAttributeName, IUAttributeAlias, IUAttributeDescription) VALUES ('Clas_1431626842112800UIPobCl_1', 'Clas_1431626842112800CjtoVis_2ICtjoVis_8', 'Email', 'Email', '');
INSERT INTO IUAttribute (idIU, idIUAttribute, IUAttributeName, IUAttributeAlias, IUAttributeDescription) VALUES ('Clas_1431626842112800UIPobCl_1', 'Clas_1431626842112800CjtoVis_2ICtjoVis_9', 'Sucursal.Descripcion', 'Sucursal', '');
INSERT INTO IUAction (idIU, idIUAction, IUActionName, IUActionAlias, IUActionDescription) VALUES ('Clas_1431626842112800UIPobCl_1', 'Clas_1431626842112800AccOfer_1ElemAcc_6', 'SIUTCREARAGENTE', 'Crear', '');
INSERT INTO IUAction (idIU, idIUAction, IUActionName, IUActionAlias, IUActionDescription) VALUES ('Clas_1431626842112800UIPobCl_1', 'Clas_1431626842112800AccOfer_1ElemAcc_7', 'SIUTMODIFICARAGENTE', 'Modificar', '');
INSERT INTO IUAction (idIU, idIUAction, IUActionName, IUActionAlias, IUActionDescription) VALUES ('Clas_1431626842112800UIPobCl_1', 'Clas_1431626842112800AccOfer_1ElemAcc_8', 'SIUTCAMBIARDISPONIBLE', 'Marcar disponibilidad', '');
INSERT INTO IUNavigation (idIU, idIUNavigation, IUNavigationName, IUNavigationAlias, IUNavigationDescription) VALUES ('Clas_1431626842112800UIPobCl_1', 'Clas_1431626842112800NavOfer_1ElemNav_1', 'PIULogFuncionario', 'Histórico', '');

-- PIU: Funcionario.PIUDFuncionariosReporte
INSERT INTO IU (idIU, IUName, IUAlias, IUDescription, IUType) VALUES ('Clas_1431626842112800UIPobCl_2', 'PIUDFuncionariosReporte', 'Usuarios', '', 'P');
INSERT INTO IUAttribute (idIU, idIUAttribute, IUAttributeName, IUAttributeAlias, IUAttributeDescription) VALUES ('Clas_1431626842112800UIPobCl_2', 'Clas_1431626842112800CjtoVis_3ICtjoVis_1', 'UsuarioLDAP', 'Usuario LDAP', '');
INSERT INTO IUAttribute (idIU, idIUAttribute, IUAttributeName, IUAttributeAlias, IUAttributeDescription) VALUES ('Clas_1431626842112800UIPobCl_2', 'Clas_1431626842112800CjtoVis_3ICtjoVis_2', 'PrimerNombre', 'Primer nombre', '');
INSERT INTO IUAttribute (idIU, idIUAttribute, IUAttributeName, IUAttributeAlias, IUAttributeDescription) VALUES ('Clas_1431626842112800UIPobCl_2', 'Clas_1431626842112800CjtoVis_3ICtjoVis_3', 'SegundoNombre', 'Segundo nombre', '');
INSERT INTO IUAttribute (idIU, idIUAttribute, IUAttributeName, IUAttributeAlias, IUAttributeDescription) VALUES ('Clas_1431626842112800UIPobCl_2', 'Clas_1431626842112800CjtoVis_3ICtjoVis_4', 'PrimerApellido', 'Primer apellido', '');
INSERT INTO IUAttribute (idIU, idIUAttribute, IUAttributeName, IUAttributeAlias, IUAttributeDescription) VALUES ('Clas_1431626842112800UIPobCl_2', 'Clas_1431626842112800CjtoVis_3ICtjoVis_5', 'SegundoApellido', 'Segundo apellido', '');
INSERT INTO IUAction (idIU, idIUAction, IUActionName, IUActionAlias, IUActionDescription) VALUES ('Clas_1431626842112800UIPobCl_2', 'Clas_1431626842112800AccOfer_2ElemAcc_1', 'SIUInsReporteFuncionario', 'Asignar usuario', '');
INSERT INTO IUAction (idIU, idIUAction, IUActionName, IUActionAlias, IUActionDescription) VALUES ('Clas_1431626842112800UIPobCl_2', 'Clas_1431626842112800AccOfer_2ElemAcc_2', 'SIUDelReporteFuncionario', 'Quitar usuario', '');

-- PIU: Funcionario.PIUFuncionarioDGrupo
INSERT INTO IU (idIU, IUName, IUAlias, IUDescription, IUType) VALUES ('Clas_1431626842112800UIPobCl_3', 'PIUFuncionarioDGrupo', 'Usuarios', '', 'P');
INSERT INTO IUAttribute (idIU, idIUAttribute, IUAttributeName, IUAttributeAlias, IUAttributeDescription) VALUES ('Clas_1431626842112800UIPobCl_3', 'Clas_1431626842112800CjtoVis_4ICtjoVis_1', 'Rol.Nombre', 'Rol', '');
INSERT INTO IUAttribute (idIU, idIUAttribute, IUAttributeName, IUAttributeAlias, IUAttributeDescription) VALUES ('Clas_1431626842112800UIPobCl_3', 'Clas_1431626842112800CjtoVis_4ICtjoVis_2', 'drvNombreCompleto', 'Nombre completo', '');
INSERT INTO IUAttribute (idIU, idIUAttribute, IUAttributeName, IUAttributeAlias, IUAttributeDescription) VALUES ('Clas_1431626842112800UIPobCl_3', 'Clas_1431626842112800CjtoVis_4ICtjoVis_3', 'UsuarioLDAP', 'Usuario LDAP', '');
INSERT INTO IUAction (idIU, idIUAction, IUActionName, IUActionAlias, IUActionDescription) VALUES ('Clas_1431626842112800UIPobCl_3', 'Clas_1431626842112800AccOfer_3ElemAcc_1', 'SIUTADDUSUARIO', 'Agregar Usuario', '');
INSERT INTO IUAction (idIU, idIUAction, IUActionName, IUActionAlias, IUActionDescription) VALUES ('Clas_1431626842112800UIPobCl_3', 'Clas_1431626842112800AccOfer_3ElemAcc_2', 'SIUTDELUSUARIO', 'Eliminar Usuario', '');

-- PIU: Funcionario.PIUFuncionarioDDominio
INSERT INTO IU (idIU, IUName, IUAlias, IUDescription, IUType) VALUES ('Clas_1431626842112800UIPobCl_4', 'PIUFuncionarioDDominio', 'Usuarios', '', 'P');
INSERT INTO IUAttribute (idIU, idIUAttribute, IUAttributeName, IUAttributeAlias, IUAttributeDescription) VALUES ('Clas_1431626842112800UIPobCl_4', 'Clas_1431626842112800CjtoVis_4ICtjoVis_1', 'Rol.Nombre', 'Rol', '');
INSERT INTO IUAttribute (idIU, idIUAttribute, IUAttributeName, IUAttributeAlias, IUAttributeDescription) VALUES ('Clas_1431626842112800UIPobCl_4', 'Clas_1431626842112800CjtoVis_4ICtjoVis_2', 'drvNombreCompleto', 'Nombre completo', '');
INSERT INTO IUAttribute (idIU, idIUAttribute, IUAttributeName, IUAttributeAlias, IUAttributeDescription) VALUES ('Clas_1431626842112800UIPobCl_4', 'Clas_1431626842112800CjtoVis_4ICtjoVis_3', 'UsuarioLDAP', 'Usuario LDAP', '');

-- PIU: Funcionario.PIUFuncionarioGrupoUsuarios
INSERT INTO IU (idIU, IUName, IUAlias, IUDescription, IUType) VALUES ('Clas_1431626842112800UIPobCl_5', 'PIUFuncionarioGrupoUsuarios', 'Asesores Integrales / Afiliaciones', '', 'P');
INSERT INTO IUAttribute (idIU, idIUAttribute, IUAttributeName, IUAttributeAlias, IUAttributeDescription) VALUES ('Clas_1431626842112800UIPobCl_5', 'Clas_1431626842112800CjtoVis_2ICtjoVis_1', 'Usuario', 'Usuario', '');
INSERT INTO IUAttribute (idIU, idIUAttribute, IUAttributeName, IUAttributeAlias, IUAttributeDescription) VALUES ('Clas_1431626842112800UIPobCl_5', 'Clas_1431626842112800CjtoVis_2ICtjoVis_6', 'Rol.Nombre', 'Rol', '');
INSERT INTO IUAttribute (idIU, idIUAttribute, IUAttributeName, IUAttributeAlias, IUAttributeDescription) VALUES ('Clas_1431626842112800UIPobCl_5', 'Clas_1431626842112800CjtoVis_2ICtjoVis_2', 'PrimerNombre', 'Primer nombre', '');
INSERT INTO IUAttribute (idIU, idIUAttribute, IUAttributeName, IUAttributeAlias, IUAttributeDescription) VALUES ('Clas_1431626842112800UIPobCl_5', 'Clas_1431626842112800CjtoVis_2ICtjoVis_3', 'SegundoNombre', 'Segundo nombre', '');
INSERT INTO IUAttribute (idIU, idIUAttribute, IUAttributeName, IUAttributeAlias, IUAttributeDescription) VALUES ('Clas_1431626842112800UIPobCl_5', 'Clas_1431626842112800CjtoVis_2ICtjoVis_4', 'PrimerApellido', 'Primer apellido', '');
INSERT INTO IUAttribute (idIU, idIUAttribute, IUAttributeName, IUAttributeAlias, IUAttributeDescription) VALUES ('Clas_1431626842112800UIPobCl_5', 'Clas_1431626842112800CjtoVis_2ICtjoVis_5', 'SegundoApellido', 'Segundo apellido', '');
INSERT INTO IUAttribute (idIU, idIUAttribute, IUAttributeName, IUAttributeAlias, IUAttributeDescription) VALUES ('Clas_1431626842112800UIPobCl_5', 'Clas_1431626842112800CjtoVis_2ICtjoVis_10', 'Disponible', 'Disponible', '');
INSERT INTO IUAttribute (idIU, idIUAttribute, IUAttributeName, IUAttributeAlias, IUAttributeDescription) VALUES ('Clas_1431626842112800UIPobCl_5', 'Clas_1431626842112800CjtoVis_2ICtjoVis_7', 'UsuarioLDAP', 'Usuario LDAP', '');
INSERT INTO IUAttribute (idIU, idIUAttribute, IUAttributeName, IUAttributeAlias, IUAttributeDescription) VALUES ('Clas_1431626842112800UIPobCl_5', 'Clas_1431626842112800CjtoVis_2ICtjoVis_8', 'Email', 'Email', '');
INSERT INTO IUAttribute (idIU, idIUAttribute, IUAttributeName, IUAttributeAlias, IUAttributeDescription) VALUES ('Clas_1431626842112800UIPobCl_5', 'Clas_1431626842112800CjtoVis_2ICtjoVis_9', 'Sucursal.Descripcion', 'Sucursal', '');

-- PIU: Funcionario.PIUUsuarios
INSERT INTO IU (idIU, IUName, IUAlias, IUDescription, IUType) VALUES ('Clas_1431626842112800UIPobCl_6', 'PIUUsuarios', 'Usuarios', '', 'P');
INSERT INTO IUAttribute (idIU, idIUAttribute, IUAttributeName, IUAttributeAlias, IUAttributeDescription) VALUES ('Clas_1431626842112800UIPobCl_6', 'Clas_1431626842112800CjtoVis_2ICtjoVis_1', 'Usuario', 'Usuario', '');
INSERT INTO IUAttribute (idIU, idIUAttribute, IUAttributeName, IUAttributeAlias, IUAttributeDescription) VALUES ('Clas_1431626842112800UIPobCl_6', 'Clas_1431626842112800CjtoVis_2ICtjoVis_6', 'Rol.Nombre', 'Rol', '');
INSERT INTO IUAttribute (idIU, idIUAttribute, IUAttributeName, IUAttributeAlias, IUAttributeDescription) VALUES ('Clas_1431626842112800UIPobCl_6', 'Clas_1431626842112800CjtoVis_2ICtjoVis_2', 'PrimerNombre', 'Primer nombre', '');
INSERT INTO IUAttribute (idIU, idIUAttribute, IUAttributeName, IUAttributeAlias, IUAttributeDescription) VALUES ('Clas_1431626842112800UIPobCl_6', 'Clas_1431626842112800CjtoVis_2ICtjoVis_3', 'SegundoNombre', 'Segundo nombre', '');
INSERT INTO IUAttribute (idIU, idIUAttribute, IUAttributeName, IUAttributeAlias, IUAttributeDescription) VALUES ('Clas_1431626842112800UIPobCl_6', 'Clas_1431626842112800CjtoVis_2ICtjoVis_4', 'PrimerApellido', 'Primer apellido', '');
INSERT INTO IUAttribute (idIU, idIUAttribute, IUAttributeName, IUAttributeAlias, IUAttributeDescription) VALUES ('Clas_1431626842112800UIPobCl_6', 'Clas_1431626842112800CjtoVis_2ICtjoVis_5', 'SegundoApellido', 'Segundo apellido', '');
INSERT INTO IUAttribute (idIU, idIUAttribute, IUAttributeName, IUAttributeAlias, IUAttributeDescription) VALUES ('Clas_1431626842112800UIPobCl_6', 'Clas_1431626842112800CjtoVis_2ICtjoVis_10', 'Disponible', 'Disponible', '');
INSERT INTO IUAttribute (idIU, idIUAttribute, IUAttributeName, IUAttributeAlias, IUAttributeDescription) VALUES ('Clas_1431626842112800UIPobCl_6', 'Clas_1431626842112800CjtoVis_2ICtjoVis_7', 'UsuarioLDAP', 'Usuario LDAP', '');
INSERT INTO IUAttribute (idIU, idIUAttribute, IUAttributeName, IUAttributeAlias, IUAttributeDescription) VALUES ('Clas_1431626842112800UIPobCl_6', 'Clas_1431626842112800CjtoVis_2ICtjoVis_8', 'Email', 'Email', '');
INSERT INTO IUAttribute (idIU, idIUAttribute, IUAttributeName, IUAttributeAlias, IUAttributeDescription) VALUES ('Clas_1431626842112800UIPobCl_6', 'Clas_1431626842112800CjtoVis_2ICtjoVis_9', 'Sucursal.Descripcion', 'Sucursal', '');
INSERT INTO IUAction (idIU, idIUAction, IUActionName, IUActionAlias, IUActionDescription) VALUES ('Clas_1431626842112800UIPobCl_6', 'Clas_1431626842112800AccOfer_1ElemAcc_6', 'SIUTCREARAGENTE', 'Crear', '');
INSERT INTO IUAction (idIU, idIUAction, IUActionName, IUActionAlias, IUActionDescription) VALUES ('Clas_1431626842112800UIPobCl_6', 'Clas_1431626842112800AccOfer_1ElemAcc_7', 'SIUTMODIFICARAGENTE', 'Modificar', '');
INSERT INTO IUAction (idIU, idIUAction, IUActionName, IUActionAlias, IUActionDescription) VALUES ('Clas_1431626842112800UIPobCl_6', 'Clas_1431626842112800AccOfer_1ElemAcc_8', 'SIUTCAMBIARDISPONIBLE', 'Marcar disponibilidad', '');
INSERT INTO IUNavigation (idIU, idIUNavigation, IUNavigationName, IUNavigationAlias, IUNavigationDescription) VALUES ('Clas_1431626842112800UIPobCl_6', 'Clas_1431626842112800NavOfer_1ElemNav_1', 'PIULogFuncionario', 'Histórico', '');

-- PIU: Funcionario._Auto_
INSERT INTO IU (idIU, IUName, IUAlias, IUDescription, IUType) VALUES ('Clas_1431626842112800UIPobCl_Auto', '_Auto_', 'Usuario', '', 'P');
INSERT INTO IUAttribute (idIU, idIUAttribute, IUAttributeName, IUAttributeAlias, IUAttributeDescription) VALUES ('Clas_1431626842112800UIPobCl_Auto', 'Clas_1431626842112800CjtoVis_AutoICtjoVis_1', 'Usuario', 'Usuario', '');
INSERT INTO IUAttribute (idIU, idIUAttribute, IUAttributeName, IUAttributeAlias, IUAttributeDescription) VALUES ('Clas_1431626842112800UIPobCl_Auto', 'Clas_1431626842112800CjtoVis_AutoICtjoVis_2', 'PrimerNombre', 'Primer nombre', '');
INSERT INTO IUAttribute (idIU, idIUAttribute, IUAttributeName, IUAttributeAlias, IUAttributeDescription) VALUES ('Clas_1431626842112800UIPobCl_Auto', 'Clas_1431626842112800CjtoVis_AutoICtjoVis_3', 'SegundoNombre', 'Segundo nombre', '');
INSERT INTO IUAttribute (idIU, idIUAttribute, IUAttributeName, IUAttributeAlias, IUAttributeDescription) VALUES ('Clas_1431626842112800UIPobCl_Auto', 'Clas_1431626842112800CjtoVis_AutoICtjoVis_4', 'PrimerApellido', 'Primer apellido', '');
INSERT INTO IUAttribute (idIU, idIUAttribute, IUAttributeName, IUAttributeAlias, IUAttributeDescription) VALUES ('Clas_1431626842112800UIPobCl_Auto', 'Clas_1431626842112800CjtoVis_AutoICtjoVis_5', 'SegundoApellido', 'Segundo apellido', '');
INSERT INTO IUAttribute (idIU, idIUAttribute, IUAttributeName, IUAttributeAlias, IUAttributeDescription) VALUES ('Clas_1431626842112800UIPobCl_Auto', 'Clas_1431626842112800CjtoVis_AutoICtjoVis_6', 'drvNombreCompleto', 'Nombre completo', '');
INSERT INTO IUAttribute (idIU, idIUAttribute, IUAttributeName, IUAttributeAlias, IUAttributeDescription) VALUES ('Clas_1431626842112800UIPobCl_Auto', 'Clas_1431626842112800CjtoVis_AutoICtjoVis_7', 'UsuarioLDAP', 'Usuario LDAP', '');
INSERT INTO IUAttribute (idIU, idIUAttribute, IUAttributeName, IUAttributeAlias, IUAttributeDescription) VALUES ('Clas_1431626842112800UIPobCl_Auto', 'Clas_1431626842112800CjtoVis_AutoICtjoVis_8', 'Email', 'Email', '');
INSERT INTO IUAttribute (idIU, idIUAttribute, IUAttributeName, IUAttributeAlias, IUAttributeDescription) VALUES ('Clas_1431626842112800UIPobCl_Auto', 'Clas_1431626842112800CjtoVis_AutoICtjoVis_9', 'CodJefe', 'CodJefe', '');
INSERT INTO IUAttribute (idIU, idIUAttribute, IUAttributeName, IUAttributeAlias, IUAttributeDescription) VALUES ('Clas_1431626842112800UIPobCl_Auto', 'Clas_1431626842112800CjtoVis_AutoICtjoVis_10', 'Id', 'Id', '');
INSERT INTO IUAttribute (idIU, idIUAttribute, IUAttributeName, IUAttributeAlias, IUAttributeDescription) VALUES ('Clas_1431626842112800UIPobCl_Auto', 'Clas_1431626842112800CjtoVis_AutoICtjoVis_11', 'Manual', 'Manual', '');
INSERT INTO IUAttribute (idIU, idIUAttribute, IUAttributeName, IUAttributeAlias, IUAttributeDescription) VALUES ('Clas_1431626842112800UIPobCl_Auto', 'Clas_1431626842112800CjtoVis_AutoICtjoVis_12', 'drvNomJefe', 'Nombre Jefe', '');
INSERT INTO IUAttribute (idIU, idIUAttribute, IUAttributeName, IUAttributeAlias, IUAttributeDescription) VALUES ('Clas_1431626842112800UIPobCl_Auto', 'Clas_1431626842112800CjtoVis_AutoICtjoVis_13', 'drvNomAgencia', 'Agencia', '');
INSERT INTO IUAttribute (idIU, idIUAttribute, IUAttributeName, IUAttributeAlias, IUAttributeDescription) VALUES ('Clas_1431626842112800UIPobCl_Auto', 'Clas_1431626842112800CjtoVis_AutoICtjoVis_14', 'Disponible', 'Disponible', '');
INSERT INTO IUAttribute (idIU, idIUAttribute, IUAttributeName, IUAttributeAlias, IUAttributeDescription) VALUES ('Clas_1431626842112800UIPobCl_Auto', 'Clas_1431626842112800CjtoVis_AutoICtjoVis_15', 'NumSolNoTerminadas', 'No. Solicitudes no terminadas', '');
INSERT INTO IUAttribute (idIU, idIUAttribute, IUAttributeName, IUAttributeAlias, IUAttributeDescription) VALUES ('Clas_1431626842112800UIPobCl_Auto', 'Clas_1431626842112800CjtoVis_AutoICtjoVis_16', 'drvEsAsesorIntegral', 'Es Asesor Integral', '');
INSERT INTO IUAttribute (idIU, idIUAttribute, IUAttributeName, IUAttributeAlias, IUAttributeDescription) VALUES ('Clas_1431626842112800UIPobCl_Auto', 'Clas_1431626842112800CjtoVis_AutoICtjoVis_17', 'drvEsAfiliacion', 'Es Afiliacion', '');
INSERT INTO IUAction (idIU, idIUAction, IUActionName, IUActionAlias, IUActionDescription) VALUES ('Clas_1431626842112800UIPobCl_Auto', 'Clas_1431626842112800AccOfer_AutoElemAcc_1', 'SIUsetPassword', 'Establecer contraseña', '');
INSERT INTO IUAction (idIU, idIUAction, IUActionName, IUActionAlias, IUActionDescription) VALUES ('Clas_1431626842112800UIPobCl_Auto', 'Clas_1431626842112800AccOfer_AutoElemAcc_2', 'SIUCambRolAgente', 'CambRolAgente', '');
INSERT INTO IUAction (idIU, idIUAction, IUActionName, IUActionAlias, IUActionDescription) VALUES ('Clas_1431626842112800UIPobCl_Auto', 'Clas_1431626842112800AccOfer_AutoElemAcc_3', 'SIUInsReporteFuncionario', 'Asignar usuario', '');
INSERT INTO IUAction (idIU, idIUAction, IUActionName, IUActionAlias, IUActionDescription) VALUES ('Clas_1431626842112800UIPobCl_Auto', 'Clas_1431626842112800AccOfer_AutoElemAcc_4', 'SIUDelReporteFuncionario', 'Quitar usuario', '');
INSERT INTO IUAction (idIU, idIUAction, IUActionName, IUActionAlias, IUActionDescription) VALUES ('Clas_1431626842112800UIPobCl_Auto', 'Clas_1431626842112800AccOfer_AutoElemAcc_5', 'SIUTCAMBIARDISPONIBLE', 'Marcar disponibilidad', '');
INSERT INTO IUAction (idIU, idIUAction, IUActionName, IUActionAlias, IUActionDescription) VALUES ('Clas_1431626842112800UIPobCl_Auto', 'Clas_1431626842112800AccOfer_AutoElemAcc_6', 'SIUTBORRAR', 'Eliminar', '');
INSERT INTO IUAction (idIU, idIUAction, IUActionName, IUActionAlias, IUActionDescription) VALUES ('Clas_1431626842112800UIPobCl_Auto', 'Clas_1431626842112800AccOfer_AutoElemAcc_7', '_Auto_', 'Usuario', '');
INSERT INTO IUNavigation (idIU, idIUNavigation, IUNavigationName, IUNavigationAlias, IUNavigationDescription) VALUES ('Clas_1431626842112800UIPobCl_Auto', 'Clas_1431626842112800NavOfer_AutoElemNav_1', 'PIURadicados', 'Radicados', '');
INSERT INTO IUNavigation (idIU, idIUNavigation, IUNavigationName, IUNavigationAlias, IUNavigationDescription) VALUES ('Clas_1431626842112800UIPobCl_Auto', 'Clas_1431626842112800NavOfer_AutoElemNav_2', 'PIURadicados', 'Radicados', '');
INSERT INTO IUNavigation (idIU, idIUNavigation, IUNavigationName, IUNavigationAlias, IUNavigationDescription) VALUES ('Clas_1431626842112800UIPobCl_Auto', 'Clas_1431626842112800NavOfer_AutoElemNav_3', 'PIUObsEstado', 'Observaciones', '');
INSERT INTO IUNavigation (idIU, idIUNavigation, IUNavigationName, IUNavigationAlias, IUNavigationDescription) VALUES ('Clas_1431626842112800UIPobCl_Auto', 'Clas_1431626842112800NavOfer_AutoElemNav_4', 'PIUReportesProcAlm', 'Reportes en base de datos', '');
INSERT INTO IUNavigation (idIU, idIUNavigation, IUNavigationName, IUNavigationAlias, IUNavigationDescription) VALUES ('Clas_1431626842112800UIPobCl_Auto', 'Clas_1431626842112800NavOfer_AutoElemNav_5', 'PIUConsultaSolicitudNovedad', 'Consultar Novedades', '');
INSERT INTO IUNavigation (idIU, idIUNavigation, IUNavigationName, IUNavigationAlias, IUNavigationDescription) VALUES ('Clas_1431626842112800UIPobCl_Auto', 'Clas_1431626842112800NavOfer_AutoElemNav_6', 'PIUConsultaSolicitudNovedad', 'Consultar Novedades', '');
INSERT INTO IUNavigation (idIU, idIUNavigation, IUNavigationName, IUNavigationAlias, IUNavigationDescription) VALUES ('Clas_1431626842112800UIPobCl_Auto', 'Clas_1431626842112800NavOfer_AutoElemNav_7', 'PIUGrupoAsignacion', 'Grupos de Asignación', '');
INSERT INTO IUNavigation (idIU, idIUNavigation, IUNavigationName, IUNavigationAlias, IUNavigationDescription) VALUES ('Clas_1431626842112800UIPobCl_Auto', 'Clas_1431626842112800NavOfer_AutoElemNav_8', 'PIULogFuncionario', 'Histórico', '');
INSERT INTO IUNavigation (idIU, idIUNavigation, IUNavigationName, IUNavigationAlias, IUNavigationDescription) VALUES ('Clas_1431626842112800UIPobCl_Auto', 'Clas_1431626842112800NavOfer_AutoElemNav_9', '_Auto_', 'Rol', '');
INSERT INTO IUNavigation (idIU, idIUNavigation, IUNavigationName, IUNavigationAlias, IUNavigationDescription) VALUES ('Clas_1431626842112800UIPobCl_Auto', 'Clas_1431626842112800NavOfer_AutoElemNav_10', '_Auto_', 'Sucursal', '');

-- IIU: Funcionario._Auto_
INSERT INTO IU (idIU, IUName, IUAlias, IUDescription, IUType) VALUES ('Clas_1431626842112800UIInst_6', '_Auto_', 'Usuario', '', 'I');
INSERT INTO IUAction (idIU, idIUAction, IUActionName, IUActionAlias, IUActionDescription) VALUES ('Clas_1431626842112800UIInst_6', 'Clas_1431626842112800AccOfer_AutoElemAcc_1', 'SIUsetPassword', 'Establecer contraseña', '');
INSERT INTO IUAction (idIU, idIUAction, IUActionName, IUActionAlias, IUActionDescription) VALUES ('Clas_1431626842112800UIInst_6', 'Clas_1431626842112800AccOfer_AutoElemAcc_2', 'SIUCambRolAgente', 'CambRolAgente', '');
INSERT INTO IUAction (idIU, idIUAction, IUActionName, IUActionAlias, IUActionDescription) VALUES ('Clas_1431626842112800UIInst_6', 'Clas_1431626842112800AccOfer_AutoElemAcc_3', 'SIUInsReporteFuncionario', 'Asignar usuario', '');
INSERT INTO IUAction (idIU, idIUAction, IUActionName, IUActionAlias, IUActionDescription) VALUES ('Clas_1431626842112800UIInst_6', 'Clas_1431626842112800AccOfer_AutoElemAcc_4', 'SIUDelReporteFuncionario', 'Quitar usuario', '');
INSERT INTO IUAction (idIU, idIUAction, IUActionName, IUActionAlias, IUActionDescription) VALUES ('Clas_1431626842112800UIInst_6', 'Clas_1431626842112800AccOfer_AutoElemAcc_5', 'SIUTCAMBIARDISPONIBLE', 'Marcar disponibilidad', '');
INSERT INTO IUAction (idIU, idIUAction, IUActionName, IUActionAlias, IUActionDescription) VALUES ('Clas_1431626842112800UIInst_6', 'Clas_1431626842112800AccOfer_AutoElemAcc_6', 'SIUTBORRAR', 'Eliminar', '');
INSERT INTO IUAction (idIU, idIUAction, IUActionName, IUActionAlias, IUActionDescription) VALUES ('Clas_1431626842112800UIInst_6', 'Clas_1431626842112800AccOfer_AutoElemAcc_7', '_Auto_', 'Usuario', '');
INSERT INTO IUNavigation (idIU, idIUNavigation, IUNavigationName, IUNavigationAlias, IUNavigationDescription) VALUES ('Clas_1431626842112800UIInst_6', 'Clas_1431626842112800NavOfer_AutoElemNav_1', 'PIURadicados', 'Radicados', '');
INSERT INTO IUNavigation (idIU, idIUNavigation, IUNavigationName, IUNavigationAlias, IUNavigationDescription) VALUES ('Clas_1431626842112800UIInst_6', 'Clas_1431626842112800NavOfer_AutoElemNav_2', 'PIURadicados', 'Radicados', '');
INSERT INTO IUNavigation (idIU, idIUNavigation, IUNavigationName, IUNavigationAlias, IUNavigationDescription) VALUES ('Clas_1431626842112800UIInst_6', 'Clas_1431626842112800NavOfer_AutoElemNav_3', 'PIUObsEstado', 'Observaciones', '');
INSERT INTO IUNavigation (idIU, idIUNavigation, IUNavigationName, IUNavigationAlias, IUNavigationDescription) VALUES ('Clas_1431626842112800UIInst_6', 'Clas_1431626842112800NavOfer_AutoElemNav_4', 'PIUReportesProcAlm', 'Reportes en base de datos', '');
INSERT INTO IUNavigation (idIU, idIUNavigation, IUNavigationName, IUNavigationAlias, IUNavigationDescription) VALUES ('Clas_1431626842112800UIInst_6', 'Clas_1431626842112800NavOfer_AutoElemNav_5', 'PIUConsultaSolicitudNovedad', 'Consultar Novedades', '');
INSERT INTO IUNavigation (idIU, idIUNavigation, IUNavigationName, IUNavigationAlias, IUNavigationDescription) VALUES ('Clas_1431626842112800UIInst_6', 'Clas_1431626842112800NavOfer_AutoElemNav_6', 'PIUConsultaSolicitudNovedad', 'Consultar Novedades', '');
INSERT INTO IUNavigation (idIU, idIUNavigation, IUNavigationName, IUNavigationAlias, IUNavigationDescription) VALUES ('Clas_1431626842112800UIInst_6', 'Clas_1431626842112800NavOfer_AutoElemNav_7', 'PIUGrupoAsignacion', 'Grupos de Asignación', '');
INSERT INTO IUNavigation (idIU, idIUNavigation, IUNavigationName, IUNavigationAlias, IUNavigationDescription) VALUES ('Clas_1431626842112800UIInst_6', 'Clas_1431626842112800NavOfer_AutoElemNav_8', 'PIULogFuncionario', 'Histórico', '');
INSERT INTO IUNavigation (idIU, idIUNavigation, IUNavigationName, IUNavigationAlias, IUNavigationDescription) VALUES ('Clas_1431626842112800UIInst_6', 'Clas_1431626842112800NavOfer_AutoElemNav_9', '_Auto_', 'Rol', '');
INSERT INTO IUNavigation (idIU, idIUNavigation, IUNavigationName, IUNavigationAlias, IUNavigationDescription) VALUES ('Clas_1431626842112800UIInst_6', 'Clas_1431626842112800NavOfer_AutoElemNav_10', '_Auto_', 'Sucursal', '');

-- SIU: Funcionario.SIUsetPassword
INSERT INTO IU (idIU, IUName, IUAlias, IUDescription, IUType) VALUES ('Clas_1431626842112800Ser_4UIServ_1', 'SIUsetPassword', 'Establecer contraseña', '', 'S');
-- SIU: Funcionario.SIUCambRolAgente
INSERT INTO IU (idIU, IUName, IUAlias, IUDescription, IUType) VALUES ('Clas_1431626842112800Ser_30UIServ_1', 'SIUCambRolAgente', 'CambRolAgente', '', 'S');
-- SIU: Funcionario.SIUInsReporteFuncionario
INSERT INTO IU (idIU, IUName, IUAlias, IUDescription, IUType) VALUES ('Clas_1431626842112800Ser_36UIServ_1', 'SIUInsReporteFuncionario', 'Asignar usuario', '', 'S');
-- SIU: Funcionario.SIUDelReporteFuncionario
INSERT INTO IU (idIU, IUName, IUAlias, IUDescription, IUType) VALUES ('Clas_1431626842112800Ser_37UIServ_1', 'SIUDelReporteFuncionario', 'Quitar usuario', '', 'S');
-- SIU: Funcionario.SIUTCAMBIARDISPONIBLE
INSERT INTO IU (idIU, IUName, IUAlias, IUDescription, IUType) VALUES ('Clas_1431626842112800Ser_51UIServ_1', 'SIUTCAMBIARDISPONIBLE', 'Marcar disponibilidad', '', 'S');
-- SIU: Funcionario.SIUTBORRAR
INSERT INTO IU (idIU, IUName, IUAlias, IUDescription, IUType) VALUES ('Clas_1431626842112800Ser_60UIServ_1', 'SIUTBORRAR', 'Eliminar', '', 'S');
-- SIU: Funcionario.SIUchangePassword
INSERT INTO IU (idIU, IUName, IUAlias, IUDescription, IUType) VALUES ('Clas_1431626842112800Ser_4UIServ_1B', 'SIUchangePassword', 'Establecer contraseña', '', 'S');

---------------------------------------------
-- CLASS Admin
---------------------------------------------
-- PIU: Admin.PIUAdmin
INSERT INTO IU (idIU, IUName, IUAlias, IUDescription, IUType) VALUES ('Clas_1431630774272861UIPobCl_1', 'PIUAdmin', 'Administradores', '', 'P');
INSERT INTO IUAttribute (idIU, idIUAttribute, IUAttributeName, IUAttributeAlias, IUAttributeDescription) VALUES ('Clas_1431630774272861UIPobCl_1', 'Clas_1431630774272861CjtoVis_AutoICtjoVis_1', 'Usuario', 'Usuario', '');
INSERT INTO IUAttribute (idIU, idIUAttribute, IUAttributeName, IUAttributeAlias, IUAttributeDescription) VALUES ('Clas_1431630774272861UIPobCl_1', 'Clas_1431630774272861CjtoVis_AutoICtjoVis_2', 'PrimerNombre', 'Primer nombre', '');
INSERT INTO IUAttribute (idIU, idIUAttribute, IUAttributeName, IUAttributeAlias, IUAttributeDescription) VALUES ('Clas_1431630774272861UIPobCl_1', 'Clas_1431630774272861CjtoVis_AutoICtjoVis_3', 'SegundoNombre', 'Segundo nombre', '');
INSERT INTO IUAttribute (idIU, idIUAttribute, IUAttributeName, IUAttributeAlias, IUAttributeDescription) VALUES ('Clas_1431630774272861UIPobCl_1', 'Clas_1431630774272861CjtoVis_AutoICtjoVis_4', 'PrimerApellido', 'Primer apellido', '');
INSERT INTO IUAttribute (idIU, idIUAttribute, IUAttributeName, IUAttributeAlias, IUAttributeDescription) VALUES ('Clas_1431630774272861UIPobCl_1', 'Clas_1431630774272861CjtoVis_AutoICtjoVis_5', 'SegundoApellido', 'Segundo apellido', '');
INSERT INTO IUAttribute (idIU, idIUAttribute, IUAttributeName, IUAttributeAlias, IUAttributeDescription) VALUES ('Clas_1431630774272861UIPobCl_1', 'Clas_1431630774272861CjtoVis_AutoICtjoVis_6', 'drvNombreCompleto', 'Nombre completo', '');
INSERT INTO IUAttribute (idIU, idIUAttribute, IUAttributeName, IUAttributeAlias, IUAttributeDescription) VALUES ('Clas_1431630774272861UIPobCl_1', 'Clas_1431630774272861CjtoVis_AutoICtjoVis_7', 'UsuarioLDAP', 'Usuario LDAP', '');
INSERT INTO IUAttribute (idIU, idIUAttribute, IUAttributeName, IUAttributeAlias, IUAttributeDescription) VALUES ('Clas_1431630774272861UIPobCl_1', 'Clas_1431630774272861CjtoVis_AutoICtjoVis_8', 'Email', 'Email', '');
INSERT INTO IUAttribute (idIU, idIUAttribute, IUAttributeName, IUAttributeAlias, IUAttributeDescription) VALUES ('Clas_1431630774272861UIPobCl_1', 'Clas_1431630774272861CjtoVis_AutoICtjoVis_9', 'CodJefe', 'CodJefe', '');
INSERT INTO IUAttribute (idIU, idIUAttribute, IUAttributeName, IUAttributeAlias, IUAttributeDescription) VALUES ('Clas_1431630774272861UIPobCl_1', 'Clas_1431630774272861CjtoVis_AutoICtjoVis_10', 'Id', 'Id', '');
INSERT INTO IUAttribute (idIU, idIUAttribute, IUAttributeName, IUAttributeAlias, IUAttributeDescription) VALUES ('Clas_1431630774272861UIPobCl_1', 'Clas_1431630774272861CjtoVis_AutoICtjoVis_11', 'Manual', 'Manual', '');
INSERT INTO IUAttribute (idIU, idIUAttribute, IUAttributeName, IUAttributeAlias, IUAttributeDescription) VALUES ('Clas_1431630774272861UIPobCl_1', 'Clas_1431630774272861CjtoVis_AutoICtjoVis_12', 'drvNomJefe', 'Nombre Jefe', '');
INSERT INTO IUAttribute (idIU, idIUAttribute, IUAttributeName, IUAttributeAlias, IUAttributeDescription) VALUES ('Clas_1431630774272861UIPobCl_1', 'Clas_1431630774272861CjtoVis_AutoICtjoVis_13', 'drvNomAgencia', 'Agencia', '');
INSERT INTO IUAttribute (idIU, idIUAttribute, IUAttributeName, IUAttributeAlias, IUAttributeDescription) VALUES ('Clas_1431630774272861UIPobCl_1', 'Clas_1431630774272861CjtoVis_AutoICtjoVis_14', 'Disponible', 'Disponible', '');
INSERT INTO IUAttribute (idIU, idIUAttribute, IUAttributeName, IUAttributeAlias, IUAttributeDescription) VALUES ('Clas_1431630774272861UIPobCl_1', 'Clas_1431630774272861CjtoVis_AutoICtjoVis_15', 'NumSolNoTerminadas', 'No. Solicitudes no terminadas', '');
INSERT INTO IUAttribute (idIU, idIUAttribute, IUAttributeName, IUAttributeAlias, IUAttributeDescription) VALUES ('Clas_1431630774272861UIPobCl_1', 'Clas_1431630774272861CjtoVis_AutoICtjoVis_16', 'drvEsAsesorIntegral', 'Es Asesor Integral', '');
INSERT INTO IUAttribute (idIU, idIUAttribute, IUAttributeName, IUAttributeAlias, IUAttributeDescription) VALUES ('Clas_1431630774272861UIPobCl_1', 'Clas_1431630774272861CjtoVis_AutoICtjoVis_17', 'drvEsAfiliacion', 'Es Afiliacion', '');

-- PIU: Admin._Auto_
INSERT INTO IU (idIU, IUName, IUAlias, IUDescription, IUType) VALUES ('Clas_1431630774272861UIPobCl_Auto', '_Auto_', 'Administrador', '', 'P');
INSERT INTO IUAttribute (idIU, idIUAttribute, IUAttributeName, IUAttributeAlias, IUAttributeDescription) VALUES ('Clas_1431630774272861UIPobCl_Auto', 'Clas_1431630774272861CjtoVis_AutoICtjoVis_1', 'Usuario', 'Usuario', '');
INSERT INTO IUAttribute (idIU, idIUAttribute, IUAttributeName, IUAttributeAlias, IUAttributeDescription) VALUES ('Clas_1431630774272861UIPobCl_Auto', 'Clas_1431630774272861CjtoVis_AutoICtjoVis_2', 'PrimerNombre', 'Primer nombre', '');
INSERT INTO IUAttribute (idIU, idIUAttribute, IUAttributeName, IUAttributeAlias, IUAttributeDescription) VALUES ('Clas_1431630774272861UIPobCl_Auto', 'Clas_1431630774272861CjtoVis_AutoICtjoVis_3', 'SegundoNombre', 'Segundo nombre', '');
INSERT INTO IUAttribute (idIU, idIUAttribute, IUAttributeName, IUAttributeAlias, IUAttributeDescription) VALUES ('Clas_1431630774272861UIPobCl_Auto', 'Clas_1431630774272861CjtoVis_AutoICtjoVis_4', 'PrimerApellido', 'Primer apellido', '');
INSERT INTO IUAttribute (idIU, idIUAttribute, IUAttributeName, IUAttributeAlias, IUAttributeDescription) VALUES ('Clas_1431630774272861UIPobCl_Auto', 'Clas_1431630774272861CjtoVis_AutoICtjoVis_5', 'SegundoApellido', 'Segundo apellido', '');
INSERT INTO IUAttribute (idIU, idIUAttribute, IUAttributeName, IUAttributeAlias, IUAttributeDescription) VALUES ('Clas_1431630774272861UIPobCl_Auto', 'Clas_1431630774272861CjtoVis_AutoICtjoVis_6', 'drvNombreCompleto', 'Nombre completo', '');
INSERT INTO IUAttribute (idIU, idIUAttribute, IUAttributeName, IUAttributeAlias, IUAttributeDescription) VALUES ('Clas_1431630774272861UIPobCl_Auto', 'Clas_1431630774272861CjtoVis_AutoICtjoVis_7', 'UsuarioLDAP', 'Usuario LDAP', '');
INSERT INTO IUAttribute (idIU, idIUAttribute, IUAttributeName, IUAttributeAlias, IUAttributeDescription) VALUES ('Clas_1431630774272861UIPobCl_Auto', 'Clas_1431630774272861CjtoVis_AutoICtjoVis_8', 'Email', 'Email', '');
INSERT INTO IUAttribute (idIU, idIUAttribute, IUAttributeName, IUAttributeAlias, IUAttributeDescription) VALUES ('Clas_1431630774272861UIPobCl_Auto', 'Clas_1431630774272861CjtoVis_AutoICtjoVis_9', 'CodJefe', 'CodJefe', '');
INSERT INTO IUAttribute (idIU, idIUAttribute, IUAttributeName, IUAttributeAlias, IUAttributeDescription) VALUES ('Clas_1431630774272861UIPobCl_Auto', 'Clas_1431630774272861CjtoVis_AutoICtjoVis_10', 'Id', 'Id', '');
INSERT INTO IUAttribute (idIU, idIUAttribute, IUAttributeName, IUAttributeAlias, IUAttributeDescription) VALUES ('Clas_1431630774272861UIPobCl_Auto', 'Clas_1431630774272861CjtoVis_AutoICtjoVis_11', 'Manual', 'Manual', '');
INSERT INTO IUAttribute (idIU, idIUAttribute, IUAttributeName, IUAttributeAlias, IUAttributeDescription) VALUES ('Clas_1431630774272861UIPobCl_Auto', 'Clas_1431630774272861CjtoVis_AutoICtjoVis_12', 'drvNomJefe', 'Nombre Jefe', '');
INSERT INTO IUAttribute (idIU, idIUAttribute, IUAttributeName, IUAttributeAlias, IUAttributeDescription) VALUES ('Clas_1431630774272861UIPobCl_Auto', 'Clas_1431630774272861CjtoVis_AutoICtjoVis_13', 'drvNomAgencia', 'Agencia', '');
INSERT INTO IUAttribute (idIU, idIUAttribute, IUAttributeName, IUAttributeAlias, IUAttributeDescription) VALUES ('Clas_1431630774272861UIPobCl_Auto', 'Clas_1431630774272861CjtoVis_AutoICtjoVis_14', 'Disponible', 'Disponible', '');
INSERT INTO IUAttribute (idIU, idIUAttribute, IUAttributeName, IUAttributeAlias, IUAttributeDescription) VALUES ('Clas_1431630774272861UIPobCl_Auto', 'Clas_1431630774272861CjtoVis_AutoICtjoVis_15', 'NumSolNoTerminadas', 'No. Solicitudes no terminadas', '');
INSERT INTO IUAttribute (idIU, idIUAttribute, IUAttributeName, IUAttributeAlias, IUAttributeDescription) VALUES ('Clas_1431630774272861UIPobCl_Auto', 'Clas_1431630774272861CjtoVis_AutoICtjoVis_16', 'drvEsAsesorIntegral', 'Es Asesor Integral', '');
INSERT INTO IUAttribute (idIU, idIUAttribute, IUAttributeName, IUAttributeAlias, IUAttributeDescription) VALUES ('Clas_1431630774272861UIPobCl_Auto', 'Clas_1431630774272861CjtoVis_AutoICtjoVis_17', 'drvEsAfiliacion', 'Es Afiliacion', '');
INSERT INTO IUAction (idIU, idIUAction, IUActionName, IUActionAlias, IUActionDescription) VALUES ('Clas_1431630774272861UIPobCl_Auto', 'Clas_1431630774272861AccOfer_AutoElemAcc_1', '_Auto_', 'Administrador', '');

-- IIU: Admin._Auto_
INSERT INTO IU (idIU, IUName, IUAlias, IUDescription, IUType) VALUES ('Clas_1431630774272861UIInst_1', '_Auto_', 'Administrador', '', 'I');
INSERT INTO IUAction (idIU, idIUAction, IUActionName, IUActionAlias, IUActionDescription) VALUES ('Clas_1431630774272861UIInst_1', 'Clas_1431630774272861AccOfer_AutoElemAcc_1', '_Auto_', 'Administrador', '');

-- SIU: Admin.SIUchangePassword
INSERT INTO IU (idIU, IUName, IUAlias, IUDescription, IUType) VALUES ('Clas_1431626842112800Ser_4UIServ_1Clas_1431630774272861Ser_4UIServ_1B', 'SIUchangePassword', 'Establecer contraseña', '', 'S');

---------------------------------------------
-- CLASS SuperAdmin
---------------------------------------------
-- PIU: SuperAdmin.PIUSuperAdmin
INSERT INTO IU (idIU, IUName, IUAlias, IUDescription, IUType) VALUES ('Clas_1431630774272956UIPobCl_1', 'PIUSuperAdmin', 'Superadministradores', '', 'P');
INSERT INTO IUAttribute (idIU, idIUAttribute, IUAttributeName, IUAttributeAlias, IUAttributeDescription) VALUES ('Clas_1431630774272956UIPobCl_1', 'Clas_1431630774272956CjtoVis_AutoICtjoVis_1', 'Usuario', 'Usuario', '');
INSERT INTO IUAttribute (idIU, idIUAttribute, IUAttributeName, IUAttributeAlias, IUAttributeDescription) VALUES ('Clas_1431630774272956UIPobCl_1', 'Clas_1431630774272956CjtoVis_AutoICtjoVis_2', 'PrimerNombre', 'Primer nombre', '');
INSERT INTO IUAttribute (idIU, idIUAttribute, IUAttributeName, IUAttributeAlias, IUAttributeDescription) VALUES ('Clas_1431630774272956UIPobCl_1', 'Clas_1431630774272956CjtoVis_AutoICtjoVis_3', 'SegundoNombre', 'Segundo nombre', '');
INSERT INTO IUAttribute (idIU, idIUAttribute, IUAttributeName, IUAttributeAlias, IUAttributeDescription) VALUES ('Clas_1431630774272956UIPobCl_1', 'Clas_1431630774272956CjtoVis_AutoICtjoVis_4', 'PrimerApellido', 'Primer apellido', '');
INSERT INTO IUAttribute (idIU, idIUAttribute, IUAttributeName, IUAttributeAlias, IUAttributeDescription) VALUES ('Clas_1431630774272956UIPobCl_1', 'Clas_1431630774272956CjtoVis_AutoICtjoVis_5', 'SegundoApellido', 'Segundo apellido', '');
INSERT INTO IUAttribute (idIU, idIUAttribute, IUAttributeName, IUAttributeAlias, IUAttributeDescription) VALUES ('Clas_1431630774272956UIPobCl_1', 'Clas_1431630774272956CjtoVis_AutoICtjoVis_6', 'drvNombreCompleto', 'Nombre completo', '');
INSERT INTO IUAttribute (idIU, idIUAttribute, IUAttributeName, IUAttributeAlias, IUAttributeDescription) VALUES ('Clas_1431630774272956UIPobCl_1', 'Clas_1431630774272956CjtoVis_AutoICtjoVis_7', 'UsuarioLDAP', 'Usuario LDAP', '');
INSERT INTO IUAttribute (idIU, idIUAttribute, IUAttributeName, IUAttributeAlias, IUAttributeDescription) VALUES ('Clas_1431630774272956UIPobCl_1', 'Clas_1431630774272956CjtoVis_AutoICtjoVis_8', 'Email', 'Email', '');
INSERT INTO IUAttribute (idIU, idIUAttribute, IUAttributeName, IUAttributeAlias, IUAttributeDescription) VALUES ('Clas_1431630774272956UIPobCl_1', 'Clas_1431630774272956CjtoVis_AutoICtjoVis_9', 'CodJefe', 'CodJefe', '');
INSERT INTO IUAttribute (idIU, idIUAttribute, IUAttributeName, IUAttributeAlias, IUAttributeDescription) VALUES ('Clas_1431630774272956UIPobCl_1', 'Clas_1431630774272956CjtoVis_AutoICtjoVis_10', 'Id', 'Id', '');
INSERT INTO IUAttribute (idIU, idIUAttribute, IUAttributeName, IUAttributeAlias, IUAttributeDescription) VALUES ('Clas_1431630774272956UIPobCl_1', 'Clas_1431630774272956CjtoVis_AutoICtjoVis_11', 'Manual', 'Manual', '');
INSERT INTO IUAttribute (idIU, idIUAttribute, IUAttributeName, IUAttributeAlias, IUAttributeDescription) VALUES ('Clas_1431630774272956UIPobCl_1', 'Clas_1431630774272956CjtoVis_AutoICtjoVis_12', 'drvNomJefe', 'Nombre Jefe', '');
INSERT INTO IUAttribute (idIU, idIUAttribute, IUAttributeName, IUAttributeAlias, IUAttributeDescription) VALUES ('Clas_1431630774272956UIPobCl_1', 'Clas_1431630774272956CjtoVis_AutoICtjoVis_13', 'drvNomAgencia', 'Agencia', '');
INSERT INTO IUAttribute (idIU, idIUAttribute, IUAttributeName, IUAttributeAlias, IUAttributeDescription) VALUES ('Clas_1431630774272956UIPobCl_1', 'Clas_1431630774272956CjtoVis_AutoICtjoVis_14', 'Disponible', 'Disponible', '');
INSERT INTO IUAttribute (idIU, idIUAttribute, IUAttributeName, IUAttributeAlias, IUAttributeDescription) VALUES ('Clas_1431630774272956UIPobCl_1', 'Clas_1431630774272956CjtoVis_AutoICtjoVis_15', 'NumSolNoTerminadas', 'No. Solicitudes no terminadas', '');
INSERT INTO IUAttribute (idIU, idIUAttribute, IUAttributeName, IUAttributeAlias, IUAttributeDescription) VALUES ('Clas_1431630774272956UIPobCl_1', 'Clas_1431630774272956CjtoVis_AutoICtjoVis_16', 'drvEsAsesorIntegral', 'Es Asesor Integral', '');
INSERT INTO IUAttribute (idIU, idIUAttribute, IUAttributeName, IUAttributeAlias, IUAttributeDescription) VALUES ('Clas_1431630774272956UIPobCl_1', 'Clas_1431630774272956CjtoVis_AutoICtjoVis_17', 'drvEsAfiliacion', 'Es Afiliacion', '');

-- PIU: SuperAdmin._Auto_
INSERT INTO IU (idIU, IUName, IUAlias, IUDescription, IUType) VALUES ('Clas_1431630774272956UIPobCl_Auto', '_Auto_', 'Superadministrador', '', 'P');
INSERT INTO IUAttribute (idIU, idIUAttribute, IUAttributeName, IUAttributeAlias, IUAttributeDescription) VALUES ('Clas_1431630774272956UIPobCl_Auto', 'Clas_1431630774272956CjtoVis_AutoICtjoVis_1', 'Usuario', 'Usuario', '');
INSERT INTO IUAttribute (idIU, idIUAttribute, IUAttributeName, IUAttributeAlias, IUAttributeDescription) VALUES ('Clas_1431630774272956UIPobCl_Auto', 'Clas_1431630774272956CjtoVis_AutoICtjoVis_2', 'PrimerNombre', 'Primer nombre', '');
INSERT INTO IUAttribute (idIU, idIUAttribute, IUAttributeName, IUAttributeAlias, IUAttributeDescription) VALUES ('Clas_1431630774272956UIPobCl_Auto', 'Clas_1431630774272956CjtoVis_AutoICtjoVis_3', 'SegundoNombre', 'Segundo nombre', '');
INSERT INTO IUAttribute (idIU, idIUAttribute, IUAttributeName, IUAttributeAlias, IUAttributeDescription) VALUES ('Clas_1431630774272956UIPobCl_Auto', 'Clas_1431630774272956CjtoVis_AutoICtjoVis_4', 'PrimerApellido', 'Primer apellido', '');
INSERT INTO IUAttribute (idIU, idIUAttribute, IUAttributeName, IUAttributeAlias, IUAttributeDescription) VALUES ('Clas_1431630774272956UIPobCl_Auto', 'Clas_1431630774272956CjtoVis_AutoICtjoVis_5', 'SegundoApellido', 'Segundo apellido', '');
INSERT INTO IUAttribute (idIU, idIUAttribute, IUAttributeName, IUAttributeAlias, IUAttributeDescription) VALUES ('Clas_1431630774272956UIPobCl_Auto', 'Clas_1431630774272956CjtoVis_AutoICtjoVis_6', 'drvNombreCompleto', 'Nombre completo', '');
INSERT INTO IUAttribute (idIU, idIUAttribute, IUAttributeName, IUAttributeAlias, IUAttributeDescription) VALUES ('Clas_1431630774272956UIPobCl_Auto', 'Clas_1431630774272956CjtoVis_AutoICtjoVis_7', 'UsuarioLDAP', 'Usuario LDAP', '');
INSERT INTO IUAttribute (idIU, idIUAttribute, IUAttributeName, IUAttributeAlias, IUAttributeDescription) VALUES ('Clas_1431630774272956UIPobCl_Auto', 'Clas_1431630774272956CjtoVis_AutoICtjoVis_8', 'Email', 'Email', '');
INSERT INTO IUAttribute (idIU, idIUAttribute, IUAttributeName, IUAttributeAlias, IUAttributeDescription) VALUES ('Clas_1431630774272956UIPobCl_Auto', 'Clas_1431630774272956CjtoVis_AutoICtjoVis_9', 'CodJefe', 'CodJefe', '');
INSERT INTO IUAttribute (idIU, idIUAttribute, IUAttributeName, IUAttributeAlias, IUAttributeDescription) VALUES ('Clas_1431630774272956UIPobCl_Auto', 'Clas_1431630774272956CjtoVis_AutoICtjoVis_10', 'Id', 'Id', '');
INSERT INTO IUAttribute (idIU, idIUAttribute, IUAttributeName, IUAttributeAlias, IUAttributeDescription) VALUES ('Clas_1431630774272956UIPobCl_Auto', 'Clas_1431630774272956CjtoVis_AutoICtjoVis_11', 'Manual', 'Manual', '');
INSERT INTO IUAttribute (idIU, idIUAttribute, IUAttributeName, IUAttributeAlias, IUAttributeDescription) VALUES ('Clas_1431630774272956UIPobCl_Auto', 'Clas_1431630774272956CjtoVis_AutoICtjoVis_12', 'drvNomJefe', 'Nombre Jefe', '');
INSERT INTO IUAttribute (idIU, idIUAttribute, IUAttributeName, IUAttributeAlias, IUAttributeDescription) VALUES ('Clas_1431630774272956UIPobCl_Auto', 'Clas_1431630774272956CjtoVis_AutoICtjoVis_13', 'drvNomAgencia', 'Agencia', '');
INSERT INTO IUAttribute (idIU, idIUAttribute, IUAttributeName, IUAttributeAlias, IUAttributeDescription) VALUES ('Clas_1431630774272956UIPobCl_Auto', 'Clas_1431630774272956CjtoVis_AutoICtjoVis_14', 'Disponible', 'Disponible', '');
INSERT INTO IUAttribute (idIU, idIUAttribute, IUAttributeName, IUAttributeAlias, IUAttributeDescription) VALUES ('Clas_1431630774272956UIPobCl_Auto', 'Clas_1431630774272956CjtoVis_AutoICtjoVis_15', 'NumSolNoTerminadas', 'No. Solicitudes no terminadas', '');
INSERT INTO IUAttribute (idIU, idIUAttribute, IUAttributeName, IUAttributeAlias, IUAttributeDescription) VALUES ('Clas_1431630774272956UIPobCl_Auto', 'Clas_1431630774272956CjtoVis_AutoICtjoVis_16', 'drvEsAsesorIntegral', 'Es Asesor Integral', '');
INSERT INTO IUAttribute (idIU, idIUAttribute, IUAttributeName, IUAttributeAlias, IUAttributeDescription) VALUES ('Clas_1431630774272956UIPobCl_Auto', 'Clas_1431630774272956CjtoVis_AutoICtjoVis_17', 'drvEsAfiliacion', 'Es Afiliacion', '');
INSERT INTO IUAction (idIU, idIUAction, IUActionName, IUActionAlias, IUActionDescription) VALUES ('Clas_1431630774272956UIPobCl_Auto', 'Clas_1431630774272956AccOfer_AutoElemAcc_1', '_Auto_', 'Superadministrador', '');

-- IIU: SuperAdmin._Auto_
INSERT INTO IU (idIU, IUName, IUAlias, IUDescription, IUType) VALUES ('Clas_1431630774272956UIInst_1', '_Auto_', 'Superadministrador', '', 'I');
INSERT INTO IUAction (idIU, idIUAction, IUActionName, IUActionAlias, IUActionDescription) VALUES ('Clas_1431630774272956UIInst_1', 'Clas_1431630774272956AccOfer_AutoElemAcc_1', '_Auto_', 'Superadministrador', '');

-- SIU: SuperAdmin.SIUchangePassword
INSERT INTO IU (idIU, IUName, IUAlias, IUDescription, IUType) VALUES ('Clas_1431626842112800Ser_4UIServ_1Clas_1431630774272956Ser_4UIServ_1B', 'SIUchangePassword', 'Establecer contraseña', '', 'S');

---------------------------------------------
-- CLASS Asesor
---------------------------------------------
-- PIU: Asesor.PIUAsesor
INSERT INTO IU (idIU, IUName, IUAlias, IUDescription, IUType) VALUES ('Clas_1431886233600794UIPobCl_1', 'PIUAsesor', 'Asesores', '', 'P');
INSERT INTO IUAttribute (idIU, idIUAttribute, IUAttributeName, IUAttributeAlias, IUAttributeDescription) VALUES ('Clas_1431886233600794UIPobCl_1', 'Clas_1431886233600794CjtoVis_2ICtjoVis_18', 'Usuario', 'Usuario', '');
INSERT INTO IUAttribute (idIU, idIUAttribute, IUAttributeName, IUAttributeAlias, IUAttributeDescription) VALUES ('Clas_1431886233600794UIPobCl_1', 'Clas_1431886233600794CjtoVis_2ICtjoVis_29', 'drvNombreCompleto', 'Descripción', '');
INSERT INTO IUAttribute (idIU, idIUAttribute, IUAttributeName, IUAttributeAlias, IUAttributeDescription) VALUES ('Clas_1431886233600794UIPobCl_1', 'Clas_1431886233600794CjtoVis_2ICtjoVis_16', 'UsuarioLDAP', 'Usuario LDAP', '');
INSERT INTO IUAttribute (idIU, idIUAttribute, IUAttributeName, IUAttributeAlias, IUAttributeDescription) VALUES ('Clas_1431886233600794UIPobCl_1', 'Clas_1431886233600794CjtoVis_2ICtjoVis_27', 'EsIntegral', 'Asesor Integral', '');
INSERT INTO IUAttribute (idIU, idIUAttribute, IUAttributeName, IUAttributeAlias, IUAttributeDescription) VALUES ('Clas_1431886233600794UIPobCl_1', 'Clas_1431886233600794CjtoVis_2ICtjoVis_17', 'Email', 'Email', '');
INSERT INTO IUAttribute (idIU, idIUAttribute, IUAttributeName, IUAttributeAlias, IUAttributeDescription) VALUES ('Clas_1431886233600794UIPobCl_1', 'Clas_1431886233600794CjtoVis_2ICtjoVis_30', 'VerDBasicosPersona', 'Ver datos básicos de usuarios', '');
INSERT INTO IUAttribute (idIU, idIUAttribute, IUAttributeName, IUAttributeAlias, IUAttributeDescription) VALUES ('Clas_1431886233600794UIPobCl_1', 'Clas_1431886233600794CjtoVis_2ICtjoVis_31', 'VerDocIdentificacionPersona', 'Ver documentos persona', '');
INSERT INTO IUAttribute (idIU, idIUAttribute, IUAttributeName, IUAttributeAlias, IUAttributeDescription) VALUES ('Clas_1431886233600794UIPobCl_1', 'Clas_1431886233600794CjtoVis_2ICtjoVis_32', 'VerContratoNovedad', 'Ver contrato en Novedades', '');
INSERT INTO IUAttribute (idIU, idIUAttribute, IUAttributeName, IUAttributeAlias, IUAttributeDescription) VALUES ('Clas_1431886233600794UIPobCl_1', 'Clas_1431886233600794CjtoVis_2ICtjoVis_15', 'ModDBasicosPersona', 'Puede modificar persona', '');
INSERT INTO IUAttribute (idIU, idIUAttribute, IUAttributeName, IUAttributeAlias, IUAttributeDescription) VALUES ('Clas_1431886233600794UIPobCl_1', 'Clas_1431886233600794CjtoVis_2ICtjoVis_23', 'modificaDirector', 'Modifica director?', '');
INSERT INTO IUAttribute (idIU, idIUAttribute, IUAttributeName, IUAttributeAlias, IUAttributeDescription) VALUES ('Clas_1431886233600794UIPobCl_1', 'Clas_1431886233600794CjtoVis_2ICtjoVis_22', 'esDirector', 'Es director?', '');
INSERT INTO IUAttribute (idIU, idIUAttribute, IUAttributeName, IUAttributeAlias, IUAttributeDescription) VALUES ('Clas_1431886233600794UIPobCl_1', 'Clas_1431886233600794CjtoVis_2ICtjoVis_36', 'AccesoValidadorUsuarios', 'Acceso validador usuarios', '');
INSERT INTO IUAttribute (idIU, idIUAttribute, IUAttributeName, IUAttributeAlias, IUAttributeDescription) VALUES ('Clas_1431886233600794UIPobCl_1', 'Clas_1431886233600794CjtoVis_2ICtjoVis_21', 'CodJefe', 'Cod. Director', '');
INSERT INTO IUAttribute (idIU, idIUAttribute, IUAttributeName, IUAttributeAlias, IUAttributeDescription) VALUES ('Clas_1431886233600794UIPobCl_1', 'Clas_1431886233600794CjtoVis_2ICtjoVis_26', 'drvNomJefe', 'Nombre Director', '');
INSERT INTO IUAttribute (idIU, idIUAttribute, IUAttributeName, IUAttributeAlias, IUAttributeDescription) VALUES ('Clas_1431886233600794UIPobCl_1', 'Clas_1431886233600794CjtoVis_2ICtjoVis_20', 'Sucursal.Descripcion', 'Sucursal', '');
INSERT INTO IUAttribute (idIU, idIUAttribute, IUAttributeName, IUAttributeAlias, IUAttributeDescription) VALUES ('Clas_1431886233600794UIPobCl_1', 'Clas_1431886233600794CjtoVis_2ICtjoVis_24', 'TipoIdentificacion.NombreCorto', 'Tipo Doc.', '');
INSERT INTO IUAttribute (idIU, idIUAttribute, IUAttributeName, IUAttributeAlias, IUAttributeDescription) VALUES ('Clas_1431886233600794UIPobCl_1', 'Clas_1431886233600794CjtoVis_2ICtjoVis_25', 'NumIdentificacion', 'Nº Doc.', '');
INSERT INTO IUAttribute (idIU, idIUAttribute, IUAttributeName, IUAttributeAlias, IUAttributeDescription) VALUES ('Clas_1431886233600794UIPobCl_1', 'Clas_1431886233600794CjtoVis_2ICtjoVis_33', 'CanalComercial', 'Canal Comercial', '');
INSERT INTO IUAttribute (idIU, idIUAttribute, IUAttributeName, IUAttributeAlias, IUAttributeDescription) VALUES ('Clas_1431886233600794UIPobCl_1', 'Clas_1431886233600794CjtoVis_2ICtjoVis_34', 'Cargo', 'Tipo Agente', '');
INSERT INTO IUAttribute (idIU, idIUAttribute, IUAttributeName, IUAttributeAlias, IUAttributeDescription) VALUES ('Clas_1431886233600794UIPobCl_1', 'Clas_1431886233600794CjtoVis_2ICtjoVis_35', 'Estado', 'Estado', '');
INSERT INTO IUAttribute (idIU, idIUAttribute, IUAttributeName, IUAttributeAlias, IUAttributeDescription) VALUES ('Clas_1431886233600794UIPobCl_1', 'Clas_1431886233600794CjtoVis_2ICtjoVis_28', 'Disponible', 'Disponible', '');
INSERT INTO IUAction (idIU, idIUAction, IUActionName, IUActionAlias, IUActionDescription) VALUES ('Clas_1431886233600794UIPobCl_1', 'Clas_1431886233600794AccOfer_1ElemAcc_6', 'SIUTMODIFICARASESOR', 'Modificar', '');
INSERT INTO IUAction (idIU, idIUAction, IUActionName, IUActionAlias, IUActionDescription) VALUES ('Clas_1431886233600794UIPobCl_1', 'Clas_1431886233600794AccOfer_1ElemAcc_10', 'SIUTCAMBIARDISPONIBLE', 'Marcar disponibilidad', '');
INSERT INTO IUAction (idIU, idIUAction, IUActionName, IUActionAlias, IUActionDescription) VALUES ('Clas_1431886233600794UIPobCl_1', 'Clas_1431886233600794AccOfer_1ElemAcc_7', 'MDIUAsesorProductos', 'Productos', '');
INSERT INTO IUNavigation (idIU, idIUNavigation, IUNavigationName, IUNavigationAlias, IUNavigationDescription) VALUES ('Clas_1431886233600794UIPobCl_1', 'Clas_1431886233600794NavOfer_3ElemNav_1', 'PIULogFuncionario', 'Histórico Funcionario', '');
INSERT INTO IUNavigation (idIU, idIUNavigation, IUNavigationName, IUNavigationAlias, IUNavigationDescription) VALUES ('Clas_1431886233600794UIPobCl_1', 'Clas_1431886233600794NavOfer_3ElemNav_2', 'PIULogInformacionAsesor', 'Histórico Información', '');
INSERT INTO IUNavigation (idIU, idIUNavigation, IUNavigationName, IUNavigationAlias, IUNavigationDescription) VALUES ('Clas_1431886233600794UIPobCl_1', 'Clas_1431886233600794NavOfer_3ElemNav_3', 'PIULogHistoricoPlanes', 'Histórico Planes', '');

-- PIU: Asesor.PIUAsesorDetalle
INSERT INTO IU (idIU, IUName, IUAlias, IUDescription, IUType) VALUES ('Clas_1431886233600794UIPobCl_3', 'PIUAsesorDetalle', 'Subordinados', '', 'P');
INSERT INTO IUAttribute (idIU, idIUAttribute, IUAttributeName, IUAttributeAlias, IUAttributeDescription) VALUES ('Clas_1431886233600794UIPobCl_3', 'Clas_1431886233600794CjtoVis_2ICtjoVis_18', 'Usuario', 'Usuario', '');
INSERT INTO IUAttribute (idIU, idIUAttribute, IUAttributeName, IUAttributeAlias, IUAttributeDescription) VALUES ('Clas_1431886233600794UIPobCl_3', 'Clas_1431886233600794CjtoVis_2ICtjoVis_29', 'drvNombreCompleto', 'Descripción', '');
INSERT INTO IUAttribute (idIU, idIUAttribute, IUAttributeName, IUAttributeAlias, IUAttributeDescription) VALUES ('Clas_1431886233600794UIPobCl_3', 'Clas_1431886233600794CjtoVis_2ICtjoVis_16', 'UsuarioLDAP', 'Usuario LDAP', '');
INSERT INTO IUAttribute (idIU, idIUAttribute, IUAttributeName, IUAttributeAlias, IUAttributeDescription) VALUES ('Clas_1431886233600794UIPobCl_3', 'Clas_1431886233600794CjtoVis_2ICtjoVis_27', 'EsIntegral', 'Asesor Integral', '');
INSERT INTO IUAttribute (idIU, idIUAttribute, IUAttributeName, IUAttributeAlias, IUAttributeDescription) VALUES ('Clas_1431886233600794UIPobCl_3', 'Clas_1431886233600794CjtoVis_2ICtjoVis_17', 'Email', 'Email', '');
INSERT INTO IUAttribute (idIU, idIUAttribute, IUAttributeName, IUAttributeAlias, IUAttributeDescription) VALUES ('Clas_1431886233600794UIPobCl_3', 'Clas_1431886233600794CjtoVis_2ICtjoVis_30', 'VerDBasicosPersona', 'Ver datos básicos de usuarios', '');
INSERT INTO IUAttribute (idIU, idIUAttribute, IUAttributeName, IUAttributeAlias, IUAttributeDescription) VALUES ('Clas_1431886233600794UIPobCl_3', 'Clas_1431886233600794CjtoVis_2ICtjoVis_31', 'VerDocIdentificacionPersona', 'Ver documentos persona', '');
INSERT INTO IUAttribute (idIU, idIUAttribute, IUAttributeName, IUAttributeAlias, IUAttributeDescription) VALUES ('Clas_1431886233600794UIPobCl_3', 'Clas_1431886233600794CjtoVis_2ICtjoVis_32', 'VerContratoNovedad', 'Ver contrato en Novedades', '');
INSERT INTO IUAttribute (idIU, idIUAttribute, IUAttributeName, IUAttributeAlias, IUAttributeDescription) VALUES ('Clas_1431886233600794UIPobCl_3', 'Clas_1431886233600794CjtoVis_2ICtjoVis_15', 'ModDBasicosPersona', 'Puede modificar persona', '');
INSERT INTO IUAttribute (idIU, idIUAttribute, IUAttributeName, IUAttributeAlias, IUAttributeDescription) VALUES ('Clas_1431886233600794UIPobCl_3', 'Clas_1431886233600794CjtoVis_2ICtjoVis_23', 'modificaDirector', 'Modifica director?', '');
INSERT INTO IUAttribute (idIU, idIUAttribute, IUAttributeName, IUAttributeAlias, IUAttributeDescription) VALUES ('Clas_1431886233600794UIPobCl_3', 'Clas_1431886233600794CjtoVis_2ICtjoVis_22', 'esDirector', 'Es director?', '');
INSERT INTO IUAttribute (idIU, idIUAttribute, IUAttributeName, IUAttributeAlias, IUAttributeDescription) VALUES ('Clas_1431886233600794UIPobCl_3', 'Clas_1431886233600794CjtoVis_2ICtjoVis_36', 'AccesoValidadorUsuarios', 'Acceso validador usuarios', '');
INSERT INTO IUAttribute (idIU, idIUAttribute, IUAttributeName, IUAttributeAlias, IUAttributeDescription) VALUES ('Clas_1431886233600794UIPobCl_3', 'Clas_1431886233600794CjtoVis_2ICtjoVis_21', 'CodJefe', 'Cod. Director', '');
INSERT INTO IUAttribute (idIU, idIUAttribute, IUAttributeName, IUAttributeAlias, IUAttributeDescription) VALUES ('Clas_1431886233600794UIPobCl_3', 'Clas_1431886233600794CjtoVis_2ICtjoVis_26', 'drvNomJefe', 'Nombre Director', '');
INSERT INTO IUAttribute (idIU, idIUAttribute, IUAttributeName, IUAttributeAlias, IUAttributeDescription) VALUES ('Clas_1431886233600794UIPobCl_3', 'Clas_1431886233600794CjtoVis_2ICtjoVis_20', 'Sucursal.Descripcion', 'Sucursal', '');
INSERT INTO IUAttribute (idIU, idIUAttribute, IUAttributeName, IUAttributeAlias, IUAttributeDescription) VALUES ('Clas_1431886233600794UIPobCl_3', 'Clas_1431886233600794CjtoVis_2ICtjoVis_24', 'TipoIdentificacion.NombreCorto', 'Tipo Doc.', '');
INSERT INTO IUAttribute (idIU, idIUAttribute, IUAttributeName, IUAttributeAlias, IUAttributeDescription) VALUES ('Clas_1431886233600794UIPobCl_3', 'Clas_1431886233600794CjtoVis_2ICtjoVis_25', 'NumIdentificacion', 'Nº Doc.', '');
INSERT INTO IUAttribute (idIU, idIUAttribute, IUAttributeName, IUAttributeAlias, IUAttributeDescription) VALUES ('Clas_1431886233600794UIPobCl_3', 'Clas_1431886233600794CjtoVis_2ICtjoVis_33', 'CanalComercial', 'Canal Comercial', '');
INSERT INTO IUAttribute (idIU, idIUAttribute, IUAttributeName, IUAttributeAlias, IUAttributeDescription) VALUES ('Clas_1431886233600794UIPobCl_3', 'Clas_1431886233600794CjtoVis_2ICtjoVis_34', 'Cargo', 'Tipo Agente', '');
INSERT INTO IUAttribute (idIU, idIUAttribute, IUAttributeName, IUAttributeAlias, IUAttributeDescription) VALUES ('Clas_1431886233600794UIPobCl_3', 'Clas_1431886233600794CjtoVis_2ICtjoVis_35', 'Estado', 'Estado', '');
INSERT INTO IUAttribute (idIU, idIUAttribute, IUAttributeName, IUAttributeAlias, IUAttributeDescription) VALUES ('Clas_1431886233600794UIPobCl_3', 'Clas_1431886233600794CjtoVis_2ICtjoVis_28', 'Disponible', 'Disponible', '');
INSERT INTO IUAction (idIU, idIUAction, IUActionName, IUActionAlias, IUActionDescription) VALUES ('Clas_1431886233600794UIPobCl_3', 'Clas_1431886233600794AccOfer_2ElemAcc_1', 'SIUTMODIFICARASESOR', 'Modificar asesor', '');
INSERT INTO IUAction (idIU, idIUAction, IUActionName, IUActionAlias, IUActionDescription) VALUES ('Clas_1431886233600794UIPobCl_3', 'Clas_1431886233600794AccOfer_2ElemAcc_2', 'MDIUAsesorProductos', 'Productos', '');
INSERT INTO IUNavigation (idIU, idIUNavigation, IUNavigationName, IUNavigationAlias, IUNavigationDescription) VALUES ('Clas_1431886233600794UIPobCl_3', 'Clas_1431886233600794NavOfer_6ElemNav_1', 'PIULogInformacionAsesor', 'Histórico Información', '');
INSERT INTO IUNavigation (idIU, idIUNavigation, IUNavigationName, IUNavigationAlias, IUNavigationDescription) VALUES ('Clas_1431886233600794UIPobCl_3', 'Clas_1431886233600794NavOfer_6ElemNav_2', 'PIULogHistoricoPlanes', 'Histórico Planes', '');

-- PIU: Asesor.PIUDirectores
INSERT INTO IU (idIU, IUName, IUAlias, IUDescription, IUType) VALUES ('Clas_1431886233600794UIPobCl_4', 'PIUDirectores', 'Directores', '', 'P');
INSERT INTO IUAttribute (idIU, idIUAttribute, IUAttributeName, IUAttributeAlias, IUAttributeDescription) VALUES ('Clas_1431886233600794UIPobCl_4', 'Clas_1431886233600794CjtoVis_6ICtjoVis_1', 'Usuario', 'Usuario', '');
INSERT INTO IUAttribute (idIU, idIUAttribute, IUAttributeName, IUAttributeAlias, IUAttributeDescription) VALUES ('Clas_1431886233600794UIPobCl_4', 'Clas_1431886233600794CjtoVis_6ICtjoVis_15', 'drvNombreCompleto', 'Nombre completo', '');
INSERT INTO IUAttribute (idIU, idIUAttribute, IUAttributeName, IUAttributeAlias, IUAttributeDescription) VALUES ('Clas_1431886233600794UIPobCl_4', 'Clas_1431886233600794CjtoVis_6ICtjoVis_6', 'UsuarioLDAP', 'Usuario LDAP', '');
INSERT INTO IUAttribute (idIU, idIUAttribute, IUAttributeName, IUAttributeAlias, IUAttributeDescription) VALUES ('Clas_1431886233600794UIPobCl_4', 'Clas_1431886233600794CjtoVis_6ICtjoVis_7', 'Email', 'Email', '');
INSERT INTO IUAttribute (idIU, idIUAttribute, IUAttributeName, IUAttributeAlias, IUAttributeDescription) VALUES ('Clas_1431886233600794UIPobCl_4', 'Clas_1431886233600794CjtoVis_6ICtjoVis_16', 'VerDBasicosPersona', 'Ver datos básicos de usuarios', '');
INSERT INTO IUAttribute (idIU, idIUAttribute, IUAttributeName, IUAttributeAlias, IUAttributeDescription) VALUES ('Clas_1431886233600794UIPobCl_4', 'Clas_1431886233600794CjtoVis_6ICtjoVis_17', 'VerDocIdentificacionPersona', 'Ver documentos persona', '');
INSERT INTO IUAttribute (idIU, idIUAttribute, IUAttributeName, IUAttributeAlias, IUAttributeDescription) VALUES ('Clas_1431886233600794UIPobCl_4', 'Clas_1431886233600794CjtoVis_6ICtjoVis_18', 'VerContratoNovedad', 'Ver contrato en Novedades', '');
INSERT INTO IUAttribute (idIU, idIUAttribute, IUAttributeName, IUAttributeAlias, IUAttributeDescription) VALUES ('Clas_1431886233600794UIPobCl_4', 'Clas_1431886233600794CjtoVis_6ICtjoVis_8', 'ModDBasicosPersona', 'Puede modificar persona', '');
INSERT INTO IUAttribute (idIU, idIUAttribute, IUAttributeName, IUAttributeAlias, IUAttributeDescription) VALUES ('Clas_1431886233600794UIPobCl_4', 'Clas_1431886233600794CjtoVis_6ICtjoVis_9', 'modificaDirector', 'Modifica director?', '');
INSERT INTO IUAttribute (idIU, idIUAttribute, IUAttributeName, IUAttributeAlias, IUAttributeDescription) VALUES ('Clas_1431886233600794UIPobCl_4', 'Clas_1431886233600794CjtoVis_6ICtjoVis_22', 'AccesoValidadorUsuarios', 'Acceso validador usuarios', '');
INSERT INTO IUAttribute (idIU, idIUAttribute, IUAttributeName, IUAttributeAlias, IUAttributeDescription) VALUES ('Clas_1431886233600794UIPobCl_4', 'Clas_1431886233600794CjtoVis_6ICtjoVis_11', 'CodJefe', 'Cod. Director', '');
INSERT INTO IUAttribute (idIU, idIUAttribute, IUAttributeName, IUAttributeAlias, IUAttributeDescription) VALUES ('Clas_1431886233600794UIPobCl_4', 'Clas_1431886233600794CjtoVis_6ICtjoVis_12', 'Sucursal.Descripcion', 'Sucursal', '');
INSERT INTO IUAttribute (idIU, idIUAttribute, IUAttributeName, IUAttributeAlias, IUAttributeDescription) VALUES ('Clas_1431886233600794UIPobCl_4', 'Clas_1431886233600794CjtoVis_6ICtjoVis_13', 'TipoIdentificacion.NombreCorto', 'Tipo Doc.', '');
INSERT INTO IUAttribute (idIU, idIUAttribute, IUAttributeName, IUAttributeAlias, IUAttributeDescription) VALUES ('Clas_1431886233600794UIPobCl_4', 'Clas_1431886233600794CjtoVis_6ICtjoVis_14', 'NumIdentificacion', 'Nº Doc.', '');
INSERT INTO IUAttribute (idIU, idIUAttribute, IUAttributeName, IUAttributeAlias, IUAttributeDescription) VALUES ('Clas_1431886233600794UIPobCl_4', 'Clas_1431886233600794CjtoVis_6ICtjoVis_19', 'CanalComercial', 'Canal Comercial', '');
INSERT INTO IUAttribute (idIU, idIUAttribute, IUAttributeName, IUAttributeAlias, IUAttributeDescription) VALUES ('Clas_1431886233600794UIPobCl_4', 'Clas_1431886233600794CjtoVis_6ICtjoVis_20', 'Cargo', 'Tipo Agente', '');
INSERT INTO IUAttribute (idIU, idIUAttribute, IUAttributeName, IUAttributeAlias, IUAttributeDescription) VALUES ('Clas_1431886233600794UIPobCl_4', 'Clas_1431886233600794CjtoVis_6ICtjoVis_21', 'Estado', 'Estado', '');
INSERT INTO IUAction (idIU, idIUAction, IUActionName, IUActionAlias, IUActionDescription) VALUES ('Clas_1431886233600794UIPobCl_4', 'Clas_1431886233600794AccOfer_2ElemAcc_1', 'SIUTMODIFICARASESOR', 'Modificar asesor', '');
INSERT INTO IUAction (idIU, idIUAction, IUActionName, IUActionAlias, IUActionDescription) VALUES ('Clas_1431886233600794UIPobCl_4', 'Clas_1431886233600794AccOfer_2ElemAcc_2', 'MDIUAsesorProductos', 'Productos', '');
INSERT INTO IUNavigation (idIU, idIUNavigation, IUNavigationName, IUNavigationAlias, IUNavigationDescription) VALUES ('Clas_1431886233600794UIPobCl_4', 'Clas_1431886233600794NavOfer_5ElemNav_1', 'PIULogInformacionAsesor', 'Histórico Información', '');
INSERT INTO IUNavigation (idIU, idIUNavigation, IUNavigationName, IUNavigationAlias, IUNavigationDescription) VALUES ('Clas_1431886233600794UIPobCl_4', 'Clas_1431886233600794NavOfer_5ElemNav_2', 'PIULogHistoricoPlanes', 'Histórico Planes', '');

-- PIU: Asesor.PIUAsesoresDeAgencia
INSERT INTO IU (idIU, IUName, IUAlias, IUDescription, IUType) VALUES ('Clas_1431886233600794UIPobCl_6', 'PIUAsesoresDeAgencia', 'Asesores de Agencia', '', 'P');
INSERT INTO IUAttribute (idIU, idIUAttribute, IUAttributeName, IUAttributeAlias, IUAttributeDescription) VALUES ('Clas_1431886233600794UIPobCl_6', 'Clas_1431886233600794CjtoVis_2ICtjoVis_18', 'Usuario', 'Usuario', '');
INSERT INTO IUAttribute (idIU, idIUAttribute, IUAttributeName, IUAttributeAlias, IUAttributeDescription) VALUES ('Clas_1431886233600794UIPobCl_6', 'Clas_1431886233600794CjtoVis_2ICtjoVis_29', 'drvNombreCompleto', 'Descripción', '');
INSERT INTO IUAttribute (idIU, idIUAttribute, IUAttributeName, IUAttributeAlias, IUAttributeDescription) VALUES ('Clas_1431886233600794UIPobCl_6', 'Clas_1431886233600794CjtoVis_2ICtjoVis_16', 'UsuarioLDAP', 'Usuario LDAP', '');
INSERT INTO IUAttribute (idIU, idIUAttribute, IUAttributeName, IUAttributeAlias, IUAttributeDescription) VALUES ('Clas_1431886233600794UIPobCl_6', 'Clas_1431886233600794CjtoVis_2ICtjoVis_27', 'EsIntegral', 'Asesor Integral', '');
INSERT INTO IUAttribute (idIU, idIUAttribute, IUAttributeName, IUAttributeAlias, IUAttributeDescription) VALUES ('Clas_1431886233600794UIPobCl_6', 'Clas_1431886233600794CjtoVis_2ICtjoVis_17', 'Email', 'Email', '');
INSERT INTO IUAttribute (idIU, idIUAttribute, IUAttributeName, IUAttributeAlias, IUAttributeDescription) VALUES ('Clas_1431886233600794UIPobCl_6', 'Clas_1431886233600794CjtoVis_2ICtjoVis_30', 'VerDBasicosPersona', 'Ver datos básicos de usuarios', '');
INSERT INTO IUAttribute (idIU, idIUAttribute, IUAttributeName, IUAttributeAlias, IUAttributeDescription) VALUES ('Clas_1431886233600794UIPobCl_6', 'Clas_1431886233600794CjtoVis_2ICtjoVis_31', 'VerDocIdentificacionPersona', 'Ver documentos persona', '');
INSERT INTO IUAttribute (idIU, idIUAttribute, IUAttributeName, IUAttributeAlias, IUAttributeDescription) VALUES ('Clas_1431886233600794UIPobCl_6', 'Clas_1431886233600794CjtoVis_2ICtjoVis_32', 'VerContratoNovedad', 'Ver contrato en Novedades', '');
INSERT INTO IUAttribute (idIU, idIUAttribute, IUAttributeName, IUAttributeAlias, IUAttributeDescription) VALUES ('Clas_1431886233600794UIPobCl_6', 'Clas_1431886233600794CjtoVis_2ICtjoVis_15', 'ModDBasicosPersona', 'Puede modificar persona', '');
INSERT INTO IUAttribute (idIU, idIUAttribute, IUAttributeName, IUAttributeAlias, IUAttributeDescription) VALUES ('Clas_1431886233600794UIPobCl_6', 'Clas_1431886233600794CjtoVis_2ICtjoVis_23', 'modificaDirector', 'Modifica director?', '');
INSERT INTO IUAttribute (idIU, idIUAttribute, IUAttributeName, IUAttributeAlias, IUAttributeDescription) VALUES ('Clas_1431886233600794UIPobCl_6', 'Clas_1431886233600794CjtoVis_2ICtjoVis_22', 'esDirector', 'Es director?', '');
INSERT INTO IUAttribute (idIU, idIUAttribute, IUAttributeName, IUAttributeAlias, IUAttributeDescription) VALUES ('Clas_1431886233600794UIPobCl_6', 'Clas_1431886233600794CjtoVis_2ICtjoVis_36', 'AccesoValidadorUsuarios', 'Acceso validador usuarios', '');
INSERT INTO IUAttribute (idIU, idIUAttribute, IUAttributeName, IUAttributeAlias, IUAttributeDescription) VALUES ('Clas_1431886233600794UIPobCl_6', 'Clas_1431886233600794CjtoVis_2ICtjoVis_21', 'CodJefe', 'Cod. Director', '');
INSERT INTO IUAttribute (idIU, idIUAttribute, IUAttributeName, IUAttributeAlias, IUAttributeDescription) VALUES ('Clas_1431886233600794UIPobCl_6', 'Clas_1431886233600794CjtoVis_2ICtjoVis_26', 'drvNomJefe', 'Nombre Director', '');
INSERT INTO IUAttribute (idIU, idIUAttribute, IUAttributeName, IUAttributeAlias, IUAttributeDescription) VALUES ('Clas_1431886233600794UIPobCl_6', 'Clas_1431886233600794CjtoVis_2ICtjoVis_20', 'Sucursal.Descripcion', 'Sucursal', '');
INSERT INTO IUAttribute (idIU, idIUAttribute, IUAttributeName, IUAttributeAlias, IUAttributeDescription) VALUES ('Clas_1431886233600794UIPobCl_6', 'Clas_1431886233600794CjtoVis_2ICtjoVis_24', 'TipoIdentificacion.NombreCorto', 'Tipo Doc.', '');
INSERT INTO IUAttribute (idIU, idIUAttribute, IUAttributeName, IUAttributeAlias, IUAttributeDescription) VALUES ('Clas_1431886233600794UIPobCl_6', 'Clas_1431886233600794CjtoVis_2ICtjoVis_25', 'NumIdentificacion', 'Nº Doc.', '');
INSERT INTO IUAttribute (idIU, idIUAttribute, IUAttributeName, IUAttributeAlias, IUAttributeDescription) VALUES ('Clas_1431886233600794UIPobCl_6', 'Clas_1431886233600794CjtoVis_2ICtjoVis_33', 'CanalComercial', 'Canal Comercial', '');
INSERT INTO IUAttribute (idIU, idIUAttribute, IUAttributeName, IUAttributeAlias, IUAttributeDescription) VALUES ('Clas_1431886233600794UIPobCl_6', 'Clas_1431886233600794CjtoVis_2ICtjoVis_34', 'Cargo', 'Tipo Agente', '');
INSERT INTO IUAttribute (idIU, idIUAttribute, IUAttributeName, IUAttributeAlias, IUAttributeDescription) VALUES ('Clas_1431886233600794UIPobCl_6', 'Clas_1431886233600794CjtoVis_2ICtjoVis_35', 'Estado', 'Estado', '');
INSERT INTO IUAttribute (idIU, idIUAttribute, IUAttributeName, IUAttributeAlias, IUAttributeDescription) VALUES ('Clas_1431886233600794UIPobCl_6', 'Clas_1431886233600794CjtoVis_2ICtjoVis_28', 'Disponible', 'Disponible', '');
INSERT INTO IUAction (idIU, idIUAction, IUActionName, IUActionAlias, IUActionDescription) VALUES ('Clas_1431886233600794UIPobCl_6', 'Clas_1431886233600794AccOfer_3ElemAcc_5', 'SIUTGNEWASESORAGENCIA', 'Nuevo asesor de agencia', '');
INSERT INTO IUAction (idIU, idIUAction, IUActionName, IUActionAlias, IUActionDescription) VALUES ('Clas_1431886233600794UIPobCl_6', 'Clas_1431886233600794AccOfer_3ElemAcc_6', 'SIUTGMODASESORAGENCIA', 'Modificar', '');
INSERT INTO IUAction (idIU, idIUAction, IUActionName, IUActionAlias, IUActionDescription) VALUES ('Clas_1431886233600794UIPobCl_6', 'Clas_1431886233600794AccOfer_3ElemAcc_7', 'MDIUAsesorProductos', 'Productos', '');
INSERT INTO IUAction (idIU, idIUAction, IUActionName, IUActionAlias, IUActionDescription) VALUES ('Clas_1431886233600794UIPobCl_6', 'Clas_1431886233600794AccOfer_3ElemAcc_8', 'SIUTDELETE', 'Eliminar', '');
INSERT INTO IUNavigation (idIU, idIUNavigation, IUNavigationName, IUNavigationAlias, IUNavigationDescription) VALUES ('Clas_1431886233600794UIPobCl_6', 'Clas_1431886233600794NavOfer_4ElemNav_1', 'PIULogInformacionAsesor', 'Histórico Información', '');
INSERT INTO IUNavigation (idIU, idIUNavigation, IUNavigationName, IUNavigationAlias, IUNavigationDescription) VALUES ('Clas_1431886233600794UIPobCl_6', 'Clas_1431886233600794NavOfer_4ElemNav_2', 'PIULogHistoricoPlanes', 'Histórico Planes', '');

-- PIU: Asesor._Auto_
INSERT INTO IU (idIU, IUName, IUAlias, IUDescription, IUType) VALUES ('Clas_1431886233600794UIPobCl_Auto', '_Auto_', 'Asesor', '', 'P');
INSERT INTO IUAttribute (idIU, idIUAttribute, IUAttributeName, IUAttributeAlias, IUAttributeDescription) VALUES ('Clas_1431886233600794UIPobCl_Auto', 'Clas_1431886233600794CjtoVis_AutoICtjoVis_1', 'ModDBasicosPersona', 'Puede modificar persona', '');
INSERT INTO IUAttribute (idIU, idIUAttribute, IUAttributeName, IUAttributeAlias, IUAttributeDescription) VALUES ('Clas_1431886233600794UIPobCl_Auto', 'Clas_1431886233600794CjtoVis_AutoICtjoVis_2', 'modificaDirector', 'Modifica director?', '');
INSERT INTO IUAttribute (idIU, idIUAttribute, IUAttributeName, IUAttributeAlias, IUAttributeDescription) VALUES ('Clas_1431886233600794UIPobCl_Auto', 'Clas_1431886233600794CjtoVis_AutoICtjoVis_3', 'esDirector', 'Es director?', '');
INSERT INTO IUAttribute (idIU, idIUAttribute, IUAttributeName, IUAttributeAlias, IUAttributeDescription) VALUES ('Clas_1431886233600794UIPobCl_Auto', 'Clas_1431886233600794CjtoVis_AutoICtjoVis_4', 'NumIdentificacion', 'Nº Identificación', '');
INSERT INTO IUAttribute (idIU, idIUAttribute, IUAttributeName, IUAttributeAlias, IUAttributeDescription) VALUES ('Clas_1431886233600794UIPobCl_Auto', 'Clas_1431886233600794CjtoVis_AutoICtjoVis_5', 'EsIntegral', 'Asesor Integral', '');
INSERT INTO IUAttribute (idIU, idIUAttribute, IUAttributeName, IUAttributeAlias, IUAttributeDescription) VALUES ('Clas_1431886233600794UIPobCl_Auto', 'Clas_1431886233600794CjtoVis_AutoICtjoVis_6', 'VerDBasicosPersona', 'Ver datos básicos de usuarios', '');
INSERT INTO IUAttribute (idIU, idIUAttribute, IUAttributeName, IUAttributeAlias, IUAttributeDescription) VALUES ('Clas_1431886233600794UIPobCl_Auto', 'Clas_1431886233600794CjtoVis_AutoICtjoVis_7', 'VerDocIdentificacionPersona', 'Ver documentos persona', '');
INSERT INTO IUAttribute (idIU, idIUAttribute, IUAttributeName, IUAttributeAlias, IUAttributeDescription) VALUES ('Clas_1431886233600794UIPobCl_Auto', 'Clas_1431886233600794CjtoVis_AutoICtjoVis_8', 'VerContratoNovedad', 'Ver contrato en Novedades', '');
INSERT INTO IUAttribute (idIU, idIUAttribute, IUAttributeName, IUAttributeAlias, IUAttributeDescription) VALUES ('Clas_1431886233600794UIPobCl_Auto', 'Clas_1431886233600794CjtoVis_AutoICtjoVis_9', 'CanalComercial', 'Canal Comercial', '');
INSERT INTO IUAttribute (idIU, idIUAttribute, IUAttributeName, IUAttributeAlias, IUAttributeDescription) VALUES ('Clas_1431886233600794UIPobCl_Auto', 'Clas_1431886233600794CjtoVis_AutoICtjoVis_10', 'Cargo', 'Tipo Agente', '');
INSERT INTO IUAttribute (idIU, idIUAttribute, IUAttributeName, IUAttributeAlias, IUAttributeDescription) VALUES ('Clas_1431886233600794UIPobCl_Auto', 'Clas_1431886233600794CjtoVis_AutoICtjoVis_11', 'Estado', 'Estado', '');
INSERT INTO IUAttribute (idIU, idIUAttribute, IUAttributeName, IUAttributeAlias, IUAttributeDescription) VALUES ('Clas_1431886233600794UIPobCl_Auto', 'Clas_1431886233600794CjtoVis_AutoICtjoVis_12', 'AccesoValidadorUsuarios', 'Acceso validador usuarios', '');
INSERT INTO IUAttribute (idIU, idIUAttribute, IUAttributeName, IUAttributeAlias, IUAttributeDescription) VALUES ('Clas_1431886233600794UIPobCl_Auto', 'Clas_1431886233600794CjtoVis_AutoICtjoVis_13', 'Usuario', 'Usuario', '');
INSERT INTO IUAttribute (idIU, idIUAttribute, IUAttributeName, IUAttributeAlias, IUAttributeDescription) VALUES ('Clas_1431886233600794UIPobCl_Auto', 'Clas_1431886233600794CjtoVis_AutoICtjoVis_14', 'PrimerNombre', 'Primer nombre', '');
INSERT INTO IUAttribute (idIU, idIUAttribute, IUAttributeName, IUAttributeAlias, IUAttributeDescription) VALUES ('Clas_1431886233600794UIPobCl_Auto', 'Clas_1431886233600794CjtoVis_AutoICtjoVis_15', 'SegundoNombre', 'Segundo nombre', '');
INSERT INTO IUAttribute (idIU, idIUAttribute, IUAttributeName, IUAttributeAlias, IUAttributeDescription) VALUES ('Clas_1431886233600794UIPobCl_Auto', 'Clas_1431886233600794CjtoVis_AutoICtjoVis_16', 'PrimerApellido', 'Primer apellido', '');
INSERT INTO IUAttribute (idIU, idIUAttribute, IUAttributeName, IUAttributeAlias, IUAttributeDescription) VALUES ('Clas_1431886233600794UIPobCl_Auto', 'Clas_1431886233600794CjtoVis_AutoICtjoVis_17', 'SegundoApellido', 'Segundo apellido', '');
INSERT INTO IUAttribute (idIU, idIUAttribute, IUAttributeName, IUAttributeAlias, IUAttributeDescription) VALUES ('Clas_1431886233600794UIPobCl_Auto', 'Clas_1431886233600794CjtoVis_AutoICtjoVis_18', 'drvNombreCompleto', 'Nombre completo', '');
INSERT INTO IUAttribute (idIU, idIUAttribute, IUAttributeName, IUAttributeAlias, IUAttributeDescription) VALUES ('Clas_1431886233600794UIPobCl_Auto', 'Clas_1431886233600794CjtoVis_AutoICtjoVis_19', 'UsuarioLDAP', 'Usuario LDAP', '');
INSERT INTO IUAttribute (idIU, idIUAttribute, IUAttributeName, IUAttributeAlias, IUAttributeDescription) VALUES ('Clas_1431886233600794UIPobCl_Auto', 'Clas_1431886233600794CjtoVis_AutoICtjoVis_20', 'Email', 'Email', '');
INSERT INTO IUAttribute (idIU, idIUAttribute, IUAttributeName, IUAttributeAlias, IUAttributeDescription) VALUES ('Clas_1431886233600794UIPobCl_Auto', 'Clas_1431886233600794CjtoVis_AutoICtjoVis_21', 'CodJefe', 'CodJefe', '');
INSERT INTO IUAttribute (idIU, idIUAttribute, IUAttributeName, IUAttributeAlias, IUAttributeDescription) VALUES ('Clas_1431886233600794UIPobCl_Auto', 'Clas_1431886233600794CjtoVis_AutoICtjoVis_22', 'Id', 'Id', '');
INSERT INTO IUAttribute (idIU, idIUAttribute, IUAttributeName, IUAttributeAlias, IUAttributeDescription) VALUES ('Clas_1431886233600794UIPobCl_Auto', 'Clas_1431886233600794CjtoVis_AutoICtjoVis_23', 'Manual', 'Manual', '');
INSERT INTO IUAttribute (idIU, idIUAttribute, IUAttributeName, IUAttributeAlias, IUAttributeDescription) VALUES ('Clas_1431886233600794UIPobCl_Auto', 'Clas_1431886233600794CjtoVis_AutoICtjoVis_24', 'drvNomJefe', 'Nombre Jefe', '');
INSERT INTO IUAttribute (idIU, idIUAttribute, IUAttributeName, IUAttributeAlias, IUAttributeDescription) VALUES ('Clas_1431886233600794UIPobCl_Auto', 'Clas_1431886233600794CjtoVis_AutoICtjoVis_25', 'drvNomAgencia', 'Agencia', '');
INSERT INTO IUAttribute (idIU, idIUAttribute, IUAttributeName, IUAttributeAlias, IUAttributeDescription) VALUES ('Clas_1431886233600794UIPobCl_Auto', 'Clas_1431886233600794CjtoVis_AutoICtjoVis_26', 'Disponible', 'Disponible', '');
INSERT INTO IUAttribute (idIU, idIUAttribute, IUAttributeName, IUAttributeAlias, IUAttributeDescription) VALUES ('Clas_1431886233600794UIPobCl_Auto', 'Clas_1431886233600794CjtoVis_AutoICtjoVis_27', 'NumSolNoTerminadas', 'No. Solicitudes no terminadas', '');
INSERT INTO IUAttribute (idIU, idIUAttribute, IUAttributeName, IUAttributeAlias, IUAttributeDescription) VALUES ('Clas_1431886233600794UIPobCl_Auto', 'Clas_1431886233600794CjtoVis_AutoICtjoVis_28', 'drvEsAsesorIntegral', 'Es Asesor Integral', '');
INSERT INTO IUAttribute (idIU, idIUAttribute, IUAttributeName, IUAttributeAlias, IUAttributeDescription) VALUES ('Clas_1431886233600794UIPobCl_Auto', 'Clas_1431886233600794CjtoVis_AutoICtjoVis_29', 'drvEsAfiliacion', 'Es Afiliacion', '');
INSERT INTO IUAction (idIU, idIUAction, IUActionName, IUActionAlias, IUActionDescription) VALUES ('Clas_1431886233600794UIPobCl_Auto', 'Clas_1431886233600794AccOfer_AutoElemAcc_1', 'SIUTMODIFICARASESOR', 'Modificar asesor', '');
INSERT INTO IUAction (idIU, idIUAction, IUActionName, IUActionAlias, IUActionDescription) VALUES ('Clas_1431886233600794UIPobCl_Auto', 'Clas_1431886233600794AccOfer_AutoElemAcc_2', 'SIUTDELETE', 'Eliminar', '');
INSERT INTO IUAction (idIU, idIUAction, IUActionName, IUActionAlias, IUActionDescription) VALUES ('Clas_1431886233600794UIPobCl_Auto', 'Clas_1431886233600794AccOfer_AutoElemAcc_3', 'SIUTMODVISIBILIDAD', 'TMODVISIBILIDAD', '');
INSERT INTO IUAction (idIU, idIUAction, IUActionName, IUActionAlias, IUActionDescription) VALUES ('Clas_1431886233600794UIPobCl_Auto', 'Clas_1431886233600794AccOfer_AutoElemAcc_4', 'SIUTCARGARDOMINIOPLAN', 'TCARGARDOMINIOPLAN', '');
INSERT INTO IUAction (idIU, idIUAction, IUActionName, IUActionAlias, IUActionDescription) VALUES ('Clas_1431886233600794UIPobCl_Auto', 'Clas_1431886233600794AccOfer_AutoElemAcc_5', 'IIUAsesor', 'Asesor jefe', '');
INSERT INTO IUAction (idIU, idIUAction, IUActionName, IUActionAlias, IUActionDescription) VALUES ('Clas_1431886233600794UIPobCl_Auto', 'Clas_1431886233600794AccOfer_AutoElemAcc_6', 'IIUAsesorProductos', 'Asesor', '');
INSERT INTO IUAction (idIU, idIUAction, IUActionName, IUActionAlias, IUActionDescription) VALUES ('Clas_1431886233600794UIPobCl_Auto', 'Clas_1431886233600794AccOfer_AutoElemAcc_7', 'MDIUDirectoresAsesores', 'Directores y Asesores', '');
INSERT INTO IUAction (idIU, idIUAction, IUActionName, IUActionAlias, IUActionDescription) VALUES ('Clas_1431886233600794UIPobCl_Auto', 'Clas_1431886233600794AccOfer_AutoElemAcc_8', 'MDIUAsesorProductos', 'Productos', '');
INSERT INTO IUNavigation (idIU, idIUNavigation, IUNavigationName, IUNavigationAlias, IUNavigationDescription) VALUES ('Clas_1431886233600794UIPobCl_Auto', 'Clas_1431886233600794NavOfer_AutoElemNav_1', '_Auto_', 'Contratos', '');
INSERT INTO IUNavigation (idIU, idIUNavigation, IUNavigationName, IUNavigationAlias, IUNavigationDescription) VALUES ('Clas_1431886233600794UIPobCl_Auto', 'Clas_1431886233600794NavOfer_AutoElemNav_2', 'PIUAgentexProducto', 'Productos del asesor', '');
INSERT INTO IUNavigation (idIU, idIUNavigation, IUNavigationName, IUNavigationAlias, IUNavigationDescription) VALUES ('Clas_1431886233600794UIPobCl_Auto', 'Clas_1431886233600794NavOfer_AutoElemNav_3', 'PIULogInformacionAsesor', 'Histórico Información', '');
INSERT INTO IUNavigation (idIU, idIUNavigation, IUNavigationName, IUNavigationAlias, IUNavigationDescription) VALUES ('Clas_1431886233600794UIPobCl_Auto', 'Clas_1431886233600794NavOfer_AutoElemNav_4', 'PIULogHistoricoPlanes', 'Histórico Planes', '');
INSERT INTO IUNavigation (idIU, idIUNavigation, IUNavigationName, IUNavigationAlias, IUNavigationDescription) VALUES ('Clas_1431886233600794UIPobCl_Auto', 'Clas_1431886233600794NavOfer_AutoElemNav_5', '_Auto_', 'Tipo Identificación', '');

-- IIU: Asesor.IIUAsesor
INSERT INTO IU (idIU, IUName, IUAlias, IUDescription, IUType) VALUES ('Clas_1431886233600794UIInst_1', 'IIUAsesor', 'Asesor jefe', '', 'I');

-- IIU: Asesor.IIUAsesorProductos
INSERT INTO IU (idIU, IUName, IUAlias, IUDescription, IUType) VALUES ('Clas_1431886233600794UIInst_2', 'IIUAsesorProductos', 'Asesor', '', 'I');

-- IIU: Asesor._Auto_
INSERT INTO IU (idIU, IUName, IUAlias, IUDescription, IUType) VALUES ('Clas_1431886233600794UIInst_8', '_Auto_', 'Asesor', '', 'I');
INSERT INTO IUAction (idIU, idIUAction, IUActionName, IUActionAlias, IUActionDescription) VALUES ('Clas_1431886233600794UIInst_8', 'Clas_1431886233600794AccOfer_AutoElemAcc_1', 'SIUTMODIFICARASESOR', 'Modificar asesor', '');
INSERT INTO IUAction (idIU, idIUAction, IUActionName, IUActionAlias, IUActionDescription) VALUES ('Clas_1431886233600794UIInst_8', 'Clas_1431886233600794AccOfer_AutoElemAcc_2', 'SIUTDELETE', 'Eliminar', '');
INSERT INTO IUAction (idIU, idIUAction, IUActionName, IUActionAlias, IUActionDescription) VALUES ('Clas_1431886233600794UIInst_8', 'Clas_1431886233600794AccOfer_AutoElemAcc_3', 'SIUTMODVISIBILIDAD', 'TMODVISIBILIDAD', '');
INSERT INTO IUAction (idIU, idIUAction, IUActionName, IUActionAlias, IUActionDescription) VALUES ('Clas_1431886233600794UIInst_8', 'Clas_1431886233600794AccOfer_AutoElemAcc_4', 'SIUTCARGARDOMINIOPLAN', 'TCARGARDOMINIOPLAN', '');
INSERT INTO IUAction (idIU, idIUAction, IUActionName, IUActionAlias, IUActionDescription) VALUES ('Clas_1431886233600794UIInst_8', 'Clas_1431886233600794AccOfer_AutoElemAcc_5', 'IIUAsesor', 'Asesor jefe', '');
INSERT INTO IUAction (idIU, idIUAction, IUActionName, IUActionAlias, IUActionDescription) VALUES ('Clas_1431886233600794UIInst_8', 'Clas_1431886233600794AccOfer_AutoElemAcc_6', 'IIUAsesorProductos', 'Asesor', '');
INSERT INTO IUAction (idIU, idIUAction, IUActionName, IUActionAlias, IUActionDescription) VALUES ('Clas_1431886233600794UIInst_8', 'Clas_1431886233600794AccOfer_AutoElemAcc_7', 'MDIUDirectoresAsesores', 'Directores y Asesores', '');
INSERT INTO IUAction (idIU, idIUAction, IUActionName, IUActionAlias, IUActionDescription) VALUES ('Clas_1431886233600794UIInst_8', 'Clas_1431886233600794AccOfer_AutoElemAcc_8', 'MDIUAsesorProductos', 'Productos', '');
INSERT INTO IUNavigation (idIU, idIUNavigation, IUNavigationName, IUNavigationAlias, IUNavigationDescription) VALUES ('Clas_1431886233600794UIInst_8', 'Clas_1431886233600794NavOfer_AutoElemNav_1', '_Auto_', 'Contratos', '');
INSERT INTO IUNavigation (idIU, idIUNavigation, IUNavigationName, IUNavigationAlias, IUNavigationDescription) VALUES ('Clas_1431886233600794UIInst_8', 'Clas_1431886233600794NavOfer_AutoElemNav_2', 'PIUAgentexProducto', 'Productos del asesor', '');
INSERT INTO IUNavigation (idIU, idIUNavigation, IUNavigationName, IUNavigationAlias, IUNavigationDescription) VALUES ('Clas_1431886233600794UIInst_8', 'Clas_1431886233600794NavOfer_AutoElemNav_3', 'PIULogInformacionAsesor', 'Histórico Información', '');
INSERT INTO IUNavigation (idIU, idIUNavigation, IUNavigationName, IUNavigationAlias, IUNavigationDescription) VALUES ('Clas_1431886233600794UIInst_8', 'Clas_1431886233600794NavOfer_AutoElemNav_4', 'PIULogHistoricoPlanes', 'Histórico Planes', '');
INSERT INTO IUNavigation (idIU, idIUNavigation, IUNavigationName, IUNavigationAlias, IUNavigationDescription) VALUES ('Clas_1431886233600794UIInst_8', 'Clas_1431886233600794NavOfer_AutoElemNav_5', '_Auto_', 'Tipo Identificación', '');

-- MDIU: Asesor.MDIUDirectoresAsesores
INSERT INTO IU (idIU, IUName, IUAlias, IUDescription, IUType) VALUES ('Clas_1431886233600794UIMaDet_2', 'MDIUDirectoresAsesores', 'Directores y Asesores', '', 'M');
INSERT INTO IUDetail (idIU, idIUDetail, IUDetailName, IUDetailAlias, IUDetailDescription) VALUES ('Clas_1431886233600794UIMaDet_2', 'Clas_1431886233600794UIMaDet_2Det_2', 'PIUAsesorDetalle', 'Subordinados', '');
-- MDIU: Asesor.MDIUAsesorProductos
INSERT INTO IU (idIU, IUName, IUAlias, IUDescription, IUType) VALUES ('Clas_1431886233600794UIMaDet_3', 'MDIUAsesorProductos', 'Productos', '', 'M');
INSERT INTO IUDetail (idIU, idIUDetail, IUDetailName, IUDetailAlias, IUDetailDescription) VALUES ('Clas_1431886233600794UIMaDet_3', 'Clas_1431886233600794UIMaDet_3Det_2', 'MDIUAgentexProducto', 'Productos del asesor', '');
-- SIU: Asesor.SIUTMODIFICARASESOR
INSERT INTO IU (idIU, IUName, IUAlias, IUDescription, IUType) VALUES ('Clas_1431886233600794Ser_13UIServ_1', 'SIUTMODIFICARASESOR', 'Modificar asesor', '', 'S');
-- SIU: Asesor.SIUTDELETE
INSERT INTO IU (idIU, IUName, IUAlias, IUDescription, IUType) VALUES ('Clas_1431886233600794Ser_23UIServ_1', 'SIUTDELETE', 'Eliminar', '', 'S');
-- SIU: Asesor.SIUTMODVISIBILIDAD
INSERT INTO IU (idIU, IUName, IUAlias, IUDescription, IUType) VALUES ('Clas_1431886233600794Ser_26UIServ_1', 'SIUTMODVISIBILIDAD', 'TMODVISIBILIDAD', '', 'S');
-- SIU: Asesor.SIUTCARGARDOMINIOPLAN
INSERT INTO IU (idIU, IUName, IUAlias, IUDescription, IUType) VALUES ('Clas_1431886233600794Ser_27UIServ_1', 'SIUTCARGARDOMINIOPLAN', 'TCARGARDOMINIOPLAN', '', 'S');
-- SIU: Asesor.SIUchangePassword
INSERT INTO IU (idIU, IUName, IUAlias, IUDescription, IUType) VALUES ('Clas_1431626842112800Ser_4UIServ_1Clas_1431886233600794Ser_4UIServ_1B', 'SIUchangePassword', 'Establecer contraseña', '', 'S');

---------------------------------------------
-- CLASS AreaMedica
---------------------------------------------
-- PIU: AreaMedica._Auto_
INSERT INTO IU (idIU, IUName, IUAlias, IUDescription, IUType) VALUES ('Clas_1434549485568029UIPobCl_Auto', '_Auto_', 'Área médica', '', 'P');
INSERT INTO IUAttribute (idIU, idIUAttribute, IUAttributeName, IUAttributeAlias, IUAttributeDescription) VALUES ('Clas_1434549485568029UIPobCl_Auto', 'Clas_1434549485568029CjtoVis_AutoICtjoVis_1', 'Usuario', 'Usuario', '');
INSERT INTO IUAttribute (idIU, idIUAttribute, IUAttributeName, IUAttributeAlias, IUAttributeDescription) VALUES ('Clas_1434549485568029UIPobCl_Auto', 'Clas_1434549485568029CjtoVis_AutoICtjoVis_2', 'PrimerNombre', 'Primer nombre', '');
INSERT INTO IUAttribute (idIU, idIUAttribute, IUAttributeName, IUAttributeAlias, IUAttributeDescription) VALUES ('Clas_1434549485568029UIPobCl_Auto', 'Clas_1434549485568029CjtoVis_AutoICtjoVis_3', 'SegundoNombre', 'Segundo nombre', '');
INSERT INTO IUAttribute (idIU, idIUAttribute, IUAttributeName, IUAttributeAlias, IUAttributeDescription) VALUES ('Clas_1434549485568029UIPobCl_Auto', 'Clas_1434549485568029CjtoVis_AutoICtjoVis_4', 'PrimerApellido', 'Primer apellido', '');
INSERT INTO IUAttribute (idIU, idIUAttribute, IUAttributeName, IUAttributeAlias, IUAttributeDescription) VALUES ('Clas_1434549485568029UIPobCl_Auto', 'Clas_1434549485568029CjtoVis_AutoICtjoVis_5', 'SegundoApellido', 'Segundo apellido', '');
INSERT INTO IUAttribute (idIU, idIUAttribute, IUAttributeName, IUAttributeAlias, IUAttributeDescription) VALUES ('Clas_1434549485568029UIPobCl_Auto', 'Clas_1434549485568029CjtoVis_AutoICtjoVis_6', 'drvNombreCompleto', 'Nombre completo', '');
INSERT INTO IUAttribute (idIU, idIUAttribute, IUAttributeName, IUAttributeAlias, IUAttributeDescription) VALUES ('Clas_1434549485568029UIPobCl_Auto', 'Clas_1434549485568029CjtoVis_AutoICtjoVis_7', 'UsuarioLDAP', 'Usuario LDAP', '');
INSERT INTO IUAttribute (idIU, idIUAttribute, IUAttributeName, IUAttributeAlias, IUAttributeDescription) VALUES ('Clas_1434549485568029UIPobCl_Auto', 'Clas_1434549485568029CjtoVis_AutoICtjoVis_8', 'Email', 'Email', '');
INSERT INTO IUAttribute (idIU, idIUAttribute, IUAttributeName, IUAttributeAlias, IUAttributeDescription) VALUES ('Clas_1434549485568029UIPobCl_Auto', 'Clas_1434549485568029CjtoVis_AutoICtjoVis_9', 'CodJefe', 'CodJefe', '');
INSERT INTO IUAttribute (idIU, idIUAttribute, IUAttributeName, IUAttributeAlias, IUAttributeDescription) VALUES ('Clas_1434549485568029UIPobCl_Auto', 'Clas_1434549485568029CjtoVis_AutoICtjoVis_10', 'Id', 'Id', '');
INSERT INTO IUAttribute (idIU, idIUAttribute, IUAttributeName, IUAttributeAlias, IUAttributeDescription) VALUES ('Clas_1434549485568029UIPobCl_Auto', 'Clas_1434549485568029CjtoVis_AutoICtjoVis_11', 'Manual', 'Manual', '');
INSERT INTO IUAttribute (idIU, idIUAttribute, IUAttributeName, IUAttributeAlias, IUAttributeDescription) VALUES ('Clas_1434549485568029UIPobCl_Auto', 'Clas_1434549485568029CjtoVis_AutoICtjoVis_12', 'drvNomJefe', 'Nombre Jefe', '');
INSERT INTO IUAttribute (idIU, idIUAttribute, IUAttributeName, IUAttributeAlias, IUAttributeDescription) VALUES ('Clas_1434549485568029UIPobCl_Auto', 'Clas_1434549485568029CjtoVis_AutoICtjoVis_13', 'drvNomAgencia', 'Agencia', '');
INSERT INTO IUAttribute (idIU, idIUAttribute, IUAttributeName, IUAttributeAlias, IUAttributeDescription) VALUES ('Clas_1434549485568029UIPobCl_Auto', 'Clas_1434549485568029CjtoVis_AutoICtjoVis_14', 'Disponible', 'Disponible', '');
INSERT INTO IUAttribute (idIU, idIUAttribute, IUAttributeName, IUAttributeAlias, IUAttributeDescription) VALUES ('Clas_1434549485568029UIPobCl_Auto', 'Clas_1434549485568029CjtoVis_AutoICtjoVis_15', 'NumSolNoTerminadas', 'No. Solicitudes no terminadas', '');
INSERT INTO IUAttribute (idIU, idIUAttribute, IUAttributeName, IUAttributeAlias, IUAttributeDescription) VALUES ('Clas_1434549485568029UIPobCl_Auto', 'Clas_1434549485568029CjtoVis_AutoICtjoVis_16', 'drvEsAsesorIntegral', 'Es Asesor Integral', '');
INSERT INTO IUAttribute (idIU, idIUAttribute, IUAttributeName, IUAttributeAlias, IUAttributeDescription) VALUES ('Clas_1434549485568029UIPobCl_Auto', 'Clas_1434549485568029CjtoVis_AutoICtjoVis_17', 'drvEsAfiliacion', 'Es Afiliacion', '');
INSERT INTO IUAction (idIU, idIUAction, IUActionName, IUActionAlias, IUActionDescription) VALUES ('Clas_1434549485568029UIPobCl_Auto', 'Clas_1434549485568029AccOfer_AutoElemAcc_1', '_Auto_', 'Área médica', '');
INSERT INTO IUNavigation (idIU, idIUNavigation, IUNavigationName, IUNavigationAlias, IUNavigationDescription) VALUES ('Clas_1434549485568029UIPobCl_Auto', 'Clas_1434549485568029NavOfer_AutoElemNav_1', 'PIURadicados', 'Radicados', '');

-- IIU: AreaMedica._Auto_
INSERT INTO IU (idIU, IUName, IUAlias, IUDescription, IUType) VALUES ('Clas_1434549485568029UIInst_0', '_Auto_', 'Área médica', '', 'I');
INSERT INTO IUAction (idIU, idIUAction, IUActionName, IUActionAlias, IUActionDescription) VALUES ('Clas_1434549485568029UIInst_0', 'Clas_1434549485568029AccOfer_AutoElemAcc_1', '_Auto_', 'Área médica', '');
INSERT INTO IUNavigation (idIU, idIUNavigation, IUNavigationName, IUNavigationAlias, IUNavigationDescription) VALUES ('Clas_1434549485568029UIInst_0', 'Clas_1434549485568029NavOfer_AutoElemNav_1', 'PIURadicados', 'Radicados', '');

-- SIU: AreaMedica.SIUchangePassword
INSERT INTO IU (idIU, IUName, IUAlias, IUDescription, IUType) VALUES ('Clas_1431626842112800Ser_4UIServ_1Clas_1434549485568029Ser_4UIServ_1B', 'SIUchangePassword', 'Establecer contraseña', '', 'S');

---------------------------------------------
-- CLASS Afiliaciones
---------------------------------------------
-- PIU: Afiliaciones.PIUAfiliaciones
INSERT INTO IU (idIU, IUName, IUAlias, IUDescription, IUType) VALUES ('Clas_1434549485568784UIPobCl_1', 'PIUAfiliaciones', 'Afiliaciones', '', 'P');
INSERT INTO IUAttribute (idIU, idIUAttribute, IUAttributeName, IUAttributeAlias, IUAttributeDescription) VALUES ('Clas_1434549485568784UIPobCl_1', 'Clas_1434549485568784CjtoVis_2ICtjoVis_2', 'Usuario', 'Usuario', '');
INSERT INTO IUAttribute (idIU, idIUAttribute, IUAttributeName, IUAttributeAlias, IUAttributeDescription) VALUES ('Clas_1434549485568784UIPobCl_1', 'Clas_1434549485568784CjtoVis_2ICtjoVis_3', 'PrimerNombre', 'Primer nombre', '');
INSERT INTO IUAttribute (idIU, idIUAttribute, IUAttributeName, IUAttributeAlias, IUAttributeDescription) VALUES ('Clas_1434549485568784UIPobCl_1', 'Clas_1434549485568784CjtoVis_2ICtjoVis_4', 'SegundoNombre', 'Segundo nombre', '');
INSERT INTO IUAttribute (idIU, idIUAttribute, IUAttributeName, IUAttributeAlias, IUAttributeDescription) VALUES ('Clas_1434549485568784UIPobCl_1', 'Clas_1434549485568784CjtoVis_2ICtjoVis_1', 'PrimerApellido', 'Primer apellido', '');
INSERT INTO IUAttribute (idIU, idIUAttribute, IUAttributeName, IUAttributeAlias, IUAttributeDescription) VALUES ('Clas_1434549485568784UIPobCl_1', 'Clas_1434549485568784CjtoVis_2ICtjoVis_5', 'SegundoApellido', 'Segundo apellido', '');
INSERT INTO IUAction (idIU, idIUAction, IUActionName, IUActionAlias, IUActionDescription) VALUES ('Clas_1434549485568784UIPobCl_1', 'Clas_1434549485568784AccOfer_1ElemAcc_4', 'SIUTCAMBIARDISPONIBLE', 'Marcar disponibilidad', '');
INSERT INTO IUAction (idIU, idIUAction, IUActionName, IUActionAlias, IUActionDescription) VALUES ('Clas_1434549485568784UIPobCl_1', 'Clas_1434549485568784AccOfer_1ElemAcc_3', 'MDIUAfiliacionesPlanes', 'Planes asociados', '');
INSERT INTO IUNavigation (idIU, idIUNavigation, IUNavigationName, IUNavigationAlias, IUNavigationDescription) VALUES ('Clas_1434549485568784UIPobCl_1', 'Clas_1434549485568784NavOfer_2ElemNav_1', 'PIULogFuncionario', 'Histórico Funcionario', '');

-- PIU: Afiliaciones._Auto_
INSERT INTO IU (idIU, IUName, IUAlias, IUDescription, IUType) VALUES ('Clas_1434549485568784UIPobCl_Auto', '_Auto_', 'Afiliaciones', '', 'P');
INSERT INTO IUAttribute (idIU, idIUAttribute, IUAttributeName, IUAttributeAlias, IUAttributeDescription) VALUES ('Clas_1434549485568784UIPobCl_Auto', 'Clas_1434549485568784CjtoVis_AutoICtjoVis_1', 'Usuario', 'Usuario', '');
INSERT INTO IUAttribute (idIU, idIUAttribute, IUAttributeName, IUAttributeAlias, IUAttributeDescription) VALUES ('Clas_1434549485568784UIPobCl_Auto', 'Clas_1434549485568784CjtoVis_AutoICtjoVis_2', 'PrimerNombre', 'Primer nombre', '');
INSERT INTO IUAttribute (idIU, idIUAttribute, IUAttributeName, IUAttributeAlias, IUAttributeDescription) VALUES ('Clas_1434549485568784UIPobCl_Auto', 'Clas_1434549485568784CjtoVis_AutoICtjoVis_3', 'SegundoNombre', 'Segundo nombre', '');
INSERT INTO IUAttribute (idIU, idIUAttribute, IUAttributeName, IUAttributeAlias, IUAttributeDescription) VALUES ('Clas_1434549485568784UIPobCl_Auto', 'Clas_1434549485568784CjtoVis_AutoICtjoVis_4', 'PrimerApellido', 'Primer apellido', '');
INSERT INTO IUAttribute (idIU, idIUAttribute, IUAttributeName, IUAttributeAlias, IUAttributeDescription) VALUES ('Clas_1434549485568784UIPobCl_Auto', 'Clas_1434549485568784CjtoVis_AutoICtjoVis_5', 'SegundoApellido', 'Segundo apellido', '');
INSERT INTO IUAttribute (idIU, idIUAttribute, IUAttributeName, IUAttributeAlias, IUAttributeDescription) VALUES ('Clas_1434549485568784UIPobCl_Auto', 'Clas_1434549485568784CjtoVis_AutoICtjoVis_6', 'drvNombreCompleto', 'Nombre completo', '');
INSERT INTO IUAttribute (idIU, idIUAttribute, IUAttributeName, IUAttributeAlias, IUAttributeDescription) VALUES ('Clas_1434549485568784UIPobCl_Auto', 'Clas_1434549485568784CjtoVis_AutoICtjoVis_7', 'UsuarioLDAP', 'Usuario LDAP', '');
INSERT INTO IUAttribute (idIU, idIUAttribute, IUAttributeName, IUAttributeAlias, IUAttributeDescription) VALUES ('Clas_1434549485568784UIPobCl_Auto', 'Clas_1434549485568784CjtoVis_AutoICtjoVis_8', 'Email', 'Email', '');
INSERT INTO IUAttribute (idIU, idIUAttribute, IUAttributeName, IUAttributeAlias, IUAttributeDescription) VALUES ('Clas_1434549485568784UIPobCl_Auto', 'Clas_1434549485568784CjtoVis_AutoICtjoVis_9', 'CodJefe', 'CodJefe', '');
INSERT INTO IUAttribute (idIU, idIUAttribute, IUAttributeName, IUAttributeAlias, IUAttributeDescription) VALUES ('Clas_1434549485568784UIPobCl_Auto', 'Clas_1434549485568784CjtoVis_AutoICtjoVis_10', 'Id', 'Id', '');
INSERT INTO IUAttribute (idIU, idIUAttribute, IUAttributeName, IUAttributeAlias, IUAttributeDescription) VALUES ('Clas_1434549485568784UIPobCl_Auto', 'Clas_1434549485568784CjtoVis_AutoICtjoVis_11', 'Manual', 'Manual', '');
INSERT INTO IUAttribute (idIU, idIUAttribute, IUAttributeName, IUAttributeAlias, IUAttributeDescription) VALUES ('Clas_1434549485568784UIPobCl_Auto', 'Clas_1434549485568784CjtoVis_AutoICtjoVis_12', 'drvNomJefe', 'Nombre Jefe', '');
INSERT INTO IUAttribute (idIU, idIUAttribute, IUAttributeName, IUAttributeAlias, IUAttributeDescription) VALUES ('Clas_1434549485568784UIPobCl_Auto', 'Clas_1434549485568784CjtoVis_AutoICtjoVis_13', 'drvNomAgencia', 'Agencia', '');
INSERT INTO IUAttribute (idIU, idIUAttribute, IUAttributeName, IUAttributeAlias, IUAttributeDescription) VALUES ('Clas_1434549485568784UIPobCl_Auto', 'Clas_1434549485568784CjtoVis_AutoICtjoVis_14', 'Disponible', 'Disponible', '');
INSERT INTO IUAttribute (idIU, idIUAttribute, IUAttributeName, IUAttributeAlias, IUAttributeDescription) VALUES ('Clas_1434549485568784UIPobCl_Auto', 'Clas_1434549485568784CjtoVis_AutoICtjoVis_15', 'NumSolNoTerminadas', 'No. Solicitudes no terminadas', '');
INSERT INTO IUAttribute (idIU, idIUAttribute, IUAttributeName, IUAttributeAlias, IUAttributeDescription) VALUES ('Clas_1434549485568784UIPobCl_Auto', 'Clas_1434549485568784CjtoVis_AutoICtjoVis_16', 'drvEsAsesorIntegral', 'Es Asesor Integral', '');
INSERT INTO IUAttribute (idIU, idIUAttribute, IUAttributeName, IUAttributeAlias, IUAttributeDescription) VALUES ('Clas_1434549485568784UIPobCl_Auto', 'Clas_1434549485568784CjtoVis_AutoICtjoVis_17', 'drvEsAfiliacion', 'Es Afiliacion', '');
INSERT INTO IUAction (idIU, idIUAction, IUActionName, IUActionAlias, IUActionDescription) VALUES ('Clas_1434549485568784UIPobCl_Auto', 'Clas_1434549485568784AccOfer_AutoElemAcc_1', 'SIUInsPlan', 'Asociar Plan', '');
INSERT INTO IUAction (idIU, idIUAction, IUActionName, IUActionAlias, IUActionDescription) VALUES ('Clas_1434549485568784UIPobCl_Auto', 'Clas_1434549485568784AccOfer_AutoElemAcc_2', 'SIUDelPlan', 'Desasociar Plan', '');
INSERT INTO IUAction (idIU, idIUAction, IUActionName, IUActionAlias, IUActionDescription) VALUES ('Clas_1434549485568784UIPobCl_Auto', 'Clas_1434549485568784AccOfer_AutoElemAcc_3', 'IIUAfiliacionesMPlanes', 'Afiliación', '');
INSERT INTO IUAction (idIU, idIUAction, IUActionName, IUActionAlias, IUActionDescription) VALUES ('Clas_1434549485568784UIPobCl_Auto', 'Clas_1434549485568784AccOfer_AutoElemAcc_4', 'MDIUAfiliacionesPlanes', 'Planes asociados', '');
INSERT INTO IUNavigation (idIU, idIUNavigation, IUNavigationName, IUNavigationAlias, IUNavigationDescription) VALUES ('Clas_1434549485568784UIPobCl_Auto', 'Clas_1434549485568784NavOfer_AutoElemNav_1', 'PIUPlanesObs', 'Planes', '');

-- IIU: Afiliaciones.IIUAfiliacionesMPlanes
INSERT INTO IU (idIU, IUName, IUAlias, IUDescription, IUType) VALUES ('Clas_1434549485568784UIInst_1', 'IIUAfiliacionesMPlanes', 'Afiliación', '', 'I');

-- IIU: Afiliaciones._Auto_
INSERT INTO IU (idIU, IUName, IUAlias, IUDescription, IUType) VALUES ('Clas_1434549485568784UIInst_3', '_Auto_', 'Afiliaciones', '', 'I');
INSERT INTO IUAction (idIU, idIUAction, IUActionName, IUActionAlias, IUActionDescription) VALUES ('Clas_1434549485568784UIInst_3', 'Clas_1434549485568784AccOfer_AutoElemAcc_1', 'SIUInsPlan', 'Asociar Plan', '');
INSERT INTO IUAction (idIU, idIUAction, IUActionName, IUActionAlias, IUActionDescription) VALUES ('Clas_1434549485568784UIInst_3', 'Clas_1434549485568784AccOfer_AutoElemAcc_2', 'SIUDelPlan', 'Desasociar Plan', '');
INSERT INTO IUAction (idIU, idIUAction, IUActionName, IUActionAlias, IUActionDescription) VALUES ('Clas_1434549485568784UIInst_3', 'Clas_1434549485568784AccOfer_AutoElemAcc_3', 'IIUAfiliacionesMPlanes', 'Afiliación', '');
INSERT INTO IUAction (idIU, idIUAction, IUActionName, IUActionAlias, IUActionDescription) VALUES ('Clas_1434549485568784UIInst_3', 'Clas_1434549485568784AccOfer_AutoElemAcc_4', 'MDIUAfiliacionesPlanes', 'Planes asociados', '');
INSERT INTO IUNavigation (idIU, idIUNavigation, IUNavigationName, IUNavigationAlias, IUNavigationDescription) VALUES ('Clas_1434549485568784UIInst_3', 'Clas_1434549485568784NavOfer_AutoElemNav_1', 'PIUPlanesObs', 'Planes', '');

-- MDIU: Afiliaciones.MDIUAfiliacionesPlanes
INSERT INTO IU (idIU, IUName, IUAlias, IUDescription, IUType) VALUES ('Clas_1434549485568784UIMaDet_1', 'MDIUAfiliacionesPlanes', 'Planes asociados', '', 'M');
INSERT INTO IUDetail (idIU, idIUDetail, IUDetailName, IUDetailAlias, IUDetailDescription) VALUES ('Clas_1434549485568784UIMaDet_1', 'Clas_1434549485568784UIMaDet_1Det_1', 'PIUPlanesDAfiliacion', 'Planes asociados', '');
-- SIU: Afiliaciones.SIUInsPlan
INSERT INTO IU (idIU, IUName, IUAlias, IUDescription, IUType) VALUES ('Clas_1434549485568784Ser_3UIServ_1', 'SIUInsPlan', 'Asociar Plan', '', 'S');
-- SIU: Afiliaciones.SIUDelPlan
INSERT INTO IU (idIU, IUName, IUAlias, IUDescription, IUType) VALUES ('Clas_1434549485568784Ser_4UIServ_1', 'SIUDelPlan', 'Desasociar Plan', '', 'S');
-- SIU: Afiliaciones.SIUchangePassword
INSERT INTO IU (idIU, IUName, IUAlias, IUDescription, IUType) VALUES ('Clas_1431626842112800Ser_4UIServ_1Clas_1434549485568784Ser_4UIServ_1B', 'SIUchangePassword', 'Establecer contraseña', '', 'S');

---------------------------------------------
-- CLASS RespRegional
---------------------------------------------
-- PIU: RespRegional.PIURespRegional
INSERT INTO IU (idIU, IUName, IUAlias, IUDescription, IUType) VALUES ('Clas_1431871684608346UIPobCl_1', 'PIURespRegional', 'Responsables de regionales', '', 'P');
INSERT INTO IUAttribute (idIU, idIUAttribute, IUAttributeName, IUAttributeAlias, IUAttributeDescription) VALUES ('Clas_1431871684608346UIPobCl_1', 'Clas_1431871684608346CjtoVis_2ICtjoVis_8', 'Usuario', 'Usuario', '');
INSERT INTO IUAttribute (idIU, idIUAttribute, IUAttributeName, IUAttributeAlias, IUAttributeDescription) VALUES ('Clas_1431871684608346UIPobCl_1', 'Clas_1431871684608346CjtoVis_2ICtjoVis_9', 'PrimerNombre', 'Primer nombre', '');
INSERT INTO IUAttribute (idIU, idIUAttribute, IUAttributeName, IUAttributeAlias, IUAttributeDescription) VALUES ('Clas_1431871684608346UIPobCl_1', 'Clas_1431871684608346CjtoVis_2ICtjoVis_11', 'SegundoNombre', 'Segundo nombre', '');
INSERT INTO IUAttribute (idIU, idIUAttribute, IUAttributeName, IUAttributeAlias, IUAttributeDescription) VALUES ('Clas_1431871684608346UIPobCl_1', 'Clas_1431871684608346CjtoVis_2ICtjoVis_10', 'PrimerApellido', 'Primer apellido', '');
INSERT INTO IUAttribute (idIU, idIUAttribute, IUAttributeName, IUAttributeAlias, IUAttributeDescription) VALUES ('Clas_1431871684608346UIPobCl_1', 'Clas_1431871684608346CjtoVis_2ICtjoVis_12', 'SegundoApellido', 'Segundo apellido', '');
INSERT INTO IUAttribute (idIU, idIUAttribute, IUAttributeName, IUAttributeAlias, IUAttributeDescription) VALUES ('Clas_1431871684608346UIPobCl_1', 'Clas_1431871684608346CjtoVis_2ICtjoVis_13', 'Email', 'Email', '');
INSERT INTO IUAttribute (idIU, idIUAttribute, IUAttributeName, IUAttributeAlias, IUAttributeDescription) VALUES ('Clas_1431871684608346UIPobCl_1', 'Clas_1431871684608346CjtoVis_2ICtjoVis_14', 'UsuarioLDAP', 'Usuario LDAP', '');
INSERT INTO IUAttribute (idIU, idIUAttribute, IUAttributeName, IUAttributeAlias, IUAttributeDescription) VALUES ('Clas_1431871684608346UIPobCl_1', 'Clas_1431871684608346CjtoVis_2ICtjoVis_1', 'Regional.Descripcion', 'Regional', '');
INSERT INTO IUAction (idIU, idIUAction, IUActionName, IUActionAlias, IUActionDescription) VALUES ('Clas_1431871684608346UIPobCl_1', 'Clas_1431871684608346AccOfer_1ElemAcc_2', 'SIUTMODIFICAR', 'Modificar', '');

-- PIU: RespRegional._Auto_
INSERT INTO IU (idIU, IUName, IUAlias, IUDescription, IUType) VALUES ('Clas_1431871684608346UIPobCl_Auto', '_Auto_', 'Responsable regional', '', 'P');
INSERT INTO IUAttribute (idIU, idIUAttribute, IUAttributeName, IUAttributeAlias, IUAttributeDescription) VALUES ('Clas_1431871684608346UIPobCl_Auto', 'Clas_1431871684608346CjtoVis_AutoICtjoVis_1', 'Usuario', 'Usuario', '');
INSERT INTO IUAttribute (idIU, idIUAttribute, IUAttributeName, IUAttributeAlias, IUAttributeDescription) VALUES ('Clas_1431871684608346UIPobCl_Auto', 'Clas_1431871684608346CjtoVis_AutoICtjoVis_2', 'PrimerNombre', 'Primer nombre', '');
INSERT INTO IUAttribute (idIU, idIUAttribute, IUAttributeName, IUAttributeAlias, IUAttributeDescription) VALUES ('Clas_1431871684608346UIPobCl_Auto', 'Clas_1431871684608346CjtoVis_AutoICtjoVis_3', 'SegundoNombre', 'Segundo nombre', '');
INSERT INTO IUAttribute (idIU, idIUAttribute, IUAttributeName, IUAttributeAlias, IUAttributeDescription) VALUES ('Clas_1431871684608346UIPobCl_Auto', 'Clas_1431871684608346CjtoVis_AutoICtjoVis_4', 'PrimerApellido', 'Primer apellido', '');
INSERT INTO IUAttribute (idIU, idIUAttribute, IUAttributeName, IUAttributeAlias, IUAttributeDescription) VALUES ('Clas_1431871684608346UIPobCl_Auto', 'Clas_1431871684608346CjtoVis_AutoICtjoVis_5', 'SegundoApellido', 'Segundo apellido', '');
INSERT INTO IUAttribute (idIU, idIUAttribute, IUAttributeName, IUAttributeAlias, IUAttributeDescription) VALUES ('Clas_1431871684608346UIPobCl_Auto', 'Clas_1431871684608346CjtoVis_AutoICtjoVis_6', 'drvNombreCompleto', 'Nombre completo', '');
INSERT INTO IUAttribute (idIU, idIUAttribute, IUAttributeName, IUAttributeAlias, IUAttributeDescription) VALUES ('Clas_1431871684608346UIPobCl_Auto', 'Clas_1431871684608346CjtoVis_AutoICtjoVis_7', 'UsuarioLDAP', 'Usuario LDAP', '');
INSERT INTO IUAttribute (idIU, idIUAttribute, IUAttributeName, IUAttributeAlias, IUAttributeDescription) VALUES ('Clas_1431871684608346UIPobCl_Auto', 'Clas_1431871684608346CjtoVis_AutoICtjoVis_8', 'Email', 'Email', '');
INSERT INTO IUAttribute (idIU, idIUAttribute, IUAttributeName, IUAttributeAlias, IUAttributeDescription) VALUES ('Clas_1431871684608346UIPobCl_Auto', 'Clas_1431871684608346CjtoVis_AutoICtjoVis_9', 'CodJefe', 'CodJefe', '');
INSERT INTO IUAttribute (idIU, idIUAttribute, IUAttributeName, IUAttributeAlias, IUAttributeDescription) VALUES ('Clas_1431871684608346UIPobCl_Auto', 'Clas_1431871684608346CjtoVis_AutoICtjoVis_10', 'Id', 'Id', '');
INSERT INTO IUAttribute (idIU, idIUAttribute, IUAttributeName, IUAttributeAlias, IUAttributeDescription) VALUES ('Clas_1431871684608346UIPobCl_Auto', 'Clas_1431871684608346CjtoVis_AutoICtjoVis_11', 'Manual', 'Manual', '');
INSERT INTO IUAttribute (idIU, idIUAttribute, IUAttributeName, IUAttributeAlias, IUAttributeDescription) VALUES ('Clas_1431871684608346UIPobCl_Auto', 'Clas_1431871684608346CjtoVis_AutoICtjoVis_12', 'drvNomJefe', 'Nombre Jefe', '');
INSERT INTO IUAttribute (idIU, idIUAttribute, IUAttributeName, IUAttributeAlias, IUAttributeDescription) VALUES ('Clas_1431871684608346UIPobCl_Auto', 'Clas_1431871684608346CjtoVis_AutoICtjoVis_13', 'drvNomAgencia', 'Agencia', '');
INSERT INTO IUAttribute (idIU, idIUAttribute, IUAttributeName, IUAttributeAlias, IUAttributeDescription) VALUES ('Clas_1431871684608346UIPobCl_Auto', 'Clas_1431871684608346CjtoVis_AutoICtjoVis_14', 'Disponible', 'Disponible', '');
INSERT INTO IUAttribute (idIU, idIUAttribute, IUAttributeName, IUAttributeAlias, IUAttributeDescription) VALUES ('Clas_1431871684608346UIPobCl_Auto', 'Clas_1431871684608346CjtoVis_AutoICtjoVis_15', 'NumSolNoTerminadas', 'No. Solicitudes no terminadas', '');
INSERT INTO IUAttribute (idIU, idIUAttribute, IUAttributeName, IUAttributeAlias, IUAttributeDescription) VALUES ('Clas_1431871684608346UIPobCl_Auto', 'Clas_1431871684608346CjtoVis_AutoICtjoVis_16', 'drvEsAsesorIntegral', 'Es Asesor Integral', '');
INSERT INTO IUAttribute (idIU, idIUAttribute, IUAttributeName, IUAttributeAlias, IUAttributeDescription) VALUES ('Clas_1431871684608346UIPobCl_Auto', 'Clas_1431871684608346CjtoVis_AutoICtjoVis_17', 'drvEsAfiliacion', 'Es Afiliacion', '');
INSERT INTO IUAction (idIU, idIUAction, IUActionName, IUActionAlias, IUActionDescription) VALUES ('Clas_1431871684608346UIPobCl_Auto', 'Clas_1431871684608346AccOfer_AutoElemAcc_1', 'SIUTMODIFICAR', 'Modificar responsable de regional', '');
INSERT INTO IUAction (idIU, idIUAction, IUActionName, IUActionAlias, IUActionDescription) VALUES ('Clas_1431871684608346UIPobCl_Auto', 'Clas_1431871684608346AccOfer_AutoElemAcc_2', 'SIUTCREAROMODFIRMA', 'Modificar firma', '');
INSERT INTO IUAction (idIU, idIUAction, IUActionName, IUActionAlias, IUActionDescription) VALUES ('Clas_1431871684608346UIPobCl_Auto', 'Clas_1431871684608346AccOfer_AutoElemAcc_3', 'IIURespRegionalFirma', 'Firma de responsable regional', '');
INSERT INTO IUNavigation (idIU, idIUNavigation, IUNavigationName, IUNavigationAlias, IUNavigationDescription) VALUES ('Clas_1431871684608346UIPobCl_Auto', 'Clas_1431871684608346NavOfer_AutoElemNav_1', '_Auto_', 'Firma', '');
INSERT INTO IUNavigation (idIU, idIUNavigation, IUNavigationName, IUNavigationAlias, IUNavigationDescription) VALUES ('Clas_1431871684608346UIPobCl_Auto', 'Clas_1431871684608346NavOfer_AutoElemNav_2', '_Auto_', 'Regional', '');

-- IIU: RespRegional.IIURespRegionalFirma
INSERT INTO IU (idIU, IUName, IUAlias, IUDescription, IUType) VALUES ('Clas_1431871684608346UIInst_1', 'IIURespRegionalFirma', 'Firma de responsable regional', '', 'I');
INSERT INTO IUAction (idIU, idIUAction, IUActionName, IUActionAlias, IUActionDescription) VALUES ('Clas_1431871684608346UIInst_1', 'Clas_1431871684608346AccOfer_2ElemAcc_1', 'SIUTCREAROMODFIRMA', 'Modificar firma', '');

-- IIU: RespRegional._Auto_
INSERT INTO IU (idIU, IUName, IUAlias, IUDescription, IUType) VALUES ('Clas_1431871684608346UIInst_2', '_Auto_', 'Responsable regional', '', 'I');
INSERT INTO IUAction (idIU, idIUAction, IUActionName, IUActionAlias, IUActionDescription) VALUES ('Clas_1431871684608346UIInst_2', 'Clas_1431871684608346AccOfer_AutoElemAcc_1', 'SIUTMODIFICAR', 'Modificar responsable de regional', '');
INSERT INTO IUAction (idIU, idIUAction, IUActionName, IUActionAlias, IUActionDescription) VALUES ('Clas_1431871684608346UIInst_2', 'Clas_1431871684608346AccOfer_AutoElemAcc_2', 'SIUTCREAROMODFIRMA', 'Modificar firma', '');
INSERT INTO IUAction (idIU, idIUAction, IUActionName, IUActionAlias, IUActionDescription) VALUES ('Clas_1431871684608346UIInst_2', 'Clas_1431871684608346AccOfer_AutoElemAcc_3', 'IIURespRegionalFirma', 'Firma de responsable regional', '');
INSERT INTO IUNavigation (idIU, idIUNavigation, IUNavigationName, IUNavigationAlias, IUNavigationDescription) VALUES ('Clas_1431871684608346UIInst_2', 'Clas_1431871684608346NavOfer_AutoElemNav_1', '_Auto_', 'Firma', '');
INSERT INTO IUNavigation (idIU, idIUNavigation, IUNavigationName, IUNavigationAlias, IUNavigationDescription) VALUES ('Clas_1431871684608346UIInst_2', 'Clas_1431871684608346NavOfer_AutoElemNav_2', '_Auto_', 'Regional', '');

-- SIU: RespRegional.SIUTMODIFICAR
INSERT INTO IU (idIU, IUName, IUAlias, IUDescription, IUType) VALUES ('Clas_1431871684608346Ser_7UIServ_1', 'SIUTMODIFICAR', 'Modificar responsable de regional', '', 'S');
-- SIU: RespRegional.SIUTCREAROMODFIRMA
INSERT INTO IU (idIU, IUName, IUAlias, IUDescription, IUType) VALUES ('Clas_1431871684608346Ser_8UIServ_1', 'SIUTCREAROMODFIRMA', 'Modificar firma', '', 'S');
-- SIU: RespRegional.SIUchangePassword
INSERT INTO IU (idIU, IUName, IUAlias, IUDescription, IUType) VALUES ('Clas_1431626842112800Ser_4UIServ_1Clas_1431871684608346Ser_4UIServ_1B', 'SIUchangePassword', 'Establecer contraseña', '', 'S');

---------------------------------------------
-- CLASS Gestor
---------------------------------------------
-- PIU: Gestor.PIUGestores
INSERT INTO IU (idIU, IUName, IUAlias, IUDescription, IUType) VALUES ('Clas_1624269783040558UIPobCl_1', 'PIUGestores', 'Gestores', '', 'P');
INSERT INTO IUAttribute (idIU, idIUAttribute, IUAttributeName, IUAttributeAlias, IUAttributeDescription) VALUES ('Clas_1624269783040558UIPobCl_1', 'Clas_1624269783040558CjtoVis_1ICtjoVis_1', 'UsuarioLDAP', 'Usuario LDAP', '');
INSERT INTO IUAttribute (idIU, idIUAttribute, IUAttributeName, IUAttributeAlias, IUAttributeDescription) VALUES ('Clas_1624269783040558UIPobCl_1', 'Clas_1624269783040558CjtoVis_1ICtjoVis_2', 'drvNombreCompleto', 'Nombre completo', '');
INSERT INTO IUAttribute (idIU, idIUAttribute, IUAttributeName, IUAttributeAlias, IUAttributeDescription) VALUES ('Clas_1624269783040558UIPobCl_1', 'Clas_1624269783040558CjtoVis_1ICtjoVis_3', 'Email', 'Email', '');

-- PIU: Gestor._Auto_
INSERT INTO IU (idIU, IUName, IUAlias, IUDescription, IUType) VALUES ('Clas_1624269783040558UIPobCl_Auto', '_Auto_', 'Gestor', '', 'P');
INSERT INTO IUAttribute (idIU, idIUAttribute, IUAttributeName, IUAttributeAlias, IUAttributeDescription) VALUES ('Clas_1624269783040558UIPobCl_Auto', 'Clas_1624269783040558CjtoVis_AutoICtjoVis_1', 'Usuario', 'Usuario', '');
INSERT INTO IUAttribute (idIU, idIUAttribute, IUAttributeName, IUAttributeAlias, IUAttributeDescription) VALUES ('Clas_1624269783040558UIPobCl_Auto', 'Clas_1624269783040558CjtoVis_AutoICtjoVis_2', 'PrimerNombre', 'Primer nombre', '');
INSERT INTO IUAttribute (idIU, idIUAttribute, IUAttributeName, IUAttributeAlias, IUAttributeDescription) VALUES ('Clas_1624269783040558UIPobCl_Auto', 'Clas_1624269783040558CjtoVis_AutoICtjoVis_3', 'SegundoNombre', 'Segundo nombre', '');
INSERT INTO IUAttribute (idIU, idIUAttribute, IUAttributeName, IUAttributeAlias, IUAttributeDescription) VALUES ('Clas_1624269783040558UIPobCl_Auto', 'Clas_1624269783040558CjtoVis_AutoICtjoVis_4', 'PrimerApellido', 'Primer apellido', '');
INSERT INTO IUAttribute (idIU, idIUAttribute, IUAttributeName, IUAttributeAlias, IUAttributeDescription) VALUES ('Clas_1624269783040558UIPobCl_Auto', 'Clas_1624269783040558CjtoVis_AutoICtjoVis_5', 'SegundoApellido', 'Segundo apellido', '');
INSERT INTO IUAttribute (idIU, idIUAttribute, IUAttributeName, IUAttributeAlias, IUAttributeDescription) VALUES ('Clas_1624269783040558UIPobCl_Auto', 'Clas_1624269783040558CjtoVis_AutoICtjoVis_6', 'drvNombreCompleto', 'Nombre completo', '');
INSERT INTO IUAttribute (idIU, idIUAttribute, IUAttributeName, IUAttributeAlias, IUAttributeDescription) VALUES ('Clas_1624269783040558UIPobCl_Auto', 'Clas_1624269783040558CjtoVis_AutoICtjoVis_7', 'UsuarioLDAP', 'Usuario LDAP', '');
INSERT INTO IUAttribute (idIU, idIUAttribute, IUAttributeName, IUAttributeAlias, IUAttributeDescription) VALUES ('Clas_1624269783040558UIPobCl_Auto', 'Clas_1624269783040558CjtoVis_AutoICtjoVis_8', 'Email', 'Email', '');
INSERT INTO IUAttribute (idIU, idIUAttribute, IUAttributeName, IUAttributeAlias, IUAttributeDescription) VALUES ('Clas_1624269783040558UIPobCl_Auto', 'Clas_1624269783040558CjtoVis_AutoICtjoVis_9', 'CodJefe', 'CodJefe', '');
INSERT INTO IUAttribute (idIU, idIUAttribute, IUAttributeName, IUAttributeAlias, IUAttributeDescription) VALUES ('Clas_1624269783040558UIPobCl_Auto', 'Clas_1624269783040558CjtoVis_AutoICtjoVis_10', 'Id', 'Id', '');
INSERT INTO IUAttribute (idIU, idIUAttribute, IUAttributeName, IUAttributeAlias, IUAttributeDescription) VALUES ('Clas_1624269783040558UIPobCl_Auto', 'Clas_1624269783040558CjtoVis_AutoICtjoVis_11', 'Manual', 'Manual', '');
INSERT INTO IUAttribute (idIU, idIUAttribute, IUAttributeName, IUAttributeAlias, IUAttributeDescription) VALUES ('Clas_1624269783040558UIPobCl_Auto', 'Clas_1624269783040558CjtoVis_AutoICtjoVis_12', 'drvNomJefe', 'Nombre Jefe', '');
INSERT INTO IUAttribute (idIU, idIUAttribute, IUAttributeName, IUAttributeAlias, IUAttributeDescription) VALUES ('Clas_1624269783040558UIPobCl_Auto', 'Clas_1624269783040558CjtoVis_AutoICtjoVis_13', 'drvNomAgencia', 'Agencia', '');
INSERT INTO IUAttribute (idIU, idIUAttribute, IUAttributeName, IUAttributeAlias, IUAttributeDescription) VALUES ('Clas_1624269783040558UIPobCl_Auto', 'Clas_1624269783040558CjtoVis_AutoICtjoVis_14', 'Disponible', 'Disponible', '');
INSERT INTO IUAttribute (idIU, idIUAttribute, IUAttributeName, IUAttributeAlias, IUAttributeDescription) VALUES ('Clas_1624269783040558UIPobCl_Auto', 'Clas_1624269783040558CjtoVis_AutoICtjoVis_15', 'NumSolNoTerminadas', 'No. Solicitudes no terminadas', '');
INSERT INTO IUAttribute (idIU, idIUAttribute, IUAttributeName, IUAttributeAlias, IUAttributeDescription) VALUES ('Clas_1624269783040558UIPobCl_Auto', 'Clas_1624269783040558CjtoVis_AutoICtjoVis_16', 'drvEsAsesorIntegral', 'Es Asesor Integral', '');
INSERT INTO IUAttribute (idIU, idIUAttribute, IUAttributeName, IUAttributeAlias, IUAttributeDescription) VALUES ('Clas_1624269783040558UIPobCl_Auto', 'Clas_1624269783040558CjtoVis_AutoICtjoVis_17', 'drvEsAfiliacion', 'Es Afiliacion', '');
INSERT INTO IUAction (idIU, idIUAction, IUActionName, IUActionAlias, IUActionDescription) VALUES ('Clas_1624269783040558UIPobCl_Auto', 'Clas_1624269783040558AccOfer_AutoElemAcc_1', '_Auto_', 'Gestor', '');

-- IIU: Gestor._Auto_
INSERT INTO IU (idIU, IUName, IUAlias, IUDescription, IUType) VALUES ('Clas_1624269783040558UIInst_1', '_Auto_', 'Gestor', '', 'I');
INSERT INTO IUAction (idIU, idIUAction, IUActionName, IUActionAlias, IUActionDescription) VALUES ('Clas_1624269783040558UIInst_1', 'Clas_1624269783040558AccOfer_AutoElemAcc_1', '_Auto_', 'Gestor', '');

-- SIU: Gestor.SIUchangePassword
INSERT INTO IU (idIU, IUName, IUAlias, IUDescription, IUType) VALUES ('Clas_1431626842112800Ser_4UIServ_1Clas_1624269783040558Ser_4UIServ_1B', 'SIUchangePassword', 'Establecer contraseña', '', 'S');

---------------------------------------------
-- CLASS MesaDeApoyo
---------------------------------------------
-- PIU: MesaDeApoyo.PIUMesaDeApoyo
INSERT INTO IU (idIU, IUName, IUAlias, IUDescription, IUType) VALUES ('Clas_1624269783040652UIPobCl_1', 'PIUMesaDeApoyo', 'Mesa de apoyo', '', 'P');
INSERT INTO IUAttribute (idIU, idIUAttribute, IUAttributeName, IUAttributeAlias, IUAttributeDescription) VALUES ('Clas_1624269783040652UIPobCl_1', 'Clas_1624269783040652CjtoVis_1ICtjoVis_1', 'UsuarioLDAP', 'Usuario LDAP', '');
INSERT INTO IUAttribute (idIU, idIUAttribute, IUAttributeName, IUAttributeAlias, IUAttributeDescription) VALUES ('Clas_1624269783040652UIPobCl_1', 'Clas_1624269783040652CjtoVis_1ICtjoVis_2', 'drvNombreCompleto', 'Nombre completo', '');
INSERT INTO IUAttribute (idIU, idIUAttribute, IUAttributeName, IUAttributeAlias, IUAttributeDescription) VALUES ('Clas_1624269783040652UIPobCl_1', 'Clas_1624269783040652CjtoVis_1ICtjoVis_3', 'Email', 'Email', '');

-- PIU: MesaDeApoyo._Auto_
INSERT INTO IU (idIU, IUName, IUAlias, IUDescription, IUType) VALUES ('Clas_1624269783040652UIPobCl_Auto', '_Auto_', 'Mesa de apoyo', '', 'P');
INSERT INTO IUAttribute (idIU, idIUAttribute, IUAttributeName, IUAttributeAlias, IUAttributeDescription) VALUES ('Clas_1624269783040652UIPobCl_Auto', 'Clas_1624269783040652CjtoVis_AutoICtjoVis_1', 'Usuario', 'Usuario', '');
INSERT INTO IUAttribute (idIU, idIUAttribute, IUAttributeName, IUAttributeAlias, IUAttributeDescription) VALUES ('Clas_1624269783040652UIPobCl_Auto', 'Clas_1624269783040652CjtoVis_AutoICtjoVis_2', 'PrimerNombre', 'Primer nombre', '');
INSERT INTO IUAttribute (idIU, idIUAttribute, IUAttributeName, IUAttributeAlias, IUAttributeDescription) VALUES ('Clas_1624269783040652UIPobCl_Auto', 'Clas_1624269783040652CjtoVis_AutoICtjoVis_3', 'SegundoNombre', 'Segundo nombre', '');
INSERT INTO IUAttribute (idIU, idIUAttribute, IUAttributeName, IUAttributeAlias, IUAttributeDescription) VALUES ('Clas_1624269783040652UIPobCl_Auto', 'Clas_1624269783040652CjtoVis_AutoICtjoVis_4', 'PrimerApellido', 'Primer apellido', '');
INSERT INTO IUAttribute (idIU, idIUAttribute, IUAttributeName, IUAttributeAlias, IUAttributeDescription) VALUES ('Clas_1624269783040652UIPobCl_Auto', 'Clas_1624269783040652CjtoVis_AutoICtjoVis_5', 'SegundoApellido', 'Segundo apellido', '');
INSERT INTO IUAttribute (idIU, idIUAttribute, IUAttributeName, IUAttributeAlias, IUAttributeDescription) VALUES ('Clas_1624269783040652UIPobCl_Auto', 'Clas_1624269783040652CjtoVis_AutoICtjoVis_6', 'drvNombreCompleto', 'Nombre completo', '');
INSERT INTO IUAttribute (idIU, idIUAttribute, IUAttributeName, IUAttributeAlias, IUAttributeDescription) VALUES ('Clas_1624269783040652UIPobCl_Auto', 'Clas_1624269783040652CjtoVis_AutoICtjoVis_7', 'UsuarioLDAP', 'Usuario LDAP', '');
INSERT INTO IUAttribute (idIU, idIUAttribute, IUAttributeName, IUAttributeAlias, IUAttributeDescription) VALUES ('Clas_1624269783040652UIPobCl_Auto', 'Clas_1624269783040652CjtoVis_AutoICtjoVis_8', 'Email', 'Email', '');
INSERT INTO IUAttribute (idIU, idIUAttribute, IUAttributeName, IUAttributeAlias, IUAttributeDescription) VALUES ('Clas_1624269783040652UIPobCl_Auto', 'Clas_1624269783040652CjtoVis_AutoICtjoVis_9', 'CodJefe', 'CodJefe', '');
INSERT INTO IUAttribute (idIU, idIUAttribute, IUAttributeName, IUAttributeAlias, IUAttributeDescription) VALUES ('Clas_1624269783040652UIPobCl_Auto', 'Clas_1624269783040652CjtoVis_AutoICtjoVis_10', 'Id', 'Id', '');
INSERT INTO IUAttribute (idIU, idIUAttribute, IUAttributeName, IUAttributeAlias, IUAttributeDescription) VALUES ('Clas_1624269783040652UIPobCl_Auto', 'Clas_1624269783040652CjtoVis_AutoICtjoVis_11', 'Manual', 'Manual', '');
INSERT INTO IUAttribute (idIU, idIUAttribute, IUAttributeName, IUAttributeAlias, IUAttributeDescription) VALUES ('Clas_1624269783040652UIPobCl_Auto', 'Clas_1624269783040652CjtoVis_AutoICtjoVis_12', 'drvNomJefe', 'Nombre Jefe', '');
INSERT INTO IUAttribute (idIU, idIUAttribute, IUAttributeName, IUAttributeAlias, IUAttributeDescription) VALUES ('Clas_1624269783040652UIPobCl_Auto', 'Clas_1624269783040652CjtoVis_AutoICtjoVis_13', 'drvNomAgencia', 'Agencia', '');
INSERT INTO IUAttribute (idIU, idIUAttribute, IUAttributeName, IUAttributeAlias, IUAttributeDescription) VALUES ('Clas_1624269783040652UIPobCl_Auto', 'Clas_1624269783040652CjtoVis_AutoICtjoVis_14', 'Disponible', 'Disponible', '');
INSERT INTO IUAttribute (idIU, idIUAttribute, IUAttributeName, IUAttributeAlias, IUAttributeDescription) VALUES ('Clas_1624269783040652UIPobCl_Auto', 'Clas_1624269783040652CjtoVis_AutoICtjoVis_15', 'NumSolNoTerminadas', 'No. Solicitudes no terminadas', '');
INSERT INTO IUAttribute (idIU, idIUAttribute, IUAttributeName, IUAttributeAlias, IUAttributeDescription) VALUES ('Clas_1624269783040652UIPobCl_Auto', 'Clas_1624269783040652CjtoVis_AutoICtjoVis_16', 'drvEsAsesorIntegral', 'Es Asesor Integral', '');
INSERT INTO IUAttribute (idIU, idIUAttribute, IUAttributeName, IUAttributeAlias, IUAttributeDescription) VALUES ('Clas_1624269783040652UIPobCl_Auto', 'Clas_1624269783040652CjtoVis_AutoICtjoVis_17', 'drvEsAfiliacion', 'Es Afiliacion', '');
INSERT INTO IUAction (idIU, idIUAction, IUActionName, IUActionAlias, IUActionDescription) VALUES ('Clas_1624269783040652UIPobCl_Auto', 'Clas_1624269783040652AccOfer_AutoElemAcc_1', '_Auto_', 'Mesa de apoyo', '');

-- IIU: MesaDeApoyo._Auto_
INSERT INTO IU (idIU, IUName, IUAlias, IUDescription, IUType) VALUES ('Clas_1624269783040652UIInst_1', '_Auto_', 'Mesa de apoyo', '', 'I');
INSERT INTO IUAction (idIU, idIUAction, IUActionName, IUActionAlias, IUActionDescription) VALUES ('Clas_1624269783040652UIInst_1', 'Clas_1624269783040652AccOfer_AutoElemAcc_1', '_Auto_', 'Mesa de apoyo', '');

-- SIU: MesaDeApoyo.SIUchangePassword
INSERT INTO IU (idIU, IUName, IUAlias, IUDescription, IUType) VALUES ('Clas_1431626842112800Ser_4UIServ_1Clas_1624269783040652Ser_4UIServ_1B', 'SIUchangePassword', 'Establecer contraseña', '', 'S');

---------------------------------------------
-- CLASS ParamConfig
---------------------------------------------
-- PIU: ParamConfig.PIUParamConfig
INSERT INTO IU (idIU, IUName, IUAlias, IUDescription, IUType) VALUES ('Clas_1431630118912680UIPobCl_1', 'PIUParamConfig', 'Parámetros Conf.', '', 'P');
INSERT INTO IUAttribute (idIU, idIUAttribute, IUAttributeName, IUAttributeAlias, IUAttributeDescription) VALUES ('Clas_1431630118912680UIPobCl_1', 'Clas_1431630118912680CjtoVis_2ICtjoVis_1', 'Codigo', 'Código', '');
INSERT INTO IUAttribute (idIU, idIUAttribute, IUAttributeName, IUAttributeAlias, IUAttributeDescription) VALUES ('Clas_1431630118912680UIPobCl_1', 'Clas_1431630118912680CjtoVis_2ICtjoVis_2', 'Valor', 'Valor', '');
INSERT INTO IUAttribute (idIU, idIUAttribute, IUAttributeName, IUAttributeAlias, IUAttributeDescription) VALUES ('Clas_1431630118912680UIPobCl_1', 'Clas_1431630118912680CjtoVis_2ICtjoVis_3', 'Descripcion', 'Descripción', '');
INSERT INTO IUAction (idIU, idIUAction, IUActionName, IUActionAlias, IUActionDescription) VALUES ('Clas_1431630118912680UIPobCl_1', 'Clas_1431630118912680AccOfer_1ElemAcc_1', 'SIUcrear', 'Crear', '');
INSERT INTO IUAction (idIU, idIUAction, IUActionName, IUActionAlias, IUActionDescription) VALUES ('Clas_1431630118912680UIPobCl_1', 'Clas_1431630118912680AccOfer_1ElemAcc_2', 'SIUTMODIFICAR', 'Modificar', '');
INSERT INTO IUAction (idIU, idIUAction, IUActionName, IUActionAlias, IUActionDescription) VALUES ('Clas_1431630118912680UIPobCl_1', 'Clas_1431630118912680AccOfer_1ElemAcc_4', 'MDIUParamConfig', 'Log cambios', '');
INSERT INTO IUAction (idIU, idIUAction, IUActionName, IUActionAlias, IUActionDescription) VALUES ('Clas_1431630118912680UIPobCl_1', 'Clas_1431630118912680AccOfer_1ElemAcc_3', 'SIUeliminar', 'Eliminar', '');

-- PIU: ParamConfig._Auto_
INSERT INTO IU (idIU, IUName, IUAlias, IUDescription, IUType) VALUES ('Clas_1431630118912680UIPobCl_Auto', '_Auto_', 'Parámetro Conf.', '', 'P');
INSERT INTO IUAttribute (idIU, idIUAttribute, IUAttributeName, IUAttributeAlias, IUAttributeDescription) VALUES ('Clas_1431630118912680UIPobCl_Auto', 'Clas_1431630118912680CjtoVis_AutoICtjoVis_1', 'Codigo', 'Código', '');
INSERT INTO IUAttribute (idIU, idIUAttribute, IUAttributeName, IUAttributeAlias, IUAttributeDescription) VALUES ('Clas_1431630118912680UIPobCl_Auto', 'Clas_1431630118912680CjtoVis_AutoICtjoVis_2', 'Descripcion', 'Descripción', '');
INSERT INTO IUAttribute (idIU, idIUAttribute, IUAttributeName, IUAttributeAlias, IUAttributeDescription) VALUES ('Clas_1431630118912680UIPobCl_Auto', 'Clas_1431630118912680CjtoVis_AutoICtjoVis_3', 'Valor', 'Valor', '');
INSERT INTO IUAttribute (idIU, idIUAttribute, IUAttributeName, IUAttributeAlias, IUAttributeDescription) VALUES ('Clas_1431630118912680UIPobCl_Auto', 'Clas_1431630118912680CjtoVis_AutoICtjoVis_4', 'EsNumerico', 'Es numérico', '');
INSERT INTO IUAction (idIU, idIUAction, IUActionName, IUActionAlias, IUActionDescription) VALUES ('Clas_1431630118912680UIPobCl_Auto', 'Clas_1431630118912680AccOfer_AutoElemAcc_1', 'SIUcrear', 'Crear', '');
INSERT INTO IUAction (idIU, idIUAction, IUActionName, IUActionAlias, IUActionDescription) VALUES ('Clas_1431630118912680UIPobCl_Auto', 'Clas_1431630118912680AccOfer_AutoElemAcc_2', 'SIUeliminar', 'Eliminar', '');
INSERT INTO IUAction (idIU, idIUAction, IUActionName, IUActionAlias, IUActionDescription) VALUES ('Clas_1431630118912680UIPobCl_Auto', 'Clas_1431630118912680AccOfer_AutoElemAcc_3', 'SIUTMODIFICAR', 'Modificar parámetro de configuración', '');
INSERT INTO IUAction (idIU, idIUAction, IUActionName, IUActionAlias, IUActionDescription) VALUES ('Clas_1431630118912680UIPobCl_Auto', 'Clas_1431630118912680AccOfer_AutoElemAcc_4', 'IIUParamConfigMaestro', 'Parámetro', '');
INSERT INTO IUAction (idIU, idIUAction, IUActionName, IUActionAlias, IUActionDescription) VALUES ('Clas_1431630118912680UIPobCl_Auto', 'Clas_1431630118912680AccOfer_AutoElemAcc_5', 'MDIUParamConfig', 'Log cambios', '');
INSERT INTO IUNavigation (idIU, idIUNavigation, IUNavigationName, IUNavigationAlias, IUNavigationDescription) VALUES ('Clas_1431630118912680UIPobCl_Auto', 'Clas_1431630118912680NavOfer_AutoElemNav_1', 'PIULogParam', 'Log Parámetros Conf.', '');

-- IIU: ParamConfig.IIUParamConfigMaestro
INSERT INTO IU (idIU, IUName, IUAlias, IUDescription, IUType) VALUES ('Clas_1431630118912680UIInst_1', 'IIUParamConfigMaestro', 'Parámetro', '', 'I');
INSERT INTO IUAction (idIU, idIUAction, IUActionName, IUActionAlias, IUActionDescription) VALUES ('Clas_1431630118912680UIInst_1', 'Clas_1431630118912680AccOfer_2ElemAcc_1', 'SIUTMODIFICAR', 'Modificar', '');

-- IIU: ParamConfig._Auto_
INSERT INTO IU (idIU, IUName, IUAlias, IUDescription, IUType) VALUES ('Clas_1431630118912680UIInst_3', '_Auto_', 'Parámetro Conf.', '', 'I');
INSERT INTO IUAction (idIU, idIUAction, IUActionName, IUActionAlias, IUActionDescription) VALUES ('Clas_1431630118912680UIInst_3', 'Clas_1431630118912680AccOfer_AutoElemAcc_1', 'SIUcrear', 'Crear', '');
INSERT INTO IUAction (idIU, idIUAction, IUActionName, IUActionAlias, IUActionDescription) VALUES ('Clas_1431630118912680UIInst_3', 'Clas_1431630118912680AccOfer_AutoElemAcc_2', 'SIUeliminar', 'Eliminar', '');
INSERT INTO IUAction (idIU, idIUAction, IUActionName, IUActionAlias, IUActionDescription) VALUES ('Clas_1431630118912680UIInst_3', 'Clas_1431630118912680AccOfer_AutoElemAcc_3', 'SIUTMODIFICAR', 'Modificar parámetro de configuración', '');
INSERT INTO IUAction (idIU, idIUAction, IUActionName, IUActionAlias, IUActionDescription) VALUES ('Clas_1431630118912680UIInst_3', 'Clas_1431630118912680AccOfer_AutoElemAcc_4', 'IIUParamConfigMaestro', 'Parámetro', '');
INSERT INTO IUAction (idIU, idIUAction, IUActionName, IUActionAlias, IUActionDescription) VALUES ('Clas_1431630118912680UIInst_3', 'Clas_1431630118912680AccOfer_AutoElemAcc_5', 'MDIUParamConfig', 'Log cambios', '');
INSERT INTO IUNavigation (idIU, idIUNavigation, IUNavigationName, IUNavigationAlias, IUNavigationDescription) VALUES ('Clas_1431630118912680UIInst_3', 'Clas_1431630118912680NavOfer_AutoElemNav_1', 'PIULogParam', 'Log Parámetros Conf.', '');

-- MDIU: ParamConfig.MDIUParamConfig
INSERT INTO IU (idIU, IUName, IUAlias, IUDescription, IUType) VALUES ('Clas_1431630118912680UIMaDet_1', 'MDIUParamConfig', 'Log cambios', '', 'M');
INSERT INTO IUDetail (idIU, idIUDetail, IUDetailName, IUDetailAlias, IUDetailDescription) VALUES ('Clas_1431630118912680UIMaDet_1', 'Clas_1431630118912680UIMaDet_1Det_1', 'PIULogParam', 'Logs', '');
-- SIU: ParamConfig.SIUcrear
INSERT INTO IU (idIU, IUName, IUAlias, IUDescription, IUType) VALUES ('Clas_1431630118912680Ser_1UIServ_2', 'SIUcrear', 'Crear', '', 'S');
-- SIU: ParamConfig.SIUeliminar
INSERT INTO IU (idIU, IUName, IUAlias, IUDescription, IUType) VALUES ('Clas_1431630118912680Ser_2UIServ_1', 'SIUeliminar', 'Eliminar', '', 'S');
-- SIU: ParamConfig.SIUTMODIFICAR
INSERT INTO IU (idIU, IUName, IUAlias, IUDescription, IUType) VALUES ('Clas_1431630118912680Ser_4UIServ_1', 'SIUTMODIFICAR', 'Modificar parámetro de configuración', '', 'S');

---------------------------------------------
-- CLASS LogParam
---------------------------------------------
-- PIU: LogParam.PIULogParam
INSERT INTO IU (idIU, IUName, IUAlias, IUDescription, IUType) VALUES ('Clas_1431631298560437UIPobCl_1', 'PIULogParam', 'Log Parámetros Conf.', '', 'P');
INSERT INTO IUAttribute (idIU, idIUAttribute, IUAttributeName, IUAttributeAlias, IUAttributeDescription) VALUES ('Clas_1431631298560437UIPobCl_1', 'Clas_1431631298560437CjtoVis_1ICtjoVis_1', 'Fecha', 'Fecha', '');
INSERT INTO IUAttribute (idIU, idIUAttribute, IUAttributeName, IUAttributeAlias, IUAttributeDescription) VALUES ('Clas_1431631298560437UIPobCl_1', 'Clas_1431631298560437CjtoVis_1ICtjoVis_2', 'Usuario', 'Usuario', '');
INSERT INTO IUAttribute (idIU, idIUAttribute, IUAttributeName, IUAttributeAlias, IUAttributeDescription) VALUES ('Clas_1431631298560437UIPobCl_1', 'Clas_1431631298560437CjtoVis_1ICtjoVis_3', 'ValorAnterior', 'Valor anterior', '');
INSERT INTO IUAttribute (idIU, idIUAttribute, IUAttributeName, IUAttributeAlias, IUAttributeDescription) VALUES ('Clas_1431631298560437UIPobCl_1', 'Clas_1431631298560437CjtoVis_1ICtjoVis_4', 'NuevoValor', 'Nuevo valor', '');

-- PIU: LogParam._Auto_
INSERT INTO IU (idIU, IUName, IUAlias, IUDescription, IUType) VALUES ('Clas_1431631298560437UIPobCl_Auto', '_Auto_', 'Log Parámetros Conf.', '', 'P');
INSERT INTO IUAttribute (idIU, idIUAttribute, IUAttributeName, IUAttributeAlias, IUAttributeDescription) VALUES ('Clas_1431631298560437UIPobCl_Auto', 'Clas_1431631298560437CjtoVis_AutoICtjoVis_1', 'Codigo', 'Código', '');
INSERT INTO IUAttribute (idIU, idIUAttribute, IUAttributeName, IUAttributeAlias, IUAttributeDescription) VALUES ('Clas_1431631298560437UIPobCl_Auto', 'Clas_1431631298560437CjtoVis_AutoICtjoVis_2', 'Fecha', 'Fecha', '');
INSERT INTO IUAttribute (idIU, idIUAttribute, IUAttributeName, IUAttributeAlias, IUAttributeDescription) VALUES ('Clas_1431631298560437UIPobCl_Auto', 'Clas_1431631298560437CjtoVis_AutoICtjoVis_3', 'Usuario', 'Usuario', '');
INSERT INTO IUAttribute (idIU, idIUAttribute, IUAttributeName, IUAttributeAlias, IUAttributeDescription) VALUES ('Clas_1431631298560437UIPobCl_Auto', 'Clas_1431631298560437CjtoVis_AutoICtjoVis_4', 'ValorAnterior', 'Valor anterior', '');
INSERT INTO IUAttribute (idIU, idIUAttribute, IUAttributeName, IUAttributeAlias, IUAttributeDescription) VALUES ('Clas_1431631298560437UIPobCl_Auto', 'Clas_1431631298560437CjtoVis_AutoICtjoVis_5', 'NuevoValor', 'Nuevo valor', '');
INSERT INTO IUAttribute (idIU, idIUAttribute, IUAttributeName, IUAttributeAlias, IUAttributeDescription) VALUES ('Clas_1431631298560437UIPobCl_Auto', 'Clas_1431631298560437CjtoVis_AutoICtjoVis_6', 'NombreUsuario', 'Nombre usuario', '');
INSERT INTO IUAction (idIU, idIUAction, IUActionName, IUActionAlias, IUActionDescription) VALUES ('Clas_1431631298560437UIPobCl_Auto', 'Clas_1431631298560437AccOfer_AutoElemAcc_1', '_Auto_', 'Log Parámetros Conf.', '');
INSERT INTO IUNavigation (idIU, idIUNavigation, IUNavigationName, IUNavigationAlias, IUNavigationDescription) VALUES ('Clas_1431631298560437UIPobCl_Auto', 'Clas_1431631298560437NavOfer_AutoElemNav_1', 'IIUParamConfigMaestro', 'Parámetro', '');

-- IIU: LogParam._Auto_
INSERT INTO IU (idIU, IUName, IUAlias, IUDescription, IUType) VALUES ('Clas_1431631298560437UIInst_1', '_Auto_', 'Log Parámetros Conf.', '', 'I');
INSERT INTO IUAction (idIU, idIUAction, IUActionName, IUActionAlias, IUActionDescription) VALUES ('Clas_1431631298560437UIInst_1', 'Clas_1431631298560437AccOfer_AutoElemAcc_1', '_Auto_', 'Log Parámetros Conf.', '');
INSERT INTO IUNavigation (idIU, idIUNavigation, IUNavigationName, IUNavigationAlias, IUNavigationDescription) VALUES ('Clas_1431631298560437UIInst_1', 'Clas_1431631298560437NavOfer_AutoElemNav_1', 'IIUParamConfigMaestro', 'Parámetro', '');


---------------------------------------------
-- CLASS FrecuenciaAct
---------------------------------------------
-- PIU: FrecuenciaAct.PIUFrecuenciaAct
INSERT INTO IU (idIU, IUName, IUAlias, IUDescription, IUType) VALUES ('Clas_1431632084992014UIPobCl_1', 'PIUFrecuenciaAct', 'Frecuencias actualización', '', 'P');
INSERT INTO IUAttribute (idIU, idIUAttribute, IUAttributeName, IUAttributeAlias, IUAttributeDescription) VALUES ('Clas_1431632084992014UIPobCl_1', 'Clas_1431632084992014CjtoVis_2ICtjoVis_1', 'Parametrica', 'Paramétrica', '');
INSERT INTO IUAttribute (idIU, idIUAttribute, IUAttributeName, IUAttributeAlias, IUAttributeDescription) VALUES ('Clas_1431632084992014UIPobCl_1', 'Clas_1431632084992014CjtoVis_2ICtjoVis_2', 'Frecuencia', 'Frecuencia', '');
INSERT INTO IUAttribute (idIU, idIUAttribute, IUAttributeName, IUAttributeAlias, IUAttributeDescription) VALUES ('Clas_1431632084992014UIPobCl_1', 'Clas_1431632084992014CjtoVis_2ICtjoVis_3', 'FechaUltimaSinc', 'Fecha última sinc.', '');
INSERT INTO IUAttribute (idIU, idIUAttribute, IUAttributeName, IUAttributeAlias, IUAttributeDescription) VALUES ('Clas_1431632084992014UIPobCl_1', 'Clas_1431632084992014CjtoVis_2ICtjoVis_4', 'Usuario', 'Usuario', '');
INSERT INTO IUAttribute (idIU, idIUAttribute, IUAttributeName, IUAttributeAlias, IUAttributeDescription) VALUES ('Clas_1431632084992014UIPobCl_1', 'Clas_1431632084992014CjtoVis_2ICtjoVis_5', 'NombreUsuario', 'Nombre', '');
INSERT INTO IUAttribute (idIU, idIUAttribute, IUAttributeName, IUAttributeAlias, IUAttributeDescription) VALUES ('Clas_1431632084992014UIPobCl_1', 'Clas_1431632084992014CjtoVis_2ICtjoVis_6', 'ResultadoSinc', 'Resultado sinc.', '');
INSERT INTO IUAction (idIU, idIUAction, IUActionName, IUActionAlias, IUActionDescription) VALUES ('Clas_1431632084992014UIPobCl_1', 'Clas_1431632084992014AccOfer_1ElemAcc_1', 'SIUcrear', 'Crear', '');
INSERT INTO IUAction (idIU, idIUAction, IUActionName, IUActionAlias, IUActionDescription) VALUES ('Clas_1431632084992014UIPobCl_1', 'Clas_1431632084992014AccOfer_1ElemAcc_2', 'SIUmodificar', 'Modificar', '');
INSERT INTO IUAction (idIU, idIUAction, IUActionName, IUActionAlias, IUActionDescription) VALUES ('Clas_1431632084992014UIPobCl_1', 'Clas_1431632084992014AccOfer_1ElemAcc_3', 'SIUeliminar', 'Eliminar', '');

-- PIU: FrecuenciaAct._Auto_
INSERT INTO IU (idIU, IUName, IUAlias, IUDescription, IUType) VALUES ('Clas_1431632084992014UIPobCl_Auto', '_Auto_', 'Frecuencias act.', '', 'P');
INSERT INTO IUAttribute (idIU, idIUAttribute, IUAttributeName, IUAttributeAlias, IUAttributeDescription) VALUES ('Clas_1431632084992014UIPobCl_Auto', 'Clas_1431632084992014CjtoVis_AutoICtjoVis_1', 'Codigo', 'Código', '');
INSERT INTO IUAttribute (idIU, idIUAttribute, IUAttributeName, IUAttributeAlias, IUAttributeDescription) VALUES ('Clas_1431632084992014UIPobCl_Auto', 'Clas_1431632084992014CjtoVis_AutoICtjoVis_2', 'Parametrica', 'Paramétrica', '');
INSERT INTO IUAttribute (idIU, idIUAttribute, IUAttributeName, IUAttributeAlias, IUAttributeDescription) VALUES ('Clas_1431632084992014UIPobCl_Auto', 'Clas_1431632084992014CjtoVis_AutoICtjoVis_3', 'Frecuencia', 'Frecuencia', '');
INSERT INTO IUAttribute (idIU, idIUAttribute, IUAttributeName, IUAttributeAlias, IUAttributeDescription) VALUES ('Clas_1431632084992014UIPobCl_Auto', 'Clas_1431632084992014CjtoVis_AutoICtjoVis_4', 'FechaUltimaSinc', 'Fecha última sinc.', '');
INSERT INTO IUAttribute (idIU, idIUAttribute, IUAttributeName, IUAttributeAlias, IUAttributeDescription) VALUES ('Clas_1431632084992014UIPobCl_Auto', 'Clas_1431632084992014CjtoVis_AutoICtjoVis_5', 'ResultadoSinc', 'Resultado sinc.', '');
INSERT INTO IUAttribute (idIU, idIUAttribute, IUAttributeName, IUAttributeAlias, IUAttributeDescription) VALUES ('Clas_1431632084992014UIPobCl_Auto', 'Clas_1431632084992014CjtoVis_AutoICtjoVis_6', 'Usuario', 'Usuario', '');
INSERT INTO IUAttribute (idIU, idIUAttribute, IUAttributeName, IUAttributeAlias, IUAttributeDescription) VALUES ('Clas_1431632084992014UIPobCl_Auto', 'Clas_1431632084992014CjtoVis_AutoICtjoVis_7', 'NombreUsuario', 'Nombre', '');
INSERT INTO IUAttribute (idIU, idIUAttribute, IUAttributeName, IUAttributeAlias, IUAttributeDescription) VALUES ('Clas_1431632084992014UIPobCl_Auto', 'Clas_1431632084992014CjtoVis_AutoICtjoVis_8', 'drvNombreParametrica', 'Paramétrica', '');
INSERT INTO IUAction (idIU, idIUAction, IUActionName, IUActionAlias, IUActionDescription) VALUES ('Clas_1431632084992014UIPobCl_Auto', 'Clas_1431632084992014AccOfer_AutoElemAcc_1', 'SIUcrear', 'Crear', '');
INSERT INTO IUAction (idIU, idIUAction, IUActionName, IUActionAlias, IUActionDescription) VALUES ('Clas_1431632084992014UIPobCl_Auto', 'Clas_1431632084992014AccOfer_AutoElemAcc_2', 'SIUeliminar', 'Eliminar', '');
INSERT INTO IUAction (idIU, idIUAction, IUActionName, IUActionAlias, IUActionDescription) VALUES ('Clas_1431632084992014UIPobCl_Auto', 'Clas_1431632084992014AccOfer_AutoElemAcc_3', 'SIUmodificar', 'Modificar frecuencia de actualización de paramétrica', '');
INSERT INTO IUAction (idIU, idIUAction, IUActionName, IUActionAlias, IUActionDescription) VALUES ('Clas_1431632084992014UIPobCl_Auto', 'Clas_1431632084992014AccOfer_AutoElemAcc_4', 'SIUfijarSincronizacion', 'fijarSincronizacion', '');
INSERT INTO IUAction (idIU, idIUAction, IUActionName, IUActionAlias, IUActionDescription) VALUES ('Clas_1431632084992014UIPobCl_Auto', 'Clas_1431632084992014AccOfer_AutoElemAcc_5', '_Auto_', 'Frecuencias act.', '');

-- IIU: FrecuenciaAct._Auto_
INSERT INTO IU (idIU, IUName, IUAlias, IUDescription, IUType) VALUES ('Clas_1431632084992014UIInst_1', '_Auto_', 'Frecuencias act.', '', 'I');
INSERT INTO IUAction (idIU, idIUAction, IUActionName, IUActionAlias, IUActionDescription) VALUES ('Clas_1431632084992014UIInst_1', 'Clas_1431632084992014AccOfer_AutoElemAcc_1', 'SIUcrear', 'Crear', '');
INSERT INTO IUAction (idIU, idIUAction, IUActionName, IUActionAlias, IUActionDescription) VALUES ('Clas_1431632084992014UIInst_1', 'Clas_1431632084992014AccOfer_AutoElemAcc_2', 'SIUeliminar', 'Eliminar', '');
INSERT INTO IUAction (idIU, idIUAction, IUActionName, IUActionAlias, IUActionDescription) VALUES ('Clas_1431632084992014UIInst_1', 'Clas_1431632084992014AccOfer_AutoElemAcc_3', 'SIUmodificar', 'Modificar frecuencia de actualización de paramétrica', '');
INSERT INTO IUAction (idIU, idIUAction, IUActionName, IUActionAlias, IUActionDescription) VALUES ('Clas_1431632084992014UIInst_1', 'Clas_1431632084992014AccOfer_AutoElemAcc_4', 'SIUfijarSincronizacion', 'fijarSincronizacion', '');
INSERT INTO IUAction (idIU, idIUAction, IUActionName, IUActionAlias, IUActionDescription) VALUES ('Clas_1431632084992014UIInst_1', 'Clas_1431632084992014AccOfer_AutoElemAcc_5', '_Auto_', 'Frecuencias act.', '');

-- SIU: FrecuenciaAct.SIUcrear
INSERT INTO IU (idIU, IUName, IUAlias, IUDescription, IUType) VALUES ('Clas_1431632084992014Ser_1UIServ_1', 'SIUcrear', 'Crear', '', 'S');
-- SIU: FrecuenciaAct.SIUeliminar
INSERT INTO IU (idIU, IUName, IUAlias, IUDescription, IUType) VALUES ('Clas_1431632084992014Ser_2UIServ_1', 'SIUeliminar', 'Eliminar', '', 'S');
-- SIU: FrecuenciaAct.SIUmodificar
INSERT INTO IU (idIU, IUName, IUAlias, IUDescription, IUType) VALUES ('Clas_1431632084992014Ser_3UIServ_1', 'SIUmodificar', 'Modificar frecuencia de actualización de paramétrica', '', 'S');
-- SIU: FrecuenciaAct.SIUfijarSincronizacion
INSERT INTO IU (idIU, IUName, IUAlias, IUDescription, IUType) VALUES ('Clas_1431632084992014Ser_4UIServ_1', 'SIUfijarSincronizacion', 'fijarSincronizacion', '', 'S');

---------------------------------------------
-- CLASS CuestionarioMed
---------------------------------------------
-- PIU: CuestionarioMed.PIUCuestionarioMed
INSERT INTO IU (idIU, IUName, IUAlias, IUDescription, IUType) VALUES ('Clas_1431633526784077UIPobCl_1', 'PIUCuestionarioMed', 'Cuestionarios médicos', '', 'P');
INSERT INTO IUAttribute (idIU, idIUAttribute, IUAttributeName, IUAttributeAlias, IUAttributeDescription) VALUES ('Clas_1431633526784077UIPobCl_1', 'Clas_1431633526784077CjtoVis_2ICtjoVis_1', 'Numero', 'Número', '');
INSERT INTO IUAttribute (idIU, idIUAttribute, IUAttributeName, IUAttributeAlias, IUAttributeDescription) VALUES ('Clas_1431633526784077UIPobCl_1', 'Clas_1431633526784077CjtoVis_2ICtjoVis_2', 'Nombre', 'Nombre', '');
INSERT INTO IUAction (idIU, idIUAction, IUActionName, IUActionAlias, IUActionDescription) VALUES ('Clas_1431633526784077UIPobCl_1', 'Clas_1431633526784077AccOfer_1ElemAcc_1', 'SIUcrear', 'Crear', '');
INSERT INTO IUAction (idIU, idIUAction, IUActionName, IUActionAlias, IUActionDescription) VALUES ('Clas_1431633526784077UIPobCl_1', 'Clas_1431633526784077AccOfer_1ElemAcc_2', 'SIUeliminar', 'Eliminar', '');
INSERT INTO IUAction (idIU, idIUAction, IUActionName, IUActionAlias, IUActionDescription) VALUES ('Clas_1431633526784077UIPobCl_1', 'Clas_1431633526784077AccOfer_1ElemAcc_3', 'MDIUCuestionarioMed', 'Configuración', '');

-- PIU: CuestionarioMed._Auto_
INSERT INTO IU (idIU, IUName, IUAlias, IUDescription, IUType) VALUES ('Clas_1431633526784077UIPobCl_Auto', '_Auto_', 'Cuestionario médico', '', 'P');
INSERT INTO IUAttribute (idIU, idIUAttribute, IUAttributeName, IUAttributeAlias, IUAttributeDescription) VALUES ('Clas_1431633526784077UIPobCl_Auto', 'Clas_1431633526784077CjtoVis_AutoICtjoVis_1', 'Numero', 'Número', '');
INSERT INTO IUAttribute (idIU, idIUAttribute, IUAttributeName, IUAttributeAlias, IUAttributeDescription) VALUES ('Clas_1431633526784077UIPobCl_Auto', 'Clas_1431633526784077CjtoVis_AutoICtjoVis_2', 'Nombre', 'Nombre', '');
INSERT INTO IUAction (idIU, idIUAction, IUActionName, IUActionAlias, IUActionDescription) VALUES ('Clas_1431633526784077UIPobCl_Auto', 'Clas_1431633526784077AccOfer_AutoElemAcc_1', 'SIUcrear', 'Crear', '');
INSERT INTO IUAction (idIU, idIUAction, IUActionName, IUActionAlias, IUActionDescription) VALUES ('Clas_1431633526784077UIPobCl_Auto', 'Clas_1431633526784077AccOfer_AutoElemAcc_2', 'SIUeliminar', 'Eliminar', '');
INSERT INTO IUAction (idIU, idIUAction, IUActionName, IUActionAlias, IUActionDescription) VALUES ('Clas_1431633526784077UIPobCl_Auto', 'Clas_1431633526784077AccOfer_AutoElemAcc_3', 'IIUCuestionarioMed', 'Cuestionario médico', '');
INSERT INTO IUAction (idIU, idIUAction, IUActionName, IUActionAlias, IUActionDescription) VALUES ('Clas_1431633526784077UIPobCl_Auto', 'Clas_1431633526784077AccOfer_AutoElemAcc_4', 'MDIUCuestionarioMed', 'Configuración', '');
INSERT INTO IUNavigation (idIU, idIUNavigation, IUNavigationName, IUNavigationAlias, IUNavigationDescription) VALUES ('Clas_1431633526784077UIPobCl_Auto', 'Clas_1431633526784077NavOfer_AutoElemNav_1', 'PIUSeccion', 'Secciones', '');

-- IIU: CuestionarioMed.IIUCuestionarioMed
INSERT INTO IU (idIU, IUName, IUAlias, IUDescription, IUType) VALUES ('Clas_1431633526784077UIInst_1', 'IIUCuestionarioMed', 'Cuestionario médico', '', 'I');

-- IIU: CuestionarioMed._Auto_
INSERT INTO IU (idIU, IUName, IUAlias, IUDescription, IUType) VALUES ('Clas_1431633526784077UIInst_3', '_Auto_', 'Cuestionario médico', '', 'I');
INSERT INTO IUAction (idIU, idIUAction, IUActionName, IUActionAlias, IUActionDescription) VALUES ('Clas_1431633526784077UIInst_3', 'Clas_1431633526784077AccOfer_AutoElemAcc_1', 'SIUcrear', 'Crear', '');
INSERT INTO IUAction (idIU, idIUAction, IUActionName, IUActionAlias, IUActionDescription) VALUES ('Clas_1431633526784077UIInst_3', 'Clas_1431633526784077AccOfer_AutoElemAcc_2', 'SIUeliminar', 'Eliminar', '');
INSERT INTO IUAction (idIU, idIUAction, IUActionName, IUActionAlias, IUActionDescription) VALUES ('Clas_1431633526784077UIInst_3', 'Clas_1431633526784077AccOfer_AutoElemAcc_3', 'IIUCuestionarioMed', 'Cuestionario médico', '');
INSERT INTO IUAction (idIU, idIUAction, IUActionName, IUActionAlias, IUActionDescription) VALUES ('Clas_1431633526784077UIInst_3', 'Clas_1431633526784077AccOfer_AutoElemAcc_4', 'MDIUCuestionarioMed', 'Configuración', '');
INSERT INTO IUNavigation (idIU, idIUNavigation, IUNavigationName, IUNavigationAlias, IUNavigationDescription) VALUES ('Clas_1431633526784077UIInst_3', 'Clas_1431633526784077NavOfer_AutoElemNav_1', 'PIUSeccion', 'Secciones', '');

-- MDIU: CuestionarioMed.MDIUCuestionarioMed
INSERT INTO IU (idIU, IUName, IUAlias, IUDescription, IUType) VALUES ('Clas_1431633526784077UIMaDet_1', 'MDIUCuestionarioMed', 'Configuración', '', 'M');
INSERT INTO IUDetail (idIU, idIUDetail, IUDetailName, IUDetailAlias, IUDetailDescription) VALUES ('Clas_1431633526784077UIMaDet_1', 'Clas_1431633526784077UIMaDet_1Det_1', 'MDIUSeccion', 'Secciones', '');
-- SIU: CuestionarioMed.SIUcrear
INSERT INTO IU (idIU, IUName, IUAlias, IUDescription, IUType) VALUES ('Clas_1431633526784077Ser_1UIServ_1', 'SIUcrear', 'Crear', '', 'S');
-- SIU: CuestionarioMed.SIUeliminar
INSERT INTO IU (idIU, IUName, IUAlias, IUDescription, IUType) VALUES ('Clas_1431633526784077Ser_2UIServ_1', 'SIUeliminar', 'Eliminar', '', 'S');

---------------------------------------------
-- CLASS Seccion
---------------------------------------------
-- PIU: Seccion.PIUSeccion
INSERT INTO IU (idIU, IUName, IUAlias, IUDescription, IUType) VALUES ('Clas_1431633526784668UIPobCl_1', 'PIUSeccion', 'Secciones', '', 'P');
INSERT INTO IUAttribute (idIU, idIUAttribute, IUAttributeName, IUAttributeAlias, IUAttributeDescription) VALUES ('Clas_1431633526784668UIPobCl_1', 'Clas_1431633526784668CjtoVis_2ICtjoVis_1', 'NumOrden', 'Nº orden', '');
INSERT INTO IUAttribute (idIU, idIUAttribute, IUAttributeName, IUAttributeAlias, IUAttributeDescription) VALUES ('Clas_1431633526784668UIPobCl_1', 'Clas_1431633526784668CjtoVis_2ICtjoVis_2', 'Nombre', 'Nombre', '');
INSERT INTO IUAction (idIU, idIUAction, IUActionName, IUActionAlias, IUActionDescription) VALUES ('Clas_1431633526784668UIPobCl_1', 'Clas_1431633526784668AccOfer_1ElemAcc_1', 'SIUTCREAR', 'Crear', '');
INSERT INTO IUAction (idIU, idIUAction, IUActionName, IUActionAlias, IUActionDescription) VALUES ('Clas_1431633526784668UIPobCl_1', 'Clas_1431633526784668AccOfer_1ElemAcc_2', 'SIUTMODIFICAR', 'Modificar', '');
INSERT INTO IUAction (idIU, idIUAction, IUActionName, IUActionAlias, IUActionDescription) VALUES ('Clas_1431633526784668UIPobCl_1', 'Clas_1431633526784668AccOfer_1ElemAcc_3', 'SIUTELIMINAR', 'Eliminar', '');

-- PIU: Seccion._Auto_
INSERT INTO IU (idIU, IUName, IUAlias, IUDescription, IUType) VALUES ('Clas_1431633526784668UIPobCl_Auto', '_Auto_', 'Sección', '', 'P');
INSERT INTO IUAttribute (idIU, idIUAttribute, IUAttributeName, IUAttributeAlias, IUAttributeDescription) VALUES ('Clas_1431633526784668UIPobCl_Auto', 'Clas_1431633526784668CjtoVis_AutoICtjoVis_1', 'Identificador', 'Identificador', '');
INSERT INTO IUAttribute (idIU, idIUAttribute, IUAttributeName, IUAttributeAlias, IUAttributeDescription) VALUES ('Clas_1431633526784668UIPobCl_Auto', 'Clas_1431633526784668CjtoVis_AutoICtjoVis_2', 'Nombre', 'Nombre', '');
INSERT INTO IUAttribute (idIU, idIUAttribute, IUAttributeName, IUAttributeAlias, IUAttributeDescription) VALUES ('Clas_1431633526784668UIPobCl_Auto', 'Clas_1431633526784668CjtoVis_AutoICtjoVis_3', 'NumOrden', 'Nº orden', '');
INSERT INTO IUAction (idIU, idIUAction, IUActionName, IUActionAlias, IUActionDescription) VALUES ('Clas_1431633526784668UIPobCl_Auto', 'Clas_1431633526784668AccOfer_AutoElemAcc_1', 'SIUTCREAR', 'Crear sección', '');
INSERT INTO IUAction (idIU, idIUAction, IUActionName, IUActionAlias, IUActionDescription) VALUES ('Clas_1431633526784668UIPobCl_Auto', 'Clas_1431633526784668AccOfer_AutoElemAcc_2', 'SIUTMODIFICAR', 'Modificar sección', '');
INSERT INTO IUAction (idIU, idIUAction, IUActionName, IUActionAlias, IUActionDescription) VALUES ('Clas_1431633526784668UIPobCl_Auto', 'Clas_1431633526784668AccOfer_AutoElemAcc_3', 'SIUTELIMINAR', 'Eliminar sección', '');
INSERT INTO IUAction (idIU, idIUAction, IUActionName, IUActionAlias, IUActionDescription) VALUES ('Clas_1431633526784668UIPobCl_Auto', 'Clas_1431633526784668AccOfer_AutoElemAcc_4', '_Auto_', 'Sección', '');
INSERT INTO IUAction (idIU, idIUAction, IUActionName, IUActionAlias, IUActionDescription) VALUES ('Clas_1431633526784668UIPobCl_Auto', 'Clas_1431633526784668AccOfer_AutoElemAcc_5', 'MDIUSeccion', 'Secciones', '');
INSERT INTO IUNavigation (idIU, idIUNavigation, IUNavigationName, IUNavigationAlias, IUNavigationDescription) VALUES ('Clas_1431633526784668UIPobCl_Auto', 'Clas_1431633526784668NavOfer_AutoElemNav_1', 'PIUPregunta', 'Preguntas', '');
INSERT INTO IUNavigation (idIU, idIUNavigation, IUNavigationName, IUNavigationAlias, IUNavigationDescription) VALUES ('Clas_1431633526784668UIPobCl_Auto', 'Clas_1431633526784668NavOfer_AutoElemNav_2', 'IIUCuestionarioMed', 'Cuestionario médico', '');

-- IIU: Seccion._Auto_
INSERT INTO IU (idIU, IUName, IUAlias, IUDescription, IUType) VALUES ('Clas_1431633526784668UIInst_2', '_Auto_', 'Sección', '', 'I');
INSERT INTO IUAction (idIU, idIUAction, IUActionName, IUActionAlias, IUActionDescription) VALUES ('Clas_1431633526784668UIInst_2', 'Clas_1431633526784668AccOfer_AutoElemAcc_1', 'SIUTCREAR', 'Crear sección', '');
INSERT INTO IUAction (idIU, idIUAction, IUActionName, IUActionAlias, IUActionDescription) VALUES ('Clas_1431633526784668UIInst_2', 'Clas_1431633526784668AccOfer_AutoElemAcc_2', 'SIUTMODIFICAR', 'Modificar sección', '');
INSERT INTO IUAction (idIU, idIUAction, IUActionName, IUActionAlias, IUActionDescription) VALUES ('Clas_1431633526784668UIInst_2', 'Clas_1431633526784668AccOfer_AutoElemAcc_3', 'SIUTELIMINAR', 'Eliminar sección', '');
INSERT INTO IUAction (idIU, idIUAction, IUActionName, IUActionAlias, IUActionDescription) VALUES ('Clas_1431633526784668UIInst_2', 'Clas_1431633526784668AccOfer_AutoElemAcc_4', '_Auto_', 'Sección', '');
INSERT INTO IUAction (idIU, idIUAction, IUActionName, IUActionAlias, IUActionDescription) VALUES ('Clas_1431633526784668UIInst_2', 'Clas_1431633526784668AccOfer_AutoElemAcc_5', 'MDIUSeccion', 'Secciones', '');
INSERT INTO IUNavigation (idIU, idIUNavigation, IUNavigationName, IUNavigationAlias, IUNavigationDescription) VALUES ('Clas_1431633526784668UIInst_2', 'Clas_1431633526784668NavOfer_AutoElemNav_1', 'PIUPregunta', 'Preguntas', '');
INSERT INTO IUNavigation (idIU, idIUNavigation, IUNavigationName, IUNavigationAlias, IUNavigationDescription) VALUES ('Clas_1431633526784668UIInst_2', 'Clas_1431633526784668NavOfer_AutoElemNav_2', 'IIUCuestionarioMed', 'Cuestionario médico', '');

-- MDIU: Seccion.MDIUSeccion
INSERT INTO IU (idIU, IUName, IUAlias, IUDescription, IUType) VALUES ('Clas_1431633526784668UIMaDet_1', 'MDIUSeccion', 'Secciones', '', 'M');
INSERT INTO IUDetail (idIU, idIUDetail, IUDetailName, IUDetailAlias, IUDetailDescription) VALUES ('Clas_1431633526784668UIMaDet_1', 'Clas_1431633526784668UIMaDet_1Det_1', 'PIUPregunta', 'Preguntas', '');
-- SIU: Seccion.SIUTCREAR
INSERT INTO IU (idIU, IUName, IUAlias, IUDescription, IUType) VALUES ('Clas_1431633526784668Ser_4UIServ_1', 'SIUTCREAR', 'Crear sección', '', 'S');
-- SIU: Seccion.SIUTMODIFICAR
INSERT INTO IU (idIU, IUName, IUAlias, IUDescription, IUType) VALUES ('Clas_1431633526784668Ser_6UIServ_1', 'SIUTMODIFICAR', 'Modificar sección', '', 'S');
-- SIU: Seccion.SIUTELIMINAR
INSERT INTO IU (idIU, IUName, IUAlias, IUDescription, IUType) VALUES ('Clas_1431633526784668Ser_7UIServ_1', 'SIUTELIMINAR', 'Eliminar sección', '', 'S');

---------------------------------------------
-- CLASS Pregunta
---------------------------------------------
-- PIU: Pregunta.PIUPregunta
INSERT INTO IU (idIU, IUName, IUAlias, IUDescription, IUType) VALUES ('Clas_1431633788928040UIPobCl_1', 'PIUPregunta', 'Preguntas', '', 'P');
INSERT INTO IUAttribute (idIU, idIUAttribute, IUAttributeName, IUAttributeAlias, IUAttributeDescription) VALUES ('Clas_1431633788928040UIPobCl_1', 'Clas_1431633788928040CjtoVis_AutoICtjoVis_1', 'Numero', 'Número', '');
INSERT INTO IUAttribute (idIU, idIUAttribute, IUAttributeName, IUAttributeAlias, IUAttributeDescription) VALUES ('Clas_1431633788928040UIPobCl_1', 'Clas_1431633788928040CjtoVis_AutoICtjoVis_2', 'NumOrden', 'Nº orden', '');
INSERT INTO IUAttribute (idIU, idIUAttribute, IUAttributeName, IUAttributeAlias, IUAttributeDescription) VALUES ('Clas_1431633788928040UIPobCl_1', 'Clas_1431633788928040CjtoVis_AutoICtjoVis_3', 'Descripcion', 'Descripción', '');
INSERT INTO IUAttribute (idIU, idIUAttribute, IUAttributeName, IUAttributeAlias, IUAttributeDescription) VALUES ('Clas_1431633788928040UIPobCl_1', 'Clas_1431633788928040CjtoVis_AutoICtjoVis_4', 'ValorSNObliga', 'Si/No Obligatorio', '');
INSERT INTO IUAttribute (idIU, idIUAttribute, IUAttributeName, IUAttributeAlias, IUAttributeDescription) VALUES ('Clas_1431633788928040UIPobCl_1', 'Clas_1431633788928040CjtoVis_AutoICtjoVis_5', 'ObsOblig', 'Obs. Obligatoria', '');
INSERT INTO IUAttribute (idIU, idIUAttribute, IUAttributeName, IUAttributeAlias, IUAttributeDescription) VALUES ('Clas_1431633788928040UIPobCl_1', 'Clas_1431633788928040CjtoVis_AutoICtjoVis_6', 'EsNumero', 'Es número', '');
INSERT INTO IUAttribute (idIU, idIUAttribute, IUAttributeName, IUAttributeAlias, IUAttributeDescription) VALUES ('Clas_1431633788928040UIPobCl_1', 'Clas_1431633788928040CjtoVis_AutoICtjoVis_7', 'ValorMax', 'Valor máximo', '');
INSERT INTO IUAttribute (idIU, idIUAttribute, IUAttributeName, IUAttributeAlias, IUAttributeDescription) VALUES ('Clas_1431633788928040UIPobCl_1', 'Clas_1431633788928040CjtoVis_AutoICtjoVis_8', 'ValorMin', 'Valor mínimo', '');
INSERT INTO IUAttribute (idIU, idIUAttribute, IUAttributeName, IUAttributeAlias, IUAttributeDescription) VALUES ('Clas_1431633788928040UIPobCl_1', 'Clas_1431633788928040CjtoVis_AutoICtjoVis_9', 'SoloHombres', 'Solo hombres', '');
INSERT INTO IUAttribute (idIU, idIUAttribute, IUAttributeName, IUAttributeAlias, IUAttributeDescription) VALUES ('Clas_1431633788928040UIPobCl_1', 'Clas_1431633788928040CjtoVis_AutoICtjoVis_10', 'SoloMujeres', 'Solo mujeres', '');
INSERT INTO IUAttribute (idIU, idIUAttribute, IUAttributeName, IUAttributeAlias, IUAttributeDescription) VALUES ('Clas_1431633788928040UIPobCl_1', 'Clas_1431633788928040CjtoVis_AutoICtjoVis_11', 'RespMultiple', 'Resp. múltiple', '');
INSERT INTO IUAttribute (idIU, idIUAttribute, IUAttributeName, IUAttributeAlias, IUAttributeDescription) VALUES ('Clas_1431633788928040UIPobCl_1', 'Clas_1431633788928040CjtoVis_AutoICtjoVis_12', 'drvValoresPosibles', 'Valores posibles', '');
INSERT INTO IUAttribute (idIU, idIUAttribute, IUAttributeName, IUAttributeAlias, IUAttributeDescription) VALUES ('Clas_1431633788928040UIPobCl_1', 'Clas_1431633788928040CjtoVis_AutoICtjoVis_13', 'SeEnviaAlCORE', 'Se envía al CORE', '');
INSERT INTO IUAttribute (idIU, idIUAttribute, IUAttributeName, IUAttributeAlias, IUAttributeDescription) VALUES ('Clas_1431633788928040UIPobCl_1', 'Clas_1431633788928040CjtoVis_AutoICtjoVis_14', 'CondicionEdad', 'Condicionada por edad', '');
INSERT INTO IUAttribute (idIU, idIUAttribute, IUAttributeName, IUAttributeAlias, IUAttributeDescription) VALUES ('Clas_1431633788928040UIPobCl_1', 'Clas_1431633788928040CjtoVis_AutoICtjoVis_15', 'CondicionEdadAnyos', 'Condicionada por edad', '');
INSERT INTO IUAction (idIU, idIUAction, IUActionName, IUActionAlias, IUActionDescription) VALUES ('Clas_1431633788928040UIPobCl_1', 'Clas_1431633788928040AccOfer_1ElemAcc_1', 'SIUTCREAR', 'Crear', '');
INSERT INTO IUAction (idIU, idIUAction, IUActionName, IUActionAlias, IUActionDescription) VALUES ('Clas_1431633788928040UIPobCl_1', 'Clas_1431633788928040AccOfer_1ElemAcc_2', 'SIUTMODIFICAR', 'Modificar', '');
INSERT INTO IUAction (idIU, idIUAction, IUActionName, IUActionAlias, IUActionDescription) VALUES ('Clas_1431633788928040UIPobCl_1', 'Clas_1431633788928040AccOfer_1ElemAcc_3', 'SIUInsValorPregunta', 'Añadir posible valor', '');
INSERT INTO IUAction (idIU, idIUAction, IUActionName, IUActionAlias, IUActionDescription) VALUES ('Clas_1431633788928040UIPobCl_1', 'Clas_1431633788928040AccOfer_1ElemAcc_4', 'SIUDelValorPregunta', 'Quitar posible valor', '');
INSERT INTO IUAction (idIU, idIUAction, IUActionName, IUActionAlias, IUActionDescription) VALUES ('Clas_1431633788928040UIPobCl_1', 'Clas_1431633788928040AccOfer_1ElemAcc_6', 'IIUPregunta', 'Ver detalle', '');
INSERT INTO IUAction (idIU, idIUAction, IUActionName, IUActionAlias, IUActionDescription) VALUES ('Clas_1431633788928040UIPobCl_1', 'Clas_1431633788928040AccOfer_1ElemAcc_5', 'SIUTELIMINAR', 'Eliminar', '');

-- PIU: Pregunta._Auto_
INSERT INTO IU (idIU, IUName, IUAlias, IUDescription, IUType) VALUES ('Clas_1431633788928040UIPobCl_Auto', '_Auto_', 'Pregunta', '', 'P');
INSERT INTO IUAttribute (idIU, idIUAttribute, IUAttributeName, IUAttributeAlias, IUAttributeDescription) VALUES ('Clas_1431633788928040UIPobCl_Auto', 'Clas_1431633788928040CjtoVis_AutoICtjoVis_1', 'Numero', 'Número', '');
INSERT INTO IUAttribute (idIU, idIUAttribute, IUAttributeName, IUAttributeAlias, IUAttributeDescription) VALUES ('Clas_1431633788928040UIPobCl_Auto', 'Clas_1431633788928040CjtoVis_AutoICtjoVis_2', 'NumOrden', 'Nº orden', '');
INSERT INTO IUAttribute (idIU, idIUAttribute, IUAttributeName, IUAttributeAlias, IUAttributeDescription) VALUES ('Clas_1431633788928040UIPobCl_Auto', 'Clas_1431633788928040CjtoVis_AutoICtjoVis_3', 'Descripcion', 'Descripción', '');
INSERT INTO IUAttribute (idIU, idIUAttribute, IUAttributeName, IUAttributeAlias, IUAttributeDescription) VALUES ('Clas_1431633788928040UIPobCl_Auto', 'Clas_1431633788928040CjtoVis_AutoICtjoVis_4', 'ValorSNObliga', 'Si/No Obligatorio', '');
INSERT INTO IUAttribute (idIU, idIUAttribute, IUAttributeName, IUAttributeAlias, IUAttributeDescription) VALUES ('Clas_1431633788928040UIPobCl_Auto', 'Clas_1431633788928040CjtoVis_AutoICtjoVis_5', 'ObsOblig', 'Obs. Obligatoria', '');
INSERT INTO IUAttribute (idIU, idIUAttribute, IUAttributeName, IUAttributeAlias, IUAttributeDescription) VALUES ('Clas_1431633788928040UIPobCl_Auto', 'Clas_1431633788928040CjtoVis_AutoICtjoVis_6', 'EsNumero', 'Es número', '');
INSERT INTO IUAttribute (idIU, idIUAttribute, IUAttributeName, IUAttributeAlias, IUAttributeDescription) VALUES ('Clas_1431633788928040UIPobCl_Auto', 'Clas_1431633788928040CjtoVis_AutoICtjoVis_7', 'ValorMax', 'Valor máximo', '');
INSERT INTO IUAttribute (idIU, idIUAttribute, IUAttributeName, IUAttributeAlias, IUAttributeDescription) VALUES ('Clas_1431633788928040UIPobCl_Auto', 'Clas_1431633788928040CjtoVis_AutoICtjoVis_8', 'ValorMin', 'Valor mínimo', '');
INSERT INTO IUAttribute (idIU, idIUAttribute, IUAttributeName, IUAttributeAlias, IUAttributeDescription) VALUES ('Clas_1431633788928040UIPobCl_Auto', 'Clas_1431633788928040CjtoVis_AutoICtjoVis_9', 'SoloHombres', 'Solo hombres', '');
INSERT INTO IUAttribute (idIU, idIUAttribute, IUAttributeName, IUAttributeAlias, IUAttributeDescription) VALUES ('Clas_1431633788928040UIPobCl_Auto', 'Clas_1431633788928040CjtoVis_AutoICtjoVis_10', 'SoloMujeres', 'Solo mujeres', '');
INSERT INTO IUAttribute (idIU, idIUAttribute, IUAttributeName, IUAttributeAlias, IUAttributeDescription) VALUES ('Clas_1431633788928040UIPobCl_Auto', 'Clas_1431633788928040CjtoVis_AutoICtjoVis_11', 'RespMultiple', 'Resp. múltiple', '');
INSERT INTO IUAttribute (idIU, idIUAttribute, IUAttributeName, IUAttributeAlias, IUAttributeDescription) VALUES ('Clas_1431633788928040UIPobCl_Auto', 'Clas_1431633788928040CjtoVis_AutoICtjoVis_12', 'drvValoresPosibles', 'Valores posibles', '');
INSERT INTO IUAttribute (idIU, idIUAttribute, IUAttributeName, IUAttributeAlias, IUAttributeDescription) VALUES ('Clas_1431633788928040UIPobCl_Auto', 'Clas_1431633788928040CjtoVis_AutoICtjoVis_13', 'SeEnviaAlCORE', 'Se envía al CORE', '');
INSERT INTO IUAttribute (idIU, idIUAttribute, IUAttributeName, IUAttributeAlias, IUAttributeDescription) VALUES ('Clas_1431633788928040UIPobCl_Auto', 'Clas_1431633788928040CjtoVis_AutoICtjoVis_14', 'CondicionEdad', 'Condicionada por edad', '');
INSERT INTO IUAttribute (idIU, idIUAttribute, IUAttributeName, IUAttributeAlias, IUAttributeDescription) VALUES ('Clas_1431633788928040UIPobCl_Auto', 'Clas_1431633788928040CjtoVis_AutoICtjoVis_15', 'CondicionEdadAnyos', 'Condicionada por edad', '');
INSERT INTO IUAction (idIU, idIUAction, IUActionName, IUActionAlias, IUActionDescription) VALUES ('Clas_1431633788928040UIPobCl_Auto', 'Clas_1431633788928040AccOfer_AutoElemAcc_1', 'SIUInsValorPregunta', 'Añadir posible valor', '');
INSERT INTO IUAction (idIU, idIUAction, IUActionName, IUActionAlias, IUActionDescription) VALUES ('Clas_1431633788928040UIPobCl_Auto', 'Clas_1431633788928040AccOfer_AutoElemAcc_2', 'SIUDelValorPregunta', 'Quitar posible valor', '');
INSERT INTO IUAction (idIU, idIUAction, IUActionName, IUActionAlias, IUActionDescription) VALUES ('Clas_1431633788928040UIPobCl_Auto', 'Clas_1431633788928040AccOfer_AutoElemAcc_3', 'SIUTCREAR', 'Crear pregunta', '');
INSERT INTO IUAction (idIU, idIUAction, IUActionName, IUActionAlias, IUActionDescription) VALUES ('Clas_1431633788928040UIPobCl_Auto', 'Clas_1431633788928040AccOfer_AutoElemAcc_4', 'SIUTMODIFICAR', 'Modificar pregunta', '');
INSERT INTO IUAction (idIU, idIUAction, IUActionName, IUActionAlias, IUActionDescription) VALUES ('Clas_1431633788928040UIPobCl_Auto', 'Clas_1431633788928040AccOfer_AutoElemAcc_5', 'SIUTELIMINAR', 'Eliminar pregunta', '');
INSERT INTO IUAction (idIU, idIUAction, IUActionName, IUActionAlias, IUActionDescription) VALUES ('Clas_1431633788928040UIPobCl_Auto', 'Clas_1431633788928040AccOfer_AutoElemAcc_6', 'IIUPregunta', 'Ver detalle', '');
INSERT INTO IUNavigation (idIU, idIUNavigation, IUNavigationName, IUNavigationAlias, IUNavigationDescription) VALUES ('Clas_1431633788928040UIPobCl_Auto', 'Clas_1431633788928040NavOfer_AutoElemNav_1', 'PIUValor', 'Valores', '');
INSERT INTO IUNavigation (idIU, idIUNavigation, IUNavigationName, IUNavigationAlias, IUNavigationDescription) VALUES ('Clas_1431633788928040UIPobCl_Auto', 'Clas_1431633788928040NavOfer_AutoElemNav_2', '_Auto_', 'Preguntas persona', '');
INSERT INTO IUNavigation (idIU, idIUNavigation, IUNavigationName, IUNavigationAlias, IUNavigationDescription) VALUES ('Clas_1431633788928040UIPobCl_Auto', 'Clas_1431633788928040NavOfer_AutoElemNav_3', '_Auto_', 'Sección', '');

-- IIU: Pregunta.IIUPregunta
INSERT INTO IU (idIU, IUName, IUAlias, IUDescription, IUType) VALUES ('Clas_1431633788928040UIInst_1', 'IIUPregunta', 'Ver detalle', '', 'I');
INSERT INTO IUAction (idIU, idIUAction, IUActionName, IUActionAlias, IUActionDescription) VALUES ('Clas_1431633788928040UIInst_1', 'Clas_1431633788928040AccOfer_2ElemAcc_1', 'SIUTMODIFICAR', 'Modificar', '');
INSERT INTO IUAction (idIU, idIUAction, IUActionName, IUActionAlias, IUActionDescription) VALUES ('Clas_1431633788928040UIInst_1', 'Clas_1431633788928040AccOfer_2ElemAcc_2', 'SIUInsValorPregunta', 'Añadir posible valor', '');
INSERT INTO IUAction (idIU, idIUAction, IUActionName, IUActionAlias, IUActionDescription) VALUES ('Clas_1431633788928040UIInst_1', 'Clas_1431633788928040AccOfer_2ElemAcc_3', 'SIUDelValorPregunta', 'Quitar posible valor', '');

-- IIU: Pregunta._Auto_
INSERT INTO IU (idIU, IUName, IUAlias, IUDescription, IUType) VALUES ('Clas_1431633788928040UIInst_2', '_Auto_', 'Pregunta', '', 'I');
INSERT INTO IUAction (idIU, idIUAction, IUActionName, IUActionAlias, IUActionDescription) VALUES ('Clas_1431633788928040UIInst_2', 'Clas_1431633788928040AccOfer_AutoElemAcc_1', 'SIUInsValorPregunta', 'Añadir posible valor', '');
INSERT INTO IUAction (idIU, idIUAction, IUActionName, IUActionAlias, IUActionDescription) VALUES ('Clas_1431633788928040UIInst_2', 'Clas_1431633788928040AccOfer_AutoElemAcc_2', 'SIUDelValorPregunta', 'Quitar posible valor', '');
INSERT INTO IUAction (idIU, idIUAction, IUActionName, IUActionAlias, IUActionDescription) VALUES ('Clas_1431633788928040UIInst_2', 'Clas_1431633788928040AccOfer_AutoElemAcc_3', 'SIUTCREAR', 'Crear pregunta', '');
INSERT INTO IUAction (idIU, idIUAction, IUActionName, IUActionAlias, IUActionDescription) VALUES ('Clas_1431633788928040UIInst_2', 'Clas_1431633788928040AccOfer_AutoElemAcc_4', 'SIUTMODIFICAR', 'Modificar pregunta', '');
INSERT INTO IUAction (idIU, idIUAction, IUActionName, IUActionAlias, IUActionDescription) VALUES ('Clas_1431633788928040UIInst_2', 'Clas_1431633788928040AccOfer_AutoElemAcc_5', 'SIUTELIMINAR', 'Eliminar pregunta', '');
INSERT INTO IUAction (idIU, idIUAction, IUActionName, IUActionAlias, IUActionDescription) VALUES ('Clas_1431633788928040UIInst_2', 'Clas_1431633788928040AccOfer_AutoElemAcc_6', 'IIUPregunta', 'Ver detalle', '');
INSERT INTO IUNavigation (idIU, idIUNavigation, IUNavigationName, IUNavigationAlias, IUNavigationDescription) VALUES ('Clas_1431633788928040UIInst_2', 'Clas_1431633788928040NavOfer_AutoElemNav_1', 'PIUValor', 'Valores', '');
INSERT INTO IUNavigation (idIU, idIUNavigation, IUNavigationName, IUNavigationAlias, IUNavigationDescription) VALUES ('Clas_1431633788928040UIInst_2', 'Clas_1431633788928040NavOfer_AutoElemNav_2', '_Auto_', 'Preguntas persona', '');
INSERT INTO IUNavigation (idIU, idIUNavigation, IUNavigationName, IUNavigationAlias, IUNavigationDescription) VALUES ('Clas_1431633788928040UIInst_2', 'Clas_1431633788928040NavOfer_AutoElemNav_3', '_Auto_', 'Sección', '');

-- SIU: Pregunta.SIUInsValorPregunta
INSERT INTO IU (idIU, IUName, IUAlias, IUDescription, IUType) VALUES ('Clas_1431633788928040Ser_4UIServ_1', 'SIUInsValorPregunta', 'Añadir posible valor', '', 'S');
-- SIU: Pregunta.SIUDelValorPregunta
INSERT INTO IU (idIU, IUName, IUAlias, IUDescription, IUType) VALUES ('Clas_1431633788928040Ser_5UIServ_1', 'SIUDelValorPregunta', 'Quitar posible valor', '', 'S');
-- SIU: Pregunta.SIUTCREAR
INSERT INTO IU (idIU, IUName, IUAlias, IUDescription, IUType) VALUES ('Clas_1431633788928040Ser_7UIServ_1', 'SIUTCREAR', 'Crear pregunta', '', 'S');
-- SIU: Pregunta.SIUTMODIFICAR
INSERT INTO IU (idIU, IUName, IUAlias, IUDescription, IUType) VALUES ('Clas_1431633788928040Ser_8UIServ_1', 'SIUTMODIFICAR', 'Modificar pregunta', '', 'S');
-- SIU: Pregunta.SIUTELIMINAR
INSERT INTO IU (idIU, IUName, IUAlias, IUDescription, IUType) VALUES ('Clas_1431633788928040Ser_9UIServ_1', 'SIUTELIMINAR', 'Eliminar pregunta', '', 'S');

---------------------------------------------
-- CLASS Valor
---------------------------------------------
-- PIU: Valor.PIUValor
INSERT INTO IU (idIU, IUName, IUAlias, IUDescription, IUType) VALUES ('Clas_1431634313216388UIPobCl_1', 'PIUValor', 'Valores', '', 'P');
INSERT INTO IUAttribute (idIU, idIUAttribute, IUAttributeName, IUAttributeAlias, IUAttributeDescription) VALUES ('Clas_1431634313216388UIPobCl_1', 'Clas_1431634313216388CjtoVis_AutoICtjoVis_1', 'Identificador', 'Identificador', '');
INSERT INTO IUAttribute (idIU, idIUAttribute, IUAttributeName, IUAttributeAlias, IUAttributeDescription) VALUES ('Clas_1431634313216388UIPobCl_1', 'Clas_1431634313216388CjtoVis_AutoICtjoVis_2', 'ValorPosible', 'Valor', '');
INSERT INTO IUAction (idIU, idIUAction, IUActionName, IUActionAlias, IUActionDescription) VALUES ('Clas_1431634313216388UIPobCl_1', 'Clas_1431634313216388AccOfer_1ElemAcc_1', 'SIUcrear', 'Crear', '');
INSERT INTO IUAction (idIU, idIUAction, IUActionName, IUActionAlias, IUActionDescription) VALUES ('Clas_1431634313216388UIPobCl_1', 'Clas_1431634313216388AccOfer_1ElemAcc_2', 'SIUmodificar', 'Modificar', '');
INSERT INTO IUAction (idIU, idIUAction, IUActionName, IUActionAlias, IUActionDescription) VALUES ('Clas_1431634313216388UIPobCl_1', 'Clas_1431634313216388AccOfer_1ElemAcc_3', 'SIUeliminar', 'Eliminar', '');

-- PIU: Valor._Auto_
INSERT INTO IU (idIU, IUName, IUAlias, IUDescription, IUType) VALUES ('Clas_1431634313216388UIPobCl_Auto', '_Auto_', 'Valor', '', 'P');
INSERT INTO IUAttribute (idIU, idIUAttribute, IUAttributeName, IUAttributeAlias, IUAttributeDescription) VALUES ('Clas_1431634313216388UIPobCl_Auto', 'Clas_1431634313216388CjtoVis_AutoICtjoVis_1', 'Identificador', 'Identificador', '');
INSERT INTO IUAttribute (idIU, idIUAttribute, IUAttributeName, IUAttributeAlias, IUAttributeDescription) VALUES ('Clas_1431634313216388UIPobCl_Auto', 'Clas_1431634313216388CjtoVis_AutoICtjoVis_2', 'ValorPosible', 'Valor', '');
INSERT INTO IUAction (idIU, idIUAction, IUActionName, IUActionAlias, IUActionDescription) VALUES ('Clas_1431634313216388UIPobCl_Auto', 'Clas_1431634313216388AccOfer_AutoElemAcc_1', 'SIUcrear', 'Crear valor posible de respuesta', '');
INSERT INTO IUAction (idIU, idIUAction, IUActionName, IUActionAlias, IUActionDescription) VALUES ('Clas_1431634313216388UIPobCl_Auto', 'Clas_1431634313216388AccOfer_AutoElemAcc_2', 'SIUeliminar', 'Eliminar valor posible de respuesta', '');
INSERT INTO IUAction (idIU, idIUAction, IUActionName, IUActionAlias, IUActionDescription) VALUES ('Clas_1431634313216388UIPobCl_Auto', 'Clas_1431634313216388AccOfer_AutoElemAcc_3', 'SIUmodificar', 'Modificar valor posible de respuesta', '');
INSERT INTO IUAction (idIU, idIUAction, IUActionName, IUActionAlias, IUActionDescription) VALUES ('Clas_1431634313216388UIPobCl_Auto', 'Clas_1431634313216388AccOfer_AutoElemAcc_4', '_Auto_', 'Valor', '');
INSERT INTO IUNavigation (idIU, idIUNavigation, IUNavigationName, IUNavigationAlias, IUNavigationDescription) VALUES ('Clas_1431634313216388UIPobCl_Auto', 'Clas_1431634313216388NavOfer_AutoElemNav_1', 'PIUPregunta', 'Preguntas', '');

-- IIU: Valor._Auto_
INSERT INTO IU (idIU, IUName, IUAlias, IUDescription, IUType) VALUES ('Clas_1431634313216388UIInst_1', '_Auto_', 'Valor', '', 'I');
INSERT INTO IUAction (idIU, idIUAction, IUActionName, IUActionAlias, IUActionDescription) VALUES ('Clas_1431634313216388UIInst_1', 'Clas_1431634313216388AccOfer_AutoElemAcc_1', 'SIUcrear', 'Crear valor posible de respuesta', '');
INSERT INTO IUAction (idIU, idIUAction, IUActionName, IUActionAlias, IUActionDescription) VALUES ('Clas_1431634313216388UIInst_1', 'Clas_1431634313216388AccOfer_AutoElemAcc_2', 'SIUeliminar', 'Eliminar valor posible de respuesta', '');
INSERT INTO IUAction (idIU, idIUAction, IUActionName, IUActionAlias, IUActionDescription) VALUES ('Clas_1431634313216388UIInst_1', 'Clas_1431634313216388AccOfer_AutoElemAcc_3', 'SIUmodificar', 'Modificar valor posible de respuesta', '');
INSERT INTO IUAction (idIU, idIUAction, IUActionName, IUActionAlias, IUActionDescription) VALUES ('Clas_1431634313216388UIInst_1', 'Clas_1431634313216388AccOfer_AutoElemAcc_4', '_Auto_', 'Valor', '');
INSERT INTO IUNavigation (idIU, idIUNavigation, IUNavigationName, IUNavigationAlias, IUNavigationDescription) VALUES ('Clas_1431634313216388UIInst_1', 'Clas_1431634313216388NavOfer_AutoElemNav_1', 'PIUPregunta', 'Preguntas', '');

-- SIU: Valor.SIUcrear
INSERT INTO IU (idIU, IUName, IUAlias, IUDescription, IUType) VALUES ('Clas_1431634313216388Ser_1UIServ_1', 'SIUcrear', 'Crear valor posible de respuesta', '', 'S');
-- SIU: Valor.SIUeliminar
INSERT INTO IU (idIU, IUName, IUAlias, IUDescription, IUType) VALUES ('Clas_1431634313216388Ser_2UIServ_1', 'SIUeliminar', 'Eliminar valor posible de respuesta', '', 'S');
-- SIU: Valor.SIUmodificar
INSERT INTO IU (idIU, IUName, IUAlias, IUDescription, IUType) VALUES ('Clas_1431634313216388Ser_3UIServ_1', 'SIUmodificar', 'Modificar valor posible de respuesta', '', 'S');

---------------------------------------------
-- CLASS Productos
---------------------------------------------
-- PIU: Productos.PIUProducto
INSERT INTO IU (idIU, IUName, IUAlias, IUDescription, IUType) VALUES ('Clas_1431687397376823UIPobCl_1', 'PIUProducto', 'Productos', '', 'P');
INSERT INTO IUAttribute (idIU, idIUAttribute, IUAttributeName, IUAttributeAlias, IUAttributeDescription) VALUES ('Clas_1431687397376823UIPobCl_1', 'Clas_1431687397376823CjtoVis_AutoICtjoVis_1', 'Producto', 'Producto', '');
INSERT INTO IUAttribute (idIU, idIUAttribute, IUAttributeName, IUAttributeAlias, IUAttributeDescription) VALUES ('Clas_1431687397376823UIPobCl_1', 'Clas_1431687397376823CjtoVis_AutoICtjoVis_2', 'Descripcion', 'Descripción', '');
INSERT INTO IUAttribute (idIU, idIUAttribute, IUAttributeName, IUAttributeAlias, IUAttributeDescription) VALUES ('Clas_1431687397376823UIPobCl_1', 'Clas_1431687397376823CjtoVis_AutoICtjoVis_3', 'CodAnexoMat', 'Anexo maternidad', '');
INSERT INTO IUAttribute (idIU, idIUAttribute, IUAttributeName, IUAttributeAlias, IUAttributeDescription) VALUES ('Clas_1431687397376823UIPobCl_1', 'Clas_1431687397376823CjtoVis_AutoICtjoVis_4', 'CodAnexoNeo', 'Anexo neonatal', '');
INSERT INTO IUAttribute (idIU, idIUAttribute, IUAttributeName, IUAttributeAlias, IUAttributeDescription) VALUES ('Clas_1431687397376823UIPobCl_1', 'Clas_1431687397376823CjtoVis_AutoICtjoVis_5', 'NIT', 'NIT', '');
INSERT INTO IUAttribute (idIU, idIUAttribute, IUAttributeName, IUAttributeAlias, IUAttributeDescription) VALUES ('Clas_1431687397376823UIPobCl_1', 'Clas_1431687397376823CjtoVis_AutoICtjoVis_6', 'CodigoLegal', 'Código Legal', '');
INSERT INTO IUAttribute (idIU, idIUAttribute, IUAttributeName, IUAttributeAlias, IUAttributeDescription) VALUES ('Clas_1431687397376823UIPobCl_1', 'Clas_1431687397376823CjtoVis_AutoICtjoVis_7', 'FechaDocSolicitud', 'Fecha Doc. Solicitud', '');
INSERT INTO IUAction (idIU, idIUAction, IUActionName, IUActionAlias, IUActionDescription) VALUES ('Clas_1431687397376823UIPobCl_1', 'Clas_1431687397376823AccOfer_1ElemAcc_1', 'SIUcrear', 'Crear', '');
INSERT INTO IUAction (idIU, idIUAction, IUActionName, IUActionAlias, IUActionDescription) VALUES ('Clas_1431687397376823UIPobCl_1', 'Clas_1431687397376823AccOfer_1ElemAcc_2', 'SIUmodificar', 'Modificar', '');
INSERT INTO IUAction (idIU, idIUAction, IUActionName, IUActionAlias, IUActionDescription) VALUES ('Clas_1431687397376823UIPobCl_1', 'Clas_1431687397376823AccOfer_1ElemAcc_4', 'SIUTGSINCPRODUCTOS', 'Sincronizar', '');
INSERT INTO IUAction (idIU, idIUAction, IUActionName, IUActionAlias, IUActionDescription) VALUES ('Clas_1431687397376823UIPobCl_1', 'Clas_1431687397376823AccOfer_1ElemAcc_3', 'SIUeliminar', 'Eliminar', '');

-- PIU: Productos.PIUProductosObs
INSERT INTO IU (idIU, IUName, IUAlias, IUDescription, IUType) VALUES ('Clas_1431687397376823UIPobCl_2', 'PIUProductosObs', 'Productos', '', 'P');
INSERT INTO IUAttribute (idIU, idIUAttribute, IUAttributeName, IUAttributeAlias, IUAttributeDescription) VALUES ('Clas_1431687397376823UIPobCl_2', 'Clas_1431687397376823CjtoVis_AutoICtjoVis_1', 'Producto', 'Producto', '');
INSERT INTO IUAttribute (idIU, idIUAttribute, IUAttributeName, IUAttributeAlias, IUAttributeDescription) VALUES ('Clas_1431687397376823UIPobCl_2', 'Clas_1431687397376823CjtoVis_AutoICtjoVis_2', 'Descripcion', 'Descripción', '');
INSERT INTO IUAttribute (idIU, idIUAttribute, IUAttributeName, IUAttributeAlias, IUAttributeDescription) VALUES ('Clas_1431687397376823UIPobCl_2', 'Clas_1431687397376823CjtoVis_AutoICtjoVis_3', 'CodAnexoMat', 'Anexo maternidad', '');
INSERT INTO IUAttribute (idIU, idIUAttribute, IUAttributeName, IUAttributeAlias, IUAttributeDescription) VALUES ('Clas_1431687397376823UIPobCl_2', 'Clas_1431687397376823CjtoVis_AutoICtjoVis_4', 'CodAnexoNeo', 'Anexo neonatal', '');
INSERT INTO IUAttribute (idIU, idIUAttribute, IUAttributeName, IUAttributeAlias, IUAttributeDescription) VALUES ('Clas_1431687397376823UIPobCl_2', 'Clas_1431687397376823CjtoVis_AutoICtjoVis_5', 'NIT', 'NIT', '');
INSERT INTO IUAttribute (idIU, idIUAttribute, IUAttributeName, IUAttributeAlias, IUAttributeDescription) VALUES ('Clas_1431687397376823UIPobCl_2', 'Clas_1431687397376823CjtoVis_AutoICtjoVis_6', 'CodigoLegal', 'Código Legal', '');
INSERT INTO IUAttribute (idIU, idIUAttribute, IUAttributeName, IUAttributeAlias, IUAttributeDescription) VALUES ('Clas_1431687397376823UIPobCl_2', 'Clas_1431687397376823CjtoVis_AutoICtjoVis_7', 'FechaDocSolicitud', 'Fecha Doc. Solicitud', '');

-- PIU: Productos._Auto_
INSERT INTO IU (idIU, IUName, IUAlias, IUDescription, IUType) VALUES ('Clas_1431687397376823UIPobCl_Auto', '_Auto_', 'Producto', '', 'P');
INSERT INTO IUAttribute (idIU, idIUAttribute, IUAttributeName, IUAttributeAlias, IUAttributeDescription) VALUES ('Clas_1431687397376823UIPobCl_Auto', 'Clas_1431687397376823CjtoVis_AutoICtjoVis_1', 'Producto', 'Producto', '');
INSERT INTO IUAttribute (idIU, idIUAttribute, IUAttributeName, IUAttributeAlias, IUAttributeDescription) VALUES ('Clas_1431687397376823UIPobCl_Auto', 'Clas_1431687397376823CjtoVis_AutoICtjoVis_2', 'Descripcion', 'Descripción', '');
INSERT INTO IUAttribute (idIU, idIUAttribute, IUAttributeName, IUAttributeAlias, IUAttributeDescription) VALUES ('Clas_1431687397376823UIPobCl_Auto', 'Clas_1431687397376823CjtoVis_AutoICtjoVis_3', 'CodAnexoMat', 'Anexo maternidad', '');
INSERT INTO IUAttribute (idIU, idIUAttribute, IUAttributeName, IUAttributeAlias, IUAttributeDescription) VALUES ('Clas_1431687397376823UIPobCl_Auto', 'Clas_1431687397376823CjtoVis_AutoICtjoVis_4', 'CodAnexoNeo', 'Anexo neonatal', '');
INSERT INTO IUAttribute (idIU, idIUAttribute, IUAttributeName, IUAttributeAlias, IUAttributeDescription) VALUES ('Clas_1431687397376823UIPobCl_Auto', 'Clas_1431687397376823CjtoVis_AutoICtjoVis_5', 'NIT', 'NIT', '');
INSERT INTO IUAttribute (idIU, idIUAttribute, IUAttributeName, IUAttributeAlias, IUAttributeDescription) VALUES ('Clas_1431687397376823UIPobCl_Auto', 'Clas_1431687397376823CjtoVis_AutoICtjoVis_6', 'CodigoLegal', 'Código Legal', '');
INSERT INTO IUAttribute (idIU, idIUAttribute, IUAttributeName, IUAttributeAlias, IUAttributeDescription) VALUES ('Clas_1431687397376823UIPobCl_Auto', 'Clas_1431687397376823CjtoVis_AutoICtjoVis_7', 'FechaDocSolicitud', 'Fecha Doc. Solicitud', '');
INSERT INTO IUAction (idIU, idIUAction, IUActionName, IUActionAlias, IUActionDescription) VALUES ('Clas_1431687397376823UIPobCl_Auto', 'Clas_1431687397376823AccOfer_AutoElemAcc_1', 'SIUcrear', 'Crear producto', '');
INSERT INTO IUAction (idIU, idIUAction, IUActionName, IUActionAlias, IUActionDescription) VALUES ('Clas_1431687397376823UIPobCl_Auto', 'Clas_1431687397376823AccOfer_AutoElemAcc_2', 'SIUeliminar', 'Eliminar producto', '');
INSERT INTO IUAction (idIU, idIUAction, IUActionName, IUActionAlias, IUActionDescription) VALUES ('Clas_1431687397376823UIPobCl_Auto', 'Clas_1431687397376823AccOfer_AutoElemAcc_3', 'SIUmodificar', 'Modificar producto', '');
INSERT INTO IUAction (idIU, idIUAction, IUActionName, IUActionAlias, IUActionDescription) VALUES ('Clas_1431687397376823UIPobCl_Auto', 'Clas_1431687397376823AccOfer_AutoElemAcc_4', '_Auto_', 'Producto', '');
INSERT INTO IUNavigation (idIU, idIUNavigation, IUNavigationName, IUNavigationAlias, IUNavigationDescription) VALUES ('Clas_1431687397376823UIPobCl_Auto', 'Clas_1431687397376823NavOfer_AutoElemNav_1', 'PIUPlanesObs', 'Planes', '');
INSERT INTO IUNavigation (idIU, idIUNavigation, IUNavigationName, IUNavigationAlias, IUNavigationDescription) VALUES ('Clas_1431687397376823UIPobCl_Auto', 'Clas_1431687397376823NavOfer_AutoElemNav_2', 'PIUDominioObs', 'Dominios', '');
INSERT INTO IUNavigation (idIU, idIUNavigation, IUNavigationName, IUNavigationAlias, IUNavigationDescription) VALUES ('Clas_1431687397376823UIPobCl_Auto', 'Clas_1431687397376823NavOfer_AutoElemNav_3', 'PIUTarifas', 'Tarifas', '');
INSERT INTO IUNavigation (idIU, idIUNavigation, IUNavigationName, IUNavigationAlias, IUNavigationDescription) VALUES ('Clas_1431687397376823UIPobCl_Auto', 'Clas_1431687397376823NavOfer_AutoElemNav_4', 'PIUGrupoAsociado', 'Grupos Asociados', '');
INSERT INTO IUNavigation (idIU, idIUNavigation, IUNavigationName, IUNavigationAlias, IUNavigationDescription) VALUES ('Clas_1431687397376823UIPobCl_Auto', 'Clas_1431687397376823NavOfer_AutoElemNav_5', 'PIUTipoIVA', 'Tipos de I.V.A', '');
INSERT INTO IUNavigation (idIU, idIUNavigation, IUNavigationName, IUNavigationAlias, IUNavigationDescription) VALUES ('Clas_1431687397376823UIPobCl_Auto', 'Clas_1431687397376823NavOfer_AutoElemNav_6', '_Auto_', 'Solicitudes', '');
INSERT INTO IUNavigation (idIU, idIUNavigation, IUNavigationName, IUNavigationAlias, IUNavigationDescription) VALUES ('Clas_1431687397376823UIPobCl_Auto', 'Clas_1431687397376823NavOfer_AutoElemNav_7', '_Auto_', 'Protección datos', '');
INSERT INTO IUNavigation (idIU, idIUNavigation, IUNavigationName, IUNavigationAlias, IUNavigationDescription) VALUES ('Clas_1431687397376823UIPobCl_Auto', 'Clas_1431687397376823NavOfer_AutoElemNav_8', '_Auto_', 'Protecciones Datos', '');
INSERT INTO IUNavigation (idIU, idIUNavigation, IUNavigationName, IUNavigationAlias, IUNavigationDescription) VALUES ('Clas_1431687397376823UIPobCl_Auto', 'Clas_1431687397376823NavOfer_AutoElemNav_9', '_Auto_', 'Contratos', '');
INSERT INTO IUNavigation (idIU, idIUNavigation, IUNavigationName, IUNavigationAlias, IUNavigationDescription) VALUES ('Clas_1431687397376823UIPobCl_Auto', 'Clas_1431687397376823NavOfer_AutoElemNav_10', '_Auto_', 'Márca Médica', '');
INSERT INTO IUNavigation (idIU, idIUNavigation, IUNavigationName, IUNavigationAlias, IUNavigationDescription) VALUES ('Clas_1431687397376823UIPobCl_Auto', 'Clas_1431687397376823NavOfer_AutoElemNav_11', 'PIUAgentexProducto', 'Productos del asesor', '');

-- IIU: Productos._Auto_
INSERT INTO IU (idIU, IUName, IUAlias, IUDescription, IUType) VALUES ('Clas_1431687397376823UIInst_2', '_Auto_', 'Producto', '', 'I');
INSERT INTO IUAction (idIU, idIUAction, IUActionName, IUActionAlias, IUActionDescription) VALUES ('Clas_1431687397376823UIInst_2', 'Clas_1431687397376823AccOfer_AutoElemAcc_1', 'SIUcrear', 'Crear producto', '');
INSERT INTO IUAction (idIU, idIUAction, IUActionName, IUActionAlias, IUActionDescription) VALUES ('Clas_1431687397376823UIInst_2', 'Clas_1431687397376823AccOfer_AutoElemAcc_2', 'SIUeliminar', 'Eliminar producto', '');
INSERT INTO IUAction (idIU, idIUAction, IUActionName, IUActionAlias, IUActionDescription) VALUES ('Clas_1431687397376823UIInst_2', 'Clas_1431687397376823AccOfer_AutoElemAcc_3', 'SIUmodificar', 'Modificar producto', '');
INSERT INTO IUAction (idIU, idIUAction, IUActionName, IUActionAlias, IUActionDescription) VALUES ('Clas_1431687397376823UIInst_2', 'Clas_1431687397376823AccOfer_AutoElemAcc_4', '_Auto_', 'Producto', '');
INSERT INTO IUNavigation (idIU, idIUNavigation, IUNavigationName, IUNavigationAlias, IUNavigationDescription) VALUES ('Clas_1431687397376823UIInst_2', 'Clas_1431687397376823NavOfer_AutoElemNav_1', 'PIUPlanesObs', 'Planes', '');
INSERT INTO IUNavigation (idIU, idIUNavigation, IUNavigationName, IUNavigationAlias, IUNavigationDescription) VALUES ('Clas_1431687397376823UIInst_2', 'Clas_1431687397376823NavOfer_AutoElemNav_2', 'PIUDominioObs', 'Dominios', '');
INSERT INTO IUNavigation (idIU, idIUNavigation, IUNavigationName, IUNavigationAlias, IUNavigationDescription) VALUES ('Clas_1431687397376823UIInst_2', 'Clas_1431687397376823NavOfer_AutoElemNav_3', 'PIUTarifas', 'Tarifas', '');
INSERT INTO IUNavigation (idIU, idIUNavigation, IUNavigationName, IUNavigationAlias, IUNavigationDescription) VALUES ('Clas_1431687397376823UIInst_2', 'Clas_1431687397376823NavOfer_AutoElemNav_4', 'PIUGrupoAsociado', 'Grupos Asociados', '');
INSERT INTO IUNavigation (idIU, idIUNavigation, IUNavigationName, IUNavigationAlias, IUNavigationDescription) VALUES ('Clas_1431687397376823UIInst_2', 'Clas_1431687397376823NavOfer_AutoElemNav_5', 'PIUTipoIVA', 'Tipos de I.V.A', '');
INSERT INTO IUNavigation (idIU, idIUNavigation, IUNavigationName, IUNavigationAlias, IUNavigationDescription) VALUES ('Clas_1431687397376823UIInst_2', 'Clas_1431687397376823NavOfer_AutoElemNav_6', '_Auto_', 'Solicitudes', '');
INSERT INTO IUNavigation (idIU, idIUNavigation, IUNavigationName, IUNavigationAlias, IUNavigationDescription) VALUES ('Clas_1431687397376823UIInst_2', 'Clas_1431687397376823NavOfer_AutoElemNav_7', '_Auto_', 'Protección datos', '');
INSERT INTO IUNavigation (idIU, idIUNavigation, IUNavigationName, IUNavigationAlias, IUNavigationDescription) VALUES ('Clas_1431687397376823UIInst_2', 'Clas_1431687397376823NavOfer_AutoElemNav_8', '_Auto_', 'Protecciones Datos', '');
INSERT INTO IUNavigation (idIU, idIUNavigation, IUNavigationName, IUNavigationAlias, IUNavigationDescription) VALUES ('Clas_1431687397376823UIInst_2', 'Clas_1431687397376823NavOfer_AutoElemNav_9', '_Auto_', 'Contratos', '');
INSERT INTO IUNavigation (idIU, idIUNavigation, IUNavigationName, IUNavigationAlias, IUNavigationDescription) VALUES ('Clas_1431687397376823UIInst_2', 'Clas_1431687397376823NavOfer_AutoElemNav_10', '_Auto_', 'Márca Médica', '');
INSERT INTO IUNavigation (idIU, idIUNavigation, IUNavigationName, IUNavigationAlias, IUNavigationDescription) VALUES ('Clas_1431687397376823UIInst_2', 'Clas_1431687397376823NavOfer_AutoElemNav_11', 'PIUAgentexProducto', 'Productos del asesor', '');

-- SIU: Productos.SIUcrear
INSERT INTO IU (idIU, IUName, IUAlias, IUDescription, IUType) VALUES ('Clas_1431687397376823Ser_1UIServ_1', 'SIUcrear', 'Crear producto', '', 'S');
-- SIU: Productos.SIUeliminar
INSERT INTO IU (idIU, IUName, IUAlias, IUDescription, IUType) VALUES ('Clas_1431687397376823Ser_2UIServ_1', 'SIUeliminar', 'Eliminar producto', '', 'S');
-- SIU: Productos.SIUmodificar
INSERT INTO IU (idIU, IUName, IUAlias, IUDescription, IUType) VALUES ('Clas_1431687397376823Ser_3UIServ_1', 'SIUmodificar', 'Modificar producto', '', 'S');

---------------------------------------------
-- CLASS Planes
---------------------------------------------
-- PIU: Planes.PIUPlan
INSERT INTO IU (idIU, IUName, IUAlias, IUDescription, IUType) VALUES ('Clas_1431695392768502UIPobCl_1', 'PIUPlan', 'Planes', '', 'P');
INSERT INTO IUAttribute (idIU, idIUAttribute, IUAttributeName, IUAttributeAlias, IUAttributeDescription) VALUES ('Clas_1431695392768502UIPobCl_1', 'Clas_1431695392768502CjtoVis_2ICtjoVis_1', 'ProductoT.Descripcion', 'Producto', '');
INSERT INTO IUAttribute (idIU, idIUAttribute, IUAttributeName, IUAttributeAlias, IUAttributeDescription) VALUES ('Clas_1431695392768502UIPobCl_1', 'Clas_1431695392768502CjtoVis_2ICtjoVis_2', 'Plan', 'Plan', '');
INSERT INTO IUAttribute (idIU, idIUAttribute, IUAttributeName, IUAttributeAlias, IUAttributeDescription) VALUES ('Clas_1431695392768502UIPobCl_1', 'Clas_1431695392768502CjtoVis_2ICtjoVis_3', 'Nombre', 'Nombre', '');
INSERT INTO IUAttribute (idIU, idIUAttribute, IUAttributeName, IUAttributeAlias, IUAttributeDescription) VALUES ('Clas_1431695392768502UIPobCl_1', 'Clas_1431695392768502CjtoVis_2ICtjoVis_4', 'EsBancoRep', 'Es banco república', '');
INSERT INTO IUAttribute (idIU, idIUAttribute, IUAttributeName, IUAttributeAlias, IUAttributeDescription) VALUES ('Clas_1431695392768502UIPobCl_1', 'Clas_1431695392768502CjtoVis_2ICtjoVis_5', 'AceptaPreexistencias', 'Acepta preexistencias', '');
INSERT INTO IUAttribute (idIU, idIUAttribute, IUAttributeName, IUAttributeAlias, IUAttributeDescription) VALUES ('Clas_1431695392768502UIPobCl_1', 'Clas_1431695392768502CjtoVis_2ICtjoVis_6', 'EsVoluntario', 'Es Voluntario', '');
INSERT INTO IUAttribute (idIU, idIUAttribute, IUAttributeName, IUAttributeAlias, IUAttributeDescription) VALUES ('Clas_1431695392768502UIPobCl_1', 'Clas_1431695392768502CjtoVis_2ICtjoVis_7', 'InicioContDiaUno', 'Inicio de contratación día uno', '');
INSERT INTO IUAction (idIU, idIUAction, IUActionName, IUActionAlias, IUActionDescription) VALUES ('Clas_1431695392768502UIPobCl_1', 'Clas_1431695392768502AccOfer_1ElemAcc_1', 'SIUcrear', 'Crear', '');
INSERT INTO IUAction (idIU, idIUAction, IUActionName, IUActionAlias, IUActionDescription) VALUES ('Clas_1431695392768502UIPobCl_1', 'Clas_1431695392768502AccOfer_1ElemAcc_2', 'SIUmodificar', 'Modificar', '');
INSERT INTO IUAction (idIU, idIUAction, IUActionName, IUActionAlias, IUActionDescription) VALUES ('Clas_1431695392768502UIPobCl_1', 'Clas_1431695392768502AccOfer_1ElemAcc_3', 'SIUTGSINCPLANES', 'Sincronizar', '');
INSERT INTO IUAction (idIU, idIUAction, IUActionName, IUActionAlias, IUActionDescription) VALUES ('Clas_1431695392768502UIPobCl_1', 'Clas_1431695392768502AccOfer_1ElemAcc_4', 'SIUeliminar', 'Eliminar', '');

-- PIU: Planes.PIUPlanesDAfiliacion
INSERT INTO IU (idIU, IUName, IUAlias, IUDescription, IUType) VALUES ('Clas_1431695392768502UIPobCl_2', 'PIUPlanesDAfiliacion', 'Planes asociados', '', 'P');
INSERT INTO IUAttribute (idIU, idIUAttribute, IUAttributeName, IUAttributeAlias, IUAttributeDescription) VALUES ('Clas_1431695392768502UIPobCl_2', 'Clas_1431695392768502CjtoVis_3ICtjoVis_6', 'ProductoT.CodigoLegal', 'Cod. Legal Producto', '');
INSERT INTO IUAttribute (idIU, idIUAttribute, IUAttributeName, IUAttributeAlias, IUAttributeDescription) VALUES ('Clas_1431695392768502UIPobCl_2', 'Clas_1431695392768502CjtoVis_3ICtjoVis_7', 'ProductoT.Descripcion', 'Producto', '');
INSERT INTO IUAttribute (idIU, idIUAttribute, IUAttributeName, IUAttributeAlias, IUAttributeDescription) VALUES ('Clas_1431695392768502UIPobCl_2', 'Clas_1431695392768502CjtoVis_3ICtjoVis_1', 'CodigoLegal', 'Código Legal', '');
INSERT INTO IUAttribute (idIU, idIUAttribute, IUAttributeName, IUAttributeAlias, IUAttributeDescription) VALUES ('Clas_1431695392768502UIPobCl_2', 'Clas_1431695392768502CjtoVis_3ICtjoVis_2', 'Nombre', 'Nombre', '');
INSERT INTO IUAttribute (idIU, idIUAttribute, IUAttributeName, IUAttributeAlias, IUAttributeDescription) VALUES ('Clas_1431695392768502UIPobCl_2', 'Clas_1431695392768502CjtoVis_3ICtjoVis_4', 'EsBancoRep', 'Es banco república', '');
INSERT INTO IUAttribute (idIU, idIUAttribute, IUAttributeName, IUAttributeAlias, IUAttributeDescription) VALUES ('Clas_1431695392768502UIPobCl_2', 'Clas_1431695392768502CjtoVis_3ICtjoVis_5', 'EsVoluntario', 'Es Voluntario', '');
INSERT INTO IUAttribute (idIU, idIUAttribute, IUAttributeName, IUAttributeAlias, IUAttributeDescription) VALUES ('Clas_1431695392768502UIPobCl_2', 'Clas_1431695392768502CjtoVis_3ICtjoVis_8', 'InicioContDiaUno', 'Inicio de contratación día uno', '');
INSERT INTO IUAction (idIU, idIUAction, IUActionName, IUActionAlias, IUActionDescription) VALUES ('Clas_1431695392768502UIPobCl_2', 'Clas_1431695392768502AccOfer_2ElemAcc_1', 'SIUInsPlan', 'Asociar', '');
INSERT INTO IUAction (idIU, idIUAction, IUActionName, IUActionAlias, IUActionDescription) VALUES ('Clas_1431695392768502UIPobCl_2', 'Clas_1431695392768502AccOfer_2ElemAcc_2', 'SIUDelPlan', 'Desasociar', '');

-- PIU: Planes.PIUPlanesObs
INSERT INTO IU (idIU, IUName, IUAlias, IUDescription, IUType) VALUES ('Clas_1431695392768502UIPobCl_3', 'PIUPlanesObs', 'Planes', '', 'P');
INSERT INTO IUAttribute (idIU, idIUAttribute, IUAttributeName, IUAttributeAlias, IUAttributeDescription) VALUES ('Clas_1431695392768502UIPobCl_3', 'Clas_1431695392768502CjtoVis_2ICtjoVis_1', 'ProductoT.Descripcion', 'Producto', '');
INSERT INTO IUAttribute (idIU, idIUAttribute, IUAttributeName, IUAttributeAlias, IUAttributeDescription) VALUES ('Clas_1431695392768502UIPobCl_3', 'Clas_1431695392768502CjtoVis_2ICtjoVis_2', 'Plan', 'Plan', '');
INSERT INTO IUAttribute (idIU, idIUAttribute, IUAttributeName, IUAttributeAlias, IUAttributeDescription) VALUES ('Clas_1431695392768502UIPobCl_3', 'Clas_1431695392768502CjtoVis_2ICtjoVis_3', 'Nombre', 'Nombre', '');
INSERT INTO IUAttribute (idIU, idIUAttribute, IUAttributeName, IUAttributeAlias, IUAttributeDescription) VALUES ('Clas_1431695392768502UIPobCl_3', 'Clas_1431695392768502CjtoVis_2ICtjoVis_4', 'EsBancoRep', 'Es banco república', '');
INSERT INTO IUAttribute (idIU, idIUAttribute, IUAttributeName, IUAttributeAlias, IUAttributeDescription) VALUES ('Clas_1431695392768502UIPobCl_3', 'Clas_1431695392768502CjtoVis_2ICtjoVis_5', 'AceptaPreexistencias', 'Acepta preexistencias', '');
INSERT INTO IUAttribute (idIU, idIUAttribute, IUAttributeName, IUAttributeAlias, IUAttributeDescription) VALUES ('Clas_1431695392768502UIPobCl_3', 'Clas_1431695392768502CjtoVis_2ICtjoVis_6', 'EsVoluntario', 'Es Voluntario', '');
INSERT INTO IUAttribute (idIU, idIUAttribute, IUAttributeName, IUAttributeAlias, IUAttributeDescription) VALUES ('Clas_1431695392768502UIPobCl_3', 'Clas_1431695392768502CjtoVis_2ICtjoVis_7', 'InicioContDiaUno', 'Inicio de contratación día uno', '');

-- PIU: Planes._Auto_
INSERT INTO IU (idIU, IUName, IUAlias, IUDescription, IUType) VALUES ('Clas_1431695392768502UIPobCl_Auto', '_Auto_', 'Plan', '', 'P');
INSERT INTO IUAttribute (idIU, idIUAttribute, IUAttributeName, IUAttributeAlias, IUAttributeDescription) VALUES ('Clas_1431695392768502UIPobCl_Auto', 'Clas_1431695392768502CjtoVis_AutoICtjoVis_1', 'Plan', 'Plan', '');
INSERT INTO IUAttribute (idIU, idIUAttribute, IUAttributeName, IUAttributeAlias, IUAttributeDescription) VALUES ('Clas_1431695392768502UIPobCl_Auto', 'Clas_1431695392768502CjtoVis_AutoICtjoVis_2', 'Nombre', 'Nombre', '');
INSERT INTO IUAttribute (idIU, idIUAttribute, IUAttributeName, IUAttributeAlias, IUAttributeDescription) VALUES ('Clas_1431695392768502UIPobCl_Auto', 'Clas_1431695392768502CjtoVis_AutoICtjoVis_3', 'EsBancoRep', 'Es banco república', '');
INSERT INTO IUAttribute (idIU, idIUAttribute, IUAttributeName, IUAttributeAlias, IUAttributeDescription) VALUES ('Clas_1431695392768502UIPobCl_Auto', 'Clas_1431695392768502CjtoVis_AutoICtjoVis_4', 'CodigoLegal', 'Código Legal', '');
INSERT INTO IUAttribute (idIU, idIUAttribute, IUAttributeName, IUAttributeAlias, IUAttributeDescription) VALUES ('Clas_1431695392768502UIPobCl_Auto', 'Clas_1431695392768502CjtoVis_AutoICtjoVis_5', 'AceptaPreexistencias', 'Acepta preexistencias', '');
INSERT INTO IUAttribute (idIU, idIUAttribute, IUAttributeName, IUAttributeAlias, IUAttributeDescription) VALUES ('Clas_1431695392768502UIPobCl_Auto', 'Clas_1431695392768502CjtoVis_AutoICtjoVis_6', 'EsVoluntario', 'Es Voluntario', '');
INSERT INTO IUAttribute (idIU, idIUAttribute, IUAttributeName, IUAttributeAlias, IUAttributeDescription) VALUES ('Clas_1431695392768502UIPobCl_Auto', 'Clas_1431695392768502CjtoVis_AutoICtjoVis_7', 'InicioContDiaUno', 'Inicio de contratación día uno', '');
INSERT INTO IUAction (idIU, idIUAction, IUActionName, IUActionAlias, IUActionDescription) VALUES ('Clas_1431695392768502UIPobCl_Auto', 'Clas_1431695392768502AccOfer_AutoElemAcc_1', 'SIUcrear', 'Crear plan', '');
INSERT INTO IUAction (idIU, idIUAction, IUActionName, IUActionAlias, IUActionDescription) VALUES ('Clas_1431695392768502UIPobCl_Auto', 'Clas_1431695392768502AccOfer_AutoElemAcc_2', 'SIUeliminar', 'Eliminar plan', '');
INSERT INTO IUAction (idIU, idIUAction, IUActionName, IUActionAlias, IUActionDescription) VALUES ('Clas_1431695392768502UIPobCl_Auto', 'Clas_1431695392768502AccOfer_AutoElemAcc_3', 'SIUmodificar', 'Modificar plan', '');
INSERT INTO IUAction (idIU, idIUAction, IUActionName, IUActionAlias, IUActionDescription) VALUES ('Clas_1431695392768502UIPobCl_Auto', 'Clas_1431695392768502AccOfer_AutoElemAcc_4', 'SIUDelPlan', 'Desasociar', '');
INSERT INTO IUAction (idIU, idIUAction, IUActionName, IUActionAlias, IUActionDescription) VALUES ('Clas_1431695392768502UIPobCl_Auto', 'Clas_1431695392768502AccOfer_AutoElemAcc_5', '_Auto_', 'Plan', '');
INSERT INTO IUNavigation (idIU, idIUNavigation, IUNavigationName, IUNavigationAlias, IUNavigationDescription) VALUES ('Clas_1431695392768502UIPobCl_Auto', 'Clas_1431695392768502NavOfer_AutoElemNav_1', 'PIUDominioObs', 'Dominios', '');
INSERT INTO IUNavigation (idIU, idIUNavigation, IUNavigationName, IUNavigationAlias, IUNavigationDescription) VALUES ('Clas_1431695392768502UIPobCl_Auto', 'Clas_1431695392768502NavOfer_AutoElemNav_2', 'PIUTarifas', 'Tarifas', '');
INSERT INTO IUNavigation (idIU, idIUNavigation, IUNavigationName, IUNavigationAlias, IUNavigationDescription) VALUES ('Clas_1431695392768502UIPobCl_Auto', 'Clas_1431695392768502NavOfer_AutoElemNav_3', 'PIUGrupoAsociado', 'Grupos Asociados', '');
INSERT INTO IUNavigation (idIU, idIUNavigation, IUNavigationName, IUNavigationAlias, IUNavigationDescription) VALUES ('Clas_1431695392768502UIPobCl_Auto', 'Clas_1431695392768502NavOfer_AutoElemNav_4', 'PIUTipoIVA', 'Tipos de I.V.A', '');
INSERT INTO IUNavigation (idIU, idIUNavigation, IUNavigationName, IUNavigationAlias, IUNavigationDescription) VALUES ('Clas_1431695392768502UIPobCl_Auto', 'Clas_1431695392768502NavOfer_AutoElemNav_5', '_Auto_', 'Solicidudes', '');
INSERT INTO IUNavigation (idIU, idIUNavigation, IUNavigationName, IUNavigationAlias, IUNavigationDescription) VALUES ('Clas_1431695392768502UIPobCl_Auto', 'Clas_1431695392768502NavOfer_AutoElemNav_6', '_Auto_', 'Contratos', '');
INSERT INTO IUNavigation (idIU, idIUNavigation, IUNavigationName, IUNavigationAlias, IUNavigationDescription) VALUES ('Clas_1431695392768502UIPobCl_Auto', 'Clas_1431695392768502NavOfer_AutoElemNav_7', 'PIUAfiliaciones', 'Afiliaciones', '');
INSERT INTO IUNavigation (idIU, idIUNavigation, IUNavigationName, IUNavigationAlias, IUNavigationDescription) VALUES ('Clas_1431695392768502UIPobCl_Auto', 'Clas_1431695392768502NavOfer_AutoElemNav_8', 'PIUConsultaSolicitudNovedad', 'Consultar Novedades', '');
INSERT INTO IUNavigation (idIU, idIUNavigation, IUNavigationName, IUNavigationAlias, IUNavigationDescription) VALUES ('Clas_1431695392768502UIPobCl_Auto', 'Clas_1431695392768502NavOfer_AutoElemNav_9', '_Auto_', 'Producto', '');

-- IIU: Planes._Auto_
INSERT INTO IU (idIU, IUName, IUAlias, IUDescription, IUType) VALUES ('Clas_1431695392768502UIInst_3', '_Auto_', 'Plan', '', 'I');
INSERT INTO IUAction (idIU, idIUAction, IUActionName, IUActionAlias, IUActionDescription) VALUES ('Clas_1431695392768502UIInst_3', 'Clas_1431695392768502AccOfer_AutoElemAcc_1', 'SIUcrear', 'Crear plan', '');
INSERT INTO IUAction (idIU, idIUAction, IUActionName, IUActionAlias, IUActionDescription) VALUES ('Clas_1431695392768502UIInst_3', 'Clas_1431695392768502AccOfer_AutoElemAcc_2', 'SIUeliminar', 'Eliminar plan', '');
INSERT INTO IUAction (idIU, idIUAction, IUActionName, IUActionAlias, IUActionDescription) VALUES ('Clas_1431695392768502UIInst_3', 'Clas_1431695392768502AccOfer_AutoElemAcc_3', 'SIUmodificar', 'Modificar plan', '');
INSERT INTO IUAction (idIU, idIUAction, IUActionName, IUActionAlias, IUActionDescription) VALUES ('Clas_1431695392768502UIInst_3', 'Clas_1431695392768502AccOfer_AutoElemAcc_4', 'SIUDelPlan', 'Desasociar', '');
INSERT INTO IUAction (idIU, idIUAction, IUActionName, IUActionAlias, IUActionDescription) VALUES ('Clas_1431695392768502UIInst_3', 'Clas_1431695392768502AccOfer_AutoElemAcc_5', '_Auto_', 'Plan', '');
INSERT INTO IUNavigation (idIU, idIUNavigation, IUNavigationName, IUNavigationAlias, IUNavigationDescription) VALUES ('Clas_1431695392768502UIInst_3', 'Clas_1431695392768502NavOfer_AutoElemNav_1', 'PIUDominioObs', 'Dominios', '');
INSERT INTO IUNavigation (idIU, idIUNavigation, IUNavigationName, IUNavigationAlias, IUNavigationDescription) VALUES ('Clas_1431695392768502UIInst_3', 'Clas_1431695392768502NavOfer_AutoElemNav_2', 'PIUTarifas', 'Tarifas', '');
INSERT INTO IUNavigation (idIU, idIUNavigation, IUNavigationName, IUNavigationAlias, IUNavigationDescription) VALUES ('Clas_1431695392768502UIInst_3', 'Clas_1431695392768502NavOfer_AutoElemNav_3', 'PIUGrupoAsociado', 'Grupos Asociados', '');
INSERT INTO IUNavigation (idIU, idIUNavigation, IUNavigationName, IUNavigationAlias, IUNavigationDescription) VALUES ('Clas_1431695392768502UIInst_3', 'Clas_1431695392768502NavOfer_AutoElemNav_4', 'PIUTipoIVA', 'Tipos de I.V.A', '');
INSERT INTO IUNavigation (idIU, idIUNavigation, IUNavigationName, IUNavigationAlias, IUNavigationDescription) VALUES ('Clas_1431695392768502UIInst_3', 'Clas_1431695392768502NavOfer_AutoElemNav_5', '_Auto_', 'Solicidudes', '');
INSERT INTO IUNavigation (idIU, idIUNavigation, IUNavigationName, IUNavigationAlias, IUNavigationDescription) VALUES ('Clas_1431695392768502UIInst_3', 'Clas_1431695392768502NavOfer_AutoElemNav_6', '_Auto_', 'Contratos', '');
INSERT INTO IUNavigation (idIU, idIUNavigation, IUNavigationName, IUNavigationAlias, IUNavigationDescription) VALUES ('Clas_1431695392768502UIInst_3', 'Clas_1431695392768502NavOfer_AutoElemNav_7', 'PIUAfiliaciones', 'Afiliaciones', '');
INSERT INTO IUNavigation (idIU, idIUNavigation, IUNavigationName, IUNavigationAlias, IUNavigationDescription) VALUES ('Clas_1431695392768502UIInst_3', 'Clas_1431695392768502NavOfer_AutoElemNav_8', 'PIUConsultaSolicitudNovedad', 'Consultar Novedades', '');
INSERT INTO IUNavigation (idIU, idIUNavigation, IUNavigationName, IUNavigationAlias, IUNavigationDescription) VALUES ('Clas_1431695392768502UIInst_3', 'Clas_1431695392768502NavOfer_AutoElemNav_9', '_Auto_', 'Producto', '');

-- SIU: Planes.SIUcrear
INSERT INTO IU (idIU, IUName, IUAlias, IUDescription, IUType) VALUES ('Clas_1431695392768502Ser_1UIServ_1', 'SIUcrear', 'Crear plan', '', 'S');
-- SIU: Planes.SIUeliminar
INSERT INTO IU (idIU, IUName, IUAlias, IUDescription, IUType) VALUES ('Clas_1431695392768502Ser_2UIServ_1', 'SIUeliminar', 'Eliminar plan', '', 'S');
-- SIU: Planes.SIUmodificar
INSERT INTO IU (idIU, IUName, IUAlias, IUDescription, IUType) VALUES ('Clas_1431695392768502Ser_3UIServ_1', 'SIUmodificar', 'Modificar plan', '', 'S');
-- SIU: Planes.SIUDelPlan
INSERT INTO IU (idIU, IUName, IUAlias, IUDescription, IUType) VALUES ('Clas_1431695392768502Ser_12UIServ_2', 'SIUDelPlan', 'Desasociar', '', 'S');

---------------------------------------------
-- CLASS Parentesco
---------------------------------------------
-- PIU: Parentesco.PIUParentesco
INSERT INTO IU (idIU, IUName, IUAlias, IUDescription, IUType) VALUES ('Clas_1431698145280871UIPobCl_1', 'PIUParentesco', 'Parentescos', '', 'P');
INSERT INTO IUAttribute (idIU, idIUAttribute, IUAttributeName, IUAttributeAlias, IUAttributeDescription) VALUES ('Clas_1431698145280871UIPobCl_1', 'Clas_1431698145280871CjtoVis_AutoICtjoVis_1', 'Codigo', 'Código', '');
INSERT INTO IUAttribute (idIU, idIUAttribute, IUAttributeName, IUAttributeAlias, IUAttributeDescription) VALUES ('Clas_1431698145280871UIPobCl_1', 'Clas_1431698145280871CjtoVis_AutoICtjoVis_2', 'Descripcion', 'Descripción', '');
INSERT INTO IUAttribute (idIU, idIUAttribute, IUAttributeName, IUAttributeAlias, IUAttributeDescription) VALUES ('Clas_1431698145280871UIPobCl_1', 'Clas_1431698145280871CjtoVis_AutoICtjoVis_3', 'EsTitular', 'Es titular', '');
INSERT INTO IUAttribute (idIU, idIUAttribute, IUAttributeName, IUAttributeAlias, IUAttributeDescription) VALUES ('Clas_1431698145280871UIPobCl_1', 'Clas_1431698145280871CjtoVis_AutoICtjoVis_4', 'EsConyuge', 'Es cónyuge', '');
INSERT INTO IUAttribute (idIU, idIUAttribute, IUAttributeName, IUAttributeAlias, IUAttributeDescription) VALUES ('Clas_1431698145280871UIPobCl_1', 'Clas_1431698145280871CjtoVis_AutoICtjoVis_5', 'EsPadre', 'Es padre/madre', '');
INSERT INTO IUAttribute (idIU, idIUAttribute, IUAttributeName, IUAttributeAlias, IUAttributeDescription) VALUES ('Clas_1431698145280871UIPobCl_1', 'Clas_1431698145280871CjtoVis_AutoICtjoVis_6', 'EsHijo', 'Es hijo', '');
INSERT INTO IUAttribute (idIU, idIUAttribute, IUAttributeName, IUAttributeAlias, IUAttributeDescription) VALUES ('Clas_1431698145280871UIPobCl_1', 'Clas_1431698145280871CjtoVis_AutoICtjoVis_7', 'NombreCorto', 'Nombre corto', '');
INSERT INTO IUAction (idIU, idIUAction, IUActionName, IUActionAlias, IUActionDescription) VALUES ('Clas_1431698145280871UIPobCl_1', 'Clas_1431698145280871AccOfer_1ElemAcc_1', 'SIUcrear', 'Crear', '');
INSERT INTO IUAction (idIU, idIUAction, IUActionName, IUActionAlias, IUActionDescription) VALUES ('Clas_1431698145280871UIPobCl_1', 'Clas_1431698145280871AccOfer_1ElemAcc_2', 'SIUmodificar', 'Modificar', '');
INSERT INTO IUAction (idIU, idIUAction, IUActionName, IUActionAlias, IUActionDescription) VALUES ('Clas_1431698145280871UIPobCl_1', 'Clas_1431698145280871AccOfer_1ElemAcc_3', 'SIUTGSINCPARENTESCOS', 'Sincronizar', '');
INSERT INTO IUAction (idIU, idIUAction, IUActionName, IUActionAlias, IUActionDescription) VALUES ('Clas_1431698145280871UIPobCl_1', 'Clas_1431698145280871AccOfer_1ElemAcc_4', 'SIUeliminar', 'Eliminar', '');

-- PIU: Parentesco._Auto_
INSERT INTO IU (idIU, IUName, IUAlias, IUDescription, IUType) VALUES ('Clas_1431698145280871UIPobCl_Auto', '_Auto_', 'Parentesco', '', 'P');
INSERT INTO IUAttribute (idIU, idIUAttribute, IUAttributeName, IUAttributeAlias, IUAttributeDescription) VALUES ('Clas_1431698145280871UIPobCl_Auto', 'Clas_1431698145280871CjtoVis_AutoICtjoVis_1', 'Codigo', 'Código', '');
INSERT INTO IUAttribute (idIU, idIUAttribute, IUAttributeName, IUAttributeAlias, IUAttributeDescription) VALUES ('Clas_1431698145280871UIPobCl_Auto', 'Clas_1431698145280871CjtoVis_AutoICtjoVis_2', 'Descripcion', 'Descripción', '');
INSERT INTO IUAttribute (idIU, idIUAttribute, IUAttributeName, IUAttributeAlias, IUAttributeDescription) VALUES ('Clas_1431698145280871UIPobCl_Auto', 'Clas_1431698145280871CjtoVis_AutoICtjoVis_3', 'EsTitular', 'Es titular', '');
INSERT INTO IUAttribute (idIU, idIUAttribute, IUAttributeName, IUAttributeAlias, IUAttributeDescription) VALUES ('Clas_1431698145280871UIPobCl_Auto', 'Clas_1431698145280871CjtoVis_AutoICtjoVis_4', 'EsConyuge', 'Es cónyuge', '');
INSERT INTO IUAttribute (idIU, idIUAttribute, IUAttributeName, IUAttributeAlias, IUAttributeDescription) VALUES ('Clas_1431698145280871UIPobCl_Auto', 'Clas_1431698145280871CjtoVis_AutoICtjoVis_5', 'EsPadre', 'Es padre/madre', '');
INSERT INTO IUAttribute (idIU, idIUAttribute, IUAttributeName, IUAttributeAlias, IUAttributeDescription) VALUES ('Clas_1431698145280871UIPobCl_Auto', 'Clas_1431698145280871CjtoVis_AutoICtjoVis_6', 'EsHijo', 'Es hijo', '');
INSERT INTO IUAttribute (idIU, idIUAttribute, IUAttributeName, IUAttributeAlias, IUAttributeDescription) VALUES ('Clas_1431698145280871UIPobCl_Auto', 'Clas_1431698145280871CjtoVis_AutoICtjoVis_7', 'NombreCorto', 'Nombre corto', '');
INSERT INTO IUAction (idIU, idIUAction, IUActionName, IUActionAlias, IUActionDescription) VALUES ('Clas_1431698145280871UIPobCl_Auto', 'Clas_1431698145280871AccOfer_AutoElemAcc_1', 'SIUcrear', 'Crear parentesco', '');
INSERT INTO IUAction (idIU, idIUAction, IUActionName, IUActionAlias, IUActionDescription) VALUES ('Clas_1431698145280871UIPobCl_Auto', 'Clas_1431698145280871AccOfer_AutoElemAcc_2', 'SIUeliminar', 'Eliminar parentesco', '');
INSERT INTO IUAction (idIU, idIUAction, IUActionName, IUActionAlias, IUActionDescription) VALUES ('Clas_1431698145280871UIPobCl_Auto', 'Clas_1431698145280871AccOfer_AutoElemAcc_3', 'SIUmodificar', 'Modificar parentesco', '');
INSERT INTO IUAction (idIU, idIUAction, IUActionName, IUActionAlias, IUActionDescription) VALUES ('Clas_1431698145280871UIPobCl_Auto', 'Clas_1431698145280871AccOfer_AutoElemAcc_4', 'SIUInsParentescoUsuNovedad', 'InsParentescoUsuNovedad', '');
INSERT INTO IUAction (idIU, idIUAction, IUActionName, IUActionAlias, IUActionDescription) VALUES ('Clas_1431698145280871UIPobCl_Auto', 'Clas_1431698145280871AccOfer_AutoElemAcc_5', 'SIUDelParentescoUsuNovedad', 'DelParentescoUsuNovedad', '');
INSERT INTO IUAction (idIU, idIUAction, IUActionName, IUActionAlias, IUActionDescription) VALUES ('Clas_1431698145280871UIPobCl_Auto', 'Clas_1431698145280871AccOfer_AutoElemAcc_6', 'SIUInsParentescoNuevoUsuNoved', 'InsParentescoNuevoUsuNovedad', '');
INSERT INTO IUAction (idIU, idIUAction, IUActionName, IUActionAlias, IUActionDescription) VALUES ('Clas_1431698145280871UIPobCl_Auto', 'Clas_1431698145280871AccOfer_AutoElemAcc_7', 'SIUDelParentescoNuevoUsuNoved', 'DelParentescoNuevoUsuNovedad', '');
INSERT INTO IUAction (idIU, idIUAction, IUActionName, IUActionAlias, IUActionDescription) VALUES ('Clas_1431698145280871UIPobCl_Auto', 'Clas_1431698145280871AccOfer_AutoElemAcc_8', '_Auto_', 'Parentesco', '');
INSERT INTO IUNavigation (idIU, idIUNavigation, IUNavigationName, IUNavigationAlias, IUNavigationDescription) VALUES ('Clas_1431698145280871UIPobCl_Auto', 'Clas_1431698145280871NavOfer_AutoElemNav_1', 'PIUUsuarioDePIUStatusSol', 'Detalle de usuarios', '');
INSERT INTO IUNavigation (idIU, idIUNavigation, IUNavigationName, IUNavigationAlias, IUNavigationDescription) VALUES ('Clas_1431698145280871UIPobCl_Auto', 'Clas_1431698145280871NavOfer_AutoElemNav_2', '_Auto_', 'Beneficiarios', '');
INSERT INTO IUNavigation (idIU, idIUNavigation, IUNavigationName, IUNavigationAlias, IUNavigationDescription) VALUES ('Clas_1431698145280871UIPobCl_Auto', 'Clas_1431698145280871NavOfer_AutoElemNav_3', 'PIUUsuarioReg', 'Usuarios registrados', '');
INSERT INTO IUNavigation (idIU, idIUNavigation, IUNavigationName, IUNavigationAlias, IUNavigationDescription) VALUES ('Clas_1431698145280871UIPobCl_Auto', 'Clas_1431698145280871NavOfer_AutoElemNav_4', 'PIUParentescoDom', 'Parentescos', '');
INSERT INTO IUNavigation (idIU, idIUNavigation, IUNavigationName, IUNavigationAlias, IUNavigationDescription) VALUES ('Clas_1431698145280871UIPobCl_Auto', 'Clas_1431698145280871NavOfer_AutoElemNav_5', 'PIUUsuNovTipoTitular', 'Usuarios', '');
INSERT INTO IUNavigation (idIU, idIUNavigation, IUNavigationName, IUNavigationAlias, IUNavigationDescription) VALUES ('Clas_1431698145280871UIPobCl_Auto', 'Clas_1431698145280871NavOfer_AutoElemNav_6', 'PIUUsuNovTipoTitular', 'Usuarios', '');

-- IIU: Parentesco._Auto_
INSERT INTO IU (idIU, IUName, IUAlias, IUDescription, IUType) VALUES ('Clas_1431698145280871UIInst_1', '_Auto_', 'Parentesco', '', 'I');
INSERT INTO IUAction (idIU, idIUAction, IUActionName, IUActionAlias, IUActionDescription) VALUES ('Clas_1431698145280871UIInst_1', 'Clas_1431698145280871AccOfer_AutoElemAcc_1', 'SIUcrear', 'Crear parentesco', '');
INSERT INTO IUAction (idIU, idIUAction, IUActionName, IUActionAlias, IUActionDescription) VALUES ('Clas_1431698145280871UIInst_1', 'Clas_1431698145280871AccOfer_AutoElemAcc_2', 'SIUeliminar', 'Eliminar parentesco', '');
INSERT INTO IUAction (idIU, idIUAction, IUActionName, IUActionAlias, IUActionDescription) VALUES ('Clas_1431698145280871UIInst_1', 'Clas_1431698145280871AccOfer_AutoElemAcc_3', 'SIUmodificar', 'Modificar parentesco', '');
INSERT INTO IUAction (idIU, idIUAction, IUActionName, IUActionAlias, IUActionDescription) VALUES ('Clas_1431698145280871UIInst_1', 'Clas_1431698145280871AccOfer_AutoElemAcc_4', 'SIUInsParentescoUsuNovedad', 'InsParentescoUsuNovedad', '');
INSERT INTO IUAction (idIU, idIUAction, IUActionName, IUActionAlias, IUActionDescription) VALUES ('Clas_1431698145280871UIInst_1', 'Clas_1431698145280871AccOfer_AutoElemAcc_5', 'SIUDelParentescoUsuNovedad', 'DelParentescoUsuNovedad', '');
INSERT INTO IUAction (idIU, idIUAction, IUActionName, IUActionAlias, IUActionDescription) VALUES ('Clas_1431698145280871UIInst_1', 'Clas_1431698145280871AccOfer_AutoElemAcc_6', 'SIUInsParentescoNuevoUsuNoved', 'InsParentescoNuevoUsuNovedad', '');
INSERT INTO IUAction (idIU, idIUAction, IUActionName, IUActionAlias, IUActionDescription) VALUES ('Clas_1431698145280871UIInst_1', 'Clas_1431698145280871AccOfer_AutoElemAcc_7', 'SIUDelParentescoNuevoUsuNoved', 'DelParentescoNuevoUsuNovedad', '');
INSERT INTO IUAction (idIU, idIUAction, IUActionName, IUActionAlias, IUActionDescription) VALUES ('Clas_1431698145280871UIInst_1', 'Clas_1431698145280871AccOfer_AutoElemAcc_8', '_Auto_', 'Parentesco', '');
INSERT INTO IUNavigation (idIU, idIUNavigation, IUNavigationName, IUNavigationAlias, IUNavigationDescription) VALUES ('Clas_1431698145280871UIInst_1', 'Clas_1431698145280871NavOfer_AutoElemNav_1', 'PIUUsuarioDePIUStatusSol', 'Detalle de usuarios', '');
INSERT INTO IUNavigation (idIU, idIUNavigation, IUNavigationName, IUNavigationAlias, IUNavigationDescription) VALUES ('Clas_1431698145280871UIInst_1', 'Clas_1431698145280871NavOfer_AutoElemNav_2', '_Auto_', 'Beneficiarios', '');
INSERT INTO IUNavigation (idIU, idIUNavigation, IUNavigationName, IUNavigationAlias, IUNavigationDescription) VALUES ('Clas_1431698145280871UIInst_1', 'Clas_1431698145280871NavOfer_AutoElemNav_3', 'PIUUsuarioReg', 'Usuarios registrados', '');
INSERT INTO IUNavigation (idIU, idIUNavigation, IUNavigationName, IUNavigationAlias, IUNavigationDescription) VALUES ('Clas_1431698145280871UIInst_1', 'Clas_1431698145280871NavOfer_AutoElemNav_4', 'PIUParentescoDom', 'Parentescos', '');
INSERT INTO IUNavigation (idIU, idIUNavigation, IUNavigationName, IUNavigationAlias, IUNavigationDescription) VALUES ('Clas_1431698145280871UIInst_1', 'Clas_1431698145280871NavOfer_AutoElemNav_5', 'PIUUsuNovTipoTitular', 'Usuarios', '');
INSERT INTO IUNavigation (idIU, idIUNavigation, IUNavigationName, IUNavigationAlias, IUNavigationDescription) VALUES ('Clas_1431698145280871UIInst_1', 'Clas_1431698145280871NavOfer_AutoElemNav_6', 'PIUUsuNovTipoTitular', 'Usuarios', '');

-- SIU: Parentesco.SIUcrear
INSERT INTO IU (idIU, IUName, IUAlias, IUDescription, IUType) VALUES ('Clas_1431698145280871Ser_1UIServ_1', 'SIUcrear', 'Crear parentesco', '', 'S');
-- SIU: Parentesco.SIUeliminar
INSERT INTO IU (idIU, IUName, IUAlias, IUDescription, IUType) VALUES ('Clas_1431698145280871Ser_2UIServ_1', 'SIUeliminar', 'Eliminar parentesco', '', 'S');
-- SIU: Parentesco.SIUmodificar
INSERT INTO IU (idIU, IUName, IUAlias, IUDescription, IUType) VALUES ('Clas_1431698145280871Ser_3UIServ_1', 'SIUmodificar', 'Modificar parentesco', '', 'S');
-- SIU: Parentesco.SIUInsParentescoUsuNovedad
INSERT INTO IU (idIU, IUName, IUAlias, IUDescription, IUType) VALUES ('Clas_1431698145280871Ser_10UIServ_1', 'SIUInsParentescoUsuNovedad', 'InsParentescoUsuNovedad', '', 'S');
-- SIU: Parentesco.SIUDelParentescoUsuNovedad
INSERT INTO IU (idIU, IUName, IUAlias, IUDescription, IUType) VALUES ('Clas_1431698145280871Ser_11UIServ_1', 'SIUDelParentescoUsuNovedad', 'DelParentescoUsuNovedad', '', 'S');
-- SIU: Parentesco.SIUInsParentescoNuevoUsuNoved
INSERT INTO IU (idIU, IUName, IUAlias, IUDescription, IUType) VALUES ('Clas_1431698145280871Ser_12UIServ_1', 'SIUInsParentescoNuevoUsuNoved', 'InsParentescoNuevoUsuNovedad', '', 'S');
-- SIU: Parentesco.SIUDelParentescoNuevoUsuNoved
INSERT INTO IU (idIU, IUName, IUAlias, IUDescription, IUType) VALUES ('Clas_1431698145280871Ser_13UIServ_1', 'SIUDelParentescoNuevoUsuNoved', 'DelParentescoNuevoUsuNovedad', '', 'S');

---------------------------------------------
-- CLASS Periodicidad
---------------------------------------------
-- PIU: Periodicidad.PIUPeriodicidad
INSERT INTO IU (idIU, IUName, IUAlias, IUDescription, IUType) VALUES ('Clas_1431699849216490UIPobCl_1', 'PIUPeriodicidad', 'Periodicidades de pago', '', 'P');
INSERT INTO IUAttribute (idIU, idIUAttribute, IUAttributeName, IUAttributeAlias, IUAttributeDescription) VALUES ('Clas_1431699849216490UIPobCl_1', 'Clas_1431699849216490CjtoVis_AutoICtjoVis_1', 'Codigo', 'Código', '');
INSERT INTO IUAttribute (idIU, idIUAttribute, IUAttributeName, IUAttributeAlias, IUAttributeDescription) VALUES ('Clas_1431699849216490UIPobCl_1', 'Clas_1431699849216490CjtoVis_AutoICtjoVis_2', 'Descripcion', 'Descripción', '');
INSERT INTO IUAttribute (idIU, idIUAttribute, IUAttributeName, IUAttributeAlias, IUAttributeDescription) VALUES ('Clas_1431699849216490UIPobCl_1', 'Clas_1431699849216490CjtoVis_AutoICtjoVis_3', 'EsMensual', 'Es mensual', '');
INSERT INTO IUAttribute (idIU, idIUAttribute, IUAttributeName, IUAttributeAlias, IUAttributeDescription) VALUES ('Clas_1431699849216490UIPobCl_1', 'Clas_1431699849216490CjtoVis_AutoICtjoVis_4', 'drvNumPagos', 'No. Pagos al año', '');
INSERT INTO IUAction (idIU, idIUAction, IUActionName, IUActionAlias, IUActionDescription) VALUES ('Clas_1431699849216490UIPobCl_1', 'Clas_1431699849216490AccOfer_1ElemAcc_1', 'SIUcrear', 'Crear', '');
INSERT INTO IUAction (idIU, idIUAction, IUActionName, IUActionAlias, IUActionDescription) VALUES ('Clas_1431699849216490UIPobCl_1', 'Clas_1431699849216490AccOfer_1ElemAcc_4', 'SIUmodificar', 'Modificar', '');
INSERT INTO IUAction (idIU, idIUAction, IUActionName, IUActionAlias, IUActionDescription) VALUES ('Clas_1431699849216490UIPobCl_1', 'Clas_1431699849216490AccOfer_1ElemAcc_2', 'SIUTGSINCPERIODICIDADES', 'Sincronizar', '');
INSERT INTO IUAction (idIU, idIUAction, IUActionName, IUActionAlias, IUActionDescription) VALUES ('Clas_1431699849216490UIPobCl_1', 'Clas_1431699849216490AccOfer_1ElemAcc_3', 'SIUeliminar', 'Eliminar', '');

-- PIU: Periodicidad.PIUPeriodicidadDetDominio
INSERT INTO IU (idIU, IUName, IUAlias, IUDescription, IUType) VALUES ('Clas_1431699849216490UIPobCl_2', 'PIUPeriodicidadDetDominio', 'Periodicidades', '', 'P');
INSERT INTO IUAttribute (idIU, idIUAttribute, IUAttributeName, IUAttributeAlias, IUAttributeDescription) VALUES ('Clas_1431699849216490UIPobCl_2', 'Clas_1431699849216490CjtoVis_AutoICtjoVis_1', 'Codigo', 'Código', '');
INSERT INTO IUAttribute (idIU, idIUAttribute, IUAttributeName, IUAttributeAlias, IUAttributeDescription) VALUES ('Clas_1431699849216490UIPobCl_2', 'Clas_1431699849216490CjtoVis_AutoICtjoVis_2', 'Descripcion', 'Descripción', '');
INSERT INTO IUAttribute (idIU, idIUAttribute, IUAttributeName, IUAttributeAlias, IUAttributeDescription) VALUES ('Clas_1431699849216490UIPobCl_2', 'Clas_1431699849216490CjtoVis_AutoICtjoVis_3', 'EsMensual', 'Es mensual', '');
INSERT INTO IUAttribute (idIU, idIUAttribute, IUAttributeName, IUAttributeAlias, IUAttributeDescription) VALUES ('Clas_1431699849216490UIPobCl_2', 'Clas_1431699849216490CjtoVis_AutoICtjoVis_4', 'drvNumPagos', 'No. Pagos al año', '');
INSERT INTO IUAction (idIU, idIUAction, IUActionName, IUActionAlias, IUActionDescription) VALUES ('Clas_1431699849216490UIPobCl_2', 'Clas_1431699849216490AccOfer_2ElemAcc_1', 'SIUInsPeriodicidadDominio', 'Aceptar periodicidad', '');
INSERT INTO IUAction (idIU, idIUAction, IUActionName, IUActionAlias, IUActionDescription) VALUES ('Clas_1431699849216490UIPobCl_2', 'Clas_1431699849216490AccOfer_2ElemAcc_2', 'SIUDelPeriodicidadDominio', 'Rechazar periodicidad', '');

-- PIU: Periodicidad._Auto_
INSERT INTO IU (idIU, IUName, IUAlias, IUDescription, IUType) VALUES ('Clas_1431699849216490UIPobCl_Auto', '_Auto_', 'Periodicidad', '', 'P');
INSERT INTO IUAttribute (idIU, idIUAttribute, IUAttributeName, IUAttributeAlias, IUAttributeDescription) VALUES ('Clas_1431699849216490UIPobCl_Auto', 'Clas_1431699849216490CjtoVis_AutoICtjoVis_1', 'Codigo', 'Código', '');
INSERT INTO IUAttribute (idIU, idIUAttribute, IUAttributeName, IUAttributeAlias, IUAttributeDescription) VALUES ('Clas_1431699849216490UIPobCl_Auto', 'Clas_1431699849216490CjtoVis_AutoICtjoVis_2', 'Descripcion', 'Descripción', '');
INSERT INTO IUAttribute (idIU, idIUAttribute, IUAttributeName, IUAttributeAlias, IUAttributeDescription) VALUES ('Clas_1431699849216490UIPobCl_Auto', 'Clas_1431699849216490CjtoVis_AutoICtjoVis_3', 'EsMensual', 'Es mensual', '');
INSERT INTO IUAttribute (idIU, idIUAttribute, IUAttributeName, IUAttributeAlias, IUAttributeDescription) VALUES ('Clas_1431699849216490UIPobCl_Auto', 'Clas_1431699849216490CjtoVis_AutoICtjoVis_4', 'drvNumPagos', 'No. Pagos al año', '');
INSERT INTO IUAction (idIU, idIUAction, IUActionName, IUActionAlias, IUActionDescription) VALUES ('Clas_1431699849216490UIPobCl_Auto', 'Clas_1431699849216490AccOfer_AutoElemAcc_1', 'SIUcrear', 'Crear periodicidad', '');
INSERT INTO IUAction (idIU, idIUAction, IUActionName, IUActionAlias, IUActionDescription) VALUES ('Clas_1431699849216490UIPobCl_Auto', 'Clas_1431699849216490AccOfer_AutoElemAcc_2', 'SIUeliminar', 'Eliminar periodicidad', '');
INSERT INTO IUAction (idIU, idIUAction, IUActionName, IUActionAlias, IUActionDescription) VALUES ('Clas_1431699849216490UIPobCl_Auto', 'Clas_1431699849216490AccOfer_AutoElemAcc_3', 'SIUmodificar', 'Modificar periodicidad', '');
INSERT INTO IUAction (idIU, idIUAction, IUActionName, IUActionAlias, IUActionDescription) VALUES ('Clas_1431699849216490UIPobCl_Auto', 'Clas_1431699849216490AccOfer_AutoElemAcc_4', '_Auto_', 'Periodicidad', '');
INSERT INTO IUNavigation (idIU, idIUNavigation, IUNavigationName, IUNavigationAlias, IUNavigationDescription) VALUES ('Clas_1431699849216490UIPobCl_Auto', 'Clas_1431699849216490NavOfer_AutoElemNav_1', 'PIUDominioObs', 'Dominios', '');
INSERT INTO IUNavigation (idIU, idIUNavigation, IUNavigationName, IUNavigationAlias, IUNavigationDescription) VALUES ('Clas_1431699849216490UIPobCl_Auto', 'Clas_1431699849216490NavOfer_AutoElemNav_2', 'PIURadicados', 'Radicados', '');
INSERT INTO IUNavigation (idIU, idIUNavigation, IUNavigationName, IUNavigationAlias, IUNavigationDescription) VALUES ('Clas_1431699849216490UIPobCl_Auto', 'Clas_1431699849216490NavOfer_AutoElemNav_3', '_Auto_', 'Anexos maternidad', '');
INSERT INTO IUNavigation (idIU, idIUNavigation, IUNavigationName, IUNavigationAlias, IUNavigationDescription) VALUES ('Clas_1431699849216490UIPobCl_Auto', 'Clas_1431699849216490NavOfer_AutoElemNav_4', '_Auto_', 'Anexos neonatales', '');
INSERT INTO IUNavigation (idIU, idIUNavigation, IUNavigationName, IUNavigationAlias, IUNavigationDescription) VALUES ('Clas_1431699849216490UIPobCl_Auto', 'Clas_1431699849216490NavOfer_AutoElemNav_5', '_Auto_', 'Contratos', '');
INSERT INTO IUNavigation (idIU, idIUNavigation, IUNavigationName, IUNavigationAlias, IUNavigationDescription) VALUES ('Clas_1431699849216490UIPobCl_Auto', 'Clas_1431699849216490NavOfer_AutoElemNav_6', '_Auto_', 'Anexos', '');
INSERT INTO IUNavigation (idIU, idIUNavigation, IUNavigationName, IUNavigationAlias, IUNavigationDescription) VALUES ('Clas_1431699849216490UIPobCl_Auto', 'Clas_1431699849216490NavOfer_AutoElemNav_7', 'PIUConsultaSolicitudNovedad', 'Consultar Novedades', '');
INSERT INTO IUNavigation (idIU, idIUNavigation, IUNavigationName, IUNavigationAlias, IUNavigationDescription) VALUES ('Clas_1431699849216490UIPobCl_Auto', 'Clas_1431699849216490NavOfer_AutoElemNav_8', 'PIUConsultaSolicitudNovedad', 'Consultar Novedades', '');

-- IIU: Periodicidad._Auto_
INSERT INTO IU (idIU, IUName, IUAlias, IUDescription, IUType) VALUES ('Clas_1431699849216490UIInst_2', '_Auto_', 'Periodicidad', '', 'I');
INSERT INTO IUAction (idIU, idIUAction, IUActionName, IUActionAlias, IUActionDescription) VALUES ('Clas_1431699849216490UIInst_2', 'Clas_1431699849216490AccOfer_AutoElemAcc_1', 'SIUcrear', 'Crear periodicidad', '');
INSERT INTO IUAction (idIU, idIUAction, IUActionName, IUActionAlias, IUActionDescription) VALUES ('Clas_1431699849216490UIInst_2', 'Clas_1431699849216490AccOfer_AutoElemAcc_2', 'SIUeliminar', 'Eliminar periodicidad', '');
INSERT INTO IUAction (idIU, idIUAction, IUActionName, IUActionAlias, IUActionDescription) VALUES ('Clas_1431699849216490UIInst_2', 'Clas_1431699849216490AccOfer_AutoElemAcc_3', 'SIUmodificar', 'Modificar periodicidad', '');
INSERT INTO IUAction (idIU, idIUAction, IUActionName, IUActionAlias, IUActionDescription) VALUES ('Clas_1431699849216490UIInst_2', 'Clas_1431699849216490AccOfer_AutoElemAcc_4', '_Auto_', 'Periodicidad', '');
INSERT INTO IUNavigation (idIU, idIUNavigation, IUNavigationName, IUNavigationAlias, IUNavigationDescription) VALUES ('Clas_1431699849216490UIInst_2', 'Clas_1431699849216490NavOfer_AutoElemNav_1', 'PIUDominioObs', 'Dominios', '');
INSERT INTO IUNavigation (idIU, idIUNavigation, IUNavigationName, IUNavigationAlias, IUNavigationDescription) VALUES ('Clas_1431699849216490UIInst_2', 'Clas_1431699849216490NavOfer_AutoElemNav_2', 'PIURadicados', 'Radicados', '');
INSERT INTO IUNavigation (idIU, idIUNavigation, IUNavigationName, IUNavigationAlias, IUNavigationDescription) VALUES ('Clas_1431699849216490UIInst_2', 'Clas_1431699849216490NavOfer_AutoElemNav_3', '_Auto_', 'Anexos maternidad', '');
INSERT INTO IUNavigation (idIU, idIUNavigation, IUNavigationName, IUNavigationAlias, IUNavigationDescription) VALUES ('Clas_1431699849216490UIInst_2', 'Clas_1431699849216490NavOfer_AutoElemNav_4', '_Auto_', 'Anexos neonatales', '');
INSERT INTO IUNavigation (idIU, idIUNavigation, IUNavigationName, IUNavigationAlias, IUNavigationDescription) VALUES ('Clas_1431699849216490UIInst_2', 'Clas_1431699849216490NavOfer_AutoElemNav_5', '_Auto_', 'Contratos', '');
INSERT INTO IUNavigation (idIU, idIUNavigation, IUNavigationName, IUNavigationAlias, IUNavigationDescription) VALUES ('Clas_1431699849216490UIInst_2', 'Clas_1431699849216490NavOfer_AutoElemNav_6', '_Auto_', 'Anexos', '');
INSERT INTO IUNavigation (idIU, idIUNavigation, IUNavigationName, IUNavigationAlias, IUNavigationDescription) VALUES ('Clas_1431699849216490UIInst_2', 'Clas_1431699849216490NavOfer_AutoElemNav_7', 'PIUConsultaSolicitudNovedad', 'Consultar Novedades', '');
INSERT INTO IUNavigation (idIU, idIUNavigation, IUNavigationName, IUNavigationAlias, IUNavigationDescription) VALUES ('Clas_1431699849216490UIInst_2', 'Clas_1431699849216490NavOfer_AutoElemNav_8', 'PIUConsultaSolicitudNovedad', 'Consultar Novedades', '');

-- SIU: Periodicidad.SIUcrear
INSERT INTO IU (idIU, IUName, IUAlias, IUDescription, IUType) VALUES ('Clas_1431699849216490Ser_1UIServ_1', 'SIUcrear', 'Crear periodicidad', '', 'S');
-- SIU: Periodicidad.SIUeliminar
INSERT INTO IU (idIU, IUName, IUAlias, IUDescription, IUType) VALUES ('Clas_1431699849216490Ser_2UIServ_1', 'SIUeliminar', 'Eliminar periodicidad', '', 'S');
-- SIU: Periodicidad.SIUmodificar
INSERT INTO IU (idIU, IUName, IUAlias, IUDescription, IUType) VALUES ('Clas_1431699849216490Ser_10UIServ_1', 'SIUmodificar', 'Modificar periodicidad', '', 'S');

---------------------------------------------
-- CLASS Rol
---------------------------------------------
-- PIU: Rol.PIURol
INSERT INTO IU (idIU, IUName, IUAlias, IUDescription, IUType) VALUES ('Clas_1431700897792807UIPobCl_1', 'PIURol', 'Roles', '', 'P');
INSERT INTO IUAttribute (idIU, idIUAttribute, IUAttributeName, IUAttributeAlias, IUAttributeDescription) VALUES ('Clas_1431700897792807UIPobCl_1', 'Clas_1431700897792807CjtoVis_AutoICtjoVis_1', 'Identificador', 'Identificador', '');
INSERT INTO IUAttribute (idIU, idIUAttribute, IUAttributeName, IUAttributeAlias, IUAttributeDescription) VALUES ('Clas_1431700897792807UIPobCl_1', 'Clas_1431700897792807CjtoVis_AutoICtjoVis_2', 'Nombre', 'Nombre', '');
INSERT INTO IUAction (idIU, idIUAction, IUActionName, IUActionAlias, IUActionDescription) VALUES ('Clas_1431700897792807UIPobCl_1', 'Clas_1431700897792807AccOfer_1ElemAcc_1', 'SIUcrear', 'Crear', '');
INSERT INTO IUAction (idIU, idIUAction, IUActionName, IUActionAlias, IUActionDescription) VALUES ('Clas_1431700897792807UIPobCl_1', 'Clas_1431700897792807AccOfer_1ElemAcc_2', 'SIUeliminar', 'Eliminar', '');

-- PIU: Rol.PIURolDetDominio
INSERT INTO IU (idIU, IUName, IUAlias, IUDescription, IUType) VALUES ('Clas_1431700897792807UIPobCl_2', 'PIURolDetDominio', 'Roles', '', 'P');
INSERT INTO IUAttribute (idIU, idIUAttribute, IUAttributeName, IUAttributeAlias, IUAttributeDescription) VALUES ('Clas_1431700897792807UIPobCl_2', 'Clas_1431700897792807CjtoVis_AutoICtjoVis_1', 'Identificador', 'Identificador', '');
INSERT INTO IUAttribute (idIU, idIUAttribute, IUAttributeName, IUAttributeAlias, IUAttributeDescription) VALUES ('Clas_1431700897792807UIPobCl_2', 'Clas_1431700897792807CjtoVis_AutoICtjoVis_2', 'Nombre', 'Nombre', '');
INSERT INTO IUAction (idIU, idIUAction, IUActionName, IUActionAlias, IUActionDescription) VALUES ('Clas_1431700897792807UIPobCl_2', 'Clas_1431700897792807AccOfer_2ElemAcc_1', 'SIUInsRolDominio', 'Dar permisos al rol', '');
INSERT INTO IUAction (idIU, idIUAction, IUActionName, IUActionAlias, IUActionDescription) VALUES ('Clas_1431700897792807UIPobCl_2', 'Clas_1431700897792807AccOfer_2ElemAcc_2', 'SIUDelRollDominio', 'Quitar permisos al rol', '');

-- PIU: Rol._Auto_
INSERT INTO IU (idIU, IUName, IUAlias, IUDescription, IUType) VALUES ('Clas_1431700897792807UIPobCl_Auto', '_Auto_', 'Rol', '', 'P');
INSERT INTO IUAttribute (idIU, idIUAttribute, IUAttributeName, IUAttributeAlias, IUAttributeDescription) VALUES ('Clas_1431700897792807UIPobCl_Auto', 'Clas_1431700897792807CjtoVis_AutoICtjoVis_1', 'Identificador', 'Identificador', '');
INSERT INTO IUAttribute (idIU, idIUAttribute, IUAttributeName, IUAttributeAlias, IUAttributeDescription) VALUES ('Clas_1431700897792807UIPobCl_Auto', 'Clas_1431700897792807CjtoVis_AutoICtjoVis_2', 'Nombre', 'Nombre', '');
INSERT INTO IUAction (idIU, idIUAction, IUActionName, IUActionAlias, IUActionDescription) VALUES ('Clas_1431700897792807UIPobCl_Auto', 'Clas_1431700897792807AccOfer_AutoElemAcc_1', 'SIUcrear', 'Crear rol', '');
INSERT INTO IUAction (idIU, idIUAction, IUActionName, IUActionAlias, IUActionDescription) VALUES ('Clas_1431700897792807UIPobCl_Auto', 'Clas_1431700897792807AccOfer_AutoElemAcc_2', 'SIUeliminar', 'Eliminar rol', '');
INSERT INTO IUAction (idIU, idIUAction, IUActionName, IUActionAlias, IUActionDescription) VALUES ('Clas_1431700897792807UIPobCl_Auto', 'Clas_1431700897792807AccOfer_AutoElemAcc_3', '_Auto_', 'Rol', '');
INSERT INTO IUNavigation (idIU, idIUNavigation, IUNavigationName, IUNavigationAlias, IUNavigationDescription) VALUES ('Clas_1431700897792807UIPobCl_Auto', 'Clas_1431700897792807NavOfer_AutoElemNav_1', 'PIUAgente', 'Usuarios', '');
INSERT INTO IUNavigation (idIU, idIUNavigation, IUNavigationName, IUNavigationAlias, IUNavigationDescription) VALUES ('Clas_1431700897792807UIPobCl_Auto', 'Clas_1431700897792807NavOfer_AutoElemNav_2', 'PIUDominioObs', 'Dominios', '');

-- IIU: Rol._Auto_
INSERT INTO IU (idIU, IUName, IUAlias, IUDescription, IUType) VALUES ('Clas_1431700897792807UIInst_2', '_Auto_', 'Rol', '', 'I');
INSERT INTO IUAction (idIU, idIUAction, IUActionName, IUActionAlias, IUActionDescription) VALUES ('Clas_1431700897792807UIInst_2', 'Clas_1431700897792807AccOfer_AutoElemAcc_1', 'SIUcrear', 'Crear rol', '');
INSERT INTO IUAction (idIU, idIUAction, IUActionName, IUActionAlias, IUActionDescription) VALUES ('Clas_1431700897792807UIInst_2', 'Clas_1431700897792807AccOfer_AutoElemAcc_2', 'SIUeliminar', 'Eliminar rol', '');
INSERT INTO IUAction (idIU, idIUAction, IUActionName, IUActionAlias, IUActionDescription) VALUES ('Clas_1431700897792807UIInst_2', 'Clas_1431700897792807AccOfer_AutoElemAcc_3', '_Auto_', 'Rol', '');
INSERT INTO IUNavigation (idIU, idIUNavigation, IUNavigationName, IUNavigationAlias, IUNavigationDescription) VALUES ('Clas_1431700897792807UIInst_2', 'Clas_1431700897792807NavOfer_AutoElemNav_1', 'PIUAgente', 'Usuarios', '');
INSERT INTO IUNavigation (idIU, idIUNavigation, IUNavigationName, IUNavigationAlias, IUNavigationDescription) VALUES ('Clas_1431700897792807UIInst_2', 'Clas_1431700897792807NavOfer_AutoElemNav_2', 'PIUDominioObs', 'Dominios', '');

-- SIU: Rol.SIUcrear
INSERT INTO IU (idIU, IUName, IUAlias, IUDescription, IUType) VALUES ('Clas_1431700897792807Ser_1UIServ_1', 'SIUcrear', 'Crear rol', '', 'S');
-- SIU: Rol.SIUeliminar
INSERT INTO IU (idIU, IUName, IUAlias, IUDescription, IUType) VALUES ('Clas_1431700897792807Ser_2UIServ_1', 'SIUeliminar', 'Eliminar rol', '', 'S');

---------------------------------------------
-- CLASS Dominio
---------------------------------------------
-- PIU: Dominio.PIUDominio
INSERT INTO IU (idIU, IUName, IUAlias, IUDescription, IUType) VALUES ('Clas_1431701422080423UIPobCl_1', 'PIUDominio', 'Dominios', '', 'P');
INSERT INTO IUAttribute (idIU, idIUAttribute, IUAttributeName, IUAttributeAlias, IUAttributeDescription) VALUES ('Clas_1431701422080423UIPobCl_1', 'Clas_1431701422080423CjtoVis_2ICtjoVis_1', 'ProductoT.Descripcion', 'Producto', '');
INSERT INTO IUAttribute (idIU, idIUAttribute, IUAttributeName, IUAttributeAlias, IUAttributeDescription) VALUES ('Clas_1431701422080423UIPobCl_1', 'Clas_1431701422080423CjtoVis_2ICtjoVis_2', 'PlanT.Nombre', 'Plan', '');
INSERT INTO IUAttribute (idIU, idIUAttribute, IUAttributeName, IUAttributeAlias, IUAttributeDescription) VALUES ('Clas_1431701422080423UIPobCl_1', 'Clas_1431701422080423CjtoVis_2ICtjoVis_3', 'NuevaAfiliacion', 'Nueva afiliación', '');
INSERT INTO IUAttribute (idIU, idIUAttribute, IUAttributeName, IUAttributeAlias, IUAttributeDescription) VALUES ('Clas_1431701422080423UIPobCl_1', 'Clas_1431701422080423CjtoVis_2ICtjoVis_4', 'Inclusion', 'Inclusión', '');
INSERT INTO IUAttribute (idIU, idIUAttribute, IUAttributeName, IUAttributeAlias, IUAttributeDescription) VALUES ('Clas_1431701422080423UIPobCl_1', 'Clas_1431701422080423CjtoVis_2ICtjoVis_5', 'ReqCuesMed', 'Cuestionario médico', '');
INSERT INTO IUAttribute (idIU, idIUAttribute, IUAttributeName, IUAttributeAlias, IUAttributeDescription) VALUES ('Clas_1431701422080423UIPobCl_1', 'Clas_1431701422080423CjtoVis_2ICtjoVis_8', 'NoCuesMedTras', 'No cuestionario si traslado', '');
INSERT INTO IUAttribute (idIU, idIUAttribute, IUAttributeName, IUAttributeAlias, IUAttributeDescription) VALUES ('Clas_1431701422080423UIPobCl_1', 'Clas_1431701422080423CjtoVis_2ICtjoVis_6', 'AcepCuesMat', 'Cuestionario maternal', '');
INSERT INTO IUAttribute (idIU, idIUAttribute, IUAttributeName, IUAttributeAlias, IUAttributeDescription) VALUES ('Clas_1431701422080423UIPobCl_1', 'Clas_1431701422080423CjtoVis_2ICtjoVis_7', 'AcepCuesNeo', 'Cuestionario neonatal', '');
INSERT INTO IUAttribute (idIU, idIUAttribute, IUAttributeName, IUAttributeAlias, IUAttributeDescription) VALUES ('Clas_1431701422080423UIPobCl_1', 'Clas_1431701422080423CjtoVis_2ICtjoVis_9', 'AcepBBGestante', 'Bebe gestante', '');
INSERT INTO IUAction (idIU, idIUAction, IUActionName, IUActionAlias, IUActionDescription) VALUES ('Clas_1431701422080423UIPobCl_1', 'Clas_1431701422080423AccOfer_1ElemAcc_1', 'SIUcrear', 'Crear', '');
INSERT INTO IUAction (idIU, idIUAction, IUActionName, IUActionAlias, IUActionDescription) VALUES ('Clas_1431701422080423UIPobCl_1', 'Clas_1431701422080423AccOfer_1ElemAcc_3', 'MDIUDominio', 'Configurar', '');
INSERT INTO IUAction (idIU, idIUAction, IUActionName, IUActionAlias, IUActionDescription) VALUES ('Clas_1431701422080423UIPobCl_1', 'Clas_1431701422080423AccOfer_1ElemAcc_2', 'SIUTELIMINAR', 'Eliminar', '');

-- PIU: Dominio.PIUDominiosPorAsesor
INSERT INTO IU (idIU, IUName, IUAlias, IUDescription, IUType) VALUES ('Clas_1431701422080423UIPobCl_3', 'PIUDominiosPorAsesor', 'Dominios', '', 'P');
INSERT INTO IUAttribute (idIU, idIUAttribute, IUAttributeName, IUAttributeAlias, IUAttributeDescription) VALUES ('Clas_1431701422080423UIPobCl_3', 'Clas_1431701422080423CjtoVis_10ICtjoVis_2', 'PlanT.CodigoLegal', 'Código Legal Plan', '');
INSERT INTO IUAttribute (idIU, idIUAttribute, IUAttributeName, IUAttributeAlias, IUAttributeDescription) VALUES ('Clas_1431701422080423UIPobCl_3', 'Clas_1431701422080423CjtoVis_10ICtjoVis_1', 'PlanT.Nombre', 'Plan', '');
INSERT INTO IUAction (idIU, idIUAction, IUActionName, IUActionAlias, IUActionDescription) VALUES ('Clas_1431701422080423UIPobCl_3', 'Clas_1431701422080423AccOfer_8ElemAcc_1', 'SIUTADDDOMINIO', 'Añadir Dominio', '');
INSERT INTO IUAction (idIU, idIUAction, IUActionName, IUActionAlias, IUActionDescription) VALUES ('Clas_1431701422080423UIPobCl_3', 'Clas_1431701422080423AccOfer_8ElemAcc_2', 'SIUTDELDOMINIO', 'Quitar Dominio', '');

-- PIU: Dominio.PIUDominioDIncompatibles
INSERT INTO IU (idIU, IUName, IUAlias, IUDescription, IUType) VALUES ('Clas_1431701422080423UIPobCl_4', 'PIUDominioDIncompatibles', 'Incompatibles', '', 'P');
INSERT INTO IUAttribute (idIU, idIUAttribute, IUAttributeName, IUAttributeAlias, IUAttributeDescription) VALUES ('Clas_1431701422080423UIPobCl_4', 'Clas_1431701422080423CjtoVis_12ICtjoVis_1', 'ProductoT.Descripcion', 'Producto', '');
INSERT INTO IUAttribute (idIU, idIUAttribute, IUAttributeName, IUAttributeAlias, IUAttributeDescription) VALUES ('Clas_1431701422080423UIPobCl_4', 'Clas_1431701422080423CjtoVis_12ICtjoVis_2', 'PlanT.Nombre', 'Plan', '');
INSERT INTO IUAction (idIU, idIUAction, IUActionName, IUActionAlias, IUActionDescription) VALUES ('Clas_1431701422080423UIPobCl_4', 'Clas_1431701422080423AccOfer_9ElemAcc_2', 'SIUTDELINCOMPATIBLE', 'Desasociar', '');

-- PIU: Dominio.PIUDominioObs
INSERT INTO IU (idIU, IUName, IUAlias, IUDescription, IUType) VALUES ('Clas_1431701422080423UIPobCl_5', 'PIUDominioObs', 'Dominios', '', 'P');
INSERT INTO IUAttribute (idIU, idIUAttribute, IUAttributeName, IUAttributeAlias, IUAttributeDescription) VALUES ('Clas_1431701422080423UIPobCl_5', 'Clas_1431701422080423CjtoVis_2ICtjoVis_1', 'ProductoT.Descripcion', 'Producto', '');
INSERT INTO IUAttribute (idIU, idIUAttribute, IUAttributeName, IUAttributeAlias, IUAttributeDescription) VALUES ('Clas_1431701422080423UIPobCl_5', 'Clas_1431701422080423CjtoVis_2ICtjoVis_2', 'PlanT.Nombre', 'Plan', '');
INSERT INTO IUAttribute (idIU, idIUAttribute, IUAttributeName, IUAttributeAlias, IUAttributeDescription) VALUES ('Clas_1431701422080423UIPobCl_5', 'Clas_1431701422080423CjtoVis_2ICtjoVis_3', 'NuevaAfiliacion', 'Nueva afiliación', '');
INSERT INTO IUAttribute (idIU, idIUAttribute, IUAttributeName, IUAttributeAlias, IUAttributeDescription) VALUES ('Clas_1431701422080423UIPobCl_5', 'Clas_1431701422080423CjtoVis_2ICtjoVis_4', 'Inclusion', 'Inclusión', '');
INSERT INTO IUAttribute (idIU, idIUAttribute, IUAttributeName, IUAttributeAlias, IUAttributeDescription) VALUES ('Clas_1431701422080423UIPobCl_5', 'Clas_1431701422080423CjtoVis_2ICtjoVis_5', 'ReqCuesMed', 'Cuestionario médico', '');
INSERT INTO IUAttribute (idIU, idIUAttribute, IUAttributeName, IUAttributeAlias, IUAttributeDescription) VALUES ('Clas_1431701422080423UIPobCl_5', 'Clas_1431701422080423CjtoVis_2ICtjoVis_8', 'NoCuesMedTras', 'No cuestionario si traslado', '');
INSERT INTO IUAttribute (idIU, idIUAttribute, IUAttributeName, IUAttributeAlias, IUAttributeDescription) VALUES ('Clas_1431701422080423UIPobCl_5', 'Clas_1431701422080423CjtoVis_2ICtjoVis_6', 'AcepCuesMat', 'Cuestionario maternal', '');
INSERT INTO IUAttribute (idIU, idIUAttribute, IUAttributeName, IUAttributeAlias, IUAttributeDescription) VALUES ('Clas_1431701422080423UIPobCl_5', 'Clas_1431701422080423CjtoVis_2ICtjoVis_7', 'AcepCuesNeo', 'Cuestionario neonatal', '');
INSERT INTO IUAttribute (idIU, idIUAttribute, IUAttributeName, IUAttributeAlias, IUAttributeDescription) VALUES ('Clas_1431701422080423UIPobCl_5', 'Clas_1431701422080423CjtoVis_2ICtjoVis_9', 'AcepBBGestante', 'Bebe gestante', '');

-- PIU: Dominio._Auto_
INSERT INTO IU (idIU, IUName, IUAlias, IUDescription, IUType) VALUES ('Clas_1431701422080423UIPobCl_Auto', '_Auto_', 'Dominio', '', 'P');
INSERT INTO IUAttribute (idIU, idIUAttribute, IUAttributeName, IUAttributeAlias, IUAttributeDescription) VALUES ('Clas_1431701422080423UIPobCl_Auto', 'Clas_1431701422080423CjtoVis_AutoICtjoVis_1', 'Numero', 'Número', '');
INSERT INTO IUAttribute (idIU, idIUAttribute, IUAttributeName, IUAttributeAlias, IUAttributeDescription) VALUES ('Clas_1431701422080423UIPobCl_Auto', 'Clas_1431701422080423CjtoVis_AutoICtjoVis_2', 'ReqCuesMed', 'Cuestionario médico', '');
INSERT INTO IUAttribute (idIU, idIUAttribute, IUAttributeName, IUAttributeAlias, IUAttributeDescription) VALUES ('Clas_1431701422080423UIPobCl_Auto', 'Clas_1431701422080423CjtoVis_AutoICtjoVis_3', 'NoCuesMedTras', 'No cuestionario si traslado', '');
INSERT INTO IUAttribute (idIU, idIUAttribute, IUAttributeName, IUAttributeAlias, IUAttributeDescription) VALUES ('Clas_1431701422080423UIPobCl_Auto', 'Clas_1431701422080423CjtoVis_AutoICtjoVis_4', 'NuevaAfiliacion', 'Nueva afiliación', '');
INSERT INTO IUAttribute (idIU, idIUAttribute, IUAttributeName, IUAttributeAlias, IUAttributeDescription) VALUES ('Clas_1431701422080423UIPobCl_Auto', 'Clas_1431701422080423CjtoVis_AutoICtjoVis_5', 'Inclusion', 'Inclusión', '');
INSERT INTO IUAttribute (idIU, idIUAttribute, IUAttributeName, IUAttributeAlias, IUAttributeDescription) VALUES ('Clas_1431701422080423UIPobCl_Auto', 'Clas_1431701422080423CjtoVis_AutoICtjoVis_6', 'AcepCuesMat', 'Cuestionario maternal', '');
INSERT INTO IUAttribute (idIU, idIUAttribute, IUAttributeName, IUAttributeAlias, IUAttributeDescription) VALUES ('Clas_1431701422080423UIPobCl_Auto', 'Clas_1431701422080423CjtoVis_AutoICtjoVis_7', 'AcepCuesNeo', 'Cuestionario neonatal', '');
INSERT INTO IUAttribute (idIU, idIUAttribute, IUAttributeName, IUAttributeAlias, IUAttributeDescription) VALUES ('Clas_1431701422080423UIPobCl_Auto', 'Clas_1431701422080423CjtoVis_AutoICtjoVis_8', 'AcepBBGestante', 'Bebe gestante', '');
INSERT INTO IUAttribute (idIU, idIUAttribute, IUAttributeName, IUAttributeAlias, IUAttributeDescription) VALUES ('Clas_1431701422080423UIPobCl_Auto', 'Clas_1431701422080423CjtoVis_AutoICtjoVis_9', 'MostrarPreexAnexos', 'Mostrar Preexistencias', '');
INSERT INTO IUAttribute (idIU, idIUAttribute, IUAttributeName, IUAttributeAlias, IUAttributeDescription) VALUES ('Clas_1431701422080423UIPobCl_Auto', 'Clas_1431701422080423CjtoVis_AutoICtjoVis_10', 'MostrarPreexContrato', 'Mostrar Preexistencias en Contrato', '');
INSERT INTO IUAttribute (idIU, idIUAttribute, IUAttributeName, IUAttributeAlias, IUAttributeDescription) VALUES ('Clas_1431701422080423UIPobCl_Auto', 'Clas_1431701422080423CjtoVis_AutoICtjoVis_11', 'IgnorarPreexistencias', 'Ignorar preexistencias', '');
INSERT INTO IUAttribute (idIU, idIUAttribute, IUAttributeName, IUAttributeAlias, IUAttributeDescription) VALUES ('Clas_1431701422080423UIPobCl_Auto', 'Clas_1431701422080423CjtoVis_AutoICtjoVis_12', 'RespClauNombre', 'Nombre', '');
INSERT INTO IUAttribute (idIU, idIUAttribute, IUAttributeName, IUAttributeAlias, IUAttributeDescription) VALUES ('Clas_1431701422080423UIPobCl_Auto', 'Clas_1431701422080423CjtoVis_AutoICtjoVis_13', 'RespClauCelula', 'Nº de célula de ciudadanía', '');
INSERT INTO IUAttribute (idIU, idIUAttribute, IUAttributeName, IUAttributeAlias, IUAttributeDescription) VALUES ('Clas_1431701422080423UIPobCl_Auto', 'Clas_1431701422080423CjtoVis_AutoICtjoVis_14', 'RespClauExpCelula', 'Lugar de expedición', '');
INSERT INTO IUAttribute (idIU, idIUAttribute, IUAttributeName, IUAttributeAlias, IUAttributeDescription) VALUES ('Clas_1431701422080423UIPobCl_Auto', 'Clas_1431701422080423CjtoVis_AutoICtjoVis_15', 'RespClauCargo', 'Cargo', '');
INSERT INTO IUAttribute (idIU, idIUAttribute, IUAttributeName, IUAttributeAlias, IUAttributeDescription) VALUES ('Clas_1431701422080423UIPobCl_Auto', 'Clas_1431701422080423CjtoVis_AutoICtjoVis_16', 'RespClauFirma', 'Firma', '');
INSERT INTO IUAttribute (idIU, idIUAttribute, IUAttributeName, IUAttributeAlias, IUAttributeDescription) VALUES ('Clas_1431701422080423UIPobCl_Auto', 'Clas_1431701422080423CjtoVis_AutoICtjoVis_17', 'DiaIniVigencia', 'Dia inicio vigencia', '');
INSERT INTO IUAttribute (idIU, idIUAttribute, IUAttributeName, IUAttributeAlias, IUAttributeDescription) VALUES ('Clas_1431701422080423UIPobCl_Auto', 'Clas_1431701422080423CjtoVis_AutoICtjoVis_18', 'DiaFinVigencia', 'Dia fin vigencia', '');
INSERT INTO IUAttribute (idIU, idIUAttribute, IUAttributeName, IUAttributeAlias, IUAttributeDescription) VALUES ('Clas_1431701422080423UIPobCl_Auto', 'Clas_1431701422080423CjtoVis_AutoICtjoVis_19', 'DiasCaducidad', 'Caducidad en días', '');
INSERT INTO IUAttribute (idIU, idIUAttribute, IUAttributeName, IUAttributeAlias, IUAttributeDescription) VALUES ('Clas_1431701422080423UIPobCl_Auto', 'Clas_1431701422080423CjtoVis_AutoICtjoVis_20', 'ProrrateoUsuExistente', 'Prorrateo usuarios existente', '');
INSERT INTO IUAttribute (idIU, idIUAttribute, IUAttributeName, IUAttributeAlias, IUAttributeDescription) VALUES ('Clas_1431701422080423UIPobCl_Auto', 'Clas_1431701422080423CjtoVis_AutoICtjoVis_21', 'InclusionModGrupoAsoc', 'Modificación grupo asociado', '');
INSERT INTO IUAttribute (idIU, idIUAttribute, IUAttributeName, IUAttributeAlias, IUAttributeDescription) VALUES ('Clas_1431701422080423UIPobCl_Auto', 'Clas_1431701422080423CjtoVis_AutoICtjoVis_22', 'PermiteRechazadosAfi', 'Permite rechazados afiliación', '');
INSERT INTO IUAttribute (idIU, idIUAttribute, IUAttributeName, IUAttributeAlias, IUAttributeDescription) VALUES ('Clas_1431701422080423UIPobCl_Auto', 'Clas_1431701422080423CjtoVis_AutoICtjoVis_23', 'AcepPolizaInter', 'Poliza Internacional', '');
INSERT INTO IUAttribute (idIU, idIUAttribute, IUAttributeName, IUAttributeAlias, IUAttributeDescription) VALUES ('Clas_1431701422080423UIPobCl_Auto', 'Clas_1431701422080423CjtoVis_AutoICtjoVis_24', 'NovExcepcionReqDoc', 'Novedades Excepción requiere documentos', '');
INSERT INTO IUAttribute (idIU, idIUAttribute, IUAttributeName, IUAttributeAlias, IUAttributeDescription) VALUES ('Clas_1431701422080423UIPobCl_Auto', 'Clas_1431701422080423CjtoVis_AutoICtjoVis_25', 'SolNovColorOscuro', 'Color oscuro', '');
INSERT INTO IUAttribute (idIU, idIUAttribute, IUAttributeName, IUAttributeAlias, IUAttributeDescription) VALUES ('Clas_1431701422080423UIPobCl_Auto', 'Clas_1431701422080423CjtoVis_AutoICtjoVis_26', 'SolNovColorClaro', 'Color claro', '');
INSERT INTO IUAttribute (idIU, idIUAttribute, IUAttributeName, IUAttributeAlias, IUAttributeDescription) VALUES ('Clas_1431701422080423UIPobCl_Auto', 'Clas_1431701422080423CjtoVis_AutoICtjoVis_27', 'SolNovLogo', 'Logo', '');
INSERT INTO IUAttribute (idIU, idIUAttribute, IUAttributeName, IUAttributeAlias, IUAttributeDescription) VALUES ('Clas_1431701422080423UIPobCl_Auto', 'Clas_1431701422080423CjtoVis_AutoICtjoVis_28', 'TramiteEnLinea', 'Trámite en línea', '');
INSERT INTO IUAttribute (idIU, idIUAttribute, IUAttributeName, IUAttributeAlias, IUAttributeDescription) VALUES ('Clas_1431701422080423UIPobCl_Auto', 'Clas_1431701422080423CjtoVis_AutoICtjoVis_29', 'VigenciaRadicacion', 'Vigencia de radicación', '');
INSERT INTO IUAction (idIU, idIUAction, IUActionName, IUActionAlias, IUActionDescription) VALUES ('Clas_1431701422080423UIPobCl_Auto', 'Clas_1431701422080423AccOfer_AutoElemAcc_1', 'SIUcrear', 'Crear dominio', '');
INSERT INTO IUAction (idIU, idIUAction, IUActionName, IUActionAlias, IUActionDescription) VALUES ('Clas_1431701422080423UIPobCl_Auto', 'Clas_1431701422080423AccOfer_AutoElemAcc_2', 'SIUInsPeriodicidadDominio', 'Indicar periodicidad aceptada', '');
INSERT INTO IUAction (idIU, idIUAction, IUActionName, IUActionAlias, IUActionDescription) VALUES ('Clas_1431701422080423UIPobCl_Auto', 'Clas_1431701422080423AccOfer_AutoElemAcc_3', 'SIUDelPeriodicidadDominio', 'Eliminar periodicidad aceptada', '');
INSERT INTO IUAction (idIU, idIUAction, IUActionName, IUActionAlias, IUActionDescription) VALUES ('Clas_1431701422080423UIPobCl_Auto', 'Clas_1431701422080423AccOfer_AutoElemAcc_4', 'SIUInsRolDominio', 'Indicar rol con permisos', '');
INSERT INTO IUAction (idIU, idIUAction, IUActionName, IUActionAlias, IUActionDescription) VALUES ('Clas_1431701422080423UIPobCl_Auto', 'Clas_1431701422080423AccOfer_AutoElemAcc_5', 'SIUDelRollDominio', 'Eliminar rol con permisos', '');
INSERT INTO IUAction (idIU, idIUAction, IUActionName, IUActionAlias, IUActionDescription) VALUES ('Clas_1431701422080423UIPobCl_Auto', 'Clas_1431701422080423AccOfer_AutoElemAcc_6', 'SIUmodDatosRespFirma', 'Datos responsable firma', '');
INSERT INTO IUAction (idIU, idIUAction, IUActionName, IUActionAlias, IUActionDescription) VALUES ('Clas_1431701422080423UIPobCl_Auto', 'Clas_1431701422080423AccOfer_AutoElemAcc_7', 'SIUmodImagenFirma', 'Asignar imagen firma', '');
INSERT INTO IUAction (idIU, idIUAction, IUActionName, IUActionAlias, IUActionDescription) VALUES ('Clas_1431701422080423UIPobCl_Auto', 'Clas_1431701422080423AccOfer_AutoElemAcc_8', 'SIUInsFormaPago', 'Indicar forma de pago aceptada', '');
INSERT INTO IUAction (idIU, idIUAction, IUActionName, IUActionAlias, IUActionDescription) VALUES ('Clas_1431701422080423UIPobCl_Auto', 'Clas_1431701422080423AccOfer_AutoElemAcc_9', 'SIUDelFormaPago', 'Eliminar forma de pago aceptada', '');
INSERT INTO IUAction (idIU, idIUAction, IUActionName, IUActionAlias, IUActionDescription) VALUES ('Clas_1431701422080423UIPobCl_Auto', 'Clas_1431701422080423AccOfer_AutoElemAcc_10', 'SIUcambiarDiasVigencia', 'Cambiar días vigencia', '');
INSERT INTO IUAction (idIU, idIUAction, IUActionName, IUActionAlias, IUActionDescription) VALUES ('Clas_1431701422080423UIPobCl_Auto', 'Clas_1431701422080423AccOfer_AutoElemAcc_11', 'SIUmodificarConfSolNovedad', 'Modificar configuración Solicitudes de Novedad', '');
INSERT INTO IUAction (idIU, idIUAction, IUActionName, IUActionAlias, IUActionDescription) VALUES ('Clas_1431701422080423UIPobCl_Auto', 'Clas_1431701422080423AccOfer_AutoElemAcc_12', 'SIUTELIMINAR', 'Eliminar dominio', '');
INSERT INTO IUAction (idIU, idIUAction, IUActionName, IUActionAlias, IUActionDescription) VALUES ('Clas_1431701422080423UIPobCl_Auto', 'Clas_1431701422080423AccOfer_AutoElemAcc_13', 'SIUTINSPLANTILLA', 'Asignar Plantilla', '');
INSERT INTO IUAction (idIU, idIUAction, IUActionName, IUActionAlias, IUActionDescription) VALUES ('Clas_1431701422080423UIPobCl_Auto', 'Clas_1431701422080423AccOfer_AutoElemAcc_14', 'SIUTINSNOVEDAD', 'Asignar Novedad', '');
INSERT INTO IUAction (idIU, idIUAction, IUActionName, IUActionAlias, IUActionDescription) VALUES ('Clas_1431701422080423UIPobCl_Auto', 'Clas_1431701422080423AccOfer_AutoElemAcc_15', 'SIUTADDGRPASESORES', 'Asignar Grupo', '');
INSERT INTO IUAction (idIU, idIUAction, IUActionName, IUActionAlias, IUActionDescription) VALUES ('Clas_1431701422080423UIPobCl_Auto', 'Clas_1431701422080423AccOfer_AutoElemAcc_16', 'SIUTDELGRPASESORES', 'Eliminar Grupo Asesores/Afiliaciones', '');
INSERT INTO IUAction (idIU, idIUAction, IUActionName, IUActionAlias, IUActionDescription) VALUES ('Clas_1431701422080423UIPobCl_Auto', 'Clas_1431701422080423AccOfer_AutoElemAcc_17', 'SIUTADDGRPMEDICO', 'Asignar Grupo', '');
INSERT INTO IUAction (idIU, idIUAction, IUActionName, IUActionAlias, IUActionDescription) VALUES ('Clas_1431701422080423UIPobCl_Auto', 'Clas_1431701422080423AccOfer_AutoElemAcc_18', 'SIUTDELGRPMEDICO', 'Eliminar Grupo Área Médica', '');
INSERT INTO IUAction (idIU, idIUAction, IUActionName, IUActionAlias, IUActionDescription) VALUES ('Clas_1431701422080423UIPobCl_Auto', 'Clas_1431701422080423AccOfer_AutoElemAcc_19', 'SIUTADDREPORTE', 'Asociar reporte', '');
INSERT INTO IUAction (idIU, idIUAction, IUActionName, IUActionAlias, IUActionDescription) VALUES ('Clas_1431701422080423UIPobCl_Auto', 'Clas_1431701422080423AccOfer_AutoElemAcc_20', 'SIUTINSINCOMPATIBLE', 'Asociar incompatible', '');
INSERT INTO IUAction (idIU, idIUAction, IUActionName, IUActionAlias, IUActionDescription) VALUES ('Clas_1431701422080423UIPobCl_Auto', 'Clas_1431701422080423AccOfer_AutoElemAcc_21', 'SIUTDELINCOMPATIBLE', 'Desasociar', '');
INSERT INTO IUAction (idIU, idIUAction, IUActionName, IUActionAlias, IUActionDescription) VALUES ('Clas_1431701422080423UIPobCl_Auto', 'Clas_1431701422080423AccOfer_AutoElemAcc_22', 'SIUTMODIFICAR', 'Modificar dominio', '');
INSERT INTO IUAction (idIU, idIUAction, IUActionName, IUActionAlias, IUActionDescription) VALUES ('Clas_1431701422080423UIPobCl_Auto', 'Clas_1431701422080423AccOfer_AutoElemAcc_23', 'IIUDominio', 'Dominio', '');
INSERT INTO IUAction (idIU, idIUAction, IUActionName, IUActionAlias, IUActionDescription) VALUES ('Clas_1431701422080423UIPobCl_Auto', 'Clas_1431701422080423AccOfer_AutoElemAcc_24', 'IIUDominioFirma', 'Responsable clausulado plan voluntario', '');
INSERT INTO IUAction (idIU, idIUAction, IUActionName, IUActionAlias, IUActionDescription) VALUES ('Clas_1431701422080423UIPobCl_Auto', 'Clas_1431701422080423AccOfer_AutoElemAcc_25', 'IIUDominioDSolNovedad', 'Solicitudes de Novedad', '');
INSERT INTO IUAction (idIU, idIUAction, IUActionName, IUActionAlias, IUActionDescription) VALUES ('Clas_1431701422080423UIPobCl_Auto', 'Clas_1431701422080423AccOfer_AutoElemAcc_26', 'IIUDominioMGrupoAsesores', 'Grupo Asesores', '');
INSERT INTO IUAction (idIU, idIUAction, IUActionName, IUActionAlias, IUActionDescription) VALUES ('Clas_1431701422080423UIPobCl_Auto', 'Clas_1431701422080423AccOfer_AutoElemAcc_27', 'IIUDominioMGrupoAreaMedica', 'Área Médica', '');
INSERT INTO IUAction (idIU, idIUAction, IUActionName, IUActionAlias, IUActionDescription) VALUES ('Clas_1431701422080423UIPobCl_Auto', 'Clas_1431701422080423AccOfer_AutoElemAcc_28', 'IIUDominioMGruposUsuarios', 'Dominio', '');
INSERT INTO IUAction (idIU, idIUAction, IUActionName, IUActionAlias, IUActionDescription) VALUES ('Clas_1431701422080423UIPobCl_Auto', 'Clas_1431701422080423AccOfer_AutoElemAcc_29', 'IIUDominioMIncompatibles', 'Dominio', '');
INSERT INTO IUAction (idIU, idIUAction, IUActionName, IUActionAlias, IUActionDescription) VALUES ('Clas_1431701422080423UIPobCl_Auto', 'Clas_1431701422080423AccOfer_AutoElemAcc_30', 'IIUDominioMLogDatos', 'Dominio', '');
INSERT INTO IUAction (idIU, idIUAction, IUActionName, IUActionAlias, IUActionDescription) VALUES ('Clas_1431701422080423UIPobCl_Auto', 'Clas_1431701422080423AccOfer_AutoElemAcc_31', 'MDIUDominio', 'Configuración dominio', '');
INSERT INTO IUAction (idIU, idIUAction, IUActionName, IUActionAlias, IUActionDescription) VALUES ('Clas_1431701422080423UIPobCl_Auto', 'Clas_1431701422080423AccOfer_AutoElemAcc_32', 'MDIUDominioGrupoAsesores', 'Grupo Asesores', '');
INSERT INTO IUAction (idIU, idIUAction, IUActionName, IUActionAlias, IUActionDescription) VALUES ('Clas_1431701422080423UIPobCl_Auto', 'Clas_1431701422080423AccOfer_AutoElemAcc_33', 'MDIUDominioGrupoAreaMedica', 'Grupo Área Médica', '');
INSERT INTO IUAction (idIU, idIUAction, IUActionName, IUActionAlias, IUActionDescription) VALUES ('Clas_1431701422080423UIPobCl_Auto', 'Clas_1431701422080423AccOfer_AutoElemAcc_34', 'MDIUDominioGruposUsuarios', 'Grupos Usuarios', '');
INSERT INTO IUAction (idIU, idIUAction, IUActionName, IUActionAlias, IUActionDescription) VALUES ('Clas_1431701422080423UIPobCl_Auto', 'Clas_1431701422080423AccOfer_AutoElemAcc_35', 'MDIUDominiosIncompatbles', 'Dominios incompatibles', '');
INSERT INTO IUAction (idIU, idIUAction, IUActionName, IUActionAlias, IUActionDescription) VALUES ('Clas_1431701422080423UIPobCl_Auto', 'Clas_1431701422080423AccOfer_AutoElemAcc_36', 'MDIUDominioLogDatos', 'Log datos Dominio', '');
INSERT INTO IUNavigation (idIU, idIUNavigation, IUNavigationName, IUNavigationAlias, IUNavigationDescription) VALUES ('Clas_1431701422080423UIPobCl_Auto', 'Clas_1431701422080423NavOfer_AutoElemNav_1', 'PIUDominioObs', 'Dominios', '');
INSERT INTO IUNavigation (idIU, idIUNavigation, IUNavigationName, IUNavigationAlias, IUNavigationDescription) VALUES ('Clas_1431701422080423UIPobCl_Auto', 'Clas_1431701422080423NavOfer_AutoElemNav_2', 'PIUParentescoDom', 'Parentescos', '');
INSERT INTO IUNavigation (idIU, idIUNavigation, IUNavigationName, IUNavigationAlias, IUNavigationDescription) VALUES ('Clas_1431701422080423UIPobCl_Auto', 'Clas_1431701422080423NavOfer_AutoElemNav_3', 'PIUAgentexProducto', 'Productos del asesor', '');
INSERT INTO IUNavigation (idIU, idIUNavigation, IUNavigationName, IUNavigationAlias, IUNavigationDescription) VALUES ('Clas_1431701422080423UIPobCl_Auto', 'Clas_1431701422080423NavOfer_AutoElemNav_4', 'PIUProrrateo', 'Prorrateos', '');
INSERT INTO IUNavigation (idIU, idIUNavigation, IUNavigationName, IUNavigationAlias, IUNavigationDescription) VALUES ('Clas_1431701422080423UIPobCl_Auto', 'Clas_1431701422080423NavOfer_AutoElemNav_5', 'PIULogGruposUsuarios', 'Historico Grupos', '');
INSERT INTO IUNavigation (idIU, idIUNavigation, IUNavigationName, IUNavigationAlias, IUNavigationDescription) VALUES ('Clas_1431701422080423UIPobCl_Auto', 'Clas_1431701422080423NavOfer_AutoElemNav_6', 'PIUGrpAsigNovedadDDominio', 'Grupos Novedades', '');
INSERT INTO IUNavigation (idIU, idIUNavigation, IUNavigationName, IUNavigationAlias, IUNavigationDescription) VALUES ('Clas_1431701422080423UIPobCl_Auto', 'Clas_1431701422080423NavOfer_AutoElemNav_7', 'PIUConfiguracionANS', 'Acuerdo nivel de servicio', '');
INSERT INTO IUNavigation (idIU, idIUNavigation, IUNavigationName, IUNavigationAlias, IUNavigationDescription) VALUES ('Clas_1431701422080423UIPobCl_Auto', 'Clas_1431701422080423NavOfer_AutoElemNav_8', 'PIUReportesDominio', 'Reportes', '');
INSERT INTO IUNavigation (idIU, idIUNavigation, IUNavigationName, IUNavigationAlias, IUNavigationDescription) VALUES ('Clas_1431701422080423UIPobCl_Auto', 'Clas_1431701422080423NavOfer_AutoElemNav_9', 'PIULogIncompatibilidades', 'Log modificaciones Incompatibles', '');
INSERT INTO IUNavigation (idIU, idIUNavigation, IUNavigationName, IUNavigationAlias, IUNavigationDescription) VALUES ('Clas_1431701422080423UIPobCl_Auto', 'Clas_1431701422080423NavOfer_AutoElemNav_10', 'PIULogDatosDominio', 'Log Dominio', '');
INSERT INTO IUNavigation (idIU, idIUNavigation, IUNavigationName, IUNavigationAlias, IUNavigationDescription) VALUES ('Clas_1431701422080423UIPobCl_Auto', 'Clas_1431701422080423NavOfer_AutoElemNav_11', '_Auto_', 'Plan', '');
INSERT INTO IUNavigation (idIU, idIUNavigation, IUNavigationName, IUNavigationAlias, IUNavigationDescription) VALUES ('Clas_1431701422080423UIPobCl_Auto', 'Clas_1431701422080423NavOfer_AutoElemNav_12', '_Auto_', 'Producto', '');
INSERT INTO IUNavigation (idIU, idIUNavigation, IUNavigationName, IUNavigationAlias, IUNavigationDescription) VALUES ('Clas_1431701422080423UIPobCl_Auto', 'Clas_1431701422080423NavOfer_AutoElemNav_13', 'PIUPeriodicidad', 'Periodicidades de pago', '');
INSERT INTO IUNavigation (idIU, idIUNavigation, IUNavigationName, IUNavigationAlias, IUNavigationDescription) VALUES ('Clas_1431701422080423UIPobCl_Auto', 'Clas_1431701422080423NavOfer_AutoElemNav_14', 'PIURol', 'Roles', '');
INSERT INTO IUNavigation (idIU, idIUNavigation, IUNavigationName, IUNavigationAlias, IUNavigationDescription) VALUES ('Clas_1431701422080423UIPobCl_Auto', 'Clas_1431701422080423NavOfer_AutoElemNav_15', 'PIUFormaPago', 'Formas de pago', '');
INSERT INTO IUNavigation (idIU, idIUNavigation, IUNavigationName, IUNavigationAlias, IUNavigationDescription) VALUES ('Clas_1431701422080423UIPobCl_Auto', 'Clas_1431701422080423NavOfer_AutoElemNav_16', 'PIUPlantillaEmail', 'Plantillas notificaciones (email/sms)', '');
INSERT INTO IUNavigation (idIU, idIUNavigation, IUNavigationName, IUNavigationAlias, IUNavigationDescription) VALUES ('Clas_1431701422080423UIPobCl_Auto', 'Clas_1431701422080423NavOfer_AutoElemNav_17', 'PIUNovedad', 'Novedades', '');
INSERT INTO IUNavigation (idIU, idIUNavigation, IUNavigationName, IUNavigationAlias, IUNavigationDescription) VALUES ('Clas_1431701422080423UIPobCl_Auto', 'Clas_1431701422080423NavOfer_AutoElemNav_18', 'IIUGrupoMDominio', 'Grupo Asesores', '');
INSERT INTO IUNavigation (idIU, idIUNavigation, IUNavigationName, IUNavigationAlias, IUNavigationDescription) VALUES ('Clas_1431701422080423UIPobCl_Auto', 'Clas_1431701422080423NavOfer_AutoElemNav_19', 'IIUGrupoMDominio', 'Grupo Área Médica', '');
INSERT INTO IUNavigation (idIU, idIUNavigation, IUNavigationName, IUNavigationAlias, IUNavigationDescription) VALUES ('Clas_1431701422080423UIPobCl_Auto', 'Clas_1431701422080423NavOfer_AutoElemNav_20', 'PIUDominioObs', 'Dominios', '');

-- IIU: Dominio.IIUDominio
INSERT INTO IU (idIU, IUName, IUAlias, IUDescription, IUType) VALUES ('Clas_1431701422080423UIInst_1', 'IIUDominio', 'Dominio', '', 'I');
INSERT INTO IUAction (idIU, idIUAction, IUActionName, IUActionAlias, IUActionDescription) VALUES ('Clas_1431701422080423UIInst_1', 'Clas_1431701422080423AccOfer_2ElemAcc_5', 'SIUTMODIFICAR', 'Modificar', '');
INSERT INTO IUAction (idIU, idIUAction, IUActionName, IUActionAlias, IUActionDescription) VALUES ('Clas_1431701422080423UIInst_1', 'Clas_1431701422080423AccOfer_2ElemAcc_2', 'SIUcambiarDiasVigencia', 'Cambiar días vigencia', '');
INSERT INTO IUAction (idIU, idIUAction, IUActionName, IUActionAlias, IUActionDescription) VALUES ('Clas_1431701422080423UIInst_1', 'Clas_1431701422080423AccOfer_2ElemAcc_3', 'MDIUDominioGruposUsuarios', 'Grupos Usuarios', '');
INSERT INTO IUAction (idIU, idIUAction, IUActionName, IUActionAlias, IUActionDescription) VALUES ('Clas_1431701422080423UIInst_1', 'Clas_1431701422080423AccOfer_2ElemAcc_4', 'MDIUDominiosIncompatbles', 'Dominios incompatibles', '');
INSERT INTO IUAction (idIU, idIUAction, IUActionName, IUActionAlias, IUActionDescription) VALUES ('Clas_1431701422080423UIInst_1', 'Clas_1431701422080423AccOfer_2ElemAcc_6', 'MDIUDominioLogDatos', 'Log modificaciones', '');

-- IIU: Dominio.IIUDominioFirma
INSERT INTO IU (idIU, IUName, IUAlias, IUDescription, IUType) VALUES ('Clas_1431701422080423UIInst_3', 'IIUDominioFirma', 'Responsable clausulado plan voluntario', '', 'I');
INSERT INTO IUAction (idIU, idIUAction, IUActionName, IUActionAlias, IUActionDescription) VALUES ('Clas_1431701422080423UIInst_3', 'Clas_1431701422080423AccOfer_4ElemAcc_1', 'SIUmodDatosRespFirma', 'Modificar', '');
INSERT INTO IUAction (idIU, idIUAction, IUActionName, IUActionAlias, IUActionDescription) VALUES ('Clas_1431701422080423UIInst_3', 'Clas_1431701422080423AccOfer_4ElemAcc_2', 'SIUmodImagenFirma', 'Asignar imagen firma', '');

-- IIU: Dominio.IIUDominioDSolNovedad
INSERT INTO IU (idIU, IUName, IUAlias, IUDescription, IUType) VALUES ('Clas_1431701422080423UIInst_4', 'IIUDominioDSolNovedad', 'Solicitudes de Novedad', '', 'I');
INSERT INTO IUAction (idIU, idIUAction, IUActionName, IUActionAlias, IUActionDescription) VALUES ('Clas_1431701422080423UIInst_4', 'Clas_1431701422080423AccOfer_5ElemAcc_1', 'SIUmodificarConfSolNovedad', 'Modificar', '');

-- IIU: Dominio.IIUDominioMGrupoAsesores
INSERT INTO IU (idIU, IUName, IUAlias, IUDescription, IUType) VALUES ('Clas_1431701422080423UIInst_5', 'IIUDominioMGrupoAsesores', 'Grupo Asesores', '', 'I');
INSERT INTO IUAction (idIU, idIUAction, IUActionName, IUActionAlias, IUActionDescription) VALUES ('Clas_1431701422080423UIInst_5', 'Clas_1431701422080423AccOfer_6ElemAcc_1', 'SIUTADDGRPASESORES', 'Asignar/Modificar Grupo', '');
INSERT INTO IUAction (idIU, idIUAction, IUActionName, IUActionAlias, IUActionDescription) VALUES ('Clas_1431701422080423UIInst_5', 'Clas_1431701422080423AccOfer_6ElemAcc_2', 'SIUTDELGRPASESORES', 'Eliminar Grupo', '');

-- IIU: Dominio.IIUDominioMGrupoAreaMedica
INSERT INTO IU (idIU, IUName, IUAlias, IUDescription, IUType) VALUES ('Clas_1431701422080423UIInst_6', 'IIUDominioMGrupoAreaMedica', 'Área Médica', '', 'I');
INSERT INTO IUAction (idIU, idIUAction, IUActionName, IUActionAlias, IUActionDescription) VALUES ('Clas_1431701422080423UIInst_6', 'Clas_1431701422080423AccOfer_7ElemAcc_1', 'SIUTADDGRPMEDICO', 'Asignar Grupo', '');
INSERT INTO IUAction (idIU, idIUAction, IUActionName, IUActionAlias, IUActionDescription) VALUES ('Clas_1431701422080423UIInst_6', 'Clas_1431701422080423AccOfer_7ElemAcc_2', 'SIUTDELGRPMEDICO', 'Eliminar Grupo', '');

-- IIU: Dominio.IIUDominioMGruposUsuarios
INSERT INTO IU (idIU, IUName, IUAlias, IUDescription, IUType) VALUES ('Clas_1431701422080423UIInst_7', 'IIUDominioMGruposUsuarios', 'Dominio', '', 'I');
INSERT INTO IUNavigation (idIU, idIUNavigation, IUNavigationName, IUNavigationAlias, IUNavigationDescription) VALUES ('Clas_1431701422080423UIInst_7', 'Clas_1431701422080423NavOfer_1ElemNav_2', 'PIULogGruposUsuarios', 'Historico Grupos', '');

-- IIU: Dominio.IIUDominioMIncompatibles
INSERT INTO IU (idIU, IUName, IUAlias, IUDescription, IUType) VALUES ('Clas_1431701422080423UIInst_8', 'IIUDominioMIncompatibles', 'Dominio', '', 'I');
INSERT INTO IUAction (idIU, idIUAction, IUActionName, IUActionAlias, IUActionDescription) VALUES ('Clas_1431701422080423UIInst_8', 'Clas_1431701422080423AccOfer_10ElemAcc_1', 'SIUTINSINCOMPATIBLE', 'Asociar incompatible', '');
INSERT INTO IUNavigation (idIU, idIUNavigation, IUNavigationName, IUNavigationAlias, IUNavigationDescription) VALUES ('Clas_1431701422080423UIInst_8', 'Clas_1431701422080423NavOfer_2ElemNav_1', 'PIULogIncompatibilidades', 'Log modificaciones Incompatibles', '');

-- IIU: Dominio.IIUDominioMLogDatos
INSERT INTO IU (idIU, IUName, IUAlias, IUDescription, IUType) VALUES ('Clas_1431701422080423UIInst_9', 'IIUDominioMLogDatos', 'Dominio', '', 'I');

-- IIU: Dominio._Auto_
INSERT INTO IU (idIU, IUName, IUAlias, IUDescription, IUType) VALUES ('Clas_1431701422080423UIInst_18', '_Auto_', 'Dominio', '', 'I');
INSERT INTO IUAction (idIU, idIUAction, IUActionName, IUActionAlias, IUActionDescription) VALUES ('Clas_1431701422080423UIInst_18', 'Clas_1431701422080423AccOfer_AutoElemAcc_1', 'SIUcrear', 'Crear dominio', '');
INSERT INTO IUAction (idIU, idIUAction, IUActionName, IUActionAlias, IUActionDescription) VALUES ('Clas_1431701422080423UIInst_18', 'Clas_1431701422080423AccOfer_AutoElemAcc_2', 'SIUInsPeriodicidadDominio', 'Indicar periodicidad aceptada', '');
INSERT INTO IUAction (idIU, idIUAction, IUActionName, IUActionAlias, IUActionDescription) VALUES ('Clas_1431701422080423UIInst_18', 'Clas_1431701422080423AccOfer_AutoElemAcc_3', 'SIUDelPeriodicidadDominio', 'Eliminar periodicidad aceptada', '');
INSERT INTO IUAction (idIU, idIUAction, IUActionName, IUActionAlias, IUActionDescription) VALUES ('Clas_1431701422080423UIInst_18', 'Clas_1431701422080423AccOfer_AutoElemAcc_4', 'SIUInsRolDominio', 'Indicar rol con permisos', '');
INSERT INTO IUAction (idIU, idIUAction, IUActionName, IUActionAlias, IUActionDescription) VALUES ('Clas_1431701422080423UIInst_18', 'Clas_1431701422080423AccOfer_AutoElemAcc_5', 'SIUDelRollDominio', 'Eliminar rol con permisos', '');
INSERT INTO IUAction (idIU, idIUAction, IUActionName, IUActionAlias, IUActionDescription) VALUES ('Clas_1431701422080423UIInst_18', 'Clas_1431701422080423AccOfer_AutoElemAcc_6', 'SIUmodDatosRespFirma', 'Datos responsable firma', '');
INSERT INTO IUAction (idIU, idIUAction, IUActionName, IUActionAlias, IUActionDescription) VALUES ('Clas_1431701422080423UIInst_18', 'Clas_1431701422080423AccOfer_AutoElemAcc_7', 'SIUmodImagenFirma', 'Asignar imagen firma', '');
INSERT INTO IUAction (idIU, idIUAction, IUActionName, IUActionAlias, IUActionDescription) VALUES ('Clas_1431701422080423UIInst_18', 'Clas_1431701422080423AccOfer_AutoElemAcc_8', 'SIUInsFormaPago', 'Indicar forma de pago aceptada', '');
INSERT INTO IUAction (idIU, idIUAction, IUActionName, IUActionAlias, IUActionDescription) VALUES ('Clas_1431701422080423UIInst_18', 'Clas_1431701422080423AccOfer_AutoElemAcc_9', 'SIUDelFormaPago', 'Eliminar forma de pago aceptada', '');
INSERT INTO IUAction (idIU, idIUAction, IUActionName, IUActionAlias, IUActionDescription) VALUES ('Clas_1431701422080423UIInst_18', 'Clas_1431701422080423AccOfer_AutoElemAcc_10', 'SIUcambiarDiasVigencia', 'Cambiar días vigencia', '');
INSERT INTO IUAction (idIU, idIUAction, IUActionName, IUActionAlias, IUActionDescription) VALUES ('Clas_1431701422080423UIInst_18', 'Clas_1431701422080423AccOfer_AutoElemAcc_11', 'SIUmodificarConfSolNovedad', 'Modificar configuración Solicitudes de Novedad', '');
INSERT INTO IUAction (idIU, idIUAction, IUActionName, IUActionAlias, IUActionDescription) VALUES ('Clas_1431701422080423UIInst_18', 'Clas_1431701422080423AccOfer_AutoElemAcc_12', 'SIUTELIMINAR', 'Eliminar dominio', '');
INSERT INTO IUAction (idIU, idIUAction, IUActionName, IUActionAlias, IUActionDescription) VALUES ('Clas_1431701422080423UIInst_18', 'Clas_1431701422080423AccOfer_AutoElemAcc_13', 'SIUTINSPLANTILLA', 'Asignar Plantilla', '');
INSERT INTO IUAction (idIU, idIUAction, IUActionName, IUActionAlias, IUActionDescription) VALUES ('Clas_1431701422080423UIInst_18', 'Clas_1431701422080423AccOfer_AutoElemAcc_14', 'SIUTINSNOVEDAD', 'Asignar Novedad', '');
INSERT INTO IUAction (idIU, idIUAction, IUActionName, IUActionAlias, IUActionDescription) VALUES ('Clas_1431701422080423UIInst_18', 'Clas_1431701422080423AccOfer_AutoElemAcc_15', 'SIUTADDGRPASESORES', 'Asignar Grupo', '');
INSERT INTO IUAction (idIU, idIUAction, IUActionName, IUActionAlias, IUActionDescription) VALUES ('Clas_1431701422080423UIInst_18', 'Clas_1431701422080423AccOfer_AutoElemAcc_16', 'SIUTDELGRPASESORES', 'Eliminar Grupo Asesores/Afiliaciones', '');
INSERT INTO IUAction (idIU, idIUAction, IUActionName, IUActionAlias, IUActionDescription) VALUES ('Clas_1431701422080423UIInst_18', 'Clas_1431701422080423AccOfer_AutoElemAcc_17', 'SIUTADDGRPMEDICO', 'Asignar Grupo', '');
INSERT INTO IUAction (idIU, idIUAction, IUActionName, IUActionAlias, IUActionDescription) VALUES ('Clas_1431701422080423UIInst_18', 'Clas_1431701422080423AccOfer_AutoElemAcc_18', 'SIUTDELGRPMEDICO', 'Eliminar Grupo Área Médica', '');
INSERT INTO IUAction (idIU, idIUAction, IUActionName, IUActionAlias, IUActionDescription) VALUES ('Clas_1431701422080423UIInst_18', 'Clas_1431701422080423AccOfer_AutoElemAcc_19', 'SIUTADDREPORTE', 'Asociar reporte', '');
INSERT INTO IUAction (idIU, idIUAction, IUActionName, IUActionAlias, IUActionDescription) VALUES ('Clas_1431701422080423UIInst_18', 'Clas_1431701422080423AccOfer_AutoElemAcc_20', 'SIUTINSINCOMPATIBLE', 'Asociar incompatible', '');
INSERT INTO IUAction (idIU, idIUAction, IUActionName, IUActionAlias, IUActionDescription) VALUES ('Clas_1431701422080423UIInst_18', 'Clas_1431701422080423AccOfer_AutoElemAcc_21', 'SIUTDELINCOMPATIBLE', 'Desasociar', '');
INSERT INTO IUAction (idIU, idIUAction, IUActionName, IUActionAlias, IUActionDescription) VALUES ('Clas_1431701422080423UIInst_18', 'Clas_1431701422080423AccOfer_AutoElemAcc_22', 'SIUTMODIFICAR', 'Modificar dominio', '');
INSERT INTO IUAction (idIU, idIUAction, IUActionName, IUActionAlias, IUActionDescription) VALUES ('Clas_1431701422080423UIInst_18', 'Clas_1431701422080423AccOfer_AutoElemAcc_23', 'IIUDominio', 'Dominio', '');
INSERT INTO IUAction (idIU, idIUAction, IUActionName, IUActionAlias, IUActionDescription) VALUES ('Clas_1431701422080423UIInst_18', 'Clas_1431701422080423AccOfer_AutoElemAcc_24', 'IIUDominioFirma', 'Responsable clausulado plan voluntario', '');
INSERT INTO IUAction (idIU, idIUAction, IUActionName, IUActionAlias, IUActionDescription) VALUES ('Clas_1431701422080423UIInst_18', 'Clas_1431701422080423AccOfer_AutoElemAcc_25', 'IIUDominioDSolNovedad', 'Solicitudes de Novedad', '');
INSERT INTO IUAction (idIU, idIUAction, IUActionName, IUActionAlias, IUActionDescription) VALUES ('Clas_1431701422080423UIInst_18', 'Clas_1431701422080423AccOfer_AutoElemAcc_26', 'IIUDominioMGrupoAsesores', 'Grupo Asesores', '');
INSERT INTO IUAction (idIU, idIUAction, IUActionName, IUActionAlias, IUActionDescription) VALUES ('Clas_1431701422080423UIInst_18', 'Clas_1431701422080423AccOfer_AutoElemAcc_27', 'IIUDominioMGrupoAreaMedica', 'Área Médica', '');
INSERT INTO IUAction (idIU, idIUAction, IUActionName, IUActionAlias, IUActionDescription) VALUES ('Clas_1431701422080423UIInst_18', 'Clas_1431701422080423AccOfer_AutoElemAcc_28', 'IIUDominioMGruposUsuarios', 'Dominio', '');
INSERT INTO IUAction (idIU, idIUAction, IUActionName, IUActionAlias, IUActionDescription) VALUES ('Clas_1431701422080423UIInst_18', 'Clas_1431701422080423AccOfer_AutoElemAcc_29', 'IIUDominioMIncompatibles', 'Dominio', '');
INSERT INTO IUAction (idIU, idIUAction, IUActionName, IUActionAlias, IUActionDescription) VALUES ('Clas_1431701422080423UIInst_18', 'Clas_1431701422080423AccOfer_AutoElemAcc_30', 'IIUDominioMLogDatos', 'Dominio', '');
INSERT INTO IUAction (idIU, idIUAction, IUActionName, IUActionAlias, IUActionDescription) VALUES ('Clas_1431701422080423UIInst_18', 'Clas_1431701422080423AccOfer_AutoElemAcc_31', 'MDIUDominio', 'Configuración dominio', '');
INSERT INTO IUAction (idIU, idIUAction, IUActionName, IUActionAlias, IUActionDescription) VALUES ('Clas_1431701422080423UIInst_18', 'Clas_1431701422080423AccOfer_AutoElemAcc_32', 'MDIUDominioGrupoAsesores', 'Grupo Asesores', '');
INSERT INTO IUAction (idIU, idIUAction, IUActionName, IUActionAlias, IUActionDescription) VALUES ('Clas_1431701422080423UIInst_18', 'Clas_1431701422080423AccOfer_AutoElemAcc_33', 'MDIUDominioGrupoAreaMedica', 'Grupo Área Médica', '');
INSERT INTO IUAction (idIU, idIUAction, IUActionName, IUActionAlias, IUActionDescription) VALUES ('Clas_1431701422080423UIInst_18', 'Clas_1431701422080423AccOfer_AutoElemAcc_34', 'MDIUDominioGruposUsuarios', 'Grupos Usuarios', '');
INSERT INTO IUAction (idIU, idIUAction, IUActionName, IUActionAlias, IUActionDescription) VALUES ('Clas_1431701422080423UIInst_18', 'Clas_1431701422080423AccOfer_AutoElemAcc_35', 'MDIUDominiosIncompatbles', 'Dominios incompatibles', '');
INSERT INTO IUAction (idIU, idIUAction, IUActionName, IUActionAlias, IUActionDescription) VALUES ('Clas_1431701422080423UIInst_18', 'Clas_1431701422080423AccOfer_AutoElemAcc_36', 'MDIUDominioLogDatos', 'Log datos Dominio', '');
INSERT INTO IUNavigation (idIU, idIUNavigation, IUNavigationName, IUNavigationAlias, IUNavigationDescription) VALUES ('Clas_1431701422080423UIInst_18', 'Clas_1431701422080423NavOfer_AutoElemNav_1', 'PIUDominioObs', 'Dominios', '');
INSERT INTO IUNavigation (idIU, idIUNavigation, IUNavigationName, IUNavigationAlias, IUNavigationDescription) VALUES ('Clas_1431701422080423UIInst_18', 'Clas_1431701422080423NavOfer_AutoElemNav_2', 'PIUParentescoDom', 'Parentescos', '');
INSERT INTO IUNavigation (idIU, idIUNavigation, IUNavigationName, IUNavigationAlias, IUNavigationDescription) VALUES ('Clas_1431701422080423UIInst_18', 'Clas_1431701422080423NavOfer_AutoElemNav_3', 'PIUAgentexProducto', 'Productos del asesor', '');
INSERT INTO IUNavigation (idIU, idIUNavigation, IUNavigationName, IUNavigationAlias, IUNavigationDescription) VALUES ('Clas_1431701422080423UIInst_18', 'Clas_1431701422080423NavOfer_AutoElemNav_4', 'PIUProrrateo', 'Prorrateos', '');
INSERT INTO IUNavigation (idIU, idIUNavigation, IUNavigationName, IUNavigationAlias, IUNavigationDescription) VALUES ('Clas_1431701422080423UIInst_18', 'Clas_1431701422080423NavOfer_AutoElemNav_5', 'PIULogGruposUsuarios', 'Historico Grupos', '');
INSERT INTO IUNavigation (idIU, idIUNavigation, IUNavigationName, IUNavigationAlias, IUNavigationDescription) VALUES ('Clas_1431701422080423UIInst_18', 'Clas_1431701422080423NavOfer_AutoElemNav_6', 'PIUGrpAsigNovedadDDominio', 'Grupos Novedades', '');
INSERT INTO IUNavigation (idIU, idIUNavigation, IUNavigationName, IUNavigationAlias, IUNavigationDescription) VALUES ('Clas_1431701422080423UIInst_18', 'Clas_1431701422080423NavOfer_AutoElemNav_7', 'PIUConfiguracionANS', 'Acuerdo nivel de servicio', '');
INSERT INTO IUNavigation (idIU, idIUNavigation, IUNavigationName, IUNavigationAlias, IUNavigationDescription) VALUES ('Clas_1431701422080423UIInst_18', 'Clas_1431701422080423NavOfer_AutoElemNav_8', 'PIUReportesDominio', 'Reportes', '');
INSERT INTO IUNavigation (idIU, idIUNavigation, IUNavigationName, IUNavigationAlias, IUNavigationDescription) VALUES ('Clas_1431701422080423UIInst_18', 'Clas_1431701422080423NavOfer_AutoElemNav_9', 'PIULogIncompatibilidades', 'Log modificaciones Incompatibles', '');
INSERT INTO IUNavigation (idIU, idIUNavigation, IUNavigationName, IUNavigationAlias, IUNavigationDescription) VALUES ('Clas_1431701422080423UIInst_18', 'Clas_1431701422080423NavOfer_AutoElemNav_10', 'PIULogDatosDominio', 'Log Dominio', '');
INSERT INTO IUNavigation (idIU, idIUNavigation, IUNavigationName, IUNavigationAlias, IUNavigationDescription) VALUES ('Clas_1431701422080423UIInst_18', 'Clas_1431701422080423NavOfer_AutoElemNav_11', '_Auto_', 'Plan', '');
INSERT INTO IUNavigation (idIU, idIUNavigation, IUNavigationName, IUNavigationAlias, IUNavigationDescription) VALUES ('Clas_1431701422080423UIInst_18', 'Clas_1431701422080423NavOfer_AutoElemNav_12', '_Auto_', 'Producto', '');
INSERT INTO IUNavigation (idIU, idIUNavigation, IUNavigationName, IUNavigationAlias, IUNavigationDescription) VALUES ('Clas_1431701422080423UIInst_18', 'Clas_1431701422080423NavOfer_AutoElemNav_13', 'PIUPeriodicidad', 'Periodicidades de pago', '');
INSERT INTO IUNavigation (idIU, idIUNavigation, IUNavigationName, IUNavigationAlias, IUNavigationDescription) VALUES ('Clas_1431701422080423UIInst_18', 'Clas_1431701422080423NavOfer_AutoElemNav_14', 'PIURol', 'Roles', '');
INSERT INTO IUNavigation (idIU, idIUNavigation, IUNavigationName, IUNavigationAlias, IUNavigationDescription) VALUES ('Clas_1431701422080423UIInst_18', 'Clas_1431701422080423NavOfer_AutoElemNav_15', 'PIUFormaPago', 'Formas de pago', '');
INSERT INTO IUNavigation (idIU, idIUNavigation, IUNavigationName, IUNavigationAlias, IUNavigationDescription) VALUES ('Clas_1431701422080423UIInst_18', 'Clas_1431701422080423NavOfer_AutoElemNav_16', 'PIUPlantillaEmail', 'Plantillas notificaciones (email/sms)', '');
INSERT INTO IUNavigation (idIU, idIUNavigation, IUNavigationName, IUNavigationAlias, IUNavigationDescription) VALUES ('Clas_1431701422080423UIInst_18', 'Clas_1431701422080423NavOfer_AutoElemNav_17', 'PIUNovedad', 'Novedades', '');
INSERT INTO IUNavigation (idIU, idIUNavigation, IUNavigationName, IUNavigationAlias, IUNavigationDescription) VALUES ('Clas_1431701422080423UIInst_18', 'Clas_1431701422080423NavOfer_AutoElemNav_18', 'IIUGrupoMDominio', 'Grupo Asesores', '');
INSERT INTO IUNavigation (idIU, idIUNavigation, IUNavigationName, IUNavigationAlias, IUNavigationDescription) VALUES ('Clas_1431701422080423UIInst_18', 'Clas_1431701422080423NavOfer_AutoElemNav_19', 'IIUGrupoMDominio', 'Grupo Área Médica', '');
INSERT INTO IUNavigation (idIU, idIUNavigation, IUNavigationName, IUNavigationAlias, IUNavigationDescription) VALUES ('Clas_1431701422080423UIInst_18', 'Clas_1431701422080423NavOfer_AutoElemNav_20', 'PIUDominioObs', 'Dominios', '');

-- MDIU: Dominio.MDIUDominio
INSERT INTO IU (idIU, IUName, IUAlias, IUDescription, IUType) VALUES ('Clas_1431701422080423UIMaDet_1', 'MDIUDominio', 'Configuración dominio', '', 'M');
INSERT INTO IUDetail (idIU, idIUDetail, IUDetailName, IUDetailAlias, IUDetailDescription) VALUES ('Clas_1431701422080423UIMaDet_1', 'Clas_1431701422080423UIMaDet_1Det_18', 'PIUReportesDominio', 'Reportes', '');
INSERT INTO IUDetail (idIU, idIUDetail, IUDetailName, IUDetailAlias, IUDetailDescription) VALUES ('Clas_1431701422080423UIMaDet_1', 'Clas_1431701422080423UIMaDet_1Det_5', 'PIUParentescoDom', 'Parentescos', '');
INSERT INTO IUDetail (idIU, idIUDetail, IUDetailName, IUDetailAlias, IUDetailDescription) VALUES ('Clas_1431701422080423UIMaDet_1', 'Clas_1431701422080423UIMaDet_1Det_3', 'PIUPeriodicidadDetDominio', 'Periodicidades', '');
INSERT INTO IUDetail (idIU, idIUDetail, IUDetailName, IUDetailAlias, IUDetailDescription) VALUES ('Clas_1431701422080423UIMaDet_1', 'Clas_1431701422080423UIMaDet_1Det_7', 'PIUFormaPagoDetDominio', 'Formas de Pago', '');
INSERT INTO IUDetail (idIU, idIUDetail, IUDetailName, IUDetailAlias, IUDetailDescription) VALUES ('Clas_1431701422080423UIMaDet_1', 'Clas_1431701422080423UIMaDet_1Det_6', 'IIUDominioFirma', 'Responsable plan voluntario', '');
INSERT INTO IUDetail (idIU, idIUDetail, IUDetailName, IUDetailAlias, IUDetailDescription) VALUES ('Clas_1431701422080423UIMaDet_1', 'Clas_1431701422080423UIMaDet_1Det_4', 'PIURolDetDominio', 'Roles', '');
INSERT INTO IUDetail (idIU, idIUDetail, IUDetailName, IUDetailAlias, IUDetailDescription) VALUES ('Clas_1431701422080423UIMaDet_1', 'Clas_1431701422080423UIMaDet_1Det_8', 'PIUProrrateo', 'Prorrateos', '');
INSERT INTO IUDetail (idIU, idIUDetail, IUDetailName, IUDetailAlias, IUDetailDescription) VALUES ('Clas_1431701422080423UIMaDet_1', 'Clas_1431701422080423UIMaDet_1Det_9', 'PIUPlantillasDominio', 'Plantillas notificaciones', '');
INSERT INTO IUDetail (idIU, idIUDetail, IUDetailName, IUDetailAlias, IUDetailDescription) VALUES ('Clas_1431701422080423UIMaDet_1', 'Clas_1431701422080423UIMaDet_1Det_10', 'PIUNovedadDDominio', 'Novedades', '');
INSERT INTO IUDetail (idIU, idIUDetail, IUDetailName, IUDetailAlias, IUDetailDescription) VALUES ('Clas_1431701422080423UIMaDet_1', 'Clas_1431701422080423UIMaDet_1Det_11', 'IIUDominioDSolNovedad', 'Solicitudes de Novedad', '');
-- MDIU: Dominio.MDIUDominioGrupoAsesores
INSERT INTO IU (idIU, IUName, IUAlias, IUDescription, IUType) VALUES ('Clas_1431701422080423UIMaDet_2', 'MDIUDominioGrupoAsesores', 'Grupo Asesores', '', 'M');
INSERT INTO IUDetail (idIU, idIUDetail, IUDetailName, IUDetailAlias, IUDetailDescription) VALUES ('Clas_1431701422080423UIMaDet_2', 'Clas_1431701422080423UIMaDet_2Det_1', 'PIUFuncionarioDDominio', 'Usuarios', '');
-- MDIU: Dominio.MDIUDominioGrupoAreaMedica
INSERT INTO IU (idIU, IUName, IUAlias, IUDescription, IUType) VALUES ('Clas_1431701422080423UIMaDet_3', 'MDIUDominioGrupoAreaMedica', 'Grupo Área Médica', '', 'M');
INSERT INTO IUDetail (idIU, idIUDetail, IUDetailName, IUDetailAlias, IUDetailDescription) VALUES ('Clas_1431701422080423UIMaDet_3', 'Clas_1431701422080423UIMaDet_3Det_1', 'PIUFuncionarioDDominio', 'Usuarios', '');
-- MDIU: Dominio.MDIUDominioGruposUsuarios
INSERT INTO IU (idIU, IUName, IUAlias, IUDescription, IUType) VALUES ('Clas_1431701422080423UIMaDet_4', 'MDIUDominioGruposUsuarios', 'Grupos Usuarios', '', 'M');
INSERT INTO IUDetail (idIU, idIUDetail, IUDetailName, IUDetailAlias, IUDetailDescription) VALUES ('Clas_1431701422080423UIMaDet_4', 'Clas_1431701422080423UIMaDet_4Det_11', 'MDIUDominioGrupoAsesores', 'Grupo Asesores/Afiliaciones', '');
INSERT INTO IUDetail (idIU, idIUDetail, IUDetailName, IUDetailAlias, IUDetailDescription) VALUES ('Clas_1431701422080423UIMaDet_4', 'Clas_1431701422080423UIMaDet_4Det_12', 'MDIUDominioGrupoAreaMedica', 'Grupo Área Médica', '');
INSERT INTO IUDetail (idIU, idIUDetail, IUDetailName, IUDetailAlias, IUDetailDescription) VALUES ('Clas_1431701422080423UIMaDet_4', 'Clas_1431701422080423UIMaDet_4Det_14', 'MDIUGrupoAsignacionNovedad', 'Grupos Novedades', '');
-- MDIU: Dominio.MDIUDominiosIncompatbles
INSERT INTO IU (idIU, IUName, IUAlias, IUDescription, IUType) VALUES ('Clas_1431701422080423UIMaDet_5', 'MDIUDominiosIncompatbles', 'Dominios incompatibles', '', 'M');
INSERT INTO IUDetail (idIU, idIUDetail, IUDetailName, IUDetailAlias, IUDetailDescription) VALUES ('Clas_1431701422080423UIMaDet_5', 'Clas_1431701422080423UIMaDet_5Det_1', 'PIUDominioDIncompatibles', 'Incompatibles', '');
-- MDIU: Dominio.MDIUDominioLogDatos
INSERT INTO IU (idIU, IUName, IUAlias, IUDescription, IUType) VALUES ('Clas_1431701422080423UIMaDet_6', 'MDIUDominioLogDatos', 'Log datos Dominio', '', 'M');
INSERT INTO IUDetail (idIU, idIUDetail, IUDetailName, IUDetailAlias, IUDetailDescription) VALUES ('Clas_1431701422080423UIMaDet_6', 'Clas_1431701422080423UIMaDet_6Det_2', 'PIULogDatosDominio', 'Log Dominio', '');
-- SIU: Dominio.SIUcrear
INSERT INTO IU (idIU, IUName, IUAlias, IUDescription, IUType) VALUES ('Clas_1431701422080423Ser_1UIServ_1', 'SIUcrear', 'Crear dominio', '', 'S');
-- SIU: Dominio.SIUInsPeriodicidadDominio
INSERT INTO IU (idIU, IUName, IUAlias, IUDescription, IUType) VALUES ('Clas_1431701422080423Ser_6UIServ_1', 'SIUInsPeriodicidadDominio', 'Indicar periodicidad aceptada', '', 'S');
-- SIU: Dominio.SIUDelPeriodicidadDominio
INSERT INTO IU (idIU, IUName, IUAlias, IUDescription, IUType) VALUES ('Clas_1431701422080423Ser_7UIServ_1', 'SIUDelPeriodicidadDominio', 'Eliminar periodicidad aceptada', '', 'S');
-- SIU: Dominio.SIUInsRolDominio
INSERT INTO IU (idIU, IUName, IUAlias, IUDescription, IUType) VALUES ('Clas_1431701422080423Ser_8UIServ_1', 'SIUInsRolDominio', 'Indicar rol con permisos', '', 'S');
-- SIU: Dominio.SIUDelRollDominio
INSERT INTO IU (idIU, IUName, IUAlias, IUDescription, IUType) VALUES ('Clas_1431701422080423Ser_9UIServ_1', 'SIUDelRollDominio', 'Eliminar rol con permisos', '', 'S');
-- SIU: Dominio.SIUmodDatosRespFirma
INSERT INTO IU (idIU, IUName, IUAlias, IUDescription, IUType) VALUES ('Clas_1431701422080423Ser_12UIServ_1', 'SIUmodDatosRespFirma', 'Datos responsable firma', '', 'S');
-- SIU: Dominio.SIUmodImagenFirma
INSERT INTO IU (idIU, IUName, IUAlias, IUDescription, IUType) VALUES ('Clas_1431701422080423Ser_13UIServ_1', 'SIUmodImagenFirma', 'Asignar imagen firma', '', 'S');
-- SIU: Dominio.SIUInsFormaPago
INSERT INTO IU (idIU, IUName, IUAlias, IUDescription, IUType) VALUES ('Clas_1431701422080423Ser_14UIServ_1', 'SIUInsFormaPago', 'Indicar forma de pago aceptada', '', 'S');
-- SIU: Dominio.SIUDelFormaPago
INSERT INTO IU (idIU, IUName, IUAlias, IUDescription, IUType) VALUES ('Clas_1431701422080423Ser_15UIServ_1', 'SIUDelFormaPago', 'Eliminar forma de pago aceptada', '', 'S');
-- SIU: Dominio.SIUcambiarDiasVigencia
INSERT INTO IU (idIU, IUName, IUAlias, IUDescription, IUType) VALUES ('Clas_1431701422080423Ser_16UIServ_1', 'SIUcambiarDiasVigencia', 'Cambiar días vigencia', '', 'S');
-- SIU: Dominio.SIUmodificarConfSolNovedad
INSERT INTO IU (idIU, IUName, IUAlias, IUDescription, IUType) VALUES ('Clas_1431701422080423Ser_22UIServ_1', 'SIUmodificarConfSolNovedad', 'Modificar configuración Solicitudes de Novedad', '', 'S');
-- SIU: Dominio.SIUTELIMINAR
INSERT INTO IU (idIU, IUName, IUAlias, IUDescription, IUType) VALUES ('Clas_1431701422080423Ser_10UIServ_1', 'SIUTELIMINAR', 'Eliminar dominio', '', 'S');
-- SIU: Dominio.SIUTINSPLANTILLA
INSERT INTO IU (idIU, IUName, IUAlias, IUDescription, IUType) VALUES ('Clas_1431701422080423Ser_19UIServ_1', 'SIUTINSPLANTILLA', 'Asignar Plantilla', '', 'S');
-- SIU: Dominio.SIUTINSNOVEDAD
INSERT INTO IU (idIU, IUName, IUAlias, IUDescription, IUType) VALUES ('Clas_1431701422080423Ser_23UIServ_1', 'SIUTINSNOVEDAD', 'Asignar Novedad', '', 'S');
-- SIU: Dominio.SIUTADDGRPASESORES
INSERT INTO IU (idIU, IUName, IUAlias, IUDescription, IUType) VALUES ('Clas_1431701422080423Ser_29UIServ_1', 'SIUTADDGRPASESORES', 'Asignar Grupo', '', 'S');
-- SIU: Dominio.SIUTDELGRPASESORES
INSERT INTO IU (idIU, IUName, IUAlias, IUDescription, IUType) VALUES ('Clas_1431701422080423Ser_30UIServ_1', 'SIUTDELGRPASESORES', 'Eliminar Grupo Asesores/Afiliaciones', '', 'S');
-- SIU: Dominio.SIUTADDGRPMEDICO
INSERT INTO IU (idIU, IUName, IUAlias, IUDescription, IUType) VALUES ('Clas_1431701422080423Ser_31UIServ_1', 'SIUTADDGRPMEDICO', 'Asignar Grupo', '', 'S');
-- SIU: Dominio.SIUTDELGRPMEDICO
INSERT INTO IU (idIU, IUName, IUAlias, IUDescription, IUType) VALUES ('Clas_1431701422080423Ser_32UIServ_1', 'SIUTDELGRPMEDICO', 'Eliminar Grupo Área Médica', '', 'S');
-- SIU: Dominio.SIUTADDREPORTE
INSERT INTO IU (idIU, IUName, IUAlias, IUDescription, IUType) VALUES ('Clas_1431701422080423Ser_33UIServ_1', 'SIUTADDREPORTE', 'Asociar reporte', '', 'S');
-- SIU: Dominio.SIUTINSINCOMPATIBLE
INSERT INTO IU (idIU, IUName, IUAlias, IUDescription, IUType) VALUES ('Clas_1431701422080423Ser_38UIServ_1', 'SIUTINSINCOMPATIBLE', 'Asociar incompatible', '', 'S');
-- SIU: Dominio.SIUTDELINCOMPATIBLE
INSERT INTO IU (idIU, IUName, IUAlias, IUDescription, IUType) VALUES ('Clas_1431701422080423Ser_39UIServ_1', 'SIUTDELINCOMPATIBLE', 'Desasociar', '', 'S');
-- SIU: Dominio.SIUTMODIFICAR
INSERT INTO IU (idIU, IUName, IUAlias, IUDescription, IUType) VALUES ('Clas_1431701422080423Ser_41UIServ_1', 'SIUTMODIFICAR', 'Modificar dominio', '', 'S');

---------------------------------------------
-- CLASS PlantillaEmail
---------------------------------------------
-- PIU: PlantillaEmail.PIUPlantillaEmail
INSERT INTO IU (idIU, IUName, IUAlias, IUDescription, IUType) VALUES ('Clas_1431708631040445UIPobCl_1', 'PIUPlantillaEmail', 'Plantillas notificaciones (email/sms)', '', 'P');
INSERT INTO IUAttribute (idIU, idIUAttribute, IUAttributeName, IUAttributeAlias, IUAttributeDescription) VALUES ('Clas_1431708631040445UIPobCl_1', 'Clas_1431708631040445CjtoVis_3ICtjoVis_5', 'IdPlantilla', 'Id.', '');
INSERT INTO IUAttribute (idIU, idIUAttribute, IUAttributeName, IUAttributeAlias, IUAttributeDescription) VALUES ('Clas_1431708631040445UIPobCl_1', 'Clas_1431708631040445CjtoVis_3ICtjoVis_2', 'Codigo', 'Código', '');
INSERT INTO IUAttribute (idIU, idIUAttribute, IUAttributeName, IUAttributeAlias, IUAttributeDescription) VALUES ('Clas_1431708631040445UIPobCl_1', 'Clas_1431708631040445CjtoVis_3ICtjoVis_3', 'Descripcion', 'Descripción', '');
INSERT INTO IUAttribute (idIU, idIUAttribute, IUAttributeName, IUAttributeAlias, IUAttributeDescription) VALUES ('Clas_1431708631040445UIPobCl_1', 'Clas_1431708631040445CjtoVis_3ICtjoVis_1', 'Asunto', 'Asunto', '');
INSERT INTO IUAttribute (idIU, idIUAttribute, IUAttributeName, IUAttributeAlias, IUAttributeDescription) VALUES ('Clas_1431708631040445UIPobCl_1', 'Clas_1431708631040445CjtoVis_3ICtjoVis_4', 'EmailConf', 'Email confirmación', '');
INSERT INTO IUAttribute (idIU, idIUAttribute, IUAttributeName, IUAttributeAlias, IUAttributeDescription) VALUES ('Clas_1431708631040445UIPobCl_1', 'Clas_1431708631040445CjtoVis_3ICtjoVis_6', 'TextoMensaje', 'Texto mensaje', '');
INSERT INTO IUAction (idIU, idIUAction, IUActionName, IUActionAlias, IUActionDescription) VALUES ('Clas_1431708631040445UIPobCl_1', 'Clas_1431708631040445AccOfer_1ElemAcc_4', 'SIUTNEW', 'Crear plantilla', '');
INSERT INTO IUAction (idIU, idIUAction, IUActionName, IUActionAlias, IUActionDescription) VALUES ('Clas_1431708631040445UIPobCl_1', 'Clas_1431708631040445AccOfer_1ElemAcc_5', 'SIUdummyModificar', 'Modificar', '');
INSERT INTO IUAction (idIU, idIUAction, IUActionName, IUActionAlias, IUActionDescription) VALUES ('Clas_1431708631040445UIPobCl_1', 'Clas_1431708631040445AccOfer_1ElemAcc_3', 'SIUeliminar', 'Eliminar', '');

-- PIU: PlantillaEmail.PIUPlantillasDominio
INSERT INTO IU (idIU, IUName, IUAlias, IUDescription, IUType) VALUES ('Clas_1431708631040445UIPobCl_2', 'PIUPlantillasDominio', 'Plantillas notificaciones (email/sms)', '', 'P');
INSERT INTO IUAttribute (idIU, idIUAttribute, IUAttributeName, IUAttributeAlias, IUAttributeDescription) VALUES ('Clas_1431708631040445UIPobCl_2', 'Clas_1431708631040445CjtoVis_2ICtjoVis_1', 'Codigo', 'Código', '');
INSERT INTO IUAttribute (idIU, idIUAttribute, IUAttributeName, IUAttributeAlias, IUAttributeDescription) VALUES ('Clas_1431708631040445UIPobCl_2', 'Clas_1431708631040445CjtoVis_2ICtjoVis_2', 'Descripcion', 'Descripción', '');
INSERT INTO IUAttribute (idIU, idIUAttribute, IUAttributeName, IUAttributeAlias, IUAttributeDescription) VALUES ('Clas_1431708631040445UIPobCl_2', 'Clas_1431708631040445CjtoVis_2ICtjoVis_3', 'Asunto', 'Asunto', '');
INSERT INTO IUAttribute (idIU, idIUAttribute, IUAttributeName, IUAttributeAlias, IUAttributeDescription) VALUES ('Clas_1431708631040445UIPobCl_2', 'Clas_1431708631040445CjtoVis_2ICtjoVis_4', 'EmailConf', 'Email confirmación', '');
INSERT INTO IUAction (idIU, idIUAction, IUActionName, IUActionAlias, IUActionDescription) VALUES ('Clas_1431708631040445UIPobCl_2', 'Clas_1431708631040445AccOfer_2ElemAcc_1', 'SIUTINSPLANTILLA', 'Asignar Plantilla', '');

-- PIU: PlantillaEmail._Auto_
INSERT INTO IU (idIU, IUName, IUAlias, IUDescription, IUType) VALUES ('Clas_1431708631040445UIPobCl_Auto', '_Auto_', 'Plantilla email', '', 'P');
INSERT INTO IUAttribute (idIU, idIUAttribute, IUAttributeName, IUAttributeAlias, IUAttributeDescription) VALUES ('Clas_1431708631040445UIPobCl_Auto', 'Clas_1431708631040445CjtoVis_AutoICtjoVis_1', 'Codigo', 'Código', '');
INSERT INTO IUAttribute (idIU, idIUAttribute, IUAttributeName, IUAttributeAlias, IUAttributeDescription) VALUES ('Clas_1431708631040445UIPobCl_Auto', 'Clas_1431708631040445CjtoVis_AutoICtjoVis_2', 'Descripcion', 'Descripción', '');
INSERT INTO IUAttribute (idIU, idIUAttribute, IUAttributeName, IUAttributeAlias, IUAttributeDescription) VALUES ('Clas_1431708631040445UIPobCl_Auto', 'Clas_1431708631040445CjtoVis_AutoICtjoVis_3', 'Asunto', 'Asunto', '');
INSERT INTO IUAttribute (idIU, idIUAttribute, IUAttributeName, IUAttributeAlias, IUAttributeDescription) VALUES ('Clas_1431708631040445UIPobCl_Auto', 'Clas_1431708631040445CjtoVis_AutoICtjoVis_4', 'TextoMensaje', 'Texto mensaje', '');
INSERT INTO IUAttribute (idIU, idIUAttribute, IUAttributeName, IUAttributeAlias, IUAttributeDescription) VALUES ('Clas_1431708631040445UIPobCl_Auto', 'Clas_1431708631040445CjtoVis_AutoICtjoVis_5', 'EmailConf', 'Email confirmación', '');
INSERT INTO IUAttribute (idIU, idIUAttribute, IUAttributeName, IUAttributeAlias, IUAttributeDescription) VALUES ('Clas_1431708631040445UIPobCl_Auto', 'Clas_1431708631040445CjtoVis_AutoICtjoVis_6', 'IdPlantilla', 'Id.', '');
INSERT INTO IUAction (idIU, idIUAction, IUActionName, IUActionAlias, IUActionDescription) VALUES ('Clas_1431708631040445UIPobCl_Auto', 'Clas_1431708631040445AccOfer_AutoElemAcc_1', 'SIUeliminar', 'Eliminar plantilla de email', '');
INSERT INTO IUAction (idIU, idIUAction, IUActionName, IUActionAlias, IUActionDescription) VALUES ('Clas_1431708631040445UIPobCl_Auto', 'Clas_1431708631040445AccOfer_AutoElemAcc_2', 'SIUmodificar', 'Modificar plantilla de email', '');
INSERT INTO IUAction (idIU, idIUAction, IUActionName, IUActionAlias, IUActionDescription) VALUES ('Clas_1431708631040445UIPobCl_Auto', 'Clas_1431708631040445AccOfer_AutoElemAcc_3', 'SIUmodificarTextoMensaje', 'Modificar plantilla de email', '');
INSERT INTO IUAction (idIU, idIUAction, IUActionName, IUActionAlias, IUActionDescription) VALUES ('Clas_1431708631040445UIPobCl_Auto', 'Clas_1431708631040445AccOfer_AutoElemAcc_4', 'SIUdummyModificar', 'Modificar', '');
INSERT INTO IUAction (idIU, idIUAction, IUActionName, IUActionAlias, IUActionDescription) VALUES ('Clas_1431708631040445UIPobCl_Auto', 'Clas_1431708631040445AccOfer_AutoElemAcc_5', 'SIUTNEW', 'Crear plantilla', '');
INSERT INTO IUAction (idIU, idIUAction, IUActionName, IUActionAlias, IUActionDescription) VALUES ('Clas_1431708631040445UIPobCl_Auto', 'Clas_1431708631040445AccOfer_AutoElemAcc_6', '_Auto_', 'Plantilla email', '');
INSERT INTO IUNavigation (idIU, idIUNavigation, IUNavigationName, IUNavigationAlias, IUNavigationDescription) VALUES ('Clas_1431708631040445UIPobCl_Auto', 'Clas_1431708631040445NavOfer_AutoElemNav_1', 'PIUDominioObs', 'Dominios', '');

-- IIU: PlantillaEmail._Auto_
INSERT INTO IU (idIU, IUName, IUAlias, IUDescription, IUType) VALUES ('Clas_1431708631040445UIInst_2', '_Auto_', 'Plantilla email', '', 'I');
INSERT INTO IUAction (idIU, idIUAction, IUActionName, IUActionAlias, IUActionDescription) VALUES ('Clas_1431708631040445UIInst_2', 'Clas_1431708631040445AccOfer_AutoElemAcc_1', 'SIUeliminar', 'Eliminar plantilla de email', '');
INSERT INTO IUAction (idIU, idIUAction, IUActionName, IUActionAlias, IUActionDescription) VALUES ('Clas_1431708631040445UIInst_2', 'Clas_1431708631040445AccOfer_AutoElemAcc_2', 'SIUmodificar', 'Modificar plantilla de email', '');
INSERT INTO IUAction (idIU, idIUAction, IUActionName, IUActionAlias, IUActionDescription) VALUES ('Clas_1431708631040445UIInst_2', 'Clas_1431708631040445AccOfer_AutoElemAcc_3', 'SIUmodificarTextoMensaje', 'Modificar plantilla de email', '');
INSERT INTO IUAction (idIU, idIUAction, IUActionName, IUActionAlias, IUActionDescription) VALUES ('Clas_1431708631040445UIInst_2', 'Clas_1431708631040445AccOfer_AutoElemAcc_4', 'SIUdummyModificar', 'Modificar', '');
INSERT INTO IUAction (idIU, idIUAction, IUActionName, IUActionAlias, IUActionDescription) VALUES ('Clas_1431708631040445UIInst_2', 'Clas_1431708631040445AccOfer_AutoElemAcc_5', 'SIUTNEW', 'Crear plantilla', '');
INSERT INTO IUAction (idIU, idIUAction, IUActionName, IUActionAlias, IUActionDescription) VALUES ('Clas_1431708631040445UIInst_2', 'Clas_1431708631040445AccOfer_AutoElemAcc_6', '_Auto_', 'Plantilla email', '');
INSERT INTO IUNavigation (idIU, idIUNavigation, IUNavigationName, IUNavigationAlias, IUNavigationDescription) VALUES ('Clas_1431708631040445UIInst_2', 'Clas_1431708631040445NavOfer_AutoElemNav_1', 'PIUDominioObs', 'Dominios', '');

-- SIU: PlantillaEmail.SIUeliminar
INSERT INTO IU (idIU, IUName, IUAlias, IUDescription, IUType) VALUES ('Clas_1431708631040445Ser_2UIServ_1', 'SIUeliminar', 'Eliminar plantilla de email', '', 'S');
-- SIU: PlantillaEmail.SIUmodificar
INSERT INTO IU (idIU, IUName, IUAlias, IUDescription, IUType) VALUES ('Clas_1431708631040445Ser_3UIServ_1', 'SIUmodificar', 'Modificar plantilla de email', '', 'S');
-- SIU: PlantillaEmail.SIUmodificarTextoMensaje
INSERT INTO IU (idIU, IUName, IUAlias, IUDescription, IUType) VALUES ('Clas_1431708631040445Ser_6UIServ_1', 'SIUmodificarTextoMensaje', 'Modificar plantilla de email', '', 'S');
-- SIU: PlantillaEmail.SIUdummyModificar
INSERT INTO IU (idIU, IUName, IUAlias, IUDescription, IUType) VALUES ('Clas_1431708631040445Ser_7UIServ_1', 'SIUdummyModificar', 'Modificar', '', 'S');
-- SIU: PlantillaEmail.SIUTNEW
INSERT INTO IU (idIU, IUName, IUAlias, IUDescription, IUType) VALUES ('Clas_1431708631040445Ser_8UIServ_1', 'SIUTNEW', 'Crear plantilla', '', 'S');

---------------------------------------------
-- CLASS EstadoContrato
---------------------------------------------
-- PIU: EstadoContrato.PIUEstadoContrato
INSERT INTO IU (idIU, IUName, IUAlias, IUDescription, IUType) VALUES ('Clas_1431709286400354UIPobCl_1', 'PIUEstadoContrato', 'Estados contrato en CORE', '', 'P');
INSERT INTO IUAttribute (idIU, idIUAttribute, IUAttributeName, IUAttributeAlias, IUAttributeDescription) VALUES ('Clas_1431709286400354UIPobCl_1', 'Clas_1431709286400354CjtoVis_AutoICtjoVis_1', 'Codigo', 'Código', '');
INSERT INTO IUAttribute (idIU, idIUAttribute, IUAttributeName, IUAttributeAlias, IUAttributeDescription) VALUES ('Clas_1431709286400354UIPobCl_1', 'Clas_1431709286400354CjtoVis_AutoICtjoVis_2', 'Descripcion', 'Descripción', '');
INSERT INTO IUAction (idIU, idIUAction, IUActionName, IUActionAlias, IUActionDescription) VALUES ('Clas_1431709286400354UIPobCl_1', 'Clas_1431709286400354AccOfer_1ElemAcc_1', 'SIUcrear', 'Crear', '');
INSERT INTO IUAction (idIU, idIUAction, IUActionName, IUActionAlias, IUActionDescription) VALUES ('Clas_1431709286400354UIPobCl_1', 'Clas_1431709286400354AccOfer_1ElemAcc_2', 'SIUTGSINCESTADOSCONTRATO', 'Sincronizar', '');
INSERT INTO IUAction (idIU, idIUAction, IUActionName, IUActionAlias, IUActionDescription) VALUES ('Clas_1431709286400354UIPobCl_1', 'Clas_1431709286400354AccOfer_1ElemAcc_3', 'SIUeliminar', 'Eliminar', '');

-- PIU: EstadoContrato._Auto_
INSERT INTO IU (idIU, IUName, IUAlias, IUDescription, IUType) VALUES ('Clas_1431709286400354UIPobCl_Auto', '_Auto_', 'Estado contrato', '', 'P');
INSERT INTO IUAttribute (idIU, idIUAttribute, IUAttributeName, IUAttributeAlias, IUAttributeDescription) VALUES ('Clas_1431709286400354UIPobCl_Auto', 'Clas_1431709286400354CjtoVis_AutoICtjoVis_1', 'Codigo', 'Código', '');
INSERT INTO IUAttribute (idIU, idIUAttribute, IUAttributeName, IUAttributeAlias, IUAttributeDescription) VALUES ('Clas_1431709286400354UIPobCl_Auto', 'Clas_1431709286400354CjtoVis_AutoICtjoVis_2', 'Descripcion', 'Descripción', '');
INSERT INTO IUAction (idIU, idIUAction, IUActionName, IUActionAlias, IUActionDescription) VALUES ('Clas_1431709286400354UIPobCl_Auto', 'Clas_1431709286400354AccOfer_AutoElemAcc_1', 'SIUcrear', 'Crear estado contrato CORE', '');
INSERT INTO IUAction (idIU, idIUAction, IUActionName, IUActionAlias, IUActionDescription) VALUES ('Clas_1431709286400354UIPobCl_Auto', 'Clas_1431709286400354AccOfer_AutoElemAcc_2', 'SIUeliminar', 'Eliminar estado contrato CORE', '');
INSERT INTO IUAction (idIU, idIUAction, IUActionName, IUActionAlias, IUActionDescription) VALUES ('Clas_1431709286400354UIPobCl_Auto', 'Clas_1431709286400354AccOfer_AutoElemAcc_3', 'SIUInsEstadoContratoC', 'InsEstadoContratoC', '');
INSERT INTO IUAction (idIU, idIUAction, IUActionName, IUActionAlias, IUActionDescription) VALUES ('Clas_1431709286400354UIPobCl_Auto', 'Clas_1431709286400354AccOfer_AutoElemAcc_4', 'SIUDelEstadoContratoC', 'DelEstadoContratoC', '');
INSERT INTO IUAction (idIU, idIUAction, IUActionName, IUActionAlias, IUActionDescription) VALUES ('Clas_1431709286400354UIPobCl_Auto', 'Clas_1431709286400354AccOfer_AutoElemAcc_5', 'SIUInsEstadoContrato', 'InsEstadoContrato', '');
INSERT INTO IUAction (idIU, idIUAction, IUActionName, IUActionAlias, IUActionDescription) VALUES ('Clas_1431709286400354UIPobCl_Auto', 'Clas_1431709286400354AccOfer_AutoElemAcc_6', 'SIUDelEstadoContrato', 'DelEstadoContrato', '');
INSERT INTO IUAction (idIU, idIUAction, IUActionName, IUActionAlias, IUActionDescription) VALUES ('Clas_1431709286400354UIPobCl_Auto', 'Clas_1431709286400354AccOfer_AutoElemAcc_7', '_Auto_', 'Estado contrato', '');
INSERT INTO IUNavigation (idIU, idIUNavigation, IUNavigationName, IUNavigationAlias, IUNavigationDescription) VALUES ('Clas_1431709286400354UIPobCl_Auto', 'Clas_1431709286400354NavOfer_AutoElemNav_1', '_Auto_', 'Solicitudes', '');
INSERT INTO IUNavigation (idIU, idIUNavigation, IUNavigationName, IUNavigationAlias, IUNavigationDescription) VALUES ('Clas_1431709286400354UIPobCl_Auto', 'Clas_1431709286400354NavOfer_AutoElemNav_2', '_Auto_', 'Contratos', '');
INSERT INTO IUNavigation (idIU, idIUNavigation, IUNavigationName, IUNavigationAlias, IUNavigationDescription) VALUES ('Clas_1431709286400354UIPobCl_Auto', 'Clas_1431709286400354NavOfer_AutoElemNav_3', 'PIUConsultaSolicitudNovedad', 'Consultar Novedades', '');

-- IIU: EstadoContrato._Auto_
INSERT INTO IU (idIU, IUName, IUAlias, IUDescription, IUType) VALUES ('Clas_1431709286400354UIInst_1', '_Auto_', 'Estado contrato', '', 'I');
INSERT INTO IUAction (idIU, idIUAction, IUActionName, IUActionAlias, IUActionDescription) VALUES ('Clas_1431709286400354UIInst_1', 'Clas_1431709286400354AccOfer_AutoElemAcc_1', 'SIUcrear', 'Crear estado contrato CORE', '');
INSERT INTO IUAction (idIU, idIUAction, IUActionName, IUActionAlias, IUActionDescription) VALUES ('Clas_1431709286400354UIInst_1', 'Clas_1431709286400354AccOfer_AutoElemAcc_2', 'SIUeliminar', 'Eliminar estado contrato CORE', '');
INSERT INTO IUAction (idIU, idIUAction, IUActionName, IUActionAlias, IUActionDescription) VALUES ('Clas_1431709286400354UIInst_1', 'Clas_1431709286400354AccOfer_AutoElemAcc_3', 'SIUInsEstadoContratoC', 'InsEstadoContratoC', '');
INSERT INTO IUAction (idIU, idIUAction, IUActionName, IUActionAlias, IUActionDescription) VALUES ('Clas_1431709286400354UIInst_1', 'Clas_1431709286400354AccOfer_AutoElemAcc_4', 'SIUDelEstadoContratoC', 'DelEstadoContratoC', '');
INSERT INTO IUAction (idIU, idIUAction, IUActionName, IUActionAlias, IUActionDescription) VALUES ('Clas_1431709286400354UIInst_1', 'Clas_1431709286400354AccOfer_AutoElemAcc_5', 'SIUInsEstadoContrato', 'InsEstadoContrato', '');
INSERT INTO IUAction (idIU, idIUAction, IUActionName, IUActionAlias, IUActionDescription) VALUES ('Clas_1431709286400354UIInst_1', 'Clas_1431709286400354AccOfer_AutoElemAcc_6', 'SIUDelEstadoContrato', 'DelEstadoContrato', '');
INSERT INTO IUAction (idIU, idIUAction, IUActionName, IUActionAlias, IUActionDescription) VALUES ('Clas_1431709286400354UIInst_1', 'Clas_1431709286400354AccOfer_AutoElemAcc_7', '_Auto_', 'Estado contrato', '');
INSERT INTO IUNavigation (idIU, idIUNavigation, IUNavigationName, IUNavigationAlias, IUNavigationDescription) VALUES ('Clas_1431709286400354UIInst_1', 'Clas_1431709286400354NavOfer_AutoElemNav_1', '_Auto_', 'Solicitudes', '');
INSERT INTO IUNavigation (idIU, idIUNavigation, IUNavigationName, IUNavigationAlias, IUNavigationDescription) VALUES ('Clas_1431709286400354UIInst_1', 'Clas_1431709286400354NavOfer_AutoElemNav_2', '_Auto_', 'Contratos', '');
INSERT INTO IUNavigation (idIU, idIUNavigation, IUNavigationName, IUNavigationAlias, IUNavigationDescription) VALUES ('Clas_1431709286400354UIInst_1', 'Clas_1431709286400354NavOfer_AutoElemNav_3', 'PIUConsultaSolicitudNovedad', 'Consultar Novedades', '');

-- SIU: EstadoContrato.SIUcrear
INSERT INTO IU (idIU, IUName, IUAlias, IUDescription, IUType) VALUES ('Clas_1431709286400354Ser_1UIServ_1', 'SIUcrear', 'Crear estado contrato CORE', '', 'S');
-- SIU: EstadoContrato.SIUeliminar
INSERT INTO IU (idIU, IUName, IUAlias, IUDescription, IUType) VALUES ('Clas_1431709286400354Ser_2UIServ_1', 'SIUeliminar', 'Eliminar estado contrato CORE', '', 'S');
-- SIU: EstadoContrato.SIUInsEstadoContratoC
INSERT INTO IU (idIU, IUName, IUAlias, IUDescription, IUType) VALUES ('Clas_1431709286400354Ser_8UIServ_1', 'SIUInsEstadoContratoC', 'InsEstadoContratoC', '', 'S');
-- SIU: EstadoContrato.SIUDelEstadoContratoC
INSERT INTO IU (idIU, IUName, IUAlias, IUDescription, IUType) VALUES ('Clas_1431709286400354Ser_9UIServ_1', 'SIUDelEstadoContratoC', 'DelEstadoContratoC', '', 'S');
-- SIU: EstadoContrato.SIUInsEstadoContrato
INSERT INTO IU (idIU, IUName, IUAlias, IUDescription, IUType) VALUES ('Clas_1431709286400354Ser_10UIServ_1', 'SIUInsEstadoContrato', 'InsEstadoContrato', '', 'S');
-- SIU: EstadoContrato.SIUDelEstadoContrato
INSERT INTO IU (idIU, IUName, IUAlias, IUDescription, IUType) VALUES ('Clas_1431709286400354Ser_11UIServ_1', 'SIUDelEstadoContrato', 'DelEstadoContrato', '', 'S');

---------------------------------------------
-- CLASS EstadoBeneficiario
---------------------------------------------
-- PIU: EstadoBeneficiario.PIUEstadoBeneficiario
INSERT INTO IU (idIU, IUName, IUAlias, IUDescription, IUType) VALUES ('Clas_1431710597120636UIPobCl_1', 'PIUEstadoBeneficiario', 'Estados beneficiario CORE', '', 'P');
INSERT INTO IUAttribute (idIU, idIUAttribute, IUAttributeName, IUAttributeAlias, IUAttributeDescription) VALUES ('Clas_1431710597120636UIPobCl_1', 'Clas_1431710597120636CjtoVis_AutoICtjoVis_1', 'Codigo', 'Código', '');
INSERT INTO IUAttribute (idIU, idIUAttribute, IUAttributeName, IUAttributeAlias, IUAttributeDescription) VALUES ('Clas_1431710597120636UIPobCl_1', 'Clas_1431710597120636CjtoVis_AutoICtjoVis_2', 'Descripcion', 'Descripción', '');
INSERT INTO IUAttribute (idIU, idIUAttribute, IUAttributeName, IUAttributeAlias, IUAttributeDescription) VALUES ('Clas_1431710597120636UIPobCl_1', 'Clas_1431710597120636CjtoVis_AutoICtjoVis_3', 'EsActivo', 'Es activo', '');
INSERT INTO IUAttribute (idIU, idIUAttribute, IUAttributeName, IUAttributeAlias, IUAttributeDescription) VALUES ('Clas_1431710597120636UIPobCl_1', 'Clas_1431710597120636CjtoVis_AutoICtjoVis_4', 'Confirmado', 'Confirmado', '');
INSERT INTO IUAttribute (idIU, idIUAttribute, IUAttributeName, IUAttributeAlias, IUAttributeDescription) VALUES ('Clas_1431710597120636UIPobCl_1', 'Clas_1431710597120636CjtoVis_AutoICtjoVis_5', 'EsError', 'Es error', '');
INSERT INTO IUAction (idIU, idIUAction, IUActionName, IUActionAlias, IUActionDescription) VALUES ('Clas_1431710597120636UIPobCl_1', 'Clas_1431710597120636AccOfer_1ElemAcc_1', 'SIUcrear', 'Crear', '');
INSERT INTO IUAction (idIU, idIUAction, IUActionName, IUActionAlias, IUActionDescription) VALUES ('Clas_1431710597120636UIPobCl_1', 'Clas_1431710597120636AccOfer_1ElemAcc_4', 'SIUmodificar', 'Modificar', '');
INSERT INTO IUAction (idIU, idIUAction, IUActionName, IUActionAlias, IUActionDescription) VALUES ('Clas_1431710597120636UIPobCl_1', 'Clas_1431710597120636AccOfer_1ElemAcc_2', 'SIUTGSINCESTADOSBENEFICIARIO', 'Sincronizar', '');
INSERT INTO IUAction (idIU, idIUAction, IUActionName, IUActionAlias, IUActionDescription) VALUES ('Clas_1431710597120636UIPobCl_1', 'Clas_1431710597120636AccOfer_1ElemAcc_3', 'SIUeliminar', 'Eliminar', '');

-- PIU: EstadoBeneficiario._Auto_
INSERT INTO IU (idIU, IUName, IUAlias, IUDescription, IUType) VALUES ('Clas_1431710597120636UIPobCl_Auto', '_Auto_', 'Estado beneficiario CORE', '', 'P');
INSERT INTO IUAttribute (idIU, idIUAttribute, IUAttributeName, IUAttributeAlias, IUAttributeDescription) VALUES ('Clas_1431710597120636UIPobCl_Auto', 'Clas_1431710597120636CjtoVis_AutoICtjoVis_1', 'Codigo', 'Código', '');
INSERT INTO IUAttribute (idIU, idIUAttribute, IUAttributeName, IUAttributeAlias, IUAttributeDescription) VALUES ('Clas_1431710597120636UIPobCl_Auto', 'Clas_1431710597120636CjtoVis_AutoICtjoVis_2', 'Descripcion', 'Descripción', '');
INSERT INTO IUAttribute (idIU, idIUAttribute, IUAttributeName, IUAttributeAlias, IUAttributeDescription) VALUES ('Clas_1431710597120636UIPobCl_Auto', 'Clas_1431710597120636CjtoVis_AutoICtjoVis_3', 'EsActivo', 'Es activo', '');
INSERT INTO IUAttribute (idIU, idIUAttribute, IUAttributeName, IUAttributeAlias, IUAttributeDescription) VALUES ('Clas_1431710597120636UIPobCl_Auto', 'Clas_1431710597120636CjtoVis_AutoICtjoVis_4', 'Confirmado', 'Confirmado', '');
INSERT INTO IUAttribute (idIU, idIUAttribute, IUAttributeName, IUAttributeAlias, IUAttributeDescription) VALUES ('Clas_1431710597120636UIPobCl_Auto', 'Clas_1431710597120636CjtoVis_AutoICtjoVis_5', 'EsError', 'Es error', '');
INSERT INTO IUAction (idIU, idIUAction, IUActionName, IUActionAlias, IUActionDescription) VALUES ('Clas_1431710597120636UIPobCl_Auto', 'Clas_1431710597120636AccOfer_AutoElemAcc_1', 'SIUcrear', 'Crear estado beneficiario', '');
INSERT INTO IUAction (idIU, idIUAction, IUActionName, IUActionAlias, IUActionDescription) VALUES ('Clas_1431710597120636UIPobCl_Auto', 'Clas_1431710597120636AccOfer_AutoElemAcc_2', 'SIUeliminar', 'Eliminar estado beneficiario', '');
INSERT INTO IUAction (idIU, idIUAction, IUActionName, IUActionAlias, IUActionDescription) VALUES ('Clas_1431710597120636UIPobCl_Auto', 'Clas_1431710597120636AccOfer_AutoElemAcc_3', 'SIUmodificar', 'Modificar estado beneficiario', '');
INSERT INTO IUAction (idIU, idIUAction, IUActionName, IUActionAlias, IUActionDescription) VALUES ('Clas_1431710597120636UIPobCl_Auto', 'Clas_1431710597120636AccOfer_AutoElemAcc_4', '_Auto_', 'Estado beneficiario CORE', '');
INSERT INTO IUNavigation (idIU, idIUNavigation, IUNavigationName, IUNavigationAlias, IUNavigationDescription) VALUES ('Clas_1431710597120636UIPobCl_Auto', 'Clas_1431710597120636NavOfer_AutoElemNav_1', 'PIUEstadoBeneficiarioAE', 'Estados beneficiario AE', '');
INSERT INTO IUNavigation (idIU, idIUNavigation, IUNavigationName, IUNavigationAlias, IUNavigationDescription) VALUES ('Clas_1431710597120636UIPobCl_Auto', 'Clas_1431710597120636NavOfer_AutoElemNav_2', 'PIUUsuarioDePIUStatusSol', 'Detalle de usuarios', '');
INSERT INTO IUNavigation (idIU, idIUNavigation, IUNavigationName, IUNavigationAlias, IUNavigationDescription) VALUES ('Clas_1431710597120636UIPobCl_Auto', 'Clas_1431710597120636NavOfer_AutoElemNav_3', '_Auto_', 'Beneficiarios', '');
INSERT INTO IUNavigation (idIU, idIUNavigation, IUNavigationName, IUNavigationAlias, IUNavigationDescription) VALUES ('Clas_1431710597120636UIPobCl_Auto', 'Clas_1431710597120636NavOfer_AutoElemNav_4', 'PIUUsuarioReg', 'Usuarios registrados', '');
INSERT INTO IUNavigation (idIU, idIUNavigation, IUNavigationName, IUNavigationAlias, IUNavigationDescription) VALUES ('Clas_1431710597120636UIPobCl_Auto', 'Clas_1431710597120636NavOfer_AutoElemNav_5', 'PIUUsuNovTipoTitular', 'Usuarios', '');

-- IIU: EstadoBeneficiario._Auto_
INSERT INTO IU (idIU, IUName, IUAlias, IUDescription, IUType) VALUES ('Clas_1431710597120636UIInst_1', '_Auto_', 'Estado beneficiario CORE', '', 'I');
INSERT INTO IUAction (idIU, idIUAction, IUActionName, IUActionAlias, IUActionDescription) VALUES ('Clas_1431710597120636UIInst_1', 'Clas_1431710597120636AccOfer_AutoElemAcc_1', 'SIUcrear', 'Crear estado beneficiario', '');
INSERT INTO IUAction (idIU, idIUAction, IUActionName, IUActionAlias, IUActionDescription) VALUES ('Clas_1431710597120636UIInst_1', 'Clas_1431710597120636AccOfer_AutoElemAcc_2', 'SIUeliminar', 'Eliminar estado beneficiario', '');
INSERT INTO IUAction (idIU, idIUAction, IUActionName, IUActionAlias, IUActionDescription) VALUES ('Clas_1431710597120636UIInst_1', 'Clas_1431710597120636AccOfer_AutoElemAcc_3', 'SIUmodificar', 'Modificar estado beneficiario', '');
INSERT INTO IUAction (idIU, idIUAction, IUActionName, IUActionAlias, IUActionDescription) VALUES ('Clas_1431710597120636UIInst_1', 'Clas_1431710597120636AccOfer_AutoElemAcc_4', '_Auto_', 'Estado beneficiario CORE', '');
INSERT INTO IUNavigation (idIU, idIUNavigation, IUNavigationName, IUNavigationAlias, IUNavigationDescription) VALUES ('Clas_1431710597120636UIInst_1', 'Clas_1431710597120636NavOfer_AutoElemNav_1', 'PIUEstadoBeneficiarioAE', 'Estados beneficiario AE', '');
INSERT INTO IUNavigation (idIU, idIUNavigation, IUNavigationName, IUNavigationAlias, IUNavigationDescription) VALUES ('Clas_1431710597120636UIInst_1', 'Clas_1431710597120636NavOfer_AutoElemNav_2', 'PIUUsuarioDePIUStatusSol', 'Detalle de usuarios', '');
INSERT INTO IUNavigation (idIU, idIUNavigation, IUNavigationName, IUNavigationAlias, IUNavigationDescription) VALUES ('Clas_1431710597120636UIInst_1', 'Clas_1431710597120636NavOfer_AutoElemNav_3', '_Auto_', 'Beneficiarios', '');
INSERT INTO IUNavigation (idIU, idIUNavigation, IUNavigationName, IUNavigationAlias, IUNavigationDescription) VALUES ('Clas_1431710597120636UIInst_1', 'Clas_1431710597120636NavOfer_AutoElemNav_4', 'PIUUsuarioReg', 'Usuarios registrados', '');
INSERT INTO IUNavigation (idIU, idIUNavigation, IUNavigationName, IUNavigationAlias, IUNavigationDescription) VALUES ('Clas_1431710597120636UIInst_1', 'Clas_1431710597120636NavOfer_AutoElemNav_5', 'PIUUsuNovTipoTitular', 'Usuarios', '');

-- SIU: EstadoBeneficiario.SIUcrear
INSERT INTO IU (idIU, IUName, IUAlias, IUDescription, IUType) VALUES ('Clas_1431710597120636Ser_1UIServ_1', 'SIUcrear', 'Crear estado beneficiario', '', 'S');
-- SIU: EstadoBeneficiario.SIUeliminar
INSERT INTO IU (idIU, IUName, IUAlias, IUDescription, IUType) VALUES ('Clas_1431710597120636Ser_2UIServ_1', 'SIUeliminar', 'Eliminar estado beneficiario', '', 'S');
-- SIU: EstadoBeneficiario.SIUmodificar
INSERT INTO IU (idIU, IUName, IUAlias, IUDescription, IUType) VALUES ('Clas_1431710597120636Ser_5UIServ_1', 'SIUmodificar', 'Modificar estado beneficiario', '', 'S');

---------------------------------------------
-- CLASS EstadoBeneficiarioAE
---------------------------------------------
-- PIU: EstadoBeneficiarioAE.PIUEstadoBeneficiarioAE
INSERT INTO IU (idIU, IUName, IUAlias, IUDescription, IUType) VALUES ('Clas_1431711383552943UIPobCl_1', 'PIUEstadoBeneficiarioAE', 'Estados beneficiario AE', '', 'P');
INSERT INTO IUAttribute (idIU, idIUAttribute, IUAttributeName, IUAttributeAlias, IUAttributeDescription) VALUES ('Clas_1431711383552943UIPobCl_1', 'Clas_1431711383552943CjtoVis_2ICtjoVis_1', 'Codigo', 'Código', '');
INSERT INTO IUAttribute (idIU, idIUAttribute, IUAttributeName, IUAttributeAlias, IUAttributeDescription) VALUES ('Clas_1431711383552943UIPobCl_1', 'Clas_1431711383552943CjtoVis_2ICtjoVis_2', 'Descripcion', 'Descripción', '');
INSERT INTO IUAttribute (idIU, idIUAttribute, IUAttributeName, IUAttributeAlias, IUAttributeDescription) VALUES ('Clas_1431711383552943UIPobCl_1', 'Clas_1431711383552943CjtoVis_2ICtjoVis_3', 'EstadoBeneficiarioCORE.Descripcion', 'Estado CORE', '');
INSERT INTO IUAction (idIU, idIUAction, IUActionName, IUActionAlias, IUActionDescription) VALUES ('Clas_1431711383552943UIPobCl_1', 'Clas_1431711383552943AccOfer_1ElemAcc_1', 'SIUcrear', 'Crear', '');
INSERT INTO IUAction (idIU, idIUAction, IUActionName, IUActionAlias, IUActionDescription) VALUES ('Clas_1431711383552943UIPobCl_1', 'Clas_1431711383552943AccOfer_1ElemAcc_2', 'SIUTMODIFICAR', 'Modificar', '');
INSERT INTO IUAction (idIU, idIUAction, IUActionName, IUActionAlias, IUActionDescription) VALUES ('Clas_1431711383552943UIPobCl_1', 'Clas_1431711383552943AccOfer_1ElemAcc_3', 'SIUeliminar', 'Eliminar', '');

-- PIU: EstadoBeneficiarioAE._Auto_
INSERT INTO IU (idIU, IUName, IUAlias, IUDescription, IUType) VALUES ('Clas_1431711383552943UIPobCl_Auto', '_Auto_', 'Estado beneficiario AE', '', 'P');
INSERT INTO IUAttribute (idIU, idIUAttribute, IUAttributeName, IUAttributeAlias, IUAttributeDescription) VALUES ('Clas_1431711383552943UIPobCl_Auto', 'Clas_1431711383552943CjtoVis_AutoICtjoVis_1', 'Codigo', 'Código', '');
INSERT INTO IUAttribute (idIU, idIUAttribute, IUAttributeName, IUAttributeAlias, IUAttributeDescription) VALUES ('Clas_1431711383552943UIPobCl_Auto', 'Clas_1431711383552943CjtoVis_AutoICtjoVis_2', 'Descripcion', 'Descripción', '');
INSERT INTO IUAction (idIU, idIUAction, IUActionName, IUActionAlias, IUActionDescription) VALUES ('Clas_1431711383552943UIPobCl_Auto', 'Clas_1431711383552943AccOfer_AutoElemAcc_1', 'SIUcrear', 'Crear estado beneficiario', '');
INSERT INTO IUAction (idIU, idIUAction, IUActionName, IUActionAlias, IUActionDescription) VALUES ('Clas_1431711383552943UIPobCl_Auto', 'Clas_1431711383552943AccOfer_AutoElemAcc_2', 'SIUeliminar', 'Eliminar estado beneficiario', '');
INSERT INTO IUAction (idIU, idIUAction, IUActionName, IUActionAlias, IUActionDescription) VALUES ('Clas_1431711383552943UIPobCl_Auto', 'Clas_1431711383552943AccOfer_AutoElemAcc_3', 'SIUTMODIFICAR', 'Modificar estado beneficiario', '');
INSERT INTO IUAction (idIU, idIUAction, IUActionName, IUActionAlias, IUActionDescription) VALUES ('Clas_1431711383552943UIPobCl_Auto', 'Clas_1431711383552943AccOfer_AutoElemAcc_4', '_Auto_', 'Estado beneficiario AE', '');
INSERT INTO IUNavigation (idIU, idIUNavigation, IUNavigationName, IUNavigationAlias, IUNavigationDescription) VALUES ('Clas_1431711383552943UIPobCl_Auto', 'Clas_1431711383552943NavOfer_AutoElemNav_1', '_Auto_', 'Estado beneficiario CORE', '');

-- IIU: EstadoBeneficiarioAE._Auto_
INSERT INTO IU (idIU, IUName, IUAlias, IUDescription, IUType) VALUES ('Clas_1431711383552943UIInst_1', '_Auto_', 'Estado beneficiario AE', '', 'I');
INSERT INTO IUAction (idIU, idIUAction, IUActionName, IUActionAlias, IUActionDescription) VALUES ('Clas_1431711383552943UIInst_1', 'Clas_1431711383552943AccOfer_AutoElemAcc_1', 'SIUcrear', 'Crear estado beneficiario', '');
INSERT INTO IUAction (idIU, idIUAction, IUActionName, IUActionAlias, IUActionDescription) VALUES ('Clas_1431711383552943UIInst_1', 'Clas_1431711383552943AccOfer_AutoElemAcc_2', 'SIUeliminar', 'Eliminar estado beneficiario', '');
INSERT INTO IUAction (idIU, idIUAction, IUActionName, IUActionAlias, IUActionDescription) VALUES ('Clas_1431711383552943UIInst_1', 'Clas_1431711383552943AccOfer_AutoElemAcc_3', 'SIUTMODIFICAR', 'Modificar estado beneficiario', '');
INSERT INTO IUAction (idIU, idIUAction, IUActionName, IUActionAlias, IUActionDescription) VALUES ('Clas_1431711383552943UIInst_1', 'Clas_1431711383552943AccOfer_AutoElemAcc_4', '_Auto_', 'Estado beneficiario AE', '');
INSERT INTO IUNavigation (idIU, idIUNavigation, IUNavigationName, IUNavigationAlias, IUNavigationDescription) VALUES ('Clas_1431711383552943UIInst_1', 'Clas_1431711383552943NavOfer_AutoElemNav_1', '_Auto_', 'Estado beneficiario CORE', '');

-- SIU: EstadoBeneficiarioAE.SIUcrear
INSERT INTO IU (idIU, IUName, IUAlias, IUDescription, IUType) VALUES ('Clas_1431711383552943Ser_1UIServ_1', 'SIUcrear', 'Crear estado beneficiario', '', 'S');
-- SIU: EstadoBeneficiarioAE.SIUeliminar
INSERT INTO IU (idIU, IUName, IUAlias, IUDescription, IUType) VALUES ('Clas_1431711383552943Ser_2UIServ_1', 'SIUeliminar', 'Eliminar estado beneficiario', '', 'S');
-- SIU: EstadoBeneficiarioAE.SIUTMODIFICAR
INSERT INTO IU (idIU, IUName, IUAlias, IUDescription, IUType) VALUES ('Clas_1431711383552943Ser_5UIServ_1', 'SIUTMODIFICAR', 'Modificar estado beneficiario', '', 'S');

---------------------------------------------
-- CLASS Tarifa
---------------------------------------------
-- PIU: Tarifa.PIUTarifas
INSERT INTO IU (idIU, IUName, IUAlias, IUDescription, IUType) VALUES ('Clas_1431714529280565UIPobCl_1', 'PIUTarifas', 'Tarifas', '', 'P');
INSERT INTO IUAttribute (idIU, idIUAttribute, IUAttributeName, IUAttributeAlias, IUAttributeDescription) VALUES ('Clas_1431714529280565UIPobCl_1', 'Clas_1431714529280565CjtoVis_3ICtjoVis_4', 'Codigo', 'Código', '');
INSERT INTO IUAttribute (idIU, idIUAttribute, IUAttributeName, IUAttributeAlias, IUAttributeDescription) VALUES ('Clas_1431714529280565UIPobCl_1', 'Clas_1431714529280565CjtoVis_3ICtjoVis_1', 'ProductoT.Descripcion', 'Producto', '');
INSERT INTO IUAttribute (idIU, idIUAttribute, IUAttributeName, IUAttributeAlias, IUAttributeDescription) VALUES ('Clas_1431714529280565UIPobCl_1', 'Clas_1431714529280565CjtoVis_3ICtjoVis_2', 'PlanT.Nombre', 'Plan', '');
INSERT INTO IUAttribute (idIU, idIUAttribute, IUAttributeName, IUAttributeAlias, IUAttributeDescription) VALUES ('Clas_1431714529280565UIPobCl_1', 'Clas_1431714529280565CjtoVis_3ICtjoVis_3', 'TipoContrato', 'Tipo contrato', '');
INSERT INTO IUAction (idIU, idIUAction, IUActionName, IUActionAlias, IUActionDescription) VALUES ('Clas_1431714529280565UIPobCl_1', 'Clas_1431714529280565AccOfer_2ElemAcc_3', 'SIUTGCREARTARIFA', 'Crear', '');
INSERT INTO IUAction (idIU, idIUAction, IUActionName, IUActionAlias, IUActionDescription) VALUES ('Clas_1431714529280565UIPobCl_1', 'Clas_1431714529280565AccOfer_2ElemAcc_4', 'SIUTGELIMINARTARIFA', 'Eliminar', '');

-- PIU: Tarifa._Auto_
INSERT INTO IU (idIU, IUName, IUAlias, IUDescription, IUType) VALUES ('Clas_1431714529280565UIPobCl_Auto', '_Auto_', 'Tarifa', '', 'P');
INSERT INTO IUAttribute (idIU, idIUAttribute, IUAttributeName, IUAttributeAlias, IUAttributeDescription) VALUES ('Clas_1431714529280565UIPobCl_Auto', 'Clas_1431714529280565CjtoVis_AutoICtjoVis_1', 'Codigo', 'Código', '');
INSERT INTO IUAttribute (idIU, idIUAttribute, IUAttributeName, IUAttributeAlias, IUAttributeDescription) VALUES ('Clas_1431714529280565UIPobCl_Auto', 'Clas_1431714529280565CjtoVis_AutoICtjoVis_2', 'TipoContrato', 'Tipo contrato', '');
INSERT INTO IUAttribute (idIU, idIUAttribute, IUAttributeName, IUAttributeAlias, IUAttributeDescription) VALUES ('Clas_1431714529280565UIPobCl_Auto', 'Clas_1431714529280565CjtoVis_AutoICtjoVis_3', 'Id', 'Id.', '');
INSERT INTO IUAction (idIU, idIUAction, IUActionName, IUActionAlias, IUActionDescription) VALUES ('Clas_1431714529280565UIPobCl_Auto', 'Clas_1431714529280565AccOfer_AutoElemAcc_1', 'SIUcrear', 'Crear tarifa', '');
INSERT INTO IUAction (idIU, idIUAction, IUActionName, IUActionAlias, IUActionDescription) VALUES ('Clas_1431714529280565UIPobCl_Auto', 'Clas_1431714529280565AccOfer_AutoElemAcc_2', 'SIUeliminar', 'Eliminar tarifa', '');
INSERT INTO IUAction (idIU, idIUAction, IUActionName, IUActionAlias, IUActionDescription) VALUES ('Clas_1431714529280565UIPobCl_Auto', 'Clas_1431714529280565AccOfer_AutoElemAcc_3', 'SIUCambiarTarifa', 'CambiarTarifa', '');
INSERT INTO IUAction (idIU, idIUAction, IUActionName, IUActionAlias, IUActionDescription) VALUES ('Clas_1431714529280565UIPobCl_Auto', 'Clas_1431714529280565AccOfer_AutoElemAcc_4', 'SIUTCREAR', 'Crear Tarifa', '');
INSERT INTO IUAction (idIU, idIUAction, IUActionName, IUActionAlias, IUActionDescription) VALUES ('Clas_1431714529280565UIPobCl_Auto', 'Clas_1431714529280565AccOfer_AutoElemAcc_5', 'SIUTELIMINAR', 'Eliminar Tarifa', '');
INSERT INTO IUAction (idIU, idIUAction, IUActionName, IUActionAlias, IUActionDescription) VALUES ('Clas_1431714529280565UIPobCl_Auto', 'Clas_1431714529280565AccOfer_AutoElemAcc_6', '_Auto_', 'Tarifa', '');
INSERT INTO IUAction (idIU, idIUAction, IUActionName, IUActionAlias, IUActionDescription) VALUES ('Clas_1431714529280565UIPobCl_Auto', 'Clas_1431714529280565AccOfer_AutoElemAcc_7', 'MDIUTarifas', 'Tarifas', '');
INSERT INTO IUNavigation (idIU, idIUNavigation, IUNavigationName, IUNavigationAlias, IUNavigationDescription) VALUES ('Clas_1431714529280565UIPobCl_Auto', 'Clas_1431714529280565NavOfer_AutoElemNav_1', '_Auto_', 'Contratos', '');
INSERT INTO IUNavigation (idIU, idIUNavigation, IUNavigationName, IUNavigationAlias, IUNavigationDescription) VALUES ('Clas_1431714529280565UIPobCl_Auto', 'Clas_1431714529280565NavOfer_AutoElemNav_2', 'PIUDetallesTarifa', 'Detalles de Tarifa', '');
INSERT INTO IUNavigation (idIU, idIUNavigation, IUNavigationName, IUNavigationAlias, IUNavigationDescription) VALUES ('Clas_1431714529280565UIPobCl_Auto', 'Clas_1431714529280565NavOfer_AutoElemNav_3', 'PIUInstitucionMatNeo', 'Instituciones Maternal/Neonatal', '');
INSERT INTO IUNavigation (idIU, idIUNavigation, IUNavigationName, IUNavigationAlias, IUNavigationDescription) VALUES ('Clas_1431714529280565UIPobCl_Auto', 'Clas_1431714529280565NavOfer_AutoElemNav_4', '_Auto_', 'Producto', '');
INSERT INTO IUNavigation (idIU, idIUNavigation, IUNavigationName, IUNavigationAlias, IUNavigationDescription) VALUES ('Clas_1431714529280565UIPobCl_Auto', 'Clas_1431714529280565NavOfer_AutoElemNav_5', '_Auto_', 'Plan', '');

-- IIU: Tarifa._Auto_
INSERT INTO IU (idIU, IUName, IUAlias, IUDescription, IUType) VALUES ('Clas_1431714529280565UIInst_2', '_Auto_', 'Tarifa', '', 'I');
INSERT INTO IUAction (idIU, idIUAction, IUActionName, IUActionAlias, IUActionDescription) VALUES ('Clas_1431714529280565UIInst_2', 'Clas_1431714529280565AccOfer_AutoElemAcc_1', 'SIUcrear', 'Crear tarifa', '');
INSERT INTO IUAction (idIU, idIUAction, IUActionName, IUActionAlias, IUActionDescription) VALUES ('Clas_1431714529280565UIInst_2', 'Clas_1431714529280565AccOfer_AutoElemAcc_2', 'SIUeliminar', 'Eliminar tarifa', '');
INSERT INTO IUAction (idIU, idIUAction, IUActionName, IUActionAlias, IUActionDescription) VALUES ('Clas_1431714529280565UIInst_2', 'Clas_1431714529280565AccOfer_AutoElemAcc_3', 'SIUCambiarTarifa', 'CambiarTarifa', '');
INSERT INTO IUAction (idIU, idIUAction, IUActionName, IUActionAlias, IUActionDescription) VALUES ('Clas_1431714529280565UIInst_2', 'Clas_1431714529280565AccOfer_AutoElemAcc_4', 'SIUTCREAR', 'Crear Tarifa', '');
INSERT INTO IUAction (idIU, idIUAction, IUActionName, IUActionAlias, IUActionDescription) VALUES ('Clas_1431714529280565UIInst_2', 'Clas_1431714529280565AccOfer_AutoElemAcc_5', 'SIUTELIMINAR', 'Eliminar Tarifa', '');
INSERT INTO IUAction (idIU, idIUAction, IUActionName, IUActionAlias, IUActionDescription) VALUES ('Clas_1431714529280565UIInst_2', 'Clas_1431714529280565AccOfer_AutoElemAcc_6', '_Auto_', 'Tarifa', '');
INSERT INTO IUAction (idIU, idIUAction, IUActionName, IUActionAlias, IUActionDescription) VALUES ('Clas_1431714529280565UIInst_2', 'Clas_1431714529280565AccOfer_AutoElemAcc_7', 'MDIUTarifas', 'Tarifas', '');
INSERT INTO IUNavigation (idIU, idIUNavigation, IUNavigationName, IUNavigationAlias, IUNavigationDescription) VALUES ('Clas_1431714529280565UIInst_2', 'Clas_1431714529280565NavOfer_AutoElemNav_1', '_Auto_', 'Contratos', '');
INSERT INTO IUNavigation (idIU, idIUNavigation, IUNavigationName, IUNavigationAlias, IUNavigationDescription) VALUES ('Clas_1431714529280565UIInst_2', 'Clas_1431714529280565NavOfer_AutoElemNav_2', 'PIUDetallesTarifa', 'Detalles de Tarifa', '');
INSERT INTO IUNavigation (idIU, idIUNavigation, IUNavigationName, IUNavigationAlias, IUNavigationDescription) VALUES ('Clas_1431714529280565UIInst_2', 'Clas_1431714529280565NavOfer_AutoElemNav_3', 'PIUInstitucionMatNeo', 'Instituciones Maternal/Neonatal', '');
INSERT INTO IUNavigation (idIU, idIUNavigation, IUNavigationName, IUNavigationAlias, IUNavigationDescription) VALUES ('Clas_1431714529280565UIInst_2', 'Clas_1431714529280565NavOfer_AutoElemNav_4', '_Auto_', 'Producto', '');
INSERT INTO IUNavigation (idIU, idIUNavigation, IUNavigationName, IUNavigationAlias, IUNavigationDescription) VALUES ('Clas_1431714529280565UIInst_2', 'Clas_1431714529280565NavOfer_AutoElemNav_5', '_Auto_', 'Plan', '');

-- MDIU: Tarifa.MDIUTarifas
INSERT INTO IU (idIU, IUName, IUAlias, IUDescription, IUType) VALUES ('Clas_1431714529280565UIMaDet_1', 'MDIUTarifas', 'Tarifas', '', 'M');
INSERT INTO IUDetail (idIU, idIUDetail, IUDetailName, IUDetailAlias, IUDetailDescription) VALUES ('Clas_1431714529280565UIMaDet_1', 'Clas_1431714529280565UIMaDet_1Det_1', 'PIUDetallesTarifa', 'Detalles de Tarifa', '');
-- SIU: Tarifa.SIUcrear
INSERT INTO IU (idIU, IUName, IUAlias, IUDescription, IUType) VALUES ('Clas_1431714529280565Ser_1UIServ_1', 'SIUcrear', 'Crear tarifa', '', 'S');
-- SIU: Tarifa.SIUeliminar
INSERT INTO IU (idIU, IUName, IUAlias, IUDescription, IUType) VALUES ('Clas_1431714529280565Ser_2UIServ_1', 'SIUeliminar', 'Eliminar tarifa', '', 'S');
-- SIU: Tarifa.SIUCambiarTarifa
INSERT INTO IU (idIU, IUName, IUAlias, IUDescription, IUType) VALUES ('Clas_1431714529280565Ser_14UIServ_1', 'SIUCambiarTarifa', 'CambiarTarifa', '', 'S');
-- SIU: Tarifa.SIUTCREAR
INSERT INTO IU (idIU, IUName, IUAlias, IUDescription, IUType) VALUES ('Clas_1431714529280565Ser_11UIServ_1', 'SIUTCREAR', 'Crear Tarifa', '', 'S');
-- SIU: Tarifa.SIUTELIMINAR
INSERT INTO IU (idIU, IUName, IUAlias, IUDescription, IUType) VALUES ('Clas_1431714529280565Ser_13UIServ_1', 'SIUTELIMINAR', 'Eliminar Tarifa', '', 'S');

---------------------------------------------
-- CLASS Regional
---------------------------------------------
-- PIU: Regional.PIURegional
INSERT INTO IU (idIU, IUName, IUAlias, IUDescription, IUType) VALUES ('Clas_1431872733184951UIPobCl_1', 'PIURegional', 'Regionales', '', 'P');
INSERT INTO IUAttribute (idIU, idIUAttribute, IUAttributeName, IUAttributeAlias, IUAttributeDescription) VALUES ('Clas_1431872733184951UIPobCl_1', 'Clas_1431872733184951CjtoVis_AutoICtjoVis_1', 'Codigo', 'Código', '');
INSERT INTO IUAttribute (idIU, idIUAttribute, IUAttributeName, IUAttributeAlias, IUAttributeDescription) VALUES ('Clas_1431872733184951UIPobCl_1', 'Clas_1431872733184951CjtoVis_AutoICtjoVis_2', 'Descripcion', 'Descripción', '');
INSERT INTO IUAction (idIU, idIUAction, IUActionName, IUActionAlias, IUActionDescription) VALUES ('Clas_1431872733184951UIPobCl_1', 'Clas_1431872733184951AccOfer_1ElemAcc_1', 'SIUcrear', 'Crear', '');
INSERT INTO IUAction (idIU, idIUAction, IUActionName, IUActionAlias, IUActionDescription) VALUES ('Clas_1431872733184951UIPobCl_1', 'Clas_1431872733184951AccOfer_1ElemAcc_2', 'SIUTGSINCREGIONALES', 'Sincronizar', '');
INSERT INTO IUAction (idIU, idIUAction, IUActionName, IUActionAlias, IUActionDescription) VALUES ('Clas_1431872733184951UIPobCl_1', 'Clas_1431872733184951AccOfer_1ElemAcc_3', 'SIUeliminar', 'Eliminar', '');

-- PIU: Regional.PIURegionalObs
INSERT INTO IU (idIU, IUName, IUAlias, IUDescription, IUType) VALUES ('Clas_1431872733184951UIPobCl_2', 'PIURegionalObs', 'Regionales', '', 'P');
INSERT INTO IUAttribute (idIU, idIUAttribute, IUAttributeName, IUAttributeAlias, IUAttributeDescription) VALUES ('Clas_1431872733184951UIPobCl_2', 'Clas_1431872733184951CjtoVis_AutoICtjoVis_1', 'Codigo', 'Código', '');
INSERT INTO IUAttribute (idIU, idIUAttribute, IUAttributeName, IUAttributeAlias, IUAttributeDescription) VALUES ('Clas_1431872733184951UIPobCl_2', 'Clas_1431872733184951CjtoVis_AutoICtjoVis_2', 'Descripcion', 'Descripción', '');

-- PIU: Regional._Auto_
INSERT INTO IU (idIU, IUName, IUAlias, IUDescription, IUType) VALUES ('Clas_1431872733184951UIPobCl_Auto', '_Auto_', 'Regional', '', 'P');
INSERT INTO IUAttribute (idIU, idIUAttribute, IUAttributeName, IUAttributeAlias, IUAttributeDescription) VALUES ('Clas_1431872733184951UIPobCl_Auto', 'Clas_1431872733184951CjtoVis_AutoICtjoVis_1', 'Codigo', 'Código', '');
INSERT INTO IUAttribute (idIU, idIUAttribute, IUAttributeName, IUAttributeAlias, IUAttributeDescription) VALUES ('Clas_1431872733184951UIPobCl_Auto', 'Clas_1431872733184951CjtoVis_AutoICtjoVis_2', 'Descripcion', 'Descripción', '');
INSERT INTO IUAction (idIU, idIUAction, IUActionName, IUActionAlias, IUActionDescription) VALUES ('Clas_1431872733184951UIPobCl_Auto', 'Clas_1431872733184951AccOfer_AutoElemAcc_1', 'SIUcrear', 'Crear regional', '');
INSERT INTO IUAction (idIU, idIUAction, IUActionName, IUActionAlias, IUActionDescription) VALUES ('Clas_1431872733184951UIPobCl_Auto', 'Clas_1431872733184951AccOfer_AutoElemAcc_2', 'SIUeliminar', 'Eliminar regional', '');
INSERT INTO IUAction (idIU, idIUAction, IUActionName, IUActionAlias, IUActionDescription) VALUES ('Clas_1431872733184951UIPobCl_Auto', 'Clas_1431872733184951AccOfer_AutoElemAcc_3', 'SIUInsRegionalDirSucursal', 'InsRegionalDirSucursal', '');
INSERT INTO IUAction (idIU, idIUAction, IUActionName, IUActionAlias, IUActionDescription) VALUES ('Clas_1431872733184951UIPobCl_Auto', 'Clas_1431872733184951AccOfer_AutoElemAcc_4', 'SIUDelRegionalDirSucursal', 'DelRegionalDirSucursal', '');
INSERT INTO IUAction (idIU, idIUAction, IUActionName, IUActionAlias, IUActionDescription) VALUES ('Clas_1431872733184951UIPobCl_Auto', 'Clas_1431872733184951AccOfer_AutoElemAcc_5', '_Auto_', 'Regional', '');
INSERT INTO IUNavigation (idIU, idIUNavigation, IUNavigationName, IUNavigationAlias, IUNavigationDescription) VALUES ('Clas_1431872733184951UIPobCl_Auto', 'Clas_1431872733184951NavOfer_AutoElemNav_1', 'IIURespRegionalFirma', 'Firma de responsable regional', '');
INSERT INTO IUNavigation (idIU, idIUNavigation, IUNavigationName, IUNavigationAlias, IUNavigationDescription) VALUES ('Clas_1431872733184951UIPobCl_Auto', 'Clas_1431872733184951NavOfer_AutoElemNav_2', 'PIUSucursalObs', 'Sucursales', '');
INSERT INTO IUNavigation (idIU, idIUNavigation, IUNavigationName, IUNavigationAlias, IUNavigationDescription) VALUES ('Clas_1431872733184951UIPobCl_Auto', 'Clas_1431872733184951NavOfer_AutoElemNav_3', '_Auto_', 'Sucursal', '');

-- IIU: Regional._Auto_
INSERT INTO IU (idIU, IUName, IUAlias, IUDescription, IUType) VALUES ('Clas_1431872733184951UIInst_2', '_Auto_', 'Regional', '', 'I');
INSERT INTO IUAction (idIU, idIUAction, IUActionName, IUActionAlias, IUActionDescription) VALUES ('Clas_1431872733184951UIInst_2', 'Clas_1431872733184951AccOfer_AutoElemAcc_1', 'SIUcrear', 'Crear regional', '');
INSERT INTO IUAction (idIU, idIUAction, IUActionName, IUActionAlias, IUActionDescription) VALUES ('Clas_1431872733184951UIInst_2', 'Clas_1431872733184951AccOfer_AutoElemAcc_2', 'SIUeliminar', 'Eliminar regional', '');
INSERT INTO IUAction (idIU, idIUAction, IUActionName, IUActionAlias, IUActionDescription) VALUES ('Clas_1431872733184951UIInst_2', 'Clas_1431872733184951AccOfer_AutoElemAcc_3', 'SIUInsRegionalDirSucursal', 'InsRegionalDirSucursal', '');
INSERT INTO IUAction (idIU, idIUAction, IUActionName, IUActionAlias, IUActionDescription) VALUES ('Clas_1431872733184951UIInst_2', 'Clas_1431872733184951AccOfer_AutoElemAcc_4', 'SIUDelRegionalDirSucursal', 'DelRegionalDirSucursal', '');
INSERT INTO IUAction (idIU, idIUAction, IUActionName, IUActionAlias, IUActionDescription) VALUES ('Clas_1431872733184951UIInst_2', 'Clas_1431872733184951AccOfer_AutoElemAcc_5', '_Auto_', 'Regional', '');
INSERT INTO IUNavigation (idIU, idIUNavigation, IUNavigationName, IUNavigationAlias, IUNavigationDescription) VALUES ('Clas_1431872733184951UIInst_2', 'Clas_1431872733184951NavOfer_AutoElemNav_1', 'IIURespRegionalFirma', 'Firma de responsable regional', '');
INSERT INTO IUNavigation (idIU, idIUNavigation, IUNavigationName, IUNavigationAlias, IUNavigationDescription) VALUES ('Clas_1431872733184951UIInst_2', 'Clas_1431872733184951NavOfer_AutoElemNav_2', 'PIUSucursalObs', 'Sucursales', '');
INSERT INTO IUNavigation (idIU, idIUNavigation, IUNavigationName, IUNavigationAlias, IUNavigationDescription) VALUES ('Clas_1431872733184951UIInst_2', 'Clas_1431872733184951NavOfer_AutoElemNav_3', '_Auto_', 'Sucursal', '');

-- SIU: Regional.SIUcrear
INSERT INTO IU (idIU, IUName, IUAlias, IUDescription, IUType) VALUES ('Clas_1431872733184951Ser_1UIServ_1', 'SIUcrear', 'Crear regional', '', 'S');
-- SIU: Regional.SIUeliminar
INSERT INTO IU (idIU, IUName, IUAlias, IUDescription, IUType) VALUES ('Clas_1431872733184951Ser_2UIServ_1', 'SIUeliminar', 'Eliminar regional', '', 'S');
-- SIU: Regional.SIUInsRegionalDirSucursal
INSERT INTO IU (idIU, IUName, IUAlias, IUDescription, IUType) VALUES ('Clas_1431872733184951Ser_8UIServ_1', 'SIUInsRegionalDirSucursal', 'InsRegionalDirSucursal', '', 'S');
-- SIU: Regional.SIUDelRegionalDirSucursal
INSERT INTO IU (idIU, IUName, IUAlias, IUDescription, IUType) VALUES ('Clas_1431872733184951Ser_9UIServ_1', 'SIUDelRegionalDirSucursal', 'DelRegionalDirSucursal', '', 'S');

---------------------------------------------
-- CLASS Sucursal
---------------------------------------------
-- PIU: Sucursal.PIUSucursal
INSERT INTO IU (idIU, IUName, IUAlias, IUDescription, IUType) VALUES ('Clas_1431874043904178UIPobCl_1', 'PIUSucursal', 'Sucursales', '', 'P');
INSERT INTO IUAttribute (idIU, idIUAttribute, IUAttributeName, IUAttributeAlias, IUAttributeDescription) VALUES ('Clas_1431874043904178UIPobCl_1', 'Clas_1431874043904178CjtoVis_2ICtjoVis_1', 'Regional.Descripcion', 'Regional', '');
INSERT INTO IUAttribute (idIU, idIUAttribute, IUAttributeName, IUAttributeAlias, IUAttributeDescription) VALUES ('Clas_1431874043904178UIPobCl_1', 'Clas_1431874043904178CjtoVis_2ICtjoVis_2', 'Codigo', 'Código', '');
INSERT INTO IUAttribute (idIU, idIUAttribute, IUAttributeName, IUAttributeAlias, IUAttributeDescription) VALUES ('Clas_1431874043904178UIPobCl_1', 'Clas_1431874043904178CjtoVis_2ICtjoVis_3', 'Descripcion', 'Descripción', '');
INSERT INTO IUAction (idIU, idIUAction, IUActionName, IUActionAlias, IUActionDescription) VALUES ('Clas_1431874043904178UIPobCl_1', 'Clas_1431874043904178AccOfer_1ElemAcc_1', 'SIUcrear', 'Crear', '');
INSERT INTO IUAction (idIU, idIUAction, IUActionName, IUActionAlias, IUActionDescription) VALUES ('Clas_1431874043904178UIPobCl_1', 'Clas_1431874043904178AccOfer_1ElemAcc_2', 'SIUTGSINCSUCURSALES', 'Sincronizar', '');
INSERT INTO IUAction (idIU, idIUAction, IUActionName, IUActionAlias, IUActionDescription) VALUES ('Clas_1431874043904178UIPobCl_1', 'Clas_1431874043904178AccOfer_1ElemAcc_3', 'SIUeliminar', 'Eliminar', '');

-- PIU: Sucursal.PIUSucursalObs
INSERT INTO IU (idIU, IUName, IUAlias, IUDescription, IUType) VALUES ('Clas_1431874043904178UIPobCl_2', 'PIUSucursalObs', 'Sucursales', '', 'P');
INSERT INTO IUAttribute (idIU, idIUAttribute, IUAttributeName, IUAttributeAlias, IUAttributeDescription) VALUES ('Clas_1431874043904178UIPobCl_2', 'Clas_1431874043904178CjtoVis_2ICtjoVis_1', 'Regional.Descripcion', 'Regional', '');
INSERT INTO IUAttribute (idIU, idIUAttribute, IUAttributeName, IUAttributeAlias, IUAttributeDescription) VALUES ('Clas_1431874043904178UIPobCl_2', 'Clas_1431874043904178CjtoVis_2ICtjoVis_2', 'Codigo', 'Código', '');
INSERT INTO IUAttribute (idIU, idIUAttribute, IUAttributeName, IUAttributeAlias, IUAttributeDescription) VALUES ('Clas_1431874043904178UIPobCl_2', 'Clas_1431874043904178CjtoVis_2ICtjoVis_3', 'Descripcion', 'Descripción', '');

-- PIU: Sucursal._Auto_
INSERT INTO IU (idIU, IUName, IUAlias, IUDescription, IUType) VALUES ('Clas_1431874043904178UIPobCl_Auto', '_Auto_', 'Sucursal', '', 'P');
INSERT INTO IUAttribute (idIU, idIUAttribute, IUAttributeName, IUAttributeAlias, IUAttributeDescription) VALUES ('Clas_1431874043904178UIPobCl_Auto', 'Clas_1431874043904178CjtoVis_AutoICtjoVis_1', 'Codigo', 'Código', '');
INSERT INTO IUAttribute (idIU, idIUAttribute, IUAttributeName, IUAttributeAlias, IUAttributeDescription) VALUES ('Clas_1431874043904178UIPobCl_Auto', 'Clas_1431874043904178CjtoVis_AutoICtjoVis_2', 'Descripcion', 'Descripción', '');
INSERT INTO IUAction (idIU, idIUAction, IUActionName, IUActionAlias, IUActionDescription) VALUES ('Clas_1431874043904178UIPobCl_Auto', 'Clas_1431874043904178AccOfer_AutoElemAcc_1', 'SIUcrear', 'Crear sucursal', '');
INSERT INTO IUAction (idIU, idIUAction, IUActionName, IUActionAlias, IUActionDescription) VALUES ('Clas_1431874043904178UIPobCl_Auto', 'Clas_1431874043904178AccOfer_AutoElemAcc_2', 'SIUeliminar', 'Eliminar sucursal', '');
INSERT INTO IUAction (idIU, idIUAction, IUActionName, IUActionAlias, IUActionDescription) VALUES ('Clas_1431874043904178UIPobCl_Auto', 'Clas_1431874043904178AccOfer_AutoElemAcc_3', '_Auto_', 'Sucursal', '');
INSERT INTO IUNavigation (idIU, idIUNavigation, IUNavigationName, IUNavigationAlias, IUNavigationDescription) VALUES ('Clas_1431874043904178UIPobCl_Auto', 'Clas_1431874043904178NavOfer_AutoElemNav_1', 'PIUAgente', 'Usuarios', '');
INSERT INTO IUNavigation (idIU, idIUNavigation, IUNavigationName, IUNavigationAlias, IUNavigationDescription) VALUES ('Clas_1431874043904178UIPobCl_Auto', 'Clas_1431874043904178NavOfer_AutoElemNav_2', '_Auto_', 'Contratos', '');
INSERT INTO IUNavigation (idIU, idIUNavigation, IUNavigationName, IUNavigationAlias, IUNavigationDescription) VALUES ('Clas_1431874043904178UIPobCl_Auto', 'Clas_1431874043904178NavOfer_AutoElemNav_3', '_Auto_', 'Regional', '');

-- IIU: Sucursal._Auto_
INSERT INTO IU (idIU, IUName, IUAlias, IUDescription, IUType) VALUES ('Clas_1431874043904178UIInst_2', '_Auto_', 'Sucursal', '', 'I');
INSERT INTO IUAction (idIU, idIUAction, IUActionName, IUActionAlias, IUActionDescription) VALUES ('Clas_1431874043904178UIInst_2', 'Clas_1431874043904178AccOfer_AutoElemAcc_1', 'SIUcrear', 'Crear sucursal', '');
INSERT INTO IUAction (idIU, idIUAction, IUActionName, IUActionAlias, IUActionDescription) VALUES ('Clas_1431874043904178UIInst_2', 'Clas_1431874043904178AccOfer_AutoElemAcc_2', 'SIUeliminar', 'Eliminar sucursal', '');
INSERT INTO IUAction (idIU, idIUAction, IUActionName, IUActionAlias, IUActionDescription) VALUES ('Clas_1431874043904178UIInst_2', 'Clas_1431874043904178AccOfer_AutoElemAcc_3', '_Auto_', 'Sucursal', '');
INSERT INTO IUNavigation (idIU, idIUNavigation, IUNavigationName, IUNavigationAlias, IUNavigationDescription) VALUES ('Clas_1431874043904178UIInst_2', 'Clas_1431874043904178NavOfer_AutoElemNav_1', 'PIUAgente', 'Usuarios', '');
INSERT INTO IUNavigation (idIU, idIUNavigation, IUNavigationName, IUNavigationAlias, IUNavigationDescription) VALUES ('Clas_1431874043904178UIInst_2', 'Clas_1431874043904178NavOfer_AutoElemNav_2', '_Auto_', 'Contratos', '');
INSERT INTO IUNavigation (idIU, idIUNavigation, IUNavigationName, IUNavigationAlias, IUNavigationDescription) VALUES ('Clas_1431874043904178UIInst_2', 'Clas_1431874043904178NavOfer_AutoElemNav_3', '_Auto_', 'Regional', '');

-- SIU: Sucursal.SIUcrear
INSERT INTO IU (idIU, IUName, IUAlias, IUDescription, IUType) VALUES ('Clas_1431874043904178Ser_1UIServ_1', 'SIUcrear', 'Crear sucursal', '', 'S');
-- SIU: Sucursal.SIUeliminar
INSERT INTO IU (idIU, IUName, IUAlias, IUDescription, IUType) VALUES ('Clas_1431874043904178Ser_2UIServ_1', 'SIUeliminar', 'Eliminar sucursal', '', 'S');

---------------------------------------------
-- CLASS GrupoAsociado
---------------------------------------------
-- PIU: GrupoAsociado.PIUGrupoAsociado
INSERT INTO IU (idIU, IUName, IUAlias, IUDescription, IUType) VALUES ('Clas_1431875354624341UIPobCl_1', 'PIUGrupoAsociado', 'Grupos Asociados', '', 'P');
INSERT INTO IUAttribute (idIU, idIUAttribute, IUAttributeName, IUAttributeAlias, IUAttributeDescription) VALUES ('Clas_1431875354624341UIPobCl_1', 'Clas_1431875354624341CjtoVis_2ICtjoVis_1', 'ProductoT.Descripcion', 'Producto', '');
INSERT INTO IUAttribute (idIU, idIUAttribute, IUAttributeName, IUAttributeAlias, IUAttributeDescription) VALUES ('Clas_1431875354624341UIPobCl_1', 'Clas_1431875354624341CjtoVis_2ICtjoVis_2', 'PlanT.Nombre', 'Plan', '');
INSERT INTO IUAttribute (idIU, idIUAttribute, IUAttributeName, IUAttributeAlias, IUAttributeDescription) VALUES ('Clas_1431875354624341UIPobCl_1', 'Clas_1431875354624341CjtoVis_2ICtjoVis_4', 'CodigoLegal', 'Código legal', '');
INSERT INTO IUAttribute (idIU, idIUAttribute, IUAttributeName, IUAttributeAlias, IUAttributeDescription) VALUES ('Clas_1431875354624341UIPobCl_1', 'Clas_1431875354624341CjtoVis_2ICtjoVis_5', 'Descripcion', 'Descripción', '');
INSERT INTO IUAttribute (idIU, idIUAttribute, IUAttributeName, IUAttributeAlias, IUAttributeDescription) VALUES ('Clas_1431875354624341UIPobCl_1', 'Clas_1431875354624341CjtoVis_2ICtjoVis_10', 'CodTarifaCORE', 'Cod. Tarifa CORE', '');
INSERT INTO IUAttribute (idIU, idIUAttribute, IUAttributeName, IUAttributeAlias, IUAttributeDescription) VALUES ('Clas_1431875354624341UIPobCl_1', 'Clas_1431875354624341CjtoVis_2ICtjoVis_6', 'FIniVigencia', 'F. Inicio Vigencia', '');
INSERT INTO IUAttribute (idIU, idIUAttribute, IUAttributeName, IUAttributeAlias, IUAttributeDescription) VALUES ('Clas_1431875354624341UIPobCl_1', 'Clas_1431875354624341CjtoVis_2ICtjoVis_7', 'FFinVigencia', 'F. Fin Vigencia', '');
INSERT INTO IUAttribute (idIU, idIUAttribute, IUAttributeName, IUAttributeAlias, IUAttributeDescription) VALUES ('Clas_1431875354624341UIPobCl_1', 'Clas_1431875354624341CjtoVis_2ICtjoVis_8', 'Estado', 'Estado', '');
INSERT INTO IUAttribute (idIU, idIUAttribute, IUAttributeName, IUAttributeAlias, IUAttributeDescription) VALUES ('Clas_1431875354624341UIPobCl_1', 'Clas_1431875354624341CjtoVis_2ICtjoVis_9', 'DisminucionCarencia', 'Disminución carencia', '');
INSERT INTO IUAction (idIU, idIUAction, IUActionName, IUActionAlias, IUActionDescription) VALUES ('Clas_1431875354624341UIPobCl_1', 'Clas_1431875354624341AccOfer_1ElemAcc_1', 'SIUcrear', 'Crear', '');
INSERT INTO IUAction (idIU, idIUAction, IUActionName, IUActionAlias, IUActionDescription) VALUES ('Clas_1431875354624341UIPobCl_1', 'Clas_1431875354624341AccOfer_1ElemAcc_4', 'SIUmodificar', 'Modificar', '');
INSERT INTO IUAction (idIU, idIUAction, IUActionName, IUActionAlias, IUActionDescription) VALUES ('Clas_1431875354624341UIPobCl_1', 'Clas_1431875354624341AccOfer_1ElemAcc_2', 'SIUTGSINCGRUPOSASOCIADOS', 'Sincronizar', '');
INSERT INTO IUAction (idIU, idIUAction, IUActionName, IUActionAlias, IUActionDescription) VALUES ('Clas_1431875354624341UIPobCl_1', 'Clas_1431875354624341AccOfer_1ElemAcc_3', 'SIUeliminar', 'Eliminar', '');

-- PIU: GrupoAsociado.PIUGrupoAsociadoBusqueda
INSERT INTO IU (idIU, IUName, IUAlias, IUDescription, IUType) VALUES ('Clas_1431875354624341UIPobCl_2', 'PIUGrupoAsociadoBusqueda', 'Grupos Asociados', '', 'P');
INSERT INTO IUAttribute (idIU, idIUAttribute, IUAttributeName, IUAttributeAlias, IUAttributeDescription) VALUES ('Clas_1431875354624341UIPobCl_2', 'Clas_1431875354624341CjtoVis_3ICtjoVis_1', 'CodigoLegal', 'Código legal', '');
INSERT INTO IUAttribute (idIU, idIUAttribute, IUAttributeName, IUAttributeAlias, IUAttributeDescription) VALUES ('Clas_1431875354624341UIPobCl_2', 'Clas_1431875354624341CjtoVis_3ICtjoVis_2', 'Descripcion', 'Descripción', '');

-- PIU: GrupoAsociado._Auto_
INSERT INTO IU (idIU, IUName, IUAlias, IUDescription, IUType) VALUES ('Clas_1431875354624341UIPobCl_Auto', '_Auto_', 'Grupo Asociado', '', 'P');
INSERT INTO IUAttribute (idIU, idIUAttribute, IUAttributeName, IUAttributeAlias, IUAttributeDescription) VALUES ('Clas_1431875354624341UIPobCl_Auto', 'Clas_1431875354624341CjtoVis_AutoICtjoVis_1', 'CodigoLegal', 'Código legal', '');
INSERT INTO IUAttribute (idIU, idIUAttribute, IUAttributeName, IUAttributeAlias, IUAttributeDescription) VALUES ('Clas_1431875354624341UIPobCl_Auto', 'Clas_1431875354624341CjtoVis_AutoICtjoVis_2', 'Descripcion', 'Descripción', '');
INSERT INTO IUAttribute (idIU, idIUAttribute, IUAttributeName, IUAttributeAlias, IUAttributeDescription) VALUES ('Clas_1431875354624341UIPobCl_Auto', 'Clas_1431875354624341CjtoVis_AutoICtjoVis_3', 'FIniVigencia', 'F. Inicio Vigencia', '');
INSERT INTO IUAttribute (idIU, idIUAttribute, IUAttributeName, IUAttributeAlias, IUAttributeDescription) VALUES ('Clas_1431875354624341UIPobCl_Auto', 'Clas_1431875354624341CjtoVis_AutoICtjoVis_4', 'FFinVigencia', 'F. Fin Vigencia', '');
INSERT INTO IUAttribute (idIU, idIUAttribute, IUAttributeName, IUAttributeAlias, IUAttributeDescription) VALUES ('Clas_1431875354624341UIPobCl_Auto', 'Clas_1431875354624341CjtoVis_AutoICtjoVis_5', 'Estado', 'Estado', '');
INSERT INTO IUAttribute (idIU, idIUAttribute, IUAttributeName, IUAttributeAlias, IUAttributeDescription) VALUES ('Clas_1431875354624341UIPobCl_Auto', 'Clas_1431875354624341CjtoVis_AutoICtjoVis_6', 'DisminucionCarencia', 'Disminución carencia', '');
INSERT INTO IUAttribute (idIU, idIUAttribute, IUAttributeName, IUAttributeAlias, IUAttributeDescription) VALUES ('Clas_1431875354624341UIPobCl_Auto', 'Clas_1431875354624341CjtoVis_AutoICtjoVis_7', 'CodTarifaCORE', 'Cod. Tarifa CORE', '');
INSERT INTO IUAttribute (idIU, idIUAttribute, IUAttributeName, IUAttributeAlias, IUAttributeDescription) VALUES ('Clas_1431875354624341UIPobCl_Auto', 'Clas_1431875354624341CjtoVis_AutoICtjoVis_8', 'Codigo', 'Código', '');
INSERT INTO IUAction (idIU, idIUAction, IUActionName, IUActionAlias, IUActionDescription) VALUES ('Clas_1431875354624341UIPobCl_Auto', 'Clas_1431875354624341AccOfer_AutoElemAcc_1', 'SIUcrear', 'Crear grupo asociado', '');
INSERT INTO IUAction (idIU, idIUAction, IUActionName, IUActionAlias, IUActionDescription) VALUES ('Clas_1431875354624341UIPobCl_Auto', 'Clas_1431875354624341AccOfer_AutoElemAcc_2', 'SIUeliminar', 'Eliminar grupo asociado', '');
INSERT INTO IUAction (idIU, idIUAction, IUActionName, IUActionAlias, IUActionDescription) VALUES ('Clas_1431875354624341UIPobCl_Auto', 'Clas_1431875354624341AccOfer_AutoElemAcc_3', 'SIUmodificar', 'Modificar grupo asociado', '');
INSERT INTO IUAction (idIU, idIUAction, IUActionName, IUActionAlias, IUActionDescription) VALUES ('Clas_1431875354624341UIPobCl_Auto', 'Clas_1431875354624341AccOfer_AutoElemAcc_4', 'SIUInsGrupoAsociado', 'InsGrupoAsociado', '');
INSERT INTO IUAction (idIU, idIUAction, IUActionName, IUActionAlias, IUActionDescription) VALUES ('Clas_1431875354624341UIPobCl_Auto', 'Clas_1431875354624341AccOfer_AutoElemAcc_5', 'SIUDelGrupoAsociado', 'DelGrupoAsociado', '');
INSERT INTO IUAction (idIU, idIUAction, IUActionName, IUActionAlias, IUActionDescription) VALUES ('Clas_1431875354624341UIPobCl_Auto', 'Clas_1431875354624341AccOfer_AutoElemAcc_6', '_Auto_', 'Grupo Asociado', '');
INSERT INTO IUNavigation (idIU, idIUNavigation, IUNavigationName, IUNavigationAlias, IUNavigationDescription) VALUES ('Clas_1431875354624341UIPobCl_Auto', 'Clas_1431875354624341NavOfer_AutoElemNav_1', 'PIURadicados', 'Radicados', '');
INSERT INTO IUNavigation (idIU, idIUNavigation, IUNavigationName, IUNavigationAlias, IUNavigationDescription) VALUES ('Clas_1431875354624341UIPobCl_Auto', 'Clas_1431875354624341NavOfer_AutoElemNav_2', '_Auto_', 'Contratos', '');
INSERT INTO IUNavigation (idIU, idIUNavigation, IUNavigationName, IUNavigationAlias, IUNavigationDescription) VALUES ('Clas_1431875354624341UIPobCl_Auto', 'Clas_1431875354624341NavOfer_AutoElemNav_3', 'PIUConsultaSolicitudNovedad', 'Consultar Novedades', '');
INSERT INTO IUNavigation (idIU, idIUNavigation, IUNavigationName, IUNavigationAlias, IUNavigationDescription) VALUES ('Clas_1431875354624341UIPobCl_Auto', 'Clas_1431875354624341NavOfer_AutoElemNav_4', '_Auto_', 'Producto', '');
INSERT INTO IUNavigation (idIU, idIUNavigation, IUNavigationName, IUNavigationAlias, IUNavigationDescription) VALUES ('Clas_1431875354624341UIPobCl_Auto', 'Clas_1431875354624341NavOfer_AutoElemNav_5', '_Auto_', 'Plan', '');

-- IIU: GrupoAsociado._Auto_
INSERT INTO IU (idIU, IUName, IUAlias, IUDescription, IUType) VALUES ('Clas_1431875354624341UIInst_2', '_Auto_', 'Grupo Asociado', '', 'I');
INSERT INTO IUAction (idIU, idIUAction, IUActionName, IUActionAlias, IUActionDescription) VALUES ('Clas_1431875354624341UIInst_2', 'Clas_1431875354624341AccOfer_AutoElemAcc_1', 'SIUcrear', 'Crear grupo asociado', '');
INSERT INTO IUAction (idIU, idIUAction, IUActionName, IUActionAlias, IUActionDescription) VALUES ('Clas_1431875354624341UIInst_2', 'Clas_1431875354624341AccOfer_AutoElemAcc_2', 'SIUeliminar', 'Eliminar grupo asociado', '');
INSERT INTO IUAction (idIU, idIUAction, IUActionName, IUActionAlias, IUActionDescription) VALUES ('Clas_1431875354624341UIInst_2', 'Clas_1431875354624341AccOfer_AutoElemAcc_3', 'SIUmodificar', 'Modificar grupo asociado', '');
INSERT INTO IUAction (idIU, idIUAction, IUActionName, IUActionAlias, IUActionDescription) VALUES ('Clas_1431875354624341UIInst_2', 'Clas_1431875354624341AccOfer_AutoElemAcc_4', 'SIUInsGrupoAsociado', 'InsGrupoAsociado', '');
INSERT INTO IUAction (idIU, idIUAction, IUActionName, IUActionAlias, IUActionDescription) VALUES ('Clas_1431875354624341UIInst_2', 'Clas_1431875354624341AccOfer_AutoElemAcc_5', 'SIUDelGrupoAsociado', 'DelGrupoAsociado', '');
INSERT INTO IUAction (idIU, idIUAction, IUActionName, IUActionAlias, IUActionDescription) VALUES ('Clas_1431875354624341UIInst_2', 'Clas_1431875354624341AccOfer_AutoElemAcc_6', '_Auto_', 'Grupo Asociado', '');
INSERT INTO IUNavigation (idIU, idIUNavigation, IUNavigationName, IUNavigationAlias, IUNavigationDescription) VALUES ('Clas_1431875354624341UIInst_2', 'Clas_1431875354624341NavOfer_AutoElemNav_1', 'PIURadicados', 'Radicados', '');
INSERT INTO IUNavigation (idIU, idIUNavigation, IUNavigationName, IUNavigationAlias, IUNavigationDescription) VALUES ('Clas_1431875354624341UIInst_2', 'Clas_1431875354624341NavOfer_AutoElemNav_2', '_Auto_', 'Contratos', '');
INSERT INTO IUNavigation (idIU, idIUNavigation, IUNavigationName, IUNavigationAlias, IUNavigationDescription) VALUES ('Clas_1431875354624341UIInst_2', 'Clas_1431875354624341NavOfer_AutoElemNav_3', 'PIUConsultaSolicitudNovedad', 'Consultar Novedades', '');
INSERT INTO IUNavigation (idIU, idIUNavigation, IUNavigationName, IUNavigationAlias, IUNavigationDescription) VALUES ('Clas_1431875354624341UIInst_2', 'Clas_1431875354624341NavOfer_AutoElemNav_4', '_Auto_', 'Producto', '');
INSERT INTO IUNavigation (idIU, idIUNavigation, IUNavigationName, IUNavigationAlias, IUNavigationDescription) VALUES ('Clas_1431875354624341UIInst_2', 'Clas_1431875354624341NavOfer_AutoElemNav_5', '_Auto_', 'Plan', '');

-- SIU: GrupoAsociado.SIUcrear
INSERT INTO IU (idIU, IUName, IUAlias, IUDescription, IUType) VALUES ('Clas_1431875354624341Ser_1UIServ_1', 'SIUcrear', 'Crear grupo asociado', '', 'S');
-- SIU: GrupoAsociado.SIUeliminar
INSERT INTO IU (idIU, IUName, IUAlias, IUDescription, IUType) VALUES ('Clas_1431875354624341Ser_2UIServ_1', 'SIUeliminar', 'Eliminar grupo asociado', '', 'S');
-- SIU: GrupoAsociado.SIUmodificar
INSERT INTO IU (idIU, IUName, IUAlias, IUDescription, IUType) VALUES ('Clas_1431875354624341Ser_10UIServ_1', 'SIUmodificar', 'Modificar grupo asociado', '', 'S');
-- SIU: GrupoAsociado.SIUInsGrupoAsociado
INSERT INTO IU (idIU, IUName, IUAlias, IUDescription, IUType) VALUES ('Clas_1431875354624341Ser_12UIServ_1', 'SIUInsGrupoAsociado', 'InsGrupoAsociado', '', 'S');
-- SIU: GrupoAsociado.SIUDelGrupoAsociado
INSERT INTO IU (idIU, IUName, IUAlias, IUDescription, IUType) VALUES ('Clas_1431875354624341Ser_13UIServ_1', 'SIUDelGrupoAsociado', 'DelGrupoAsociado', '', 'S');

---------------------------------------------
-- CLASS EstadoCivil
---------------------------------------------
-- PIU: EstadoCivil.PIUEstadoCivil
INSERT INTO IU (idIU, IUName, IUAlias, IUDescription, IUType) VALUES ('Clas_1431880990720963UIPobCl_1', 'PIUEstadoCivil', 'Estados civiles', '', 'P');
INSERT INTO IUAttribute (idIU, idIUAttribute, IUAttributeName, IUAttributeAlias, IUAttributeDescription) VALUES ('Clas_1431880990720963UIPobCl_1', 'Clas_1431880990720963CjtoVis_AutoICtjoVis_1', 'Codigo', 'Código', '');
INSERT INTO IUAttribute (idIU, idIUAttribute, IUAttributeName, IUAttributeAlias, IUAttributeDescription) VALUES ('Clas_1431880990720963UIPobCl_1', 'Clas_1431880990720963CjtoVis_AutoICtjoVis_2', 'Descripcion', 'Descripción', '');
INSERT INTO IUAttribute (idIU, idIUAttribute, IUAttributeName, IUAttributeAlias, IUAttributeDescription) VALUES ('Clas_1431880990720963UIPobCl_1', 'Clas_1431880990720963CjtoVis_AutoICtjoVis_3', 'NombreCorto', 'Nombre corto', '');
INSERT INTO IUAction (idIU, idIUAction, IUActionName, IUActionAlias, IUActionDescription) VALUES ('Clas_1431880990720963UIPobCl_1', 'Clas_1431880990720963AccOfer_1ElemAcc_1', 'SIUcrear', 'Crear', '');
INSERT INTO IUAction (idIU, idIUAction, IUActionName, IUActionAlias, IUActionDescription) VALUES ('Clas_1431880990720963UIPobCl_1', 'Clas_1431880990720963AccOfer_1ElemAcc_2', 'SIUTGSINCESTADOSCIVILES', 'Sincronizar', '');
INSERT INTO IUAction (idIU, idIUAction, IUActionName, IUActionAlias, IUActionDescription) VALUES ('Clas_1431880990720963UIPobCl_1', 'Clas_1431880990720963AccOfer_1ElemAcc_3', 'SIUeliminar', 'Eliminar', '');

-- PIU: EstadoCivil._Auto_
INSERT INTO IU (idIU, IUName, IUAlias, IUDescription, IUType) VALUES ('Clas_1431880990720963UIPobCl_Auto', '_Auto_', 'Estado civil', '', 'P');
INSERT INTO IUAttribute (idIU, idIUAttribute, IUAttributeName, IUAttributeAlias, IUAttributeDescription) VALUES ('Clas_1431880990720963UIPobCl_Auto', 'Clas_1431880990720963CjtoVis_AutoICtjoVis_1', 'Codigo', 'Código', '');
INSERT INTO IUAttribute (idIU, idIUAttribute, IUAttributeName, IUAttributeAlias, IUAttributeDescription) VALUES ('Clas_1431880990720963UIPobCl_Auto', 'Clas_1431880990720963CjtoVis_AutoICtjoVis_2', 'Descripcion', 'Descripción', '');
INSERT INTO IUAttribute (idIU, idIUAttribute, IUAttributeName, IUAttributeAlias, IUAttributeDescription) VALUES ('Clas_1431880990720963UIPobCl_Auto', 'Clas_1431880990720963CjtoVis_AutoICtjoVis_3', 'NombreCorto', 'Nombre corto', '');
INSERT INTO IUAction (idIU, idIUAction, IUActionName, IUActionAlias, IUActionDescription) VALUES ('Clas_1431880990720963UIPobCl_Auto', 'Clas_1431880990720963AccOfer_AutoElemAcc_1', 'SIUcrear', 'Crear estado civil', '');
INSERT INTO IUAction (idIU, idIUAction, IUActionName, IUActionAlias, IUActionDescription) VALUES ('Clas_1431880990720963UIPobCl_Auto', 'Clas_1431880990720963AccOfer_AutoElemAcc_2', 'SIUeliminar', 'Eliminar estado civil', '');
INSERT INTO IUAction (idIU, idIUAction, IUActionName, IUActionAlias, IUActionDescription) VALUES ('Clas_1431880990720963UIPobCl_Auto', 'Clas_1431880990720963AccOfer_AutoElemAcc_3', 'SIUInsEstadoCivilC', 'InsEstadoCivilC', '');
INSERT INTO IUAction (idIU, idIUAction, IUActionName, IUActionAlias, IUActionDescription) VALUES ('Clas_1431880990720963UIPobCl_Auto', 'Clas_1431880990720963AccOfer_AutoElemAcc_4', 'SIUDelEstadoCivilC', 'DelEstadoCivilC', '');
INSERT INTO IUAction (idIU, idIUAction, IUActionName, IUActionAlias, IUActionDescription) VALUES ('Clas_1431880990720963UIPobCl_Auto', 'Clas_1431880990720963AccOfer_AutoElemAcc_5', '_Auto_', 'Estado civil', '');
INSERT INTO IUNavigation (idIU, idIUNavigation, IUNavigationName, IUNavigationAlias, IUNavigationDescription) VALUES ('Clas_1431880990720963UIPobCl_Auto', 'Clas_1431880990720963NavOfer_AutoElemNav_1', 'PIUPersona', 'Personas', '');
INSERT INTO IUNavigation (idIU, idIUNavigation, IUNavigationName, IUNavigationAlias, IUNavigationDescription) VALUES ('Clas_1431880990720963UIPobCl_Auto', 'Clas_1431880990720963NavOfer_AutoElemNav_2', '_Auto_', 'Personas', '');

-- IIU: EstadoCivil._Auto_
INSERT INTO IU (idIU, IUName, IUAlias, IUDescription, IUType) VALUES ('Clas_1431880990720963UIInst_1', '_Auto_', 'Estado civil', '', 'I');
INSERT INTO IUAction (idIU, idIUAction, IUActionName, IUActionAlias, IUActionDescription) VALUES ('Clas_1431880990720963UIInst_1', 'Clas_1431880990720963AccOfer_AutoElemAcc_1', 'SIUcrear', 'Crear estado civil', '');
INSERT INTO IUAction (idIU, idIUAction, IUActionName, IUActionAlias, IUActionDescription) VALUES ('Clas_1431880990720963UIInst_1', 'Clas_1431880990720963AccOfer_AutoElemAcc_2', 'SIUeliminar', 'Eliminar estado civil', '');
INSERT INTO IUAction (idIU, idIUAction, IUActionName, IUActionAlias, IUActionDescription) VALUES ('Clas_1431880990720963UIInst_1', 'Clas_1431880990720963AccOfer_AutoElemAcc_3', 'SIUInsEstadoCivilC', 'InsEstadoCivilC', '');
INSERT INTO IUAction (idIU, idIUAction, IUActionName, IUActionAlias, IUActionDescription) VALUES ('Clas_1431880990720963UIInst_1', 'Clas_1431880990720963AccOfer_AutoElemAcc_4', 'SIUDelEstadoCivilC', 'DelEstadoCivilC', '');
INSERT INTO IUAction (idIU, idIUAction, IUActionName, IUActionAlias, IUActionDescription) VALUES ('Clas_1431880990720963UIInst_1', 'Clas_1431880990720963AccOfer_AutoElemAcc_5', '_Auto_', 'Estado civil', '');
INSERT INTO IUNavigation (idIU, idIUNavigation, IUNavigationName, IUNavigationAlias, IUNavigationDescription) VALUES ('Clas_1431880990720963UIInst_1', 'Clas_1431880990720963NavOfer_AutoElemNav_1', 'PIUPersona', 'Personas', '');
INSERT INTO IUNavigation (idIU, idIUNavigation, IUNavigationName, IUNavigationAlias, IUNavigationDescription) VALUES ('Clas_1431880990720963UIInst_1', 'Clas_1431880990720963NavOfer_AutoElemNav_2', '_Auto_', 'Personas', '');

-- SIU: EstadoCivil.SIUcrear
INSERT INTO IU (idIU, IUName, IUAlias, IUDescription, IUType) VALUES ('Clas_1431880990720963Ser_1UIServ_1', 'SIUcrear', 'Crear estado civil', '', 'S');
-- SIU: EstadoCivil.SIUeliminar
INSERT INTO IU (idIU, IUName, IUAlias, IUDescription, IUType) VALUES ('Clas_1431880990720963Ser_2UIServ_1', 'SIUeliminar', 'Eliminar estado civil', '', 'S');
-- SIU: EstadoCivil.SIUInsEstadoCivilC
INSERT INTO IU (idIU, IUName, IUAlias, IUDescription, IUType) VALUES ('Clas_1431880990720963Ser_6UIServ_1', 'SIUInsEstadoCivilC', 'InsEstadoCivilC', '', 'S');
-- SIU: EstadoCivil.SIUDelEstadoCivilC
INSERT INTO IU (idIU, IUName, IUAlias, IUDescription, IUType) VALUES ('Clas_1431880990720963Ser_7UIServ_1', 'SIUDelEstadoCivilC', 'DelEstadoCivilC', '', 'S');

---------------------------------------------
-- CLASS Departamento
---------------------------------------------
-- PIU: Departamento.PIUDepartamento
INSERT INTO IU (idIU, IUName, IUAlias, IUDescription, IUType) VALUES ('Clas_1431882039296664UIPobCl_1', 'PIUDepartamento', 'Departamentos', '', 'P');
INSERT INTO IUAttribute (idIU, idIUAttribute, IUAttributeName, IUAttributeAlias, IUAttributeDescription) VALUES ('Clas_1431882039296664UIPobCl_1', 'Clas_1431882039296664CjtoVis_AutoICtjoVis_1', 'Codigo', 'Código', '');
INSERT INTO IUAttribute (idIU, idIUAttribute, IUAttributeName, IUAttributeAlias, IUAttributeDescription) VALUES ('Clas_1431882039296664UIPobCl_1', 'Clas_1431882039296664CjtoVis_AutoICtjoVis_2', 'Descripcion', 'Descripción', '');
INSERT INTO IUAttribute (idIU, idIUAttribute, IUAttributeName, IUAttributeAlias, IUAttributeDescription) VALUES ('Clas_1431882039296664UIPobCl_1', 'Clas_1431882039296664CjtoVis_AutoICtjoVis_3', 'CodigoLegal', 'Código Legal', '');
INSERT INTO IUAction (idIU, idIUAction, IUActionName, IUActionAlias, IUActionDescription) VALUES ('Clas_1431882039296664UIPobCl_1', 'Clas_1431882039296664AccOfer_1ElemAcc_1', 'SIUcrear', 'Crear', '');
INSERT INTO IUAction (idIU, idIUAction, IUActionName, IUActionAlias, IUActionDescription) VALUES ('Clas_1431882039296664UIPobCl_1', 'Clas_1431882039296664AccOfer_1ElemAcc_2', 'SIUTGSINCDEPARTAMENTOS', 'Sincronizar', '');
INSERT INTO IUAction (idIU, idIUAction, IUActionName, IUActionAlias, IUActionDescription) VALUES ('Clas_1431882039296664UIPobCl_1', 'Clas_1431882039296664AccOfer_1ElemAcc_3', 'SIUeliminar', 'Eliminar', '');

-- PIU: Departamento._Auto_
INSERT INTO IU (idIU, IUName, IUAlias, IUDescription, IUType) VALUES ('Clas_1431882039296664UIPobCl_Auto', '_Auto_', 'Departamento', '', 'P');
INSERT INTO IUAttribute (idIU, idIUAttribute, IUAttributeName, IUAttributeAlias, IUAttributeDescription) VALUES ('Clas_1431882039296664UIPobCl_Auto', 'Clas_1431882039296664CjtoVis_AutoICtjoVis_1', 'Codigo', 'Código', '');
INSERT INTO IUAttribute (idIU, idIUAttribute, IUAttributeName, IUAttributeAlias, IUAttributeDescription) VALUES ('Clas_1431882039296664UIPobCl_Auto', 'Clas_1431882039296664CjtoVis_AutoICtjoVis_2', 'Descripcion', 'Descripción', '');
INSERT INTO IUAttribute (idIU, idIUAttribute, IUAttributeName, IUAttributeAlias, IUAttributeDescription) VALUES ('Clas_1431882039296664UIPobCl_Auto', 'Clas_1431882039296664CjtoVis_AutoICtjoVis_3', 'CodigoLegal', 'Código Legal', '');
INSERT INTO IUAction (idIU, idIUAction, IUActionName, IUActionAlias, IUActionDescription) VALUES ('Clas_1431882039296664UIPobCl_Auto', 'Clas_1431882039296664AccOfer_AutoElemAcc_1', 'SIUcrear', 'Crear departamento', '');
INSERT INTO IUAction (idIU, idIUAction, IUActionName, IUActionAlias, IUActionDescription) VALUES ('Clas_1431882039296664UIPobCl_Auto', 'Clas_1431882039296664AccOfer_AutoElemAcc_2', 'SIUeliminar', 'Eliminar departamento', '');
INSERT INTO IUAction (idIU, idIUAction, IUActionName, IUActionAlias, IUActionDescription) VALUES ('Clas_1431882039296664UIPobCl_Auto', 'Clas_1431882039296664AccOfer_AutoElemAcc_3', 'SIUInsDepartamentoC', 'InsDepartamentoC', '');
INSERT INTO IUAction (idIU, idIUAction, IUActionName, IUActionAlias, IUActionDescription) VALUES ('Clas_1431882039296664UIPobCl_Auto', 'Clas_1431882039296664AccOfer_AutoElemAcc_4', 'SIUDelDepartamentoC', 'DelDepartamentoC', '');
INSERT INTO IUAction (idIU, idIUAction, IUActionName, IUActionAlias, IUActionDescription) VALUES ('Clas_1431882039296664UIPobCl_Auto', 'Clas_1431882039296664AccOfer_AutoElemAcc_5', 'SIUInsDepartamentoCNac', 'InsDepartamentoCNac', '');
INSERT INTO IUAction (idIU, idIUAction, IUActionName, IUActionAlias, IUActionDescription) VALUES ('Clas_1431882039296664UIPobCl_Auto', 'Clas_1431882039296664AccOfer_AutoElemAcc_6', 'SIUDelDepartamentoCNac', 'DelDepartamentoCNac', '');
INSERT INTO IUAction (idIU, idIUAction, IUActionName, IUActionAlias, IUActionDescription) VALUES ('Clas_1431882039296664UIPobCl_Auto', 'Clas_1431882039296664AccOfer_AutoElemAcc_7', 'SIUInsDepartamentoDirSucursal', 'InsDepartamentoDirSucursalC', '');
INSERT INTO IUAction (idIU, idIUAction, IUActionName, IUActionAlias, IUActionDescription) VALUES ('Clas_1431882039296664UIPobCl_Auto', 'Clas_1431882039296664AccOfer_AutoElemAcc_8', 'SIUDelDepartamentoDirSucursal', 'DelDepartamentoDirSucursalC', '');
INSERT INTO IUAction (idIU, idIUAction, IUActionName, IUActionAlias, IUActionDescription) VALUES ('Clas_1431882039296664UIPobCl_Auto', 'Clas_1431882039296664AccOfer_AutoElemAcc_9', '_Auto_', 'Departamento', '');
INSERT INTO IUNavigation (idIU, idIUNavigation, IUNavigationName, IUNavigationAlias, IUNavigationDescription) VALUES ('Clas_1431882039296664UIPobCl_Auto', 'Clas_1431882039296664NavOfer_AutoElemNav_1', 'PIUPersona', 'Personas', '');
INSERT INTO IUNavigation (idIU, idIUNavigation, IUNavigationName, IUNavigationAlias, IUNavigationDescription) VALUES ('Clas_1431882039296664UIPobCl_Auto', 'Clas_1431882039296664NavOfer_AutoElemNav_2', 'PIUMunicipio', 'Municipios', '');
INSERT INTO IUNavigation (idIU, idIUNavigation, IUNavigationName, IUNavigationAlias, IUNavigationDescription) VALUES ('Clas_1431882039296664UIPobCl_Auto', 'Clas_1431882039296664NavOfer_AutoElemNav_3', '_Auto_', 'Personas', '');
INSERT INTO IUNavigation (idIU, idIUNavigation, IUNavigationName, IUNavigationAlias, IUNavigationDescription) VALUES ('Clas_1431882039296664UIPobCl_Auto', 'Clas_1431882039296664NavOfer_AutoElemNav_4', '_Auto_', 'Direcciones', '');
INSERT INTO IUNavigation (idIU, idIUNavigation, IUNavigationName, IUNavigationAlias, IUNavigationDescription) VALUES ('Clas_1431882039296664UIPobCl_Auto', 'Clas_1431882039296664NavOfer_AutoElemNav_5', '_Auto_', 'Dirección', '');
INSERT INTO IUNavigation (idIU, idIUNavigation, IUNavigationName, IUNavigationAlias, IUNavigationDescription) VALUES ('Clas_1431882039296664UIPobCl_Auto', 'Clas_1431882039296664NavOfer_AutoElemNav_6', '_Auto_', 'Contratante', '');
INSERT INTO IUNavigation (idIU, idIUNavigation, IUNavigationName, IUNavigationAlias, IUNavigationDescription) VALUES ('Clas_1431882039296664UIPobCl_Auto', 'Clas_1431882039296664NavOfer_AutoElemNav_7', '_Auto_', 'Contratante', '');
INSERT INTO IUNavigation (idIU, idIUNavigation, IUNavigationName, IUNavigationAlias, IUNavigationDescription) VALUES ('Clas_1431882039296664UIPobCl_Auto', 'Clas_1431882039296664NavOfer_AutoElemNav_8', '_Auto_', 'Sucursal', '');
INSERT INTO IUNavigation (idIU, idIUNavigation, IUNavigationName, IUNavigationAlias, IUNavigationDescription) VALUES ('Clas_1431882039296664UIPobCl_Auto', 'Clas_1431882039296664NavOfer_AutoElemNav_9', '_Auto_', 'Titular', '');
INSERT INTO IUNavigation (idIU, idIUNavigation, IUNavigationName, IUNavigationAlias, IUNavigationDescription) VALUES ('Clas_1431882039296664UIPobCl_Auto', 'Clas_1431882039296664NavOfer_AutoElemNav_10', '_Auto_', 'NovedadCTNac', '');
INSERT INTO IUNavigation (idIU, idIUNavigation, IUNavigationName, IUNavigationAlias, IUNavigationDescription) VALUES ('Clas_1431882039296664UIPobCl_Auto', 'Clas_1431882039296664NavOfer_AutoElemNav_11', '_Auto_', 'Familia', '');
INSERT INTO IUNavigation (idIU, idIUNavigation, IUNavigationName, IUNavigationAlias, IUNavigationDescription) VALUES ('Clas_1431882039296664UIPobCl_Auto', 'Clas_1431882039296664NavOfer_AutoElemNav_12', '_Auto_', 'Direcciones MD', '');

-- IIU: Departamento._Auto_
INSERT INTO IU (idIU, IUName, IUAlias, IUDescription, IUType) VALUES ('Clas_1431882039296664UIInst_1', '_Auto_', 'Departamento', '', 'I');
INSERT INTO IUAction (idIU, idIUAction, IUActionName, IUActionAlias, IUActionDescription) VALUES ('Clas_1431882039296664UIInst_1', 'Clas_1431882039296664AccOfer_AutoElemAcc_1', 'SIUcrear', 'Crear departamento', '');
INSERT INTO IUAction (idIU, idIUAction, IUActionName, IUActionAlias, IUActionDescription) VALUES ('Clas_1431882039296664UIInst_1', 'Clas_1431882039296664AccOfer_AutoElemAcc_2', 'SIUeliminar', 'Eliminar departamento', '');
INSERT INTO IUAction (idIU, idIUAction, IUActionName, IUActionAlias, IUActionDescription) VALUES ('Clas_1431882039296664UIInst_1', 'Clas_1431882039296664AccOfer_AutoElemAcc_3', 'SIUInsDepartamentoC', 'InsDepartamentoC', '');
INSERT INTO IUAction (idIU, idIUAction, IUActionName, IUActionAlias, IUActionDescription) VALUES ('Clas_1431882039296664UIInst_1', 'Clas_1431882039296664AccOfer_AutoElemAcc_4', 'SIUDelDepartamentoC', 'DelDepartamentoC', '');
INSERT INTO IUAction (idIU, idIUAction, IUActionName, IUActionAlias, IUActionDescription) VALUES ('Clas_1431882039296664UIInst_1', 'Clas_1431882039296664AccOfer_AutoElemAcc_5', 'SIUInsDepartamentoCNac', 'InsDepartamentoCNac', '');
INSERT INTO IUAction (idIU, idIUAction, IUActionName, IUActionAlias, IUActionDescription) VALUES ('Clas_1431882039296664UIInst_1', 'Clas_1431882039296664AccOfer_AutoElemAcc_6', 'SIUDelDepartamentoCNac', 'DelDepartamentoCNac', '');
INSERT INTO IUAction (idIU, idIUAction, IUActionName, IUActionAlias, IUActionDescription) VALUES ('Clas_1431882039296664UIInst_1', 'Clas_1431882039296664AccOfer_AutoElemAcc_7', 'SIUInsDepartamentoDirSucursal', 'InsDepartamentoDirSucursalC', '');
INSERT INTO IUAction (idIU, idIUAction, IUActionName, IUActionAlias, IUActionDescription) VALUES ('Clas_1431882039296664UIInst_1', 'Clas_1431882039296664AccOfer_AutoElemAcc_8', 'SIUDelDepartamentoDirSucursal', 'DelDepartamentoDirSucursalC', '');
INSERT INTO IUAction (idIU, idIUAction, IUActionName, IUActionAlias, IUActionDescription) VALUES ('Clas_1431882039296664UIInst_1', 'Clas_1431882039296664AccOfer_AutoElemAcc_9', '_Auto_', 'Departamento', '');
INSERT INTO IUNavigation (idIU, idIUNavigation, IUNavigationName, IUNavigationAlias, IUNavigationDescription) VALUES ('Clas_1431882039296664UIInst_1', 'Clas_1431882039296664NavOfer_AutoElemNav_1', 'PIUPersona', 'Personas', '');
INSERT INTO IUNavigation (idIU, idIUNavigation, IUNavigationName, IUNavigationAlias, IUNavigationDescription) VALUES ('Clas_1431882039296664UIInst_1', 'Clas_1431882039296664NavOfer_AutoElemNav_2', 'PIUMunicipio', 'Municipios', '');
INSERT INTO IUNavigation (idIU, idIUNavigation, IUNavigationName, IUNavigationAlias, IUNavigationDescription) VALUES ('Clas_1431882039296664UIInst_1', 'Clas_1431882039296664NavOfer_AutoElemNav_3', '_Auto_', 'Personas', '');
INSERT INTO IUNavigation (idIU, idIUNavigation, IUNavigationName, IUNavigationAlias, IUNavigationDescription) VALUES ('Clas_1431882039296664UIInst_1', 'Clas_1431882039296664NavOfer_AutoElemNav_4', '_Auto_', 'Direcciones', '');
INSERT INTO IUNavigation (idIU, idIUNavigation, IUNavigationName, IUNavigationAlias, IUNavigationDescription) VALUES ('Clas_1431882039296664UIInst_1', 'Clas_1431882039296664NavOfer_AutoElemNav_5', '_Auto_', 'Dirección', '');
INSERT INTO IUNavigation (idIU, idIUNavigation, IUNavigationName, IUNavigationAlias, IUNavigationDescription) VALUES ('Clas_1431882039296664UIInst_1', 'Clas_1431882039296664NavOfer_AutoElemNav_6', '_Auto_', 'Contratante', '');
INSERT INTO IUNavigation (idIU, idIUNavigation, IUNavigationName, IUNavigationAlias, IUNavigationDescription) VALUES ('Clas_1431882039296664UIInst_1', 'Clas_1431882039296664NavOfer_AutoElemNav_7', '_Auto_', 'Contratante', '');
INSERT INTO IUNavigation (idIU, idIUNavigation, IUNavigationName, IUNavigationAlias, IUNavigationDescription) VALUES ('Clas_1431882039296664UIInst_1', 'Clas_1431882039296664NavOfer_AutoElemNav_8', '_Auto_', 'Sucursal', '');
INSERT INTO IUNavigation (idIU, idIUNavigation, IUNavigationName, IUNavigationAlias, IUNavigationDescription) VALUES ('Clas_1431882039296664UIInst_1', 'Clas_1431882039296664NavOfer_AutoElemNav_9', '_Auto_', 'Titular', '');
INSERT INTO IUNavigation (idIU, idIUNavigation, IUNavigationName, IUNavigationAlias, IUNavigationDescription) VALUES ('Clas_1431882039296664UIInst_1', 'Clas_1431882039296664NavOfer_AutoElemNav_10', '_Auto_', 'NovedadCTNac', '');
INSERT INTO IUNavigation (idIU, idIUNavigation, IUNavigationName, IUNavigationAlias, IUNavigationDescription) VALUES ('Clas_1431882039296664UIInst_1', 'Clas_1431882039296664NavOfer_AutoElemNav_11', '_Auto_', 'Familia', '');
INSERT INTO IUNavigation (idIU, idIUNavigation, IUNavigationName, IUNavigationAlias, IUNavigationDescription) VALUES ('Clas_1431882039296664UIInst_1', 'Clas_1431882039296664NavOfer_AutoElemNav_12', '_Auto_', 'Direcciones MD', '');

-- SIU: Departamento.SIUcrear
INSERT INTO IU (idIU, IUName, IUAlias, IUDescription, IUType) VALUES ('Clas_1431882039296664Ser_1UIServ_1', 'SIUcrear', 'Crear departamento', '', 'S');
-- SIU: Departamento.SIUeliminar
INSERT INTO IU (idIU, IUName, IUAlias, IUDescription, IUType) VALUES ('Clas_1431882039296664Ser_2UIServ_1', 'SIUeliminar', 'Eliminar departamento', '', 'S');
-- SIU: Departamento.SIUInsDepartamentoC
INSERT INTO IU (idIU, IUName, IUAlias, IUDescription, IUType) VALUES ('Clas_1431882039296664Ser_16UIServ_1', 'SIUInsDepartamentoC', 'InsDepartamentoC', '', 'S');
-- SIU: Departamento.SIUDelDepartamentoC
INSERT INTO IU (idIU, IUName, IUAlias, IUDescription, IUType) VALUES ('Clas_1431882039296664Ser_17UIServ_1', 'SIUDelDepartamentoC', 'DelDepartamentoC', '', 'S');
-- SIU: Departamento.SIUInsDepartamentoCNac
INSERT INTO IU (idIU, IUName, IUAlias, IUDescription, IUType) VALUES ('Clas_1431882039296664Ser_18UIServ_1', 'SIUInsDepartamentoCNac', 'InsDepartamentoCNac', '', 'S');
-- SIU: Departamento.SIUDelDepartamentoCNac
INSERT INTO IU (idIU, IUName, IUAlias, IUDescription, IUType) VALUES ('Clas_1431882039296664Ser_19UIServ_1', 'SIUDelDepartamentoCNac', 'DelDepartamentoCNac', '', 'S');
-- SIU: Departamento.SIUInsDepartamentoDirSucursal
INSERT INTO IU (idIU, IUName, IUAlias, IUDescription, IUType) VALUES ('Clas_1431882039296664Ser_20UIServ_1', 'SIUInsDepartamentoDirSucursal', 'InsDepartamentoDirSucursalC', '', 'S');
-- SIU: Departamento.SIUDelDepartamentoDirSucursal
INSERT INTO IU (idIU, IUName, IUAlias, IUDescription, IUType) VALUES ('Clas_1431882039296664Ser_21UIServ_1', 'SIUDelDepartamentoDirSucursal', 'DelDepartamentoDirSucursalC', '', 'S');

---------------------------------------------
-- CLASS TipoIVA
---------------------------------------------
-- PIU: TipoIVA.PIUTipoIVA
INSERT INTO IU (idIU, IUName, IUAlias, IUDescription, IUType) VALUES ('Clas_1431882432512691UIPobCl_1', 'PIUTipoIVA', 'Tipos de I.V.A', '', 'P');
INSERT INTO IUAttribute (idIU, idIUAttribute, IUAttributeName, IUAttributeAlias, IUAttributeDescription) VALUES ('Clas_1431882432512691UIPobCl_1', 'Clas_1431882432512691CjtoVis_2ICtjoVis_1', 'ProductoT.Descripcion', 'Producto', '');
INSERT INTO IUAttribute (idIU, idIUAttribute, IUAttributeName, IUAttributeAlias, IUAttributeDescription) VALUES ('Clas_1431882432512691UIPobCl_1', 'Clas_1431882432512691CjtoVis_2ICtjoVis_2', 'PlanT.Nombre', 'Plan', '');
INSERT INTO IUAttribute (idIU, idIUAttribute, IUAttributeName, IUAttributeAlias, IUAttributeDescription) VALUES ('Clas_1431882432512691UIPobCl_1', 'Clas_1431882432512691CjtoVis_2ICtjoVis_4', 'Descripcion', 'Descripción', '');
INSERT INTO IUAttribute (idIU, idIUAttribute, IUAttributeName, IUAttributeAlias, IUAttributeDescription) VALUES ('Clas_1431882432512691UIPobCl_1', 'Clas_1431882432512691CjtoVis_2ICtjoVis_6', 'FechaInicio', 'Fecha Inicio', '');
INSERT INTO IUAttribute (idIU, idIUAttribute, IUAttributeName, IUAttributeAlias, IUAttributeDescription) VALUES ('Clas_1431882432512691UIPobCl_1', 'Clas_1431882432512691CjtoVis_2ICtjoVis_7', 'FechaFin', 'Fecha Fin', '');
INSERT INTO IUAttribute (idIU, idIUAttribute, IUAttributeName, IUAttributeAlias, IUAttributeDescription) VALUES ('Clas_1431882432512691UIPobCl_1', 'Clas_1431882432512691CjtoVis_2ICtjoVis_5', 'Porcentaje', 'Porcentaje', '');
INSERT INTO IUAction (idIU, idIUAction, IUActionName, IUActionAlias, IUActionDescription) VALUES ('Clas_1431882432512691UIPobCl_1', 'Clas_1431882432512691AccOfer_1ElemAcc_1', 'SIUcrear', 'Crear', '');
INSERT INTO IUAction (idIU, idIUAction, IUActionName, IUActionAlias, IUActionDescription) VALUES ('Clas_1431882432512691UIPobCl_1', 'Clas_1431882432512691AccOfer_1ElemAcc_4', 'SIUmodificar', 'Modificar', '');
INSERT INTO IUAction (idIU, idIUAction, IUActionName, IUActionAlias, IUActionDescription) VALUES ('Clas_1431882432512691UIPobCl_1', 'Clas_1431882432512691AccOfer_1ElemAcc_3', 'SIUeliminar', 'Eliminar', '');

-- PIU: TipoIVA._Auto_
INSERT INTO IU (idIU, IUName, IUAlias, IUDescription, IUType) VALUES ('Clas_1431882432512691UIPobCl_Auto', '_Auto_', 'Tipo I.V.A', '', 'P');
INSERT INTO IUAttribute (idIU, idIUAttribute, IUAttributeName, IUAttributeAlias, IUAttributeDescription) VALUES ('Clas_1431882432512691UIPobCl_Auto', 'Clas_1431882432512691CjtoVis_AutoICtjoVis_1', 'Codigo', 'Código', '');
INSERT INTO IUAttribute (idIU, idIUAttribute, IUAttributeName, IUAttributeAlias, IUAttributeDescription) VALUES ('Clas_1431882432512691UIPobCl_Auto', 'Clas_1431882432512691CjtoVis_AutoICtjoVis_2', 'Descripcion', 'Descripción', '');
INSERT INTO IUAttribute (idIU, idIUAttribute, IUAttributeName, IUAttributeAlias, IUAttributeDescription) VALUES ('Clas_1431882432512691UIPobCl_Auto', 'Clas_1431882432512691CjtoVis_AutoICtjoVis_3', 'Porcentaje', 'Porcentaje', '');
INSERT INTO IUAttribute (idIU, idIUAttribute, IUAttributeName, IUAttributeAlias, IUAttributeDescription) VALUES ('Clas_1431882432512691UIPobCl_Auto', 'Clas_1431882432512691CjtoVis_AutoICtjoVis_4', 'FechaInicio', 'Fecha Inicio', '');
INSERT INTO IUAttribute (idIU, idIUAttribute, IUAttributeName, IUAttributeAlias, IUAttributeDescription) VALUES ('Clas_1431882432512691UIPobCl_Auto', 'Clas_1431882432512691CjtoVis_AutoICtjoVis_5', 'FechaFin', 'Fecha Fin', '');
INSERT INTO IUAction (idIU, idIUAction, IUActionName, IUActionAlias, IUActionDescription) VALUES ('Clas_1431882432512691UIPobCl_Auto', 'Clas_1431882432512691AccOfer_AutoElemAcc_1', 'SIUcrear', 'Crear tipo de I.V.A', '');
INSERT INTO IUAction (idIU, idIUAction, IUActionName, IUActionAlias, IUActionDescription) VALUES ('Clas_1431882432512691UIPobCl_Auto', 'Clas_1431882432512691AccOfer_AutoElemAcc_2', 'SIUeliminar', 'Eliminar tipo de I.V.A', '');
INSERT INTO IUAction (idIU, idIUAction, IUActionName, IUActionAlias, IUActionDescription) VALUES ('Clas_1431882432512691UIPobCl_Auto', 'Clas_1431882432512691AccOfer_AutoElemAcc_3', 'SIUmodificar', 'Modificar', '');
INSERT INTO IUAction (idIU, idIUAction, IUActionName, IUActionAlias, IUActionDescription) VALUES ('Clas_1431882432512691UIPobCl_Auto', 'Clas_1431882432512691AccOfer_AutoElemAcc_4', '_Auto_', 'Tipo I.V.A', '');
INSERT INTO IUNavigation (idIU, idIUNavigation, IUNavigationName, IUNavigationAlias, IUNavigationDescription) VALUES ('Clas_1431882432512691UIPobCl_Auto', 'Clas_1431882432512691NavOfer_AutoElemNav_1', '_Auto_', 'Producto', '');
INSERT INTO IUNavigation (idIU, idIUNavigation, IUNavigationName, IUNavigationAlias, IUNavigationDescription) VALUES ('Clas_1431882432512691UIPobCl_Auto', 'Clas_1431882432512691NavOfer_AutoElemNav_2', '_Auto_', 'Plan', '');

-- IIU: TipoIVA._Auto_
INSERT INTO IU (idIU, IUName, IUAlias, IUDescription, IUType) VALUES ('Clas_1431882432512691UIInst_1', '_Auto_', 'Tipo I.V.A', '', 'I');
INSERT INTO IUAction (idIU, idIUAction, IUActionName, IUActionAlias, IUActionDescription) VALUES ('Clas_1431882432512691UIInst_1', 'Clas_1431882432512691AccOfer_AutoElemAcc_1', 'SIUcrear', 'Crear tipo de I.V.A', '');
INSERT INTO IUAction (idIU, idIUAction, IUActionName, IUActionAlias, IUActionDescription) VALUES ('Clas_1431882432512691UIInst_1', 'Clas_1431882432512691AccOfer_AutoElemAcc_2', 'SIUeliminar', 'Eliminar tipo de I.V.A', '');
INSERT INTO IUAction (idIU, idIUAction, IUActionName, IUActionAlias, IUActionDescription) VALUES ('Clas_1431882432512691UIInst_1', 'Clas_1431882432512691AccOfer_AutoElemAcc_3', 'SIUmodificar', 'Modificar', '');
INSERT INTO IUAction (idIU, idIUAction, IUActionName, IUActionAlias, IUActionDescription) VALUES ('Clas_1431882432512691UIInst_1', 'Clas_1431882432512691AccOfer_AutoElemAcc_4', '_Auto_', 'Tipo I.V.A', '');
INSERT INTO IUNavigation (idIU, idIUNavigation, IUNavigationName, IUNavigationAlias, IUNavigationDescription) VALUES ('Clas_1431882432512691UIInst_1', 'Clas_1431882432512691NavOfer_AutoElemNav_1', '_Auto_', 'Producto', '');
INSERT INTO IUNavigation (idIU, idIUNavigation, IUNavigationName, IUNavigationAlias, IUNavigationDescription) VALUES ('Clas_1431882432512691UIInst_1', 'Clas_1431882432512691NavOfer_AutoElemNav_2', '_Auto_', 'Plan', '');

-- SIU: TipoIVA.SIUcrear
INSERT INTO IU (idIU, IUName, IUAlias, IUDescription, IUType) VALUES ('Clas_1431882432512691Ser_1UIServ_1', 'SIUcrear', 'Crear tipo de I.V.A', '', 'S');
-- SIU: TipoIVA.SIUeliminar
INSERT INTO IU (idIU, IUName, IUAlias, IUDescription, IUType) VALUES ('Clas_1431882432512691Ser_2UIServ_1', 'SIUeliminar', 'Eliminar tipo de I.V.A', '', 'S');
-- SIU: TipoIVA.SIUmodificar
INSERT INTO IU (idIU, IUName, IUAlias, IUDescription, IUType) VALUES ('Clas_1431882432512691Ser_7UIServ_1', 'SIUmodificar', 'Modificar', '', 'S');

---------------------------------------------
-- CLASS Persona
---------------------------------------------
-- PIU: Persona.PIUPersona
INSERT INTO IU (idIU, IUName, IUAlias, IUDescription, IUType) VALUES ('Clas_1431886233600805UIPobCl_1', 'PIUPersona', 'Personas', '', 'P');
INSERT INTO IUAttribute (idIU, idIUAttribute, IUAttributeName, IUAttributeAlias, IUAttributeDescription) VALUES ('Clas_1431886233600805UIPobCl_1', 'Clas_1431886233600805CjtoVis_2ICtjoVis_1', 'TipoIdentificacion.NombreCorto', 'Tipo identificación', '');
INSERT INTO IUAttribute (idIU, idIUAttribute, IUAttributeName, IUAttributeAlias, IUAttributeDescription) VALUES ('Clas_1431886233600805UIPobCl_1', 'Clas_1431886233600805CjtoVis_2ICtjoVis_2', 'NumIdentificacion', 'Nº Identificación', '');
INSERT INTO IUAttribute (idIU, idIUAttribute, IUAttributeName, IUAttributeAlias, IUAttributeDescription) VALUES ('Clas_1431886233600805UIPobCl_1', 'Clas_1431886233600805CjtoVis_2ICtjoVis_4', 'PrimerNombre', 'Primer Nombre', '');
INSERT INTO IUAttribute (idIU, idIUAttribute, IUAttributeName, IUAttributeAlias, IUAttributeDescription) VALUES ('Clas_1431886233600805UIPobCl_1', 'Clas_1431886233600805CjtoVis_2ICtjoVis_11', 'SegundoNombre', 'Segundo Nombre', '');
INSERT INTO IUAttribute (idIU, idIUAttribute, IUAttributeName, IUAttributeAlias, IUAttributeDescription) VALUES ('Clas_1431886233600805UIPobCl_1', 'Clas_1431886233600805CjtoVis_2ICtjoVis_5', 'PrimerApellido', 'Primer Apellido', '');
INSERT INTO IUAttribute (idIU, idIUAttribute, IUAttributeName, IUAttributeAlias, IUAttributeDescription) VALUES ('Clas_1431886233600805UIPobCl_1', 'Clas_1431886233600805CjtoVis_2ICtjoVis_12', 'SegundoApellido', 'Segundo Apellido', '');
INSERT INTO IUAttribute (idIU, idIUAttribute, IUAttributeName, IUAttributeAlias, IUAttributeDescription) VALUES ('Clas_1431886233600805UIPobCl_1', 'Clas_1431886233600805CjtoVis_2ICtjoVis_9', 'FechaNacimiento', 'Fecha Nacimiento', '');
INSERT INTO IUAttribute (idIU, idIUAttribute, IUAttributeName, IUAttributeAlias, IUAttributeDescription) VALUES ('Clas_1431886233600805UIPobCl_1', 'Clas_1431886233600805CjtoVis_2ICtjoVis_10', 'Genero', 'Género', '');
INSERT INTO IUAttribute (idIU, idIUAttribute, IUAttributeName, IUAttributeAlias, IUAttributeDescription) VALUES ('Clas_1431886233600805UIPobCl_1', 'Clas_1431886233600805CjtoVis_2ICtjoVis_8', 'RazonSocial', 'Razón Social', '');

-- PIU: Persona._Auto_
INSERT INTO IU (idIU, IUName, IUAlias, IUDescription, IUType) VALUES ('Clas_1431886233600805UIPobCl_Auto', '_Auto_', 'Persona', '', 'P');
INSERT INTO IUAttribute (idIU, idIUAttribute, IUAttributeName, IUAttributeAlias, IUAttributeDescription) VALUES ('Clas_1431886233600805UIPobCl_Auto', 'Clas_1431886233600805CjtoVis_AutoICtjoVis_1', 'Codigo', 'Código', '');
INSERT INTO IUAttribute (idIU, idIUAttribute, IUAttributeName, IUAttributeAlias, IUAttributeDescription) VALUES ('Clas_1431886233600805UIPobCl_Auto', 'Clas_1431886233600805CjtoVis_AutoICtjoVis_2', 'NumIdentificacion', 'Nº Identificación', '');
INSERT INTO IUAttribute (idIU, idIUAttribute, IUAttributeName, IUAttributeAlias, IUAttributeDescription) VALUES ('Clas_1431886233600805UIPobCl_Auto', 'Clas_1431886233600805CjtoVis_AutoICtjoVis_3', 'TipoPersona', 'Tipo persona', '');
INSERT INTO IUAttribute (idIU, idIUAttribute, IUAttributeName, IUAttributeAlias, IUAttributeDescription) VALUES ('Clas_1431886233600805UIPobCl_Auto', 'Clas_1431886233600805CjtoVis_AutoICtjoVis_4', 'PrimerNombre', 'Primer nombre', '');
INSERT INTO IUAttribute (idIU, idIUAttribute, IUAttributeName, IUAttributeAlias, IUAttributeDescription) VALUES ('Clas_1431886233600805UIPobCl_Auto', 'Clas_1431886233600805CjtoVis_AutoICtjoVis_5', 'SegundoNombre', 'Segundo nombre', '');
INSERT INTO IUAttribute (idIU, idIUAttribute, IUAttributeName, IUAttributeAlias, IUAttributeDescription) VALUES ('Clas_1431886233600805UIPobCl_Auto', 'Clas_1431886233600805CjtoVis_AutoICtjoVis_6', 'PrimerApellido', 'Primer Apellido', '');
INSERT INTO IUAttribute (idIU, idIUAttribute, IUAttributeName, IUAttributeAlias, IUAttributeDescription) VALUES ('Clas_1431886233600805UIPobCl_Auto', 'Clas_1431886233600805CjtoVis_AutoICtjoVis_7', 'SegundoApellido', 'Segundo Apellido', '');
INSERT INTO IUAttribute (idIU, idIUAttribute, IUAttributeName, IUAttributeAlias, IUAttributeDescription) VALUES ('Clas_1431886233600805UIPobCl_Auto', 'Clas_1431886233600805CjtoVis_AutoICtjoVis_8', 'RazonSocial', 'Razón Social', '');
INSERT INTO IUAttribute (idIU, idIUAttribute, IUAttributeName, IUAttributeAlias, IUAttributeDescription) VALUES ('Clas_1431886233600805UIPobCl_Auto', 'Clas_1431886233600805CjtoVis_AutoICtjoVis_9', 'drvNombreCompleto', 'Nombre completo', '');
INSERT INTO IUAttribute (idIU, idIUAttribute, IUAttributeName, IUAttributeAlias, IUAttributeDescription) VALUES ('Clas_1431886233600805UIPobCl_Auto', 'Clas_1431886233600805CjtoVis_AutoICtjoVis_10', 'FechaNacimiento', 'Fecha nacimiento', '');
INSERT INTO IUAttribute (idIU, idIUAttribute, IUAttributeName, IUAttributeAlias, IUAttributeDescription) VALUES ('Clas_1431886233600805UIPobCl_Auto', 'Clas_1431886233600805CjtoVis_AutoICtjoVis_11', 'Genero', 'Género', '');
INSERT INTO IUAttribute (idIU, idIUAttribute, IUAttributeName, IUAttributeAlias, IUAttributeDescription) VALUES ('Clas_1431886233600805UIPobCl_Auto', 'Clas_1431886233600805CjtoVis_AutoICtjoVis_12', 'IndicadorExtranjero', 'Indicador extranjero', '');
INSERT INTO IUAttribute (idIU, idIUAttribute, IUAttributeName, IUAttributeAlias, IUAttributeDescription) VALUES ('Clas_1431886233600805UIPobCl_Auto', 'Clas_1431886233600805CjtoVis_AutoICtjoVis_13', 'TelefonoFijo', 'Teléfono fijo', '');
INSERT INTO IUAttribute (idIU, idIUAttribute, IUAttributeName, IUAttributeAlias, IUAttributeDescription) VALUES ('Clas_1431886233600805UIPobCl_Auto', 'Clas_1431886233600805CjtoVis_AutoICtjoVis_14', 'TelefonoCelular', 'Teléfono celular', '');
INSERT INTO IUAttribute (idIU, idIUAttribute, IUAttributeName, IUAttributeAlias, IUAttributeDescription) VALUES ('Clas_1431886233600805UIPobCl_Auto', 'Clas_1431886233600805CjtoVis_AutoICtjoVis_15', 'CorreoElectronico', 'Correo electrónico', '');
INSERT INTO IUAttribute (idIU, idIUAttribute, IUAttributeName, IUAttributeAlias, IUAttributeDescription) VALUES ('Clas_1431886233600805UIPobCl_Auto', 'Clas_1431886233600805CjtoVis_AutoICtjoVis_16', 'TieneEPSSanitas', 'Tiene EPS Sanitas', '');
INSERT INTO IUAttribute (idIU, idIUAttribute, IUAttributeName, IUAttributeAlias, IUAttributeDescription) VALUES ('Clas_1431886233600805UIPobCl_Auto', 'Clas_1431886233600805CjtoVis_AutoICtjoVis_17', 'RechazadoAfiliacion', 'Rechazado afiliación', '');
INSERT INTO IUAttribute (idIU, idIUAttribute, IUAttributeName, IUAttributeAlias, IUAttributeDescription) VALUES ('Clas_1431886233600805UIPobCl_Auto', 'Clas_1431886233600805CjtoVis_AutoICtjoVis_18', 'Identificador', 'Identificador', '');
INSERT INTO IUAttribute (idIU, idIUAttribute, IUAttributeName, IUAttributeAlias, IUAttributeDescription) VALUES ('Clas_1431886233600805UIPobCl_Auto', 'Clas_1431886233600805CjtoVis_AutoICtjoVis_19', 'DatosBasicosMod', 'Datos básicos mod.', '');
INSERT INTO IUAttribute (idIU, idIUAttribute, IUAttributeName, IUAttributeAlias, IUAttributeDescription) VALUES ('Clas_1431886233600805UIPobCl_Auto', 'Clas_1431886233600805CjtoVis_AutoICtjoVis_20', 'drvRechazada', 'Rechazada', '');
INSERT INTO IUAttribute (idIU, idIUAttribute, IUAttributeName, IUAttributeAlias, IUAttributeDescription) VALUES ('Clas_1431886233600805UIPobCl_Auto', 'Clas_1431886233600805CjtoVis_AutoICtjoVis_21', 'drvTieneDirecciones', 'Tiene direcciones', '');
INSERT INTO IUAttribute (idIU, idIUAttribute, IUAttributeName, IUAttributeAlias, IUAttributeDescription) VALUES ('Clas_1431886233600805UIPobCl_Auto', 'Clas_1431886233600805CjtoVis_AutoICtjoVis_22', 'drvTipoNumDoc', 'Tipo y Nº Doc.', '');
INSERT INTO IUAttribute (idIU, idIUAttribute, IUAttributeName, IUAttributeAlias, IUAttributeDescription) VALUES ('Clas_1431886233600805UIPobCl_Auto', 'Clas_1431886233600805CjtoVis_AutoICtjoVis_23', 'drvVieneDeCORE', 'Viene de CORE', '');
INSERT INTO IUAttribute (idIU, idIUAttribute, IUAttributeName, IUAttributeAlias, IUAttributeDescription) VALUES ('Clas_1431886233600805UIPobCl_Auto', 'Clas_1431886233600805CjtoVis_AutoICtjoVis_24', 'drvAddDocComoCont', 'Añadir doc como contratante', '');
INSERT INTO IUAttribute (idIU, idIUAttribute, IUAttributeName, IUAttributeAlias, IUAttributeDescription) VALUES ('Clas_1431886233600805UIPobCl_Auto', 'Clas_1431886233600805CjtoVis_AutoICtjoVis_25', 'drvAddDocComoTitu', 'Añadir doc como titular', '');
INSERT INTO IUAction (idIU, idIUAction, IUActionName, IUActionAlias, IUActionDescription) VALUES ('Clas_1431886233600805UIPobCl_Auto', 'Clas_1431886233600805AccOfer_AutoElemAcc_1', 'SIUCambTipoIdentificacion', 'CambTipoIdentificacion', '');
INSERT INTO IUAction (idIU, idIUAction, IUActionName, IUActionAlias, IUActionDescription) VALUES ('Clas_1431886233600805UIPobCl_Auto', 'Clas_1431886233600805AccOfer_AutoElemAcc_2', 'SIUdummyGetNumCodCORE', 'dummyGetNumCodCORE', '');
INSERT INTO IUAction (idIU, idIUAction, IUActionName, IUActionAlias, IUActionDescription) VALUES ('Clas_1431886233600805UIPobCl_Auto', 'Clas_1431886233600805AccOfer_AutoElemAcc_3', 'SIUTADDUSUARIOASOL', 'Añadir usuario', '');
INSERT INTO IUAction (idIU, idIUAction, IUActionName, IUActionAlias, IUActionDescription) VALUES ('Clas_1431886233600805UIPobCl_Auto', 'Clas_1431886233600805AccOfer_AutoElemAcc_4', 'SIUTELIMINAR', '¿Está seguro de que desea eliminar al usuario?', '');
INSERT INTO IUAction (idIU, idIUAction, IUActionName, IUActionAlias, IUActionDescription) VALUES ('Clas_1431886233600805UIPobCl_Auto', 'Clas_1431886233600805AccOfer_AutoElemAcc_5', '_Auto_', 'Persona', '');
INSERT INTO IUNavigation (idIU, idIUNavigation, IUNavigationName, IUNavigationAlias, IUNavigationDescription) VALUES ('Clas_1431886233600805UIPobCl_Auto', 'Clas_1431886233600805NavOfer_AutoElemNav_1', 'PIURadicados', 'Radicados', '');
INSERT INTO IUNavigation (idIU, idIUNavigation, IUNavigationName, IUNavigationAlias, IUNavigationDescription) VALUES ('Clas_1431886233600805UIPobCl_Auto', 'Clas_1431886233600805NavOfer_AutoElemNav_2', 'PIURadicados', 'Radicados', '');
INSERT INTO IUNavigation (idIU, idIUNavigation, IUNavigationName, IUNavigationAlias, IUNavigationDescription) VALUES ('Clas_1431886233600805UIPobCl_Auto', 'Clas_1431886233600805NavOfer_AutoElemNav_3', '_Auto_', 'Dirección', '');
INSERT INTO IUNavigation (idIU, idIUNavigation, IUNavigationName, IUNavigationAlias, IUNavigationDescription) VALUES ('Clas_1431886233600805UIPobCl_Auto', 'Clas_1431886233600805NavOfer_AutoElemNav_4', '_Auto_', 'Usuarios', '');
INSERT INTO IUNavigation (idIU, idIUNavigation, IUNavigationName, IUNavigationAlias, IUNavigationDescription) VALUES ('Clas_1431886233600805UIPobCl_Auto', 'Clas_1431886233600805NavOfer_AutoElemNav_5', 'PIUDocumentoG', 'Documentos', '');
INSERT INTO IUNavigation (idIU, idIUNavigation, IUNavigationName, IUNavigationAlias, IUNavigationDescription) VALUES ('Clas_1431886233600805UIPobCl_Auto', 'Clas_1431886233600805NavOfer_AutoElemNav_6', '_Auto_', 'Tipo identificación', '');
INSERT INTO IUNavigation (idIU, idIUNavigation, IUNavigationName, IUNavigationAlias, IUNavigationDescription) VALUES ('Clas_1431886233600805UIPobCl_Auto', 'Clas_1431886233600805NavOfer_AutoElemNav_7', '_Auto_', 'Departamento nacimiento', '');
INSERT INTO IUNavigation (idIU, idIUNavigation, IUNavigationName, IUNavigationAlias, IUNavigationDescription) VALUES ('Clas_1431886233600805UIPobCl_Auto', 'Clas_1431886233600805NavOfer_AutoElemNav_8', '_Auto_', 'Municipio nacimiento', '');
INSERT INTO IUNavigation (idIU, idIUNavigation, IUNavigationName, IUNavigationAlias, IUNavigationDescription) VALUES ('Clas_1431886233600805UIPobCl_Auto', 'Clas_1431886233600805NavOfer_AutoElemNav_9', '_Auto_', 'Estado civil', '');
INSERT INTO IUNavigation (idIU, idIUNavigation, IUNavigationName, IUNavigationAlias, IUNavigationDescription) VALUES ('Clas_1431886233600805UIPobCl_Auto', 'Clas_1431886233600805NavOfer_AutoElemNav_10', '_Auto_', 'Estado persona', '');

-- IIU: Persona._Auto_
INSERT INTO IU (idIU, IUName, IUAlias, IUDescription, IUType) VALUES ('Clas_1431886233600805UIInst_1', '_Auto_', 'Persona', '', 'I');
INSERT INTO IUAction (idIU, idIUAction, IUActionName, IUActionAlias, IUActionDescription) VALUES ('Clas_1431886233600805UIInst_1', 'Clas_1431886233600805AccOfer_AutoElemAcc_1', 'SIUCambTipoIdentificacion', 'CambTipoIdentificacion', '');
INSERT INTO IUAction (idIU, idIUAction, IUActionName, IUActionAlias, IUActionDescription) VALUES ('Clas_1431886233600805UIInst_1', 'Clas_1431886233600805AccOfer_AutoElemAcc_2', 'SIUdummyGetNumCodCORE', 'dummyGetNumCodCORE', '');
INSERT INTO IUAction (idIU, idIUAction, IUActionName, IUActionAlias, IUActionDescription) VALUES ('Clas_1431886233600805UIInst_1', 'Clas_1431886233600805AccOfer_AutoElemAcc_3', 'SIUTADDUSUARIOASOL', 'Añadir usuario', '');
INSERT INTO IUAction (idIU, idIUAction, IUActionName, IUActionAlias, IUActionDescription) VALUES ('Clas_1431886233600805UIInst_1', 'Clas_1431886233600805AccOfer_AutoElemAcc_4', 'SIUTELIMINAR', '¿Está seguro de que desea eliminar al usuario?', '');
INSERT INTO IUAction (idIU, idIUAction, IUActionName, IUActionAlias, IUActionDescription) VALUES ('Clas_1431886233600805UIInst_1', 'Clas_1431886233600805AccOfer_AutoElemAcc_5', '_Auto_', 'Persona', '');
INSERT INTO IUNavigation (idIU, idIUNavigation, IUNavigationName, IUNavigationAlias, IUNavigationDescription) VALUES ('Clas_1431886233600805UIInst_1', 'Clas_1431886233600805NavOfer_AutoElemNav_1', 'PIURadicados', 'Radicados', '');
INSERT INTO IUNavigation (idIU, idIUNavigation, IUNavigationName, IUNavigationAlias, IUNavigationDescription) VALUES ('Clas_1431886233600805UIInst_1', 'Clas_1431886233600805NavOfer_AutoElemNav_2', 'PIURadicados', 'Radicados', '');
INSERT INTO IUNavigation (idIU, idIUNavigation, IUNavigationName, IUNavigationAlias, IUNavigationDescription) VALUES ('Clas_1431886233600805UIInst_1', 'Clas_1431886233600805NavOfer_AutoElemNav_3', '_Auto_', 'Dirección', '');
INSERT INTO IUNavigation (idIU, idIUNavigation, IUNavigationName, IUNavigationAlias, IUNavigationDescription) VALUES ('Clas_1431886233600805UIInst_1', 'Clas_1431886233600805NavOfer_AutoElemNav_4', '_Auto_', 'Usuarios', '');
INSERT INTO IUNavigation (idIU, idIUNavigation, IUNavigationName, IUNavigationAlias, IUNavigationDescription) VALUES ('Clas_1431886233600805UIInst_1', 'Clas_1431886233600805NavOfer_AutoElemNav_5', 'PIUDocumentoG', 'Documentos', '');
INSERT INTO IUNavigation (idIU, idIUNavigation, IUNavigationName, IUNavigationAlias, IUNavigationDescription) VALUES ('Clas_1431886233600805UIInst_1', 'Clas_1431886233600805NavOfer_AutoElemNav_6', '_Auto_', 'Tipo identificación', '');
INSERT INTO IUNavigation (idIU, idIUNavigation, IUNavigationName, IUNavigationAlias, IUNavigationDescription) VALUES ('Clas_1431886233600805UIInst_1', 'Clas_1431886233600805NavOfer_AutoElemNav_7', '_Auto_', 'Departamento nacimiento', '');
INSERT INTO IUNavigation (idIU, idIUNavigation, IUNavigationName, IUNavigationAlias, IUNavigationDescription) VALUES ('Clas_1431886233600805UIInst_1', 'Clas_1431886233600805NavOfer_AutoElemNav_8', '_Auto_', 'Municipio nacimiento', '');
INSERT INTO IUNavigation (idIU, idIUNavigation, IUNavigationName, IUNavigationAlias, IUNavigationDescription) VALUES ('Clas_1431886233600805UIInst_1', 'Clas_1431886233600805NavOfer_AutoElemNav_9', '_Auto_', 'Estado civil', '');
INSERT INTO IUNavigation (idIU, idIUNavigation, IUNavigationName, IUNavigationAlias, IUNavigationDescription) VALUES ('Clas_1431886233600805UIInst_1', 'Clas_1431886233600805NavOfer_AutoElemNav_10', '_Auto_', 'Estado persona', '');

-- SIU: Persona.SIUCambTipoIdentificacion
INSERT INTO IU (idIU, IUName, IUAlias, IUDescription, IUType) VALUES ('Clas_1431886233600805Ser_37UIServ_1', 'SIUCambTipoIdentificacion', 'CambTipoIdentificacion', '', 'S');
-- SIU: Persona.SIUdummyGetNumCodCORE
INSERT INTO IU (idIU, IUName, IUAlias, IUDescription, IUType) VALUES ('Clas_1431886233600805Ser_55UIServ_1', 'SIUdummyGetNumCodCORE', 'dummyGetNumCodCORE', '', 'S');
-- SIU: Persona.SIUTADDUSUARIOASOL
INSERT INTO IU (idIU, IUName, IUAlias, IUDescription, IUType) VALUES ('Clas_1431886233600805Ser_51UIServ_1', 'SIUTADDUSUARIOASOL', 'Añadir usuario', '', 'S');
-- SIU: Persona.SIUTELIMINAR
INSERT INTO IU (idIU, IUName, IUAlias, IUDescription, IUType) VALUES ('Clas_1431886233600805Ser_53UIServ_1', 'SIUTELIMINAR', '¿Está seguro de que desea eliminar al usuario?', '', 'S');

---------------------------------------------
-- CLASS Companyia
---------------------------------------------
-- PIU: Companyia.PIUCompanyia
INSERT INTO IU (idIU, IUName, IUAlias, IUDescription, IUType) VALUES ('Clas_1431889510400288UIPobCl_1', 'PIUCompanyia', 'Compañías', '', 'P');
INSERT INTO IUAttribute (idIU, idIUAttribute, IUAttributeName, IUAttributeAlias, IUAttributeDescription) VALUES ('Clas_1431889510400288UIPobCl_1', 'Clas_1431889510400288CjtoVis_AutoICtjoVis_1', 'Codigo', 'Código', '');
INSERT INTO IUAttribute (idIU, idIUAttribute, IUAttributeName, IUAttributeAlias, IUAttributeDescription) VALUES ('Clas_1431889510400288UIPobCl_1', 'Clas_1431889510400288CjtoVis_AutoICtjoVis_2', 'Nombre', 'Nombre', '');
INSERT INTO IUAttribute (idIU, idIUAttribute, IUAttributeName, IUAttributeAlias, IUAttributeDescription) VALUES ('Clas_1431889510400288UIPobCl_1', 'Clas_1431889510400288CjtoVis_AutoICtjoVis_3', 'EsDeMP', 'Medicina Prepagada', '');
INSERT INTO IUAction (idIU, idIUAction, IUActionName, IUActionAlias, IUActionDescription) VALUES ('Clas_1431889510400288UIPobCl_1', 'Clas_1431889510400288AccOfer_1ElemAcc_1', 'SIUcrear', 'Crear', '');
INSERT INTO IUAction (idIU, idIUAction, IUActionName, IUActionAlias, IUActionDescription) VALUES ('Clas_1431889510400288UIPobCl_1', 'Clas_1431889510400288AccOfer_1ElemAcc_2', 'SIUmodificar', 'Modificar', '');
INSERT INTO IUAction (idIU, idIUAction, IUActionName, IUActionAlias, IUActionDescription) VALUES ('Clas_1431889510400288UIPobCl_1', 'Clas_1431889510400288AccOfer_1ElemAcc_3', 'SIUTGSINCOMPANIAS', 'Sincronizar', '');
INSERT INTO IUAction (idIU, idIUAction, IUActionName, IUActionAlias, IUActionDescription) VALUES ('Clas_1431889510400288UIPobCl_1', 'Clas_1431889510400288AccOfer_1ElemAcc_4', 'SIUeliminar', 'Eliminar', '');

-- PIU: Companyia._Auto_
INSERT INTO IU (idIU, IUName, IUAlias, IUDescription, IUType) VALUES ('Clas_1431889510400288UIPobCl_Auto', '_Auto_', 'Compañía', '', 'P');
INSERT INTO IUAttribute (idIU, idIUAttribute, IUAttributeName, IUAttributeAlias, IUAttributeDescription) VALUES ('Clas_1431889510400288UIPobCl_Auto', 'Clas_1431889510400288CjtoVis_AutoICtjoVis_1', 'Codigo', 'Código', '');
INSERT INTO IUAttribute (idIU, idIUAttribute, IUAttributeName, IUAttributeAlias, IUAttributeDescription) VALUES ('Clas_1431889510400288UIPobCl_Auto', 'Clas_1431889510400288CjtoVis_AutoICtjoVis_2', 'Nombre', 'Nombre', '');
INSERT INTO IUAttribute (idIU, idIUAttribute, IUAttributeName, IUAttributeAlias, IUAttributeDescription) VALUES ('Clas_1431889510400288UIPobCl_Auto', 'Clas_1431889510400288CjtoVis_AutoICtjoVis_3', 'EsDeMP', 'Medicina Prepagada', '');
INSERT INTO IUAction (idIU, idIUAction, IUActionName, IUActionAlias, IUActionDescription) VALUES ('Clas_1431889510400288UIPobCl_Auto', 'Clas_1431889510400288AccOfer_AutoElemAcc_1', 'SIUcrear', 'Crear compañía', '');
INSERT INTO IUAction (idIU, idIUAction, IUActionName, IUActionAlias, IUActionDescription) VALUES ('Clas_1431889510400288UIPobCl_Auto', 'Clas_1431889510400288AccOfer_AutoElemAcc_2', 'SIUeliminar', 'Eliminar compañía', '');
INSERT INTO IUAction (idIU, idIUAction, IUActionName, IUActionAlias, IUActionDescription) VALUES ('Clas_1431889510400288UIPobCl_Auto', 'Clas_1431889510400288AccOfer_AutoElemAcc_3', 'SIUmodificar', 'Modificar compañía', '');
INSERT INTO IUAction (idIU, idIUAction, IUActionName, IUActionAlias, IUActionDescription) VALUES ('Clas_1431889510400288UIPobCl_Auto', 'Clas_1431889510400288AccOfer_AutoElemAcc_4', '_Auto_', 'Compañía', '');
INSERT INTO IUNavigation (idIU, idIUNavigation, IUNavigationName, IUNavigationAlias, IUNavigationDescription) VALUES ('Clas_1431889510400288UIPobCl_Auto', 'Clas_1431889510400288NavOfer_AutoElemNav_1', 'PIUUsuarioDePIUStatusSol', 'Detalle de usuarios', '');
INSERT INTO IUNavigation (idIU, idIUNavigation, IUNavigationName, IUNavigationAlias, IUNavigationDescription) VALUES ('Clas_1431889510400288UIPobCl_Auto', 'Clas_1431889510400288NavOfer_AutoElemNav_2', '_Auto_', 'Beneficiarios', '');

-- IIU: Companyia._Auto_
INSERT INTO IU (idIU, IUName, IUAlias, IUDescription, IUType) VALUES ('Clas_1431889510400288UIInst_1', '_Auto_', 'Compañía', '', 'I');
INSERT INTO IUAction (idIU, idIUAction, IUActionName, IUActionAlias, IUActionDescription) VALUES ('Clas_1431889510400288UIInst_1', 'Clas_1431889510400288AccOfer_AutoElemAcc_1', 'SIUcrear', 'Crear compañía', '');
INSERT INTO IUAction (idIU, idIUAction, IUActionName, IUActionAlias, IUActionDescription) VALUES ('Clas_1431889510400288UIInst_1', 'Clas_1431889510400288AccOfer_AutoElemAcc_2', 'SIUeliminar', 'Eliminar compañía', '');
INSERT INTO IUAction (idIU, idIUAction, IUActionName, IUActionAlias, IUActionDescription) VALUES ('Clas_1431889510400288UIInst_1', 'Clas_1431889510400288AccOfer_AutoElemAcc_3', 'SIUmodificar', 'Modificar compañía', '');
INSERT INTO IUAction (idIU, idIUAction, IUActionName, IUActionAlias, IUActionDescription) VALUES ('Clas_1431889510400288UIInst_1', 'Clas_1431889510400288AccOfer_AutoElemAcc_4', '_Auto_', 'Compañía', '');
INSERT INTO IUNavigation (idIU, idIUNavigation, IUNavigationName, IUNavigationAlias, IUNavigationDescription) VALUES ('Clas_1431889510400288UIInst_1', 'Clas_1431889510400288NavOfer_AutoElemNav_1', 'PIUUsuarioDePIUStatusSol', 'Detalle de usuarios', '');
INSERT INTO IUNavigation (idIU, idIUNavigation, IUNavigationName, IUNavigationAlias, IUNavigationDescription) VALUES ('Clas_1431889510400288UIInst_1', 'Clas_1431889510400288NavOfer_AutoElemNav_2', '_Auto_', 'Beneficiarios', '');

-- SIU: Companyia.SIUcrear
INSERT INTO IU (idIU, IUName, IUAlias, IUDescription, IUType) VALUES ('Clas_1431889510400288Ser_1UIServ_1', 'SIUcrear', 'Crear compañía', '', 'S');
-- SIU: Companyia.SIUeliminar
INSERT INTO IU (idIU, IUName, IUAlias, IUDescription, IUType) VALUES ('Clas_1431889510400288Ser_2UIServ_1', 'SIUeliminar', 'Eliminar compañía', '', 'S');
-- SIU: Companyia.SIUmodificar
INSERT INTO IU (idIU, IUName, IUAlias, IUDescription, IUType) VALUES ('Clas_1431889510400288Ser_3UIServ_1', 'SIUmodificar', 'Modificar compañía', '', 'S');

---------------------------------------------
-- CLASS Municipio
---------------------------------------------
-- PIU: Municipio.PIUMunicipio
INSERT INTO IU (idIU, IUName, IUAlias, IUDescription, IUType) VALUES ('Clas_1431890034688728UIPobCl_1', 'PIUMunicipio', 'Municipios', '', 'P');
INSERT INTO IUAttribute (idIU, idIUAttribute, IUAttributeName, IUAttributeAlias, IUAttributeDescription) VALUES ('Clas_1431890034688728UIPobCl_1', 'Clas_1431890034688728CjtoVis_2ICtjoVis_1', 'Departamento.Descripcion', 'Departamento', '');
INSERT INTO IUAttribute (idIU, idIUAttribute, IUAttributeName, IUAttributeAlias, IUAttributeDescription) VALUES ('Clas_1431890034688728UIPobCl_1', 'Clas_1431890034688728CjtoVis_2ICtjoVis_2', 'Codigo', 'Código', '');
INSERT INTO IUAttribute (idIU, idIUAttribute, IUAttributeName, IUAttributeAlias, IUAttributeDescription) VALUES ('Clas_1431890034688728UIPobCl_1', 'Clas_1431890034688728CjtoVis_2ICtjoVis_3', 'CodigoLegal', 'Código legal', '');
INSERT INTO IUAttribute (idIU, idIUAttribute, IUAttributeName, IUAttributeAlias, IUAttributeDescription) VALUES ('Clas_1431890034688728UIPobCl_1', 'Clas_1431890034688728CjtoVis_2ICtjoVis_4', 'Descripcion', 'Descripción', '');
INSERT INTO IUAttribute (idIU, idIUAttribute, IUAttributeName, IUAttributeAlias, IUAttributeDescription) VALUES ('Clas_1431890034688728UIPobCl_1', 'Clas_1431890034688728CjtoVis_2ICtjoVis_5', 'AplicaIVA', 'Aplica IVA', '');
INSERT INTO IUAttribute (idIU, idIUAttribute, IUAttributeName, IUAttributeAlias, IUAttributeDescription) VALUES ('Clas_1431890034688728UIPobCl_1', 'Clas_1431890034688728CjtoVis_2ICtjoVis_6', 'EsValidoEPS', 'Válido EPS', '');
INSERT INTO IUAction (idIU, idIUAction, IUActionName, IUActionAlias, IUActionDescription) VALUES ('Clas_1431890034688728UIPobCl_1', 'Clas_1431890034688728AccOfer_1ElemAcc_1', 'SIUcrear', 'Crear', '');
INSERT INTO IUAction (idIU, idIUAction, IUActionName, IUActionAlias, IUActionDescription) VALUES ('Clas_1431890034688728UIPobCl_1', 'Clas_1431890034688728AccOfer_1ElemAcc_2', 'SIUmodificar', 'Modificar', '');
INSERT INTO IUAction (idIU, idIUAction, IUActionName, IUActionAlias, IUActionDescription) VALUES ('Clas_1431890034688728UIPobCl_1', 'Clas_1431890034688728AccOfer_1ElemAcc_3', 'SIUTGSINCMUNICIPIOS', 'Sincronizar', '');
INSERT INTO IUAction (idIU, idIUAction, IUActionName, IUActionAlias, IUActionDescription) VALUES ('Clas_1431890034688728UIPobCl_1', 'Clas_1431890034688728AccOfer_1ElemAcc_4', 'SIUeliminar', 'Eliminar', '');

-- PIU: Municipio._Auto_
INSERT INTO IU (idIU, IUName, IUAlias, IUDescription, IUType) VALUES ('Clas_1431890034688728UIPobCl_Auto', '_Auto_', 'Municipio', '', 'P');
INSERT INTO IUAttribute (idIU, idIUAttribute, IUAttributeName, IUAttributeAlias, IUAttributeDescription) VALUES ('Clas_1431890034688728UIPobCl_Auto', 'Clas_1431890034688728CjtoVis_AutoICtjoVis_1', 'Codigo', 'Código', '');
INSERT INTO IUAttribute (idIU, idIUAttribute, IUAttributeName, IUAttributeAlias, IUAttributeDescription) VALUES ('Clas_1431890034688728UIPobCl_Auto', 'Clas_1431890034688728CjtoVis_AutoICtjoVis_2', 'Descripcion', 'Descripción', '');
INSERT INTO IUAttribute (idIU, idIUAttribute, IUAttributeName, IUAttributeAlias, IUAttributeDescription) VALUES ('Clas_1431890034688728UIPobCl_Auto', 'Clas_1431890034688728CjtoVis_AutoICtjoVis_3', 'CodigoLegal', 'Código legal', '');
INSERT INTO IUAttribute (idIU, idIUAttribute, IUAttributeName, IUAttributeAlias, IUAttributeDescription) VALUES ('Clas_1431890034688728UIPobCl_Auto', 'Clas_1431890034688728CjtoVis_AutoICtjoVis_4', 'EsValidoEPS', 'Válido EPS', '');
INSERT INTO IUAttribute (idIU, idIUAttribute, IUAttributeName, IUAttributeAlias, IUAttributeDescription) VALUES ('Clas_1431890034688728UIPobCl_Auto', 'Clas_1431890034688728CjtoVis_AutoICtjoVis_5', 'AplicaIVA', 'Aplica IVA', '');
INSERT INTO IUAction (idIU, idIUAction, IUActionName, IUActionAlias, IUActionDescription) VALUES ('Clas_1431890034688728UIPobCl_Auto', 'Clas_1431890034688728AccOfer_AutoElemAcc_1', 'SIUcrear', 'Crear municipio', '');
INSERT INTO IUAction (idIU, idIUAction, IUActionName, IUActionAlias, IUActionDescription) VALUES ('Clas_1431890034688728UIPobCl_Auto', 'Clas_1431890034688728AccOfer_AutoElemAcc_2', 'SIUeliminar', 'Eliminar municipio', '');
INSERT INTO IUAction (idIU, idIUAction, IUActionName, IUActionAlias, IUActionDescription) VALUES ('Clas_1431890034688728UIPobCl_Auto', 'Clas_1431890034688728AccOfer_AutoElemAcc_3', 'SIUmodificar', 'Modificar municipio', '');
INSERT INTO IUAction (idIU, idIUAction, IUActionName, IUActionAlias, IUActionDescription) VALUES ('Clas_1431890034688728UIPobCl_Auto', 'Clas_1431890034688728AccOfer_AutoElemAcc_4', '_Auto_', 'Municipio', '');
INSERT INTO IUNavigation (idIU, idIUNavigation, IUNavigationName, IUNavigationAlias, IUNavigationDescription) VALUES ('Clas_1431890034688728UIPobCl_Auto', 'Clas_1431890034688728NavOfer_AutoElemNav_1', 'PIUPersona', 'Personas', '');
INSERT INTO IUNavigation (idIU, idIUNavigation, IUNavigationName, IUNavigationAlias, IUNavigationDescription) VALUES ('Clas_1431890034688728UIPobCl_Auto', 'Clas_1431890034688728NavOfer_AutoElemNav_2', '_Auto_', 'Personas', '');
INSERT INTO IUNavigation (idIU, idIUNavigation, IUNavigationName, IUNavigationAlias, IUNavigationDescription) VALUES ('Clas_1431890034688728UIPobCl_Auto', 'Clas_1431890034688728NavOfer_AutoElemNav_3', '_Auto_', 'Direcciones', '');
INSERT INTO IUNavigation (idIU, idIUNavigation, IUNavigationName, IUNavigationAlias, IUNavigationDescription) VALUES ('Clas_1431890034688728UIPobCl_Auto', 'Clas_1431890034688728NavOfer_AutoElemNav_4', '_Auto_', 'Dirección', '');
INSERT INTO IUNavigation (idIU, idIUNavigation, IUNavigationName, IUNavigationAlias, IUNavigationDescription) VALUES ('Clas_1431890034688728UIPobCl_Auto', 'Clas_1431890034688728NavOfer_AutoElemNav_5', '_Auto_', 'Contratante', '');
INSERT INTO IUNavigation (idIU, idIUNavigation, IUNavigationName, IUNavigationAlias, IUNavigationDescription) VALUES ('Clas_1431890034688728UIPobCl_Auto', 'Clas_1431890034688728NavOfer_AutoElemNav_6', '_Auto_', 'Contratante', '');
INSERT INTO IUNavigation (idIU, idIUNavigation, IUNavigationName, IUNavigationAlias, IUNavigationDescription) VALUES ('Clas_1431890034688728UIPobCl_Auto', 'Clas_1431890034688728NavOfer_AutoElemNav_7', '_Auto_', 'Contratos', '');
INSERT INTO IUNavigation (idIU, idIUNavigation, IUNavigationName, IUNavigationAlias, IUNavigationDescription) VALUES ('Clas_1431890034688728UIPobCl_Auto', 'Clas_1431890034688728NavOfer_AutoElemNav_8', '_Auto_', 'Sucursal', '');
INSERT INTO IUNavigation (idIU, idIUNavigation, IUNavigationName, IUNavigationAlias, IUNavigationDescription) VALUES ('Clas_1431890034688728UIPobCl_Auto', 'Clas_1431890034688728NavOfer_AutoElemNav_9', '_Auto_', 'Familia', '');
INSERT INTO IUNavigation (idIU, idIUNavigation, IUNavigationName, IUNavigationAlias, IUNavigationDescription) VALUES ('Clas_1431890034688728UIPobCl_Auto', 'Clas_1431890034688728NavOfer_AutoElemNav_10', '_Auto_', 'Titular', '');
INSERT INTO IUNavigation (idIU, idIUNavigation, IUNavigationName, IUNavigationAlias, IUNavigationDescription) VALUES ('Clas_1431890034688728UIPobCl_Auto', 'Clas_1431890034688728NavOfer_AutoElemNav_11', 'PIUInstitucionMatNeo', 'Instituciones Maternal/Neonatal', '');
INSERT INTO IUNavigation (idIU, idIUNavigation, IUNavigationName, IUNavigationAlias, IUNavigationDescription) VALUES ('Clas_1431890034688728UIPobCl_Auto', 'Clas_1431890034688728NavOfer_AutoElemNav_12', '_Auto_', 'NovedadCTNac', '');
INSERT INTO IUNavigation (idIU, idIUNavigation, IUNavigationName, IUNavigationAlias, IUNavigationDescription) VALUES ('Clas_1431890034688728UIPobCl_Auto', 'Clas_1431890034688728NavOfer_AutoElemNav_13', '_Auto_', 'Familia', '');
INSERT INTO IUNavigation (idIU, idIUNavigation, IUNavigationName, IUNavigationAlias, IUNavigationDescription) VALUES ('Clas_1431890034688728UIPobCl_Auto', 'Clas_1431890034688728NavOfer_AutoElemNav_14', '_Auto_', 'Direcciones MD', '');
INSERT INTO IUNavigation (idIU, idIUNavigation, IUNavigationName, IUNavigationAlias, IUNavigationDescription) VALUES ('Clas_1431890034688728UIPobCl_Auto', 'Clas_1431890034688728NavOfer_AutoElemNav_15', '_Auto_', 'Departamento', '');

-- IIU: Municipio._Auto_
INSERT INTO IU (idIU, IUName, IUAlias, IUDescription, IUType) VALUES ('Clas_1431890034688728UIInst_1', '_Auto_', 'Municipio', '', 'I');
INSERT INTO IUAction (idIU, idIUAction, IUActionName, IUActionAlias, IUActionDescription) VALUES ('Clas_1431890034688728UIInst_1', 'Clas_1431890034688728AccOfer_AutoElemAcc_1', 'SIUcrear', 'Crear municipio', '');
INSERT INTO IUAction (idIU, idIUAction, IUActionName, IUActionAlias, IUActionDescription) VALUES ('Clas_1431890034688728UIInst_1', 'Clas_1431890034688728AccOfer_AutoElemAcc_2', 'SIUeliminar', 'Eliminar municipio', '');
INSERT INTO IUAction (idIU, idIUAction, IUActionName, IUActionAlias, IUActionDescription) VALUES ('Clas_1431890034688728UIInst_1', 'Clas_1431890034688728AccOfer_AutoElemAcc_3', 'SIUmodificar', 'Modificar municipio', '');
INSERT INTO IUAction (idIU, idIUAction, IUActionName, IUActionAlias, IUActionDescription) VALUES ('Clas_1431890034688728UIInst_1', 'Clas_1431890034688728AccOfer_AutoElemAcc_4', '_Auto_', 'Municipio', '');
INSERT INTO IUNavigation (idIU, idIUNavigation, IUNavigationName, IUNavigationAlias, IUNavigationDescription) VALUES ('Clas_1431890034688728UIInst_1', 'Clas_1431890034688728NavOfer_AutoElemNav_1', 'PIUPersona', 'Personas', '');
INSERT INTO IUNavigation (idIU, idIUNavigation, IUNavigationName, IUNavigationAlias, IUNavigationDescription) VALUES ('Clas_1431890034688728UIInst_1', 'Clas_1431890034688728NavOfer_AutoElemNav_2', '_Auto_', 'Personas', '');
INSERT INTO IUNavigation (idIU, idIUNavigation, IUNavigationName, IUNavigationAlias, IUNavigationDescription) VALUES ('Clas_1431890034688728UIInst_1', 'Clas_1431890034688728NavOfer_AutoElemNav_3', '_Auto_', 'Direcciones', '');
INSERT INTO IUNavigation (idIU, idIUNavigation, IUNavigationName, IUNavigationAlias, IUNavigationDescription) VALUES ('Clas_1431890034688728UIInst_1', 'Clas_1431890034688728NavOfer_AutoElemNav_4', '_Auto_', 'Dirección', '');
INSERT INTO IUNavigation (idIU, idIUNavigation, IUNavigationName, IUNavigationAlias, IUNavigationDescription) VALUES ('Clas_1431890034688728UIInst_1', 'Clas_1431890034688728NavOfer_AutoElemNav_5', '_Auto_', 'Contratante', '');
INSERT INTO IUNavigation (idIU, idIUNavigation, IUNavigationName, IUNavigationAlias, IUNavigationDescription) VALUES ('Clas_1431890034688728UIInst_1', 'Clas_1431890034688728NavOfer_AutoElemNav_6', '_Auto_', 'Contratante', '');
INSERT INTO IUNavigation (idIU, idIUNavigation, IUNavigationName, IUNavigationAlias, IUNavigationDescription) VALUES ('Clas_1431890034688728UIInst_1', 'Clas_1431890034688728NavOfer_AutoElemNav_7', '_Auto_', 'Contratos', '');
INSERT INTO IUNavigation (idIU, idIUNavigation, IUNavigationName, IUNavigationAlias, IUNavigationDescription) VALUES ('Clas_1431890034688728UIInst_1', 'Clas_1431890034688728NavOfer_AutoElemNav_8', '_Auto_', 'Sucursal', '');
INSERT INTO IUNavigation (idIU, idIUNavigation, IUNavigationName, IUNavigationAlias, IUNavigationDescription) VALUES ('Clas_1431890034688728UIInst_1', 'Clas_1431890034688728NavOfer_AutoElemNav_9', '_Auto_', 'Familia', '');
INSERT INTO IUNavigation (idIU, idIUNavigation, IUNavigationName, IUNavigationAlias, IUNavigationDescription) VALUES ('Clas_1431890034688728UIInst_1', 'Clas_1431890034688728NavOfer_AutoElemNav_10', '_Auto_', 'Titular', '');
INSERT INTO IUNavigation (idIU, idIUNavigation, IUNavigationName, IUNavigationAlias, IUNavigationDescription) VALUES ('Clas_1431890034688728UIInst_1', 'Clas_1431890034688728NavOfer_AutoElemNav_11', 'PIUInstitucionMatNeo', 'Instituciones Maternal/Neonatal', '');
INSERT INTO IUNavigation (idIU, idIUNavigation, IUNavigationName, IUNavigationAlias, IUNavigationDescription) VALUES ('Clas_1431890034688728UIInst_1', 'Clas_1431890034688728NavOfer_AutoElemNav_12', '_Auto_', 'NovedadCTNac', '');
INSERT INTO IUNavigation (idIU, idIUNavigation, IUNavigationName, IUNavigationAlias, IUNavigationDescription) VALUES ('Clas_1431890034688728UIInst_1', 'Clas_1431890034688728NavOfer_AutoElemNav_13', '_Auto_', 'Familia', '');
INSERT INTO IUNavigation (idIU, idIUNavigation, IUNavigationName, IUNavigationAlias, IUNavigationDescription) VALUES ('Clas_1431890034688728UIInst_1', 'Clas_1431890034688728NavOfer_AutoElemNav_14', '_Auto_', 'Direcciones MD', '');
INSERT INTO IUNavigation (idIU, idIUNavigation, IUNavigationName, IUNavigationAlias, IUNavigationDescription) VALUES ('Clas_1431890034688728UIInst_1', 'Clas_1431890034688728NavOfer_AutoElemNav_15', '_Auto_', 'Departamento', '');

-- SIU: Municipio.SIUcrear
INSERT INTO IU (idIU, IUName, IUAlias, IUDescription, IUType) VALUES ('Clas_1431890034688728Ser_1UIServ_1', 'SIUcrear', 'Crear municipio', '', 'S');
-- SIU: Municipio.SIUeliminar
INSERT INTO IU (idIU, IUName, IUAlias, IUDescription, IUType) VALUES ('Clas_1431890034688728Ser_2UIServ_1', 'SIUeliminar', 'Eliminar municipio', '', 'S');
-- SIU: Municipio.SIUmodificar
INSERT INTO IU (idIU, IUName, IUAlias, IUDescription, IUType) VALUES ('Clas_1431890034688728Ser_3UIServ_1', 'SIUmodificar', 'Modificar municipio', '', 'S');

---------------------------------------------
-- CLASS TipoDireccion
---------------------------------------------
-- PIU: TipoDireccion.PIUTipoDireccion
INSERT INTO IU (idIU, IUName, IUAlias, IUDescription, IUType) VALUES ('Clas_1431940628480765UIPobCl_1', 'PIUTipoDireccion', 'Tipos de dirección', '', 'P');
INSERT INTO IUAttribute (idIU, idIUAttribute, IUAttributeName, IUAttributeAlias, IUAttributeDescription) VALUES ('Clas_1431940628480765UIPobCl_1', 'Clas_1431940628480765CjtoVis_AutoICtjoVis_1', 'Codigo', 'Código', '');
INSERT INTO IUAttribute (idIU, idIUAttribute, IUAttributeName, IUAttributeAlias, IUAttributeDescription) VALUES ('Clas_1431940628480765UIPobCl_1', 'Clas_1431940628480765CjtoVis_AutoICtjoVis_2', 'Descripcion', 'Descripción', '');
INSERT INTO IUAttribute (idIU, idIUAttribute, IUAttributeName, IUAttributeAlias, IUAttributeDescription) VALUES ('Clas_1431940628480765UIPobCl_1', 'Clas_1431940628480765CjtoVis_AutoICtjoVis_3', 'EsResidencia', 'Es residencia', '');
INSERT INTO IUAttribute (idIU, idIUAttribute, IUAttributeName, IUAttributeAlias, IUAttributeDescription) VALUES ('Clas_1431940628480765UIPobCl_1', 'Clas_1431940628480765CjtoVis_AutoICtjoVis_4', 'EsCorrespondencia', 'Es correspondencia', '');
INSERT INTO IUAction (idIU, idIUAction, IUActionName, IUActionAlias, IUActionDescription) VALUES ('Clas_1431940628480765UIPobCl_1', 'Clas_1431940628480765AccOfer_1ElemAcc_1', 'SIUcrear', 'Crear', '');
INSERT INTO IUAction (idIU, idIUAction, IUActionName, IUActionAlias, IUActionDescription) VALUES ('Clas_1431940628480765UIPobCl_1', 'Clas_1431940628480765AccOfer_1ElemAcc_3', 'SIUmodificar', 'Modificar', '');
INSERT INTO IUAction (idIU, idIUAction, IUActionName, IUActionAlias, IUActionDescription) VALUES ('Clas_1431940628480765UIPobCl_1', 'Clas_1431940628480765AccOfer_1ElemAcc_2', 'SIUTGSINCTIPOSDIRECCION', 'Sincronizar', '');
INSERT INTO IUAction (idIU, idIUAction, IUActionName, IUActionAlias, IUActionDescription) VALUES ('Clas_1431940628480765UIPobCl_1', 'Clas_1431940628480765AccOfer_1ElemAcc_4', 'SIUeliminar', 'Eliminar', '');

-- PIU: TipoDireccion._Auto_
INSERT INTO IU (idIU, IUName, IUAlias, IUDescription, IUType) VALUES ('Clas_1431940628480765UIPobCl_Auto', '_Auto_', 'Tipo dirección', '', 'P');
INSERT INTO IUAttribute (idIU, idIUAttribute, IUAttributeName, IUAttributeAlias, IUAttributeDescription) VALUES ('Clas_1431940628480765UIPobCl_Auto', 'Clas_1431940628480765CjtoVis_AutoICtjoVis_1', 'Codigo', 'Código', '');
INSERT INTO IUAttribute (idIU, idIUAttribute, IUAttributeName, IUAttributeAlias, IUAttributeDescription) VALUES ('Clas_1431940628480765UIPobCl_Auto', 'Clas_1431940628480765CjtoVis_AutoICtjoVis_2', 'Descripcion', 'Descripción', '');
INSERT INTO IUAttribute (idIU, idIUAttribute, IUAttributeName, IUAttributeAlias, IUAttributeDescription) VALUES ('Clas_1431940628480765UIPobCl_Auto', 'Clas_1431940628480765CjtoVis_AutoICtjoVis_3', 'EsResidencia', 'Es residencia', '');
INSERT INTO IUAttribute (idIU, idIUAttribute, IUAttributeName, IUAttributeAlias, IUAttributeDescription) VALUES ('Clas_1431940628480765UIPobCl_Auto', 'Clas_1431940628480765CjtoVis_AutoICtjoVis_4', 'EsCorrespondencia', 'Es correspondencia', '');
INSERT INTO IUAction (idIU, idIUAction, IUActionName, IUActionAlias, IUActionDescription) VALUES ('Clas_1431940628480765UIPobCl_Auto', 'Clas_1431940628480765AccOfer_AutoElemAcc_1', 'SIUcrear', 'Crear tipo de dirección', '');
INSERT INTO IUAction (idIU, idIUAction, IUActionName, IUActionAlias, IUActionDescription) VALUES ('Clas_1431940628480765UIPobCl_Auto', 'Clas_1431940628480765AccOfer_AutoElemAcc_2', 'SIUeliminar', 'Eliminar tipo de dirección', '');
INSERT INTO IUAction (idIU, idIUAction, IUActionName, IUActionAlias, IUActionDescription) VALUES ('Clas_1431940628480765UIPobCl_Auto', 'Clas_1431940628480765AccOfer_AutoElemAcc_3', 'SIUmodificar', 'Modificar tipo de dirección', '');
INSERT INTO IUAction (idIU, idIUAction, IUActionName, IUActionAlias, IUActionDescription) VALUES ('Clas_1431940628480765UIPobCl_Auto', 'Clas_1431940628480765AccOfer_AutoElemAcc_4', '_Auto_', 'Tipo dirección', '');
INSERT INTO IUNavigation (idIU, idIUNavigation, IUNavigationName, IUNavigationAlias, IUNavigationDescription) VALUES ('Clas_1431940628480765UIPobCl_Auto', 'Clas_1431940628480765NavOfer_AutoElemNav_1', '_Auto_', 'Direcciones', '');
INSERT INTO IUNavigation (idIU, idIUNavigation, IUNavigationName, IUNavigationAlias, IUNavigationDescription) VALUES ('Clas_1431940628480765UIPobCl_Auto', 'Clas_1431940628480765NavOfer_AutoElemNav_2', '_Auto_', 'Direcciones', '');

-- IIU: TipoDireccion._Auto_
INSERT INTO IU (idIU, IUName, IUAlias, IUDescription, IUType) VALUES ('Clas_1431940628480765UIInst_1', '_Auto_', 'Tipo dirección', '', 'I');
INSERT INTO IUAction (idIU, idIUAction, IUActionName, IUActionAlias, IUActionDescription) VALUES ('Clas_1431940628480765UIInst_1', 'Clas_1431940628480765AccOfer_AutoElemAcc_1', 'SIUcrear', 'Crear tipo de dirección', '');
INSERT INTO IUAction (idIU, idIUAction, IUActionName, IUActionAlias, IUActionDescription) VALUES ('Clas_1431940628480765UIInst_1', 'Clas_1431940628480765AccOfer_AutoElemAcc_2', 'SIUeliminar', 'Eliminar tipo de dirección', '');
INSERT INTO IUAction (idIU, idIUAction, IUActionName, IUActionAlias, IUActionDescription) VALUES ('Clas_1431940628480765UIInst_1', 'Clas_1431940628480765AccOfer_AutoElemAcc_3', 'SIUmodificar', 'Modificar tipo de dirección', '');
INSERT INTO IUAction (idIU, idIUAction, IUActionName, IUActionAlias, IUActionDescription) VALUES ('Clas_1431940628480765UIInst_1', 'Clas_1431940628480765AccOfer_AutoElemAcc_4', '_Auto_', 'Tipo dirección', '');
INSERT INTO IUNavigation (idIU, idIUNavigation, IUNavigationName, IUNavigationAlias, IUNavigationDescription) VALUES ('Clas_1431940628480765UIInst_1', 'Clas_1431940628480765NavOfer_AutoElemNav_1', '_Auto_', 'Direcciones', '');
INSERT INTO IUNavigation (idIU, idIUNavigation, IUNavigationName, IUNavigationAlias, IUNavigationDescription) VALUES ('Clas_1431940628480765UIInst_1', 'Clas_1431940628480765NavOfer_AutoElemNav_2', '_Auto_', 'Direcciones', '');

-- SIU: TipoDireccion.SIUcrear
INSERT INTO IU (idIU, IUName, IUAlias, IUDescription, IUType) VALUES ('Clas_1431940628480765Ser_1UIServ_1', 'SIUcrear', 'Crear tipo de dirección', '', 'S');
-- SIU: TipoDireccion.SIUeliminar
INSERT INTO IU (idIU, IUName, IUAlias, IUDescription, IUType) VALUES ('Clas_1431940628480765Ser_2UIServ_1', 'SIUeliminar', 'Eliminar tipo de dirección', '', 'S');
-- SIU: TipoDireccion.SIUmodificar
INSERT INTO IU (idIU, IUName, IUAlias, IUDescription, IUType) VALUES ('Clas_1431940628480765Ser_3UIServ_1', 'SIUmodificar', 'Modificar tipo de dirección', '', 'S');

---------------------------------------------
-- CLASS EstadoPersona
---------------------------------------------
-- PIU: EstadoPersona.PIUEstadoPersona
INSERT INTO IU (idIU, IUName, IUAlias, IUDescription, IUType) VALUES ('Clas_1431941021696517UIPobCl_1', 'PIUEstadoPersona', 'Estados de persona', '', 'P');
INSERT INTO IUAttribute (idIU, idIUAttribute, IUAttributeName, IUAttributeAlias, IUAttributeDescription) VALUES ('Clas_1431941021696517UIPobCl_1', 'Clas_1431941021696517CjtoVis_AutoICtjoVis_1', 'Codigo', 'Código', '');
INSERT INTO IUAttribute (idIU, idIUAttribute, IUAttributeName, IUAttributeAlias, IUAttributeDescription) VALUES ('Clas_1431941021696517UIPobCl_1', 'Clas_1431941021696517CjtoVis_AutoICtjoVis_2', 'Descripcion', 'Descripción', '');
INSERT INTO IUAttribute (idIU, idIUAttribute, IUAttributeName, IUAttributeAlias, IUAttributeDescription) VALUES ('Clas_1431941021696517UIPobCl_1', 'Clas_1431941021696517CjtoVis_AutoICtjoVis_3', 'UnBeneficiarioDistino', 'Un beneficiario distinto', '');
INSERT INTO IUAttribute (idIU, idIUAttribute, IUAttributeName, IUAttributeAlias, IUAttributeDescription) VALUES ('Clas_1431941021696517UIPobCl_1', 'Clas_1431941021696517CjtoVis_AutoICtjoVis_4', 'ProhibidoBeneficiarios', 'Prohibido beneficiarios', '');
INSERT INTO IUAttribute (idIU, idIUAttribute, IUAttributeName, IUAttributeAlias, IUAttributeDescription) VALUES ('Clas_1431941021696517UIPobCl_1', 'Clas_1431941021696517CjtoVis_AutoICtjoVis_5', 'ProhibidoContratante', 'Prohibido contratante', '');
INSERT INTO IUAttribute (idIU, idIUAttribute, IUAttributeName, IUAttributeAlias, IUAttributeDescription) VALUES ('Clas_1431941021696517UIPobCl_1', 'Clas_1431941021696517CjtoVis_AutoICtjoVis_6', 'ProhibidoTitular', 'Prohibido titular', '');
INSERT INTO IUAction (idIU, idIUAction, IUActionName, IUActionAlias, IUActionDescription) VALUES ('Clas_1431941021696517UIPobCl_1', 'Clas_1431941021696517AccOfer_1ElemAcc_1', 'SIUcrear', 'Crear', '');
INSERT INTO IUAction (idIU, idIUAction, IUActionName, IUActionAlias, IUActionDescription) VALUES ('Clas_1431941021696517UIPobCl_1', 'Clas_1431941021696517AccOfer_1ElemAcc_2', 'SIUmodificar', 'Modificar', '');
INSERT INTO IUAction (idIU, idIUAction, IUActionName, IUActionAlias, IUActionDescription) VALUES ('Clas_1431941021696517UIPobCl_1', 'Clas_1431941021696517AccOfer_1ElemAcc_3', 'SIUTGSINCESTADOSPERSONA', 'Sincronizar', '');
INSERT INTO IUAction (idIU, idIUAction, IUActionName, IUActionAlias, IUActionDescription) VALUES ('Clas_1431941021696517UIPobCl_1', 'Clas_1431941021696517AccOfer_1ElemAcc_4', 'SIUeliminar', 'Eliminar', '');

-- PIU: EstadoPersona._Auto_
INSERT INTO IU (idIU, IUName, IUAlias, IUDescription, IUType) VALUES ('Clas_1431941021696517UIPobCl_Auto', '_Auto_', 'Estado persona', '', 'P');
INSERT INTO IUAttribute (idIU, idIUAttribute, IUAttributeName, IUAttributeAlias, IUAttributeDescription) VALUES ('Clas_1431941021696517UIPobCl_Auto', 'Clas_1431941021696517CjtoVis_AutoICtjoVis_1', 'Codigo', 'Código', '');
INSERT INTO IUAttribute (idIU, idIUAttribute, IUAttributeName, IUAttributeAlias, IUAttributeDescription) VALUES ('Clas_1431941021696517UIPobCl_Auto', 'Clas_1431941021696517CjtoVis_AutoICtjoVis_2', 'Descripcion', 'Descripción', '');
INSERT INTO IUAttribute (idIU, idIUAttribute, IUAttributeName, IUAttributeAlias, IUAttributeDescription) VALUES ('Clas_1431941021696517UIPobCl_Auto', 'Clas_1431941021696517CjtoVis_AutoICtjoVis_3', 'UnBeneficiarioDistino', 'Un beneficiario distinto', '');
INSERT INTO IUAttribute (idIU, idIUAttribute, IUAttributeName, IUAttributeAlias, IUAttributeDescription) VALUES ('Clas_1431941021696517UIPobCl_Auto', 'Clas_1431941021696517CjtoVis_AutoICtjoVis_4', 'ProhibidoBeneficiarios', 'Prohibido beneficiarios', '');
INSERT INTO IUAttribute (idIU, idIUAttribute, IUAttributeName, IUAttributeAlias, IUAttributeDescription) VALUES ('Clas_1431941021696517UIPobCl_Auto', 'Clas_1431941021696517CjtoVis_AutoICtjoVis_5', 'ProhibidoContratante', 'Prohibido contratante', '');
INSERT INTO IUAttribute (idIU, idIUAttribute, IUAttributeName, IUAttributeAlias, IUAttributeDescription) VALUES ('Clas_1431941021696517UIPobCl_Auto', 'Clas_1431941021696517CjtoVis_AutoICtjoVis_6', 'ProhibidoTitular', 'Prohibido titular', '');
INSERT INTO IUAction (idIU, idIUAction, IUActionName, IUActionAlias, IUActionDescription) VALUES ('Clas_1431941021696517UIPobCl_Auto', 'Clas_1431941021696517AccOfer_AutoElemAcc_1', 'SIUcrear', 'Crear estado persona', '');
INSERT INTO IUAction (idIU, idIUAction, IUActionName, IUActionAlias, IUActionDescription) VALUES ('Clas_1431941021696517UIPobCl_Auto', 'Clas_1431941021696517AccOfer_AutoElemAcc_2', 'SIUeliminar', 'Eliminar estado persona', '');
INSERT INTO IUAction (idIU, idIUAction, IUActionName, IUActionAlias, IUActionDescription) VALUES ('Clas_1431941021696517UIPobCl_Auto', 'Clas_1431941021696517AccOfer_AutoElemAcc_3', 'SIUmodificar', 'Modificar estado persona', '');
INSERT INTO IUAction (idIU, idIUAction, IUActionName, IUActionAlias, IUActionDescription) VALUES ('Clas_1431941021696517UIPobCl_Auto', 'Clas_1431941021696517AccOfer_AutoElemAcc_4', '_Auto_', 'Estado persona', '');
INSERT INTO IUNavigation (idIU, idIUNavigation, IUNavigationName, IUNavigationAlias, IUNavigationDescription) VALUES ('Clas_1431941021696517UIPobCl_Auto', 'Clas_1431941021696517NavOfer_AutoElemNav_1', 'PIUPersona', 'Personas', '');
INSERT INTO IUNavigation (idIU, idIUNavigation, IUNavigationName, IUNavigationAlias, IUNavigationDescription) VALUES ('Clas_1431941021696517UIPobCl_Auto', 'Clas_1431941021696517NavOfer_AutoElemNav_2', '_Auto_', 'Personas', '');

-- IIU: EstadoPersona._Auto_
INSERT INTO IU (idIU, IUName, IUAlias, IUDescription, IUType) VALUES ('Clas_1431941021696517UIInst_1', '_Auto_', 'Estado persona', '', 'I');
INSERT INTO IUAction (idIU, idIUAction, IUActionName, IUActionAlias, IUActionDescription) VALUES ('Clas_1431941021696517UIInst_1', 'Clas_1431941021696517AccOfer_AutoElemAcc_1', 'SIUcrear', 'Crear estado persona', '');
INSERT INTO IUAction (idIU, idIUAction, IUActionName, IUActionAlias, IUActionDescription) VALUES ('Clas_1431941021696517UIInst_1', 'Clas_1431941021696517AccOfer_AutoElemAcc_2', 'SIUeliminar', 'Eliminar estado persona', '');
INSERT INTO IUAction (idIU, idIUAction, IUActionName, IUActionAlias, IUActionDescription) VALUES ('Clas_1431941021696517UIInst_1', 'Clas_1431941021696517AccOfer_AutoElemAcc_3', 'SIUmodificar', 'Modificar estado persona', '');
INSERT INTO IUAction (idIU, idIUAction, IUActionName, IUActionAlias, IUActionDescription) VALUES ('Clas_1431941021696517UIInst_1', 'Clas_1431941021696517AccOfer_AutoElemAcc_4', '_Auto_', 'Estado persona', '');
INSERT INTO IUNavigation (idIU, idIUNavigation, IUNavigationName, IUNavigationAlias, IUNavigationDescription) VALUES ('Clas_1431941021696517UIInst_1', 'Clas_1431941021696517NavOfer_AutoElemNav_1', 'PIUPersona', 'Personas', '');
INSERT INTO IUNavigation (idIU, idIUNavigation, IUNavigationName, IUNavigationAlias, IUNavigationDescription) VALUES ('Clas_1431941021696517UIInst_1', 'Clas_1431941021696517NavOfer_AutoElemNav_2', '_Auto_', 'Personas', '');

-- SIU: EstadoPersona.SIUcrear
INSERT INTO IU (idIU, IUName, IUAlias, IUDescription, IUType) VALUES ('Clas_1431941021696517Ser_1UIServ_1', 'SIUcrear', 'Crear estado persona', '', 'S');
-- SIU: EstadoPersona.SIUeliminar
INSERT INTO IU (idIU, IUName, IUAlias, IUDescription, IUType) VALUES ('Clas_1431941021696517Ser_2UIServ_1', 'SIUeliminar', 'Eliminar estado persona', '', 'S');
-- SIU: EstadoPersona.SIUmodificar
INSERT INTO IU (idIU, IUName, IUAlias, IUDescription, IUType) VALUES ('Clas_1431941021696517Ser_3UIServ_1', 'SIUmodificar', 'Modificar estado persona', '', 'S');

---------------------------------------------
-- CLASS FormaPago
---------------------------------------------
-- PIU: FormaPago.PIUFormaPago
INSERT INTO IU (idIU, IUName, IUAlias, IUDescription, IUType) VALUES ('Clas_1431941677056219UIPobCl_1', 'PIUFormaPago', 'Formas de pago', '', 'P');
INSERT INTO IUAttribute (idIU, idIUAttribute, IUAttributeName, IUAttributeAlias, IUAttributeDescription) VALUES ('Clas_1431941677056219UIPobCl_1', 'Clas_1431941677056219CjtoVis_AutoICtjoVis_1', 'Codigo', 'Código', '');
INSERT INTO IUAttribute (idIU, idIUAttribute, IUAttributeName, IUAttributeAlias, IUAttributeDescription) VALUES ('Clas_1431941677056219UIPobCl_1', 'Clas_1431941677056219CjtoVis_AutoICtjoVis_2', 'Descripcion', 'Descripción', '');
INSERT INTO IUAttribute (idIU, idIUAttribute, IUAttributeName, IUAttributeAlias, IUAttributeDescription) VALUES ('Clas_1431941677056219UIPobCl_1', 'Clas_1431941677056219CjtoVis_AutoICtjoVis_3', 'AbrirURL', 'Abrir URL', '');
INSERT INTO IUAttribute (idIU, idIUAttribute, IUAttributeName, IUAttributeAlias, IUAttributeDescription) VALUES ('Clas_1431941677056219UIPobCl_1', 'Clas_1431941677056219CjtoVis_AutoICtjoVis_4', 'EsVisible', 'Visible', '');
INSERT INTO IUAction (idIU, idIUAction, IUActionName, IUActionAlias, IUActionDescription) VALUES ('Clas_1431941677056219UIPobCl_1', 'Clas_1431941677056219AccOfer_1ElemAcc_1', 'SIUcrear', 'Crear', '');
INSERT INTO IUAction (idIU, idIUAction, IUActionName, IUActionAlias, IUActionDescription) VALUES ('Clas_1431941677056219UIPobCl_1', 'Clas_1431941677056219AccOfer_1ElemAcc_2', 'SIUmodificar', 'Modificar', '');
INSERT INTO IUAction (idIU, idIUAction, IUActionName, IUActionAlias, IUActionDescription) VALUES ('Clas_1431941677056219UIPobCl_1', 'Clas_1431941677056219AccOfer_1ElemAcc_3', 'SIUTGSINCFORMASPAGO', 'Sincronizar', '');
INSERT INTO IUAction (idIU, idIUAction, IUActionName, IUActionAlias, IUActionDescription) VALUES ('Clas_1431941677056219UIPobCl_1', 'Clas_1431941677056219AccOfer_1ElemAcc_4', 'SIUeliminar', 'Eliminar', '');

-- PIU: FormaPago.PIUFormaPagoDetDominio
INSERT INTO IU (idIU, IUName, IUAlias, IUDescription, IUType) VALUES ('Clas_1431941677056219UIPobCl_2', 'PIUFormaPagoDetDominio', 'Formas de Pago', '', 'P');
INSERT INTO IUAttribute (idIU, idIUAttribute, IUAttributeName, IUAttributeAlias, IUAttributeDescription) VALUES ('Clas_1431941677056219UIPobCl_2', 'Clas_1431941677056219CjtoVis_2ICtjoVis_1', 'Codigo', 'Código', '');
INSERT INTO IUAttribute (idIU, idIUAttribute, IUAttributeName, IUAttributeAlias, IUAttributeDescription) VALUES ('Clas_1431941677056219UIPobCl_2', 'Clas_1431941677056219CjtoVis_2ICtjoVis_2', 'Descripcion', 'Descripción', '');
INSERT INTO IUAction (idIU, idIUAction, IUActionName, IUActionAlias, IUActionDescription) VALUES ('Clas_1431941677056219UIPobCl_2', 'Clas_1431941677056219AccOfer_2ElemAcc_1', 'SIUInsFormaPago', 'Indicar forma de pago aceptada', '');
INSERT INTO IUAction (idIU, idIUAction, IUActionName, IUActionAlias, IUActionDescription) VALUES ('Clas_1431941677056219UIPobCl_2', 'Clas_1431941677056219AccOfer_2ElemAcc_2', 'SIUDelFormaPago', 'Eliminar forma de pago aceptada', '');

-- PIU: FormaPago._Auto_
INSERT INTO IU (idIU, IUName, IUAlias, IUDescription, IUType) VALUES ('Clas_1431941677056219UIPobCl_Auto', '_Auto_', 'Forma pago', '', 'P');
INSERT INTO IUAttribute (idIU, idIUAttribute, IUAttributeName, IUAttributeAlias, IUAttributeDescription) VALUES ('Clas_1431941677056219UIPobCl_Auto', 'Clas_1431941677056219CjtoVis_AutoICtjoVis_1', 'Codigo', 'Código', '');
INSERT INTO IUAttribute (idIU, idIUAttribute, IUAttributeName, IUAttributeAlias, IUAttributeDescription) VALUES ('Clas_1431941677056219UIPobCl_Auto', 'Clas_1431941677056219CjtoVis_AutoICtjoVis_2', 'Descripcion', 'Descripción', '');
INSERT INTO IUAttribute (idIU, idIUAttribute, IUAttributeName, IUAttributeAlias, IUAttributeDescription) VALUES ('Clas_1431941677056219UIPobCl_Auto', 'Clas_1431941677056219CjtoVis_AutoICtjoVis_3', 'AbrirURL', 'Abrir URL', '');
INSERT INTO IUAttribute (idIU, idIUAttribute, IUAttributeName, IUAttributeAlias, IUAttributeDescription) VALUES ('Clas_1431941677056219UIPobCl_Auto', 'Clas_1431941677056219CjtoVis_AutoICtjoVis_4', 'EsVisible', 'Visible', '');
INSERT INTO IUAction (idIU, idIUAction, IUActionName, IUActionAlias, IUActionDescription) VALUES ('Clas_1431941677056219UIPobCl_Auto', 'Clas_1431941677056219AccOfer_AutoElemAcc_1', 'SIUcrear', 'Crear forma de pago', '');
INSERT INTO IUAction (idIU, idIUAction, IUActionName, IUActionAlias, IUActionDescription) VALUES ('Clas_1431941677056219UIPobCl_Auto', 'Clas_1431941677056219AccOfer_AutoElemAcc_2', 'SIUeliminar', 'Eliminar forma de pago', '');
INSERT INTO IUAction (idIU, idIUAction, IUActionName, IUActionAlias, IUActionDescription) VALUES ('Clas_1431941677056219UIPobCl_Auto', 'Clas_1431941677056219AccOfer_AutoElemAcc_3', 'SIUmodificar', 'Modificar forma de pago', '');
INSERT INTO IUAction (idIU, idIUAction, IUActionName, IUActionAlias, IUActionDescription) VALUES ('Clas_1431941677056219UIPobCl_Auto', 'Clas_1431941677056219AccOfer_AutoElemAcc_4', '_Auto_', 'Forma pago', '');
INSERT INTO IUNavigation (idIU, idIUNavigation, IUNavigationName, IUNavigationAlias, IUNavigationDescription) VALUES ('Clas_1431941677056219UIPobCl_Auto', 'Clas_1431941677056219NavOfer_AutoElemNav_1', 'PIUDominioObs', 'Dominios', '');
INSERT INTO IUNavigation (idIU, idIUNavigation, IUNavigationName, IUNavigationAlias, IUNavigationDescription) VALUES ('Clas_1431941677056219UIPobCl_Auto', 'Clas_1431941677056219NavOfer_AutoElemNav_2', 'PIURadicados', 'Radicados', '');
INSERT INTO IUNavigation (idIU, idIUNavigation, IUNavigationName, IUNavigationAlias, IUNavigationDescription) VALUES ('Clas_1431941677056219UIPobCl_Auto', 'Clas_1431941677056219NavOfer_AutoElemNav_3', '_Auto_', 'Contratos', '');

-- IIU: FormaPago._Auto_
INSERT INTO IU (idIU, IUName, IUAlias, IUDescription, IUType) VALUES ('Clas_1431941677056219UIInst_2', '_Auto_', 'Forma pago', '', 'I');
INSERT INTO IUAction (idIU, idIUAction, IUActionName, IUActionAlias, IUActionDescription) VALUES ('Clas_1431941677056219UIInst_2', 'Clas_1431941677056219AccOfer_AutoElemAcc_1', 'SIUcrear', 'Crear forma de pago', '');
INSERT INTO IUAction (idIU, idIUAction, IUActionName, IUActionAlias, IUActionDescription) VALUES ('Clas_1431941677056219UIInst_2', 'Clas_1431941677056219AccOfer_AutoElemAcc_2', 'SIUeliminar', 'Eliminar forma de pago', '');
INSERT INTO IUAction (idIU, idIUAction, IUActionName, IUActionAlias, IUActionDescription) VALUES ('Clas_1431941677056219UIInst_2', 'Clas_1431941677056219AccOfer_AutoElemAcc_3', 'SIUmodificar', 'Modificar forma de pago', '');
INSERT INTO IUAction (idIU, idIUAction, IUActionName, IUActionAlias, IUActionDescription) VALUES ('Clas_1431941677056219UIInst_2', 'Clas_1431941677056219AccOfer_AutoElemAcc_4', '_Auto_', 'Forma pago', '');
INSERT INTO IUNavigation (idIU, idIUNavigation, IUNavigationName, IUNavigationAlias, IUNavigationDescription) VALUES ('Clas_1431941677056219UIInst_2', 'Clas_1431941677056219NavOfer_AutoElemNav_1', 'PIUDominioObs', 'Dominios', '');
INSERT INTO IUNavigation (idIU, idIUNavigation, IUNavigationName, IUNavigationAlias, IUNavigationDescription) VALUES ('Clas_1431941677056219UIInst_2', 'Clas_1431941677056219NavOfer_AutoElemNav_2', 'PIURadicados', 'Radicados', '');
INSERT INTO IUNavigation (idIU, idIUNavigation, IUNavigationName, IUNavigationAlias, IUNavigationDescription) VALUES ('Clas_1431941677056219UIInst_2', 'Clas_1431941677056219NavOfer_AutoElemNav_3', '_Auto_', 'Contratos', '');

-- SIU: FormaPago.SIUcrear
INSERT INTO IU (idIU, IUName, IUAlias, IUDescription, IUType) VALUES ('Clas_1431941677056219Ser_1UIServ_1', 'SIUcrear', 'Crear forma de pago', '', 'S');
-- SIU: FormaPago.SIUeliminar
INSERT INTO IU (idIU, IUName, IUAlias, IUDescription, IUType) VALUES ('Clas_1431941677056219Ser_2UIServ_1', 'SIUeliminar', 'Eliminar forma de pago', '', 'S');
-- SIU: FormaPago.SIUmodificar
INSERT INTO IU (idIU, IUName, IUAlias, IUDescription, IUType) VALUES ('Clas_1431941677056219Ser_4UIServ_1', 'SIUmodificar', 'Modificar forma de pago', '', 'S');

---------------------------------------------
-- CLASS TipoIdentificacion
---------------------------------------------
-- PIU: TipoIdentificacion.PIUTipoIdentificacion
INSERT INTO IU (idIU, IUName, IUAlias, IUDescription, IUType) VALUES ('Clas_1431942201344066UIPobCl_1', 'PIUTipoIdentificacion', 'Tipos de identificación', '', 'P');
INSERT INTO IUAttribute (idIU, idIUAttribute, IUAttributeName, IUAttributeAlias, IUAttributeDescription) VALUES ('Clas_1431942201344066UIPobCl_1', 'Clas_1431942201344066CjtoVis_AutoICtjoVis_1', 'Codigo', 'Código', '');
INSERT INTO IUAttribute (idIU, idIUAttribute, IUAttributeName, IUAttributeAlias, IUAttributeDescription) VALUES ('Clas_1431942201344066UIPobCl_1', 'Clas_1431942201344066CjtoVis_AutoICtjoVis_2', 'Descripcion', 'Descripción', '');
INSERT INTO IUAttribute (idIU, idIUAttribute, IUAttributeName, IUAttributeAlias, IUAttributeDescription) VALUES ('Clas_1431942201344066UIPobCl_1', 'Clas_1431942201344066CjtoVis_AutoICtjoVis_3', 'NombreCorto', 'Nombre corto', '');
INSERT INTO IUAttribute (idIU, idIUAttribute, IUAttributeName, IUAttributeAlias, IUAttributeDescription) VALUES ('Clas_1431942201344066UIPobCl_1', 'Clas_1431942201344066CjtoVis_AutoICtjoVis_4', 'ValidoContratante', 'Válido contratante', '');
INSERT INTO IUAttribute (idIU, idIUAttribute, IUAttributeName, IUAttributeAlias, IUAttributeDescription) VALUES ('Clas_1431942201344066UIPobCl_1', 'Clas_1431942201344066CjtoVis_AutoICtjoVis_5', 'ValidoTitular', 'Válido titular', '');
INSERT INTO IUAttribute (idIU, idIUAttribute, IUAttributeName, IUAttributeAlias, IUAttributeDescription) VALUES ('Clas_1431942201344066UIPobCl_1', 'Clas_1431942201344066CjtoVis_AutoICtjoVis_6', 'Diplomatico', 'Diplomático', '');
INSERT INTO IUAttribute (idIU, idIUAttribute, IUAttributeName, IUAttributeAlias, IUAttributeDescription) VALUES ('Clas_1431942201344066UIPobCl_1', 'Clas_1431942201344066CjtoVis_AutoICtjoVis_7', 'NIT', 'NIT', '');
INSERT INTO IUAttribute (idIU, idIUAttribute, IUAttributeName, IUAttributeAlias, IUAttributeDescription) VALUES ('Clas_1431942201344066UIPobCl_1', 'Clas_1431942201344066CjtoVis_AutoICtjoVis_8', 'HijoDe', 'Hijo de', '');
INSERT INTO IUAttribute (idIU, idIUAttribute, IUAttributeName, IUAttributeAlias, IUAttributeDescription) VALUES ('Clas_1431942201344066UIPobCl_1', 'Clas_1431942201344066CjtoVis_AutoICtjoVis_9', 'RequiereEPS', 'Requiere EPS', '');
INSERT INTO IUAttribute (idIU, idIUAttribute, IUAttributeName, IUAttributeAlias, IUAttributeDescription) VALUES ('Clas_1431942201344066UIPobCl_1', 'Clas_1431942201344066CjtoVis_AutoICtjoVis_10', 'MenorSinIdentificar', 'Menor sin identificar', '');
INSERT INTO IUAttribute (idIU, idIUAttribute, IUAttributeName, IUAttributeAlias, IUAttributeDescription) VALUES ('Clas_1431942201344066UIPobCl_1', 'Clas_1431942201344066CjtoVis_AutoICtjoVis_11', 'EsPasaporte', 'Es Pasaporte', '');
INSERT INTO IUAttribute (idIU, idIUAttribute, IUAttributeName, IUAttributeAlias, IUAttributeDescription) VALUES ('Clas_1431942201344066UIPobCl_1', 'Clas_1431942201344066CjtoVis_AutoICtjoVis_12', 'VisibleValidadorUsu', 'Visible en validador de usuarios', '');
INSERT INTO IUAction (idIU, idIUAction, IUActionName, IUActionAlias, IUActionDescription) VALUES ('Clas_1431942201344066UIPobCl_1', 'Clas_1431942201344066AccOfer_1ElemAcc_1', 'SIUcrear', 'Crear', '');
INSERT INTO IUAction (idIU, idIUAction, IUActionName, IUActionAlias, IUActionDescription) VALUES ('Clas_1431942201344066UIPobCl_1', 'Clas_1431942201344066AccOfer_1ElemAcc_2', 'SIUmodificar', 'Modificar', '');
INSERT INTO IUAction (idIU, idIUAction, IUActionName, IUActionAlias, IUActionDescription) VALUES ('Clas_1431942201344066UIPobCl_1', 'Clas_1431942201344066AccOfer_1ElemAcc_3', 'SIUTGSINCTIPOSIDENTIFICACION', 'Sincronizar', '');
INSERT INTO IUAction (idIU, idIUAction, IUActionName, IUActionAlias, IUActionDescription) VALUES ('Clas_1431942201344066UIPobCl_1', 'Clas_1431942201344066AccOfer_1ElemAcc_4', 'SIUeliminar', 'Eliminar', '');

-- PIU: TipoIdentificacion._Auto_
INSERT INTO IU (idIU, IUName, IUAlias, IUDescription, IUType) VALUES ('Clas_1431942201344066UIPobCl_Auto', '_Auto_', 'Tipo identificación', '', 'P');
INSERT INTO IUAttribute (idIU, idIUAttribute, IUAttributeName, IUAttributeAlias, IUAttributeDescription) VALUES ('Clas_1431942201344066UIPobCl_Auto', 'Clas_1431942201344066CjtoVis_AutoICtjoVis_1', 'Codigo', 'Código', '');
INSERT INTO IUAttribute (idIU, idIUAttribute, IUAttributeName, IUAttributeAlias, IUAttributeDescription) VALUES ('Clas_1431942201344066UIPobCl_Auto', 'Clas_1431942201344066CjtoVis_AutoICtjoVis_2', 'Descripcion', 'Descripción', '');
INSERT INTO IUAttribute (idIU, idIUAttribute, IUAttributeName, IUAttributeAlias, IUAttributeDescription) VALUES ('Clas_1431942201344066UIPobCl_Auto', 'Clas_1431942201344066CjtoVis_AutoICtjoVis_3', 'NombreCorto', 'Nombre corto', '');
INSERT INTO IUAttribute (idIU, idIUAttribute, IUAttributeName, IUAttributeAlias, IUAttributeDescription) VALUES ('Clas_1431942201344066UIPobCl_Auto', 'Clas_1431942201344066CjtoVis_AutoICtjoVis_4', 'ValidoContratante', 'Válido contratante', '');
INSERT INTO IUAttribute (idIU, idIUAttribute, IUAttributeName, IUAttributeAlias, IUAttributeDescription) VALUES ('Clas_1431942201344066UIPobCl_Auto', 'Clas_1431942201344066CjtoVis_AutoICtjoVis_5', 'ValidoTitular', 'Válido titular', '');
INSERT INTO IUAttribute (idIU, idIUAttribute, IUAttributeName, IUAttributeAlias, IUAttributeDescription) VALUES ('Clas_1431942201344066UIPobCl_Auto', 'Clas_1431942201344066CjtoVis_AutoICtjoVis_6', 'Diplomatico', 'Diplomático', '');
INSERT INTO IUAttribute (idIU, idIUAttribute, IUAttributeName, IUAttributeAlias, IUAttributeDescription) VALUES ('Clas_1431942201344066UIPobCl_Auto', 'Clas_1431942201344066CjtoVis_AutoICtjoVis_7', 'NIT', 'NIT', '');
INSERT INTO IUAttribute (idIU, idIUAttribute, IUAttributeName, IUAttributeAlias, IUAttributeDescription) VALUES ('Clas_1431942201344066UIPobCl_Auto', 'Clas_1431942201344066CjtoVis_AutoICtjoVis_8', 'HijoDe', 'Hijo de', '');
INSERT INTO IUAttribute (idIU, idIUAttribute, IUAttributeName, IUAttributeAlias, IUAttributeDescription) VALUES ('Clas_1431942201344066UIPobCl_Auto', 'Clas_1431942201344066CjtoVis_AutoICtjoVis_9', 'RequiereEPS', 'Requiere EPS', '');
INSERT INTO IUAttribute (idIU, idIUAttribute, IUAttributeName, IUAttributeAlias, IUAttributeDescription) VALUES ('Clas_1431942201344066UIPobCl_Auto', 'Clas_1431942201344066CjtoVis_AutoICtjoVis_10', 'MenorSinIdentificar', 'Menor sin identificar', '');
INSERT INTO IUAttribute (idIU, idIUAttribute, IUAttributeName, IUAttributeAlias, IUAttributeDescription) VALUES ('Clas_1431942201344066UIPobCl_Auto', 'Clas_1431942201344066CjtoVis_AutoICtjoVis_11', 'EsPasaporte', 'Es Pasaporte', '');
INSERT INTO IUAttribute (idIU, idIUAttribute, IUAttributeName, IUAttributeAlias, IUAttributeDescription) VALUES ('Clas_1431942201344066UIPobCl_Auto', 'Clas_1431942201344066CjtoVis_AutoICtjoVis_12', 'VisibleValidadorUsu', 'Visible en validador de usuarios', '');
INSERT INTO IUAction (idIU, idIUAction, IUActionName, IUActionAlias, IUActionDescription) VALUES ('Clas_1431942201344066UIPobCl_Auto', 'Clas_1431942201344066AccOfer_AutoElemAcc_1', 'SIUcrear', 'Crear tipo de identificación', '');
INSERT INTO IUAction (idIU, idIUAction, IUActionName, IUActionAlias, IUActionDescription) VALUES ('Clas_1431942201344066UIPobCl_Auto', 'Clas_1431942201344066AccOfer_AutoElemAcc_2', 'SIUeliminar', 'Eliminar tipo de identificación', '');
INSERT INTO IUAction (idIU, idIUAction, IUActionName, IUActionAlias, IUActionDescription) VALUES ('Clas_1431942201344066UIPobCl_Auto', 'Clas_1431942201344066AccOfer_AutoElemAcc_3', 'SIUmodificar', 'Modificar tipo de identificación', '');
INSERT INTO IUAction (idIU, idIUAction, IUActionName, IUActionAlias, IUActionDescription) VALUES ('Clas_1431942201344066UIPobCl_Auto', 'Clas_1431942201344066AccOfer_AutoElemAcc_4', 'SIUInsTipoIdentContratante', 'InsTipoIdentContratante', '');
INSERT INTO IUAction (idIU, idIUAction, IUActionName, IUActionAlias, IUActionDescription) VALUES ('Clas_1431942201344066UIPobCl_Auto', 'Clas_1431942201344066AccOfer_AutoElemAcc_5', 'SIUDelTipoIdentContratante', 'DelTipoIdentContratante', '');
INSERT INTO IUAction (idIU, idIUAction, IUActionName, IUActionAlias, IUActionDescription) VALUES ('Clas_1431942201344066UIPobCl_Auto', 'Clas_1431942201344066AccOfer_AutoElemAcc_6', 'SIUInsTipoIdentificacion', 'InsTipoIdentificacion', '');
INSERT INTO IUAction (idIU, idIUAction, IUActionName, IUActionAlias, IUActionDescription) VALUES ('Clas_1431942201344066UIPobCl_Auto', 'Clas_1431942201344066AccOfer_AutoElemAcc_7', 'SIUDelTipoIdentificacion', 'DelTipoIdentificacion', '');
INSERT INTO IUAction (idIU, idIUAction, IUActionName, IUActionAlias, IUActionDescription) VALUES ('Clas_1431942201344066UIPobCl_Auto', 'Clas_1431942201344066AccOfer_AutoElemAcc_8', 'SIUInsTipoIdentUsuNovedad', 'InsTipoIdentUsuNovedad', '');
INSERT INTO IUAction (idIU, idIUAction, IUActionName, IUActionAlias, IUActionDescription) VALUES ('Clas_1431942201344066UIPobCl_Auto', 'Clas_1431942201344066AccOfer_AutoElemAcc_9', 'SIUDelTipoIdentUsuNovedad', 'DelTipoIdentUsuNovedad', '');
INSERT INTO IUAction (idIU, idIUAction, IUActionName, IUActionAlias, IUActionDescription) VALUES ('Clas_1431942201344066UIPobCl_Auto', 'Clas_1431942201344066AccOfer_AutoElemAcc_10', 'SIUInsTipoIdCDUsuNovedad', 'InsTipoIdCDUsuNovedad', '');
INSERT INTO IUAction (idIU, idIUAction, IUActionName, IUActionAlias, IUActionDescription) VALUES ('Clas_1431942201344066UIPobCl_Auto', 'Clas_1431942201344066AccOfer_AutoElemAcc_11', 'SIUDelTipoIdCDUsuNovedad', 'DelTipoIdCDUsuNovedad', '');
INSERT INTO IUAction (idIU, idIUAction, IUActionName, IUActionAlias, IUActionDescription) VALUES ('Clas_1431942201344066UIPobCl_Auto', 'Clas_1431942201344066AccOfer_AutoElemAcc_12', '_Auto_', 'Tipo identificación', '');
INSERT INTO IUNavigation (idIU, idIUNavigation, IUNavigationName, IUNavigationAlias, IUNavigationDescription) VALUES ('Clas_1431942201344066UIPobCl_Auto', 'Clas_1431942201344066NavOfer_AutoElemNav_1', 'PIUAsesor', 'Asesores', '');
INSERT INTO IUNavigation (idIU, idIUNavigation, IUNavigationName, IUNavigationAlias, IUNavigationDescription) VALUES ('Clas_1431942201344066UIPobCl_Auto', 'Clas_1431942201344066NavOfer_AutoElemNav_2', 'PIUPersona', 'Personas', '');
INSERT INTO IUNavigation (idIU, idIUNavigation, IUNavigationName, IUNavigationAlias, IUNavigationDescription) VALUES ('Clas_1431942201344066UIPobCl_Auto', 'Clas_1431942201344066NavOfer_AutoElemNav_3', '_Auto_', 'Personas', '');
INSERT INTO IUNavigation (idIU, idIUNavigation, IUNavigationName, IUNavigationAlias, IUNavigationDescription) VALUES ('Clas_1431942201344066UIPobCl_Auto', 'Clas_1431942201344066NavOfer_AutoElemNav_4', 'PIUUsuarioDePIUStatusSol', 'Detalle de usuarios', '');
INSERT INTO IUNavigation (idIU, idIUNavigation, IUNavigationName, IUNavigationAlias, IUNavigationDescription) VALUES ('Clas_1431942201344066UIPobCl_Auto', 'Clas_1431942201344066NavOfer_AutoElemNav_5', '_Auto_', 'Contratante', '');
INSERT INTO IUNavigation (idIU, idIUNavigation, IUNavigationName, IUNavigationAlias, IUNavigationDescription) VALUES ('Clas_1431942201344066UIPobCl_Auto', 'Clas_1431942201344066NavOfer_AutoElemNav_6', '_Auto_', 'Anexos', '');
INSERT INTO IUNavigation (idIU, idIUNavigation, IUNavigationName, IUNavigationAlias, IUNavigationDescription) VALUES ('Clas_1431942201344066UIPobCl_Auto', 'Clas_1431942201344066NavOfer_AutoElemNav_7', '_Auto_', 'Titular', '');
INSERT INTO IUNavigation (idIU, idIUNavigation, IUNavigationName, IUNavigationAlias, IUNavigationDescription) VALUES ('Clas_1431942201344066UIPobCl_Auto', 'Clas_1431942201344066NavOfer_AutoElemNav_8', 'PIUInstitucionMatNeo', 'Instituciones Maternal/Neonatal', '');
INSERT INTO IUNavigation (idIU, idIUNavigation, IUNavigationName, IUNavigationAlias, IUNavigationDescription) VALUES ('Clas_1431942201344066UIPobCl_Auto', 'Clas_1431942201344066NavOfer_AutoElemNav_9', 'PIUConsultaSolicitudNovedad', 'Consultar Novedades', '');
INSERT INTO IUNavigation (idIU, idIUNavigation, IUNavigationName, IUNavigationAlias, IUNavigationDescription) VALUES ('Clas_1431942201344066UIPobCl_Auto', 'Clas_1431942201344066NavOfer_AutoElemNav_10', 'PIUFamNovMTipoTitular', 'Familias', '');
INSERT INTO IUNavigation (idIU, idIUNavigation, IUNavigationName, IUNavigationAlias, IUNavigationDescription) VALUES ('Clas_1431942201344066UIPobCl_Auto', 'Clas_1431942201344066NavOfer_AutoElemNav_11', 'PIUUsuNovTipoTitular', 'Usuarios', '');
INSERT INTO IUNavigation (idIU, idIUNavigation, IUNavigationName, IUNavigationAlias, IUNavigationDescription) VALUES ('Clas_1431942201344066UIPobCl_Auto', 'Clas_1431942201344066NavOfer_AutoElemNav_12', 'PIUUsuNovTipoTitular', 'Usuarios', '');
INSERT INTO IUNavigation (idIU, idIUNavigation, IUNavigationName, IUNavigationAlias, IUNavigationDescription) VALUES ('Clas_1431942201344066UIPobCl_Auto', 'Clas_1431942201344066NavOfer_AutoElemNav_13', '_Auto_', 'Novedades CT', '');

-- IIU: TipoIdentificacion._Auto_
INSERT INTO IU (idIU, IUName, IUAlias, IUDescription, IUType) VALUES ('Clas_1431942201344066UIInst_1', '_Auto_', 'Tipo identificación', '', 'I');
INSERT INTO IUAction (idIU, idIUAction, IUActionName, IUActionAlias, IUActionDescription) VALUES ('Clas_1431942201344066UIInst_1', 'Clas_1431942201344066AccOfer_AutoElemAcc_1', 'SIUcrear', 'Crear tipo de identificación', '');
INSERT INTO IUAction (idIU, idIUAction, IUActionName, IUActionAlias, IUActionDescription) VALUES ('Clas_1431942201344066UIInst_1', 'Clas_1431942201344066AccOfer_AutoElemAcc_2', 'SIUeliminar', 'Eliminar tipo de identificación', '');
INSERT INTO IUAction (idIU, idIUAction, IUActionName, IUActionAlias, IUActionDescription) VALUES ('Clas_1431942201344066UIInst_1', 'Clas_1431942201344066AccOfer_AutoElemAcc_3', 'SIUmodificar', 'Modificar tipo de identificación', '');
INSERT INTO IUAction (idIU, idIUAction, IUActionName, IUActionAlias, IUActionDescription) VALUES ('Clas_1431942201344066UIInst_1', 'Clas_1431942201344066AccOfer_AutoElemAcc_4', 'SIUInsTipoIdentContratante', 'InsTipoIdentContratante', '');
INSERT INTO IUAction (idIU, idIUAction, IUActionName, IUActionAlias, IUActionDescription) VALUES ('Clas_1431942201344066UIInst_1', 'Clas_1431942201344066AccOfer_AutoElemAcc_5', 'SIUDelTipoIdentContratante', 'DelTipoIdentContratante', '');
INSERT INTO IUAction (idIU, idIUAction, IUActionName, IUActionAlias, IUActionDescription) VALUES ('Clas_1431942201344066UIInst_1', 'Clas_1431942201344066AccOfer_AutoElemAcc_6', 'SIUInsTipoIdentificacion', 'InsTipoIdentificacion', '');
INSERT INTO IUAction (idIU, idIUAction, IUActionName, IUActionAlias, IUActionDescription) VALUES ('Clas_1431942201344066UIInst_1', 'Clas_1431942201344066AccOfer_AutoElemAcc_7', 'SIUDelTipoIdentificacion', 'DelTipoIdentificacion', '');
INSERT INTO IUAction (idIU, idIUAction, IUActionName, IUActionAlias, IUActionDescription) VALUES ('Clas_1431942201344066UIInst_1', 'Clas_1431942201344066AccOfer_AutoElemAcc_8', 'SIUInsTipoIdentUsuNovedad', 'InsTipoIdentUsuNovedad', '');
INSERT INTO IUAction (idIU, idIUAction, IUActionName, IUActionAlias, IUActionDescription) VALUES ('Clas_1431942201344066UIInst_1', 'Clas_1431942201344066AccOfer_AutoElemAcc_9', 'SIUDelTipoIdentUsuNovedad', 'DelTipoIdentUsuNovedad', '');
INSERT INTO IUAction (idIU, idIUAction, IUActionName, IUActionAlias, IUActionDescription) VALUES ('Clas_1431942201344066UIInst_1', 'Clas_1431942201344066AccOfer_AutoElemAcc_10', 'SIUInsTipoIdCDUsuNovedad', 'InsTipoIdCDUsuNovedad', '');
INSERT INTO IUAction (idIU, idIUAction, IUActionName, IUActionAlias, IUActionDescription) VALUES ('Clas_1431942201344066UIInst_1', 'Clas_1431942201344066AccOfer_AutoElemAcc_11', 'SIUDelTipoIdCDUsuNovedad', 'DelTipoIdCDUsuNovedad', '');
INSERT INTO IUAction (idIU, idIUAction, IUActionName, IUActionAlias, IUActionDescription) VALUES ('Clas_1431942201344066UIInst_1', 'Clas_1431942201344066AccOfer_AutoElemAcc_12', '_Auto_', 'Tipo identificación', '');
INSERT INTO IUNavigation (idIU, idIUNavigation, IUNavigationName, IUNavigationAlias, IUNavigationDescription) VALUES ('Clas_1431942201344066UIInst_1', 'Clas_1431942201344066NavOfer_AutoElemNav_1', 'PIUAsesor', 'Asesores', '');
INSERT INTO IUNavigation (idIU, idIUNavigation, IUNavigationName, IUNavigationAlias, IUNavigationDescription) VALUES ('Clas_1431942201344066UIInst_1', 'Clas_1431942201344066NavOfer_AutoElemNav_2', 'PIUPersona', 'Personas', '');
INSERT INTO IUNavigation (idIU, idIUNavigation, IUNavigationName, IUNavigationAlias, IUNavigationDescription) VALUES ('Clas_1431942201344066UIInst_1', 'Clas_1431942201344066NavOfer_AutoElemNav_3', '_Auto_', 'Personas', '');
INSERT INTO IUNavigation (idIU, idIUNavigation, IUNavigationName, IUNavigationAlias, IUNavigationDescription) VALUES ('Clas_1431942201344066UIInst_1', 'Clas_1431942201344066NavOfer_AutoElemNav_4', 'PIUUsuarioDePIUStatusSol', 'Detalle de usuarios', '');
INSERT INTO IUNavigation (idIU, idIUNavigation, IUNavigationName, IUNavigationAlias, IUNavigationDescription) VALUES ('Clas_1431942201344066UIInst_1', 'Clas_1431942201344066NavOfer_AutoElemNav_5', '_Auto_', 'Contratante', '');
INSERT INTO IUNavigation (idIU, idIUNavigation, IUNavigationName, IUNavigationAlias, IUNavigationDescription) VALUES ('Clas_1431942201344066UIInst_1', 'Clas_1431942201344066NavOfer_AutoElemNav_6', '_Auto_', 'Anexos', '');
INSERT INTO IUNavigation (idIU, idIUNavigation, IUNavigationName, IUNavigationAlias, IUNavigationDescription) VALUES ('Clas_1431942201344066UIInst_1', 'Clas_1431942201344066NavOfer_AutoElemNav_7', '_Auto_', 'Titular', '');
INSERT INTO IUNavigation (idIU, idIUNavigation, IUNavigationName, IUNavigationAlias, IUNavigationDescription) VALUES ('Clas_1431942201344066UIInst_1', 'Clas_1431942201344066NavOfer_AutoElemNav_8', 'PIUInstitucionMatNeo', 'Instituciones Maternal/Neonatal', '');
INSERT INTO IUNavigation (idIU, idIUNavigation, IUNavigationName, IUNavigationAlias, IUNavigationDescription) VALUES ('Clas_1431942201344066UIInst_1', 'Clas_1431942201344066NavOfer_AutoElemNav_9', 'PIUConsultaSolicitudNovedad', 'Consultar Novedades', '');
INSERT INTO IUNavigation (idIU, idIUNavigation, IUNavigationName, IUNavigationAlias, IUNavigationDescription) VALUES ('Clas_1431942201344066UIInst_1', 'Clas_1431942201344066NavOfer_AutoElemNav_10', 'PIUFamNovMTipoTitular', 'Familias', '');
INSERT INTO IUNavigation (idIU, idIUNavigation, IUNavigationName, IUNavigationAlias, IUNavigationDescription) VALUES ('Clas_1431942201344066UIInst_1', 'Clas_1431942201344066NavOfer_AutoElemNav_11', 'PIUUsuNovTipoTitular', 'Usuarios', '');
INSERT INTO IUNavigation (idIU, idIUNavigation, IUNavigationName, IUNavigationAlias, IUNavigationDescription) VALUES ('Clas_1431942201344066UIInst_1', 'Clas_1431942201344066NavOfer_AutoElemNav_12', 'PIUUsuNovTipoTitular', 'Usuarios', '');
INSERT INTO IUNavigation (idIU, idIUNavigation, IUNavigationName, IUNavigationAlias, IUNavigationDescription) VALUES ('Clas_1431942201344066UIInst_1', 'Clas_1431942201344066NavOfer_AutoElemNav_13', '_Auto_', 'Novedades CT', '');

-- SIU: TipoIdentificacion.SIUcrear
INSERT INTO IU (idIU, IUName, IUAlias, IUDescription, IUType) VALUES ('Clas_1431942201344066Ser_1UIServ_1', 'SIUcrear', 'Crear tipo de identificación', '', 'S');
-- SIU: TipoIdentificacion.SIUeliminar
INSERT INTO IU (idIU, IUName, IUAlias, IUDescription, IUType) VALUES ('Clas_1431942201344066Ser_2UIServ_1', 'SIUeliminar', 'Eliminar tipo de identificación', '', 'S');
-- SIU: TipoIdentificacion.SIUmodificar
INSERT INTO IU (idIU, IUName, IUAlias, IUDescription, IUType) VALUES ('Clas_1431942201344066Ser_3UIServ_1', 'SIUmodificar', 'Modificar tipo de identificación', '', 'S');
-- SIU: TipoIdentificacion.SIUInsTipoIdentContratante
INSERT INTO IU (idIU, IUName, IUAlias, IUDescription, IUType) VALUES ('Clas_1431942201344066Ser_15UIServ_1', 'SIUInsTipoIdentContratante', 'InsTipoIdentContratante', '', 'S');
-- SIU: TipoIdentificacion.SIUDelTipoIdentContratante
INSERT INTO IU (idIU, IUName, IUAlias, IUDescription, IUType) VALUES ('Clas_1431942201344066Ser_16UIServ_1', 'SIUDelTipoIdentContratante', 'DelTipoIdentContratante', '', 'S');
-- SIU: TipoIdentificacion.SIUInsTipoIdentificacion
INSERT INTO IU (idIU, IUName, IUAlias, IUDescription, IUType) VALUES ('Clas_1431942201344066Ser_17UIServ_1', 'SIUInsTipoIdentificacion', 'InsTipoIdentificacion', '', 'S');
-- SIU: TipoIdentificacion.SIUDelTipoIdentificacion
INSERT INTO IU (idIU, IUName, IUAlias, IUDescription, IUType) VALUES ('Clas_1431942201344066Ser_18UIServ_1', 'SIUDelTipoIdentificacion', 'DelTipoIdentificacion', '', 'S');
-- SIU: TipoIdentificacion.SIUInsTipoIdentUsuNovedad
INSERT INTO IU (idIU, IUName, IUAlias, IUDescription, IUType) VALUES ('Clas_1431942201344066Ser_19UIServ_1', 'SIUInsTipoIdentUsuNovedad', 'InsTipoIdentUsuNovedad', '', 'S');
-- SIU: TipoIdentificacion.SIUDelTipoIdentUsuNovedad
INSERT INTO IU (idIU, IUName, IUAlias, IUDescription, IUType) VALUES ('Clas_1431942201344066Ser_20UIServ_1', 'SIUDelTipoIdentUsuNovedad', 'DelTipoIdentUsuNovedad', '', 'S');
-- SIU: TipoIdentificacion.SIUInsTipoIdCDUsuNovedad
INSERT INTO IU (idIU, IUName, IUAlias, IUDescription, IUType) VALUES ('Clas_1431942201344066Ser_21UIServ_1', 'SIUInsTipoIdCDUsuNovedad', 'InsTipoIdCDUsuNovedad', '', 'S');
-- SIU: TipoIdentificacion.SIUDelTipoIdCDUsuNovedad
INSERT INTO IU (idIU, IUName, IUAlias, IUDescription, IUType) VALUES ('Clas_1431942201344066Ser_22UIServ_1', 'SIUDelTipoIdCDUsuNovedad', 'DelTipoIdCDUsuNovedad', '', 'S');

---------------------------------------------
-- CLASS EPS
---------------------------------------------
-- PIU: EPS.PIUEPS
INSERT INTO IU (idIU, IUName, IUAlias, IUDescription, IUType) VALUES ('Clas_1431942987776277UIPobCl_1', 'PIUEPS', 'EPS', '', 'P');
INSERT INTO IUAttribute (idIU, idIUAttribute, IUAttributeName, IUAttributeAlias, IUAttributeDescription) VALUES ('Clas_1431942987776277UIPobCl_1', 'Clas_1431942987776277CjtoVis_AutoICtjoVis_1', 'Codigo', 'Código', '');
INSERT INTO IUAttribute (idIU, idIUAttribute, IUAttributeName, IUAttributeAlias, IUAttributeDescription) VALUES ('Clas_1431942987776277UIPobCl_1', 'Clas_1431942987776277CjtoVis_AutoICtjoVis_2', 'Descripcion', 'Descripción', '');
INSERT INTO IUAttribute (idIU, idIUAttribute, IUAttributeName, IUAttributeAlias, IUAttributeDescription) VALUES ('Clas_1431942987776277UIPobCl_1', 'Clas_1431942987776277CjtoVis_AutoICtjoVis_3', 'EPSSanitas', 'Es EPS Sanitas', '');
INSERT INTO IUAction (idIU, idIUAction, IUActionName, IUActionAlias, IUActionDescription) VALUES ('Clas_1431942987776277UIPobCl_1', 'Clas_1431942987776277AccOfer_1ElemAcc_1', 'SIUcrear', 'Crear', '');
INSERT INTO IUAction (idIU, idIUAction, IUActionName, IUActionAlias, IUActionDescription) VALUES ('Clas_1431942987776277UIPobCl_1', 'Clas_1431942987776277AccOfer_1ElemAcc_2', 'SIUmodificar', 'Modificar', '');
INSERT INTO IUAction (idIU, idIUAction, IUActionName, IUActionAlias, IUActionDescription) VALUES ('Clas_1431942987776277UIPobCl_1', 'Clas_1431942987776277AccOfer_1ElemAcc_3', 'SIUTGSINCEPSS', 'Sincronizar', '');
INSERT INTO IUAction (idIU, idIUAction, IUActionName, IUActionAlias, IUActionDescription) VALUES ('Clas_1431942987776277UIPobCl_1', 'Clas_1431942987776277AccOfer_1ElemAcc_4', 'SIUeliminar', 'Eliminar', '');

-- PIU: EPS._Auto_
INSERT INTO IU (idIU, IUName, IUAlias, IUDescription, IUType) VALUES ('Clas_1431942987776277UIPobCl_Auto', '_Auto_', 'EPS', '', 'P');
INSERT INTO IUAttribute (idIU, idIUAttribute, IUAttributeName, IUAttributeAlias, IUAttributeDescription) VALUES ('Clas_1431942987776277UIPobCl_Auto', 'Clas_1431942987776277CjtoVis_AutoICtjoVis_1', 'Codigo', 'Código', '');
INSERT INTO IUAttribute (idIU, idIUAttribute, IUAttributeName, IUAttributeAlias, IUAttributeDescription) VALUES ('Clas_1431942987776277UIPobCl_Auto', 'Clas_1431942987776277CjtoVis_AutoICtjoVis_2', 'Descripcion', 'Descripción', '');
INSERT INTO IUAttribute (idIU, idIUAttribute, IUAttributeName, IUAttributeAlias, IUAttributeDescription) VALUES ('Clas_1431942987776277UIPobCl_Auto', 'Clas_1431942987776277CjtoVis_AutoICtjoVis_3', 'EPSSanitas', 'Es EPS Sanitas', '');
INSERT INTO IUAction (idIU, idIUAction, IUActionName, IUActionAlias, IUActionDescription) VALUES ('Clas_1431942987776277UIPobCl_Auto', 'Clas_1431942987776277AccOfer_AutoElemAcc_1', 'SIUcrear', 'Crear EPS', '');
INSERT INTO IUAction (idIU, idIUAction, IUActionName, IUActionAlias, IUActionDescription) VALUES ('Clas_1431942987776277UIPobCl_Auto', 'Clas_1431942987776277AccOfer_AutoElemAcc_2', 'SIUeliminar', 'Eliminar EPS', '');
INSERT INTO IUAction (idIU, idIUAction, IUActionName, IUActionAlias, IUActionDescription) VALUES ('Clas_1431942987776277UIPobCl_Auto', 'Clas_1431942987776277AccOfer_AutoElemAcc_3', 'SIUmodificar', 'Modificar EPS', '');
INSERT INTO IUAction (idIU, idIUAction, IUActionName, IUActionAlias, IUActionDescription) VALUES ('Clas_1431942987776277UIPobCl_Auto', 'Clas_1431942987776277AccOfer_AutoElemAcc_4', '_Auto_', 'EPS', '');
INSERT INTO IUNavigation (idIU, idIUNavigation, IUNavigationName, IUNavigationAlias, IUNavigationDescription) VALUES ('Clas_1431942987776277UIPobCl_Auto', 'Clas_1431942987776277NavOfer_AutoElemNav_1', 'PIUUsuarioDePIUStatusSol', 'Detalle de usuarios', '');
INSERT INTO IUNavigation (idIU, idIUNavigation, IUNavigationName, IUNavigationAlias, IUNavigationDescription) VALUES ('Clas_1431942987776277UIPobCl_Auto', 'Clas_1431942987776277NavOfer_AutoElemNav_2', '_Auto_', 'Beneficiarios', '');

-- IIU: EPS._Auto_
INSERT INTO IU (idIU, IUName, IUAlias, IUDescription, IUType) VALUES ('Clas_1431942987776277UIInst_1', '_Auto_', 'EPS', '', 'I');
INSERT INTO IUAction (idIU, idIUAction, IUActionName, IUActionAlias, IUActionDescription) VALUES ('Clas_1431942987776277UIInst_1', 'Clas_1431942987776277AccOfer_AutoElemAcc_1', 'SIUcrear', 'Crear EPS', '');
INSERT INTO IUAction (idIU, idIUAction, IUActionName, IUActionAlias, IUActionDescription) VALUES ('Clas_1431942987776277UIInst_1', 'Clas_1431942987776277AccOfer_AutoElemAcc_2', 'SIUeliminar', 'Eliminar EPS', '');
INSERT INTO IUAction (idIU, idIUAction, IUActionName, IUActionAlias, IUActionDescription) VALUES ('Clas_1431942987776277UIInst_1', 'Clas_1431942987776277AccOfer_AutoElemAcc_3', 'SIUmodificar', 'Modificar EPS', '');
INSERT INTO IUAction (idIU, idIUAction, IUActionName, IUActionAlias, IUActionDescription) VALUES ('Clas_1431942987776277UIInst_1', 'Clas_1431942987776277AccOfer_AutoElemAcc_4', '_Auto_', 'EPS', '');
INSERT INTO IUNavigation (idIU, idIUNavigation, IUNavigationName, IUNavigationAlias, IUNavigationDescription) VALUES ('Clas_1431942987776277UIInst_1', 'Clas_1431942987776277NavOfer_AutoElemNav_1', 'PIUUsuarioDePIUStatusSol', 'Detalle de usuarios', '');
INSERT INTO IUNavigation (idIU, idIUNavigation, IUNavigationName, IUNavigationAlias, IUNavigationDescription) VALUES ('Clas_1431942987776277UIInst_1', 'Clas_1431942987776277NavOfer_AutoElemNav_2', '_Auto_', 'Beneficiarios', '');

-- SIU: EPS.SIUcrear
INSERT INTO IU (idIU, IUName, IUAlias, IUDescription, IUType) VALUES ('Clas_1431942987776277Ser_1UIServ_1', 'SIUcrear', 'Crear EPS', '', 'S');
-- SIU: EPS.SIUeliminar
INSERT INTO IU (idIU, IUName, IUAlias, IUDescription, IUType) VALUES ('Clas_1431942987776277Ser_2UIServ_1', 'SIUeliminar', 'Eliminar EPS', '', 'S');
-- SIU: EPS.SIUmodificar
INSERT INTO IU (idIU, IUName, IUAlias, IUDescription, IUType) VALUES ('Clas_1431942987776277Ser_3UIServ_1', 'SIUmodificar', 'Modificar EPS', '', 'S');

---------------------------------------------
-- CLASS EntidadFinancieraC
---------------------------------------------
-- PIU: EntidadFinancieraC.PIUEntidadFinanciera
INSERT INTO IU (idIU, IUName, IUAlias, IUDescription, IUType) VALUES ('Clas_1431947444224046UIPobCl_3', 'PIUEntidadFinanciera', 'Entidades financieras', '', 'P');
INSERT INTO IUAttribute (idIU, idIUAttribute, IUAttributeName, IUAttributeAlias, IUAttributeDescription) VALUES ('Clas_1431947444224046UIPobCl_3', 'Clas_1431947444224046CjtoVis_AutoICtjoVis_1', 'Codigo', 'Código', '');
INSERT INTO IUAttribute (idIU, idIUAttribute, IUAttributeName, IUAttributeAlias, IUAttributeDescription) VALUES ('Clas_1431947444224046UIPobCl_3', 'Clas_1431947444224046CjtoVis_AutoICtjoVis_2', 'Descripcion', 'Descripción', '');
INSERT INTO IUAction (idIU, idIUAction, IUActionName, IUActionAlias, IUActionDescription) VALUES ('Clas_1431947444224046UIPobCl_3', 'Clas_1431947444224046AccOfer_3ElemAcc_1', 'SIUcrear', 'Crear', '');
INSERT INTO IUAction (idIU, idIUAction, IUActionName, IUActionAlias, IUActionDescription) VALUES ('Clas_1431947444224046UIPobCl_3', 'Clas_1431947444224046AccOfer_3ElemAcc_3', 'SIUTGSINCENTIDADESFIN', 'Sincronizar', '');
INSERT INTO IUAction (idIU, idIUAction, IUActionName, IUActionAlias, IUActionDescription) VALUES ('Clas_1431947444224046UIPobCl_3', 'Clas_1431947444224046AccOfer_3ElemAcc_2', 'SIUeliminar', 'Eliminar', '');

-- PIU: EntidadFinancieraC._Auto_
INSERT INTO IU (idIU, IUName, IUAlias, IUDescription, IUType) VALUES ('Clas_1431947444224046UIPobCl_Auto', '_Auto_', 'Entidad financiera', '', 'P');
INSERT INTO IUAttribute (idIU, idIUAttribute, IUAttributeName, IUAttributeAlias, IUAttributeDescription) VALUES ('Clas_1431947444224046UIPobCl_Auto', 'Clas_1431947444224046CjtoVis_AutoICtjoVis_1', 'Codigo', 'Código', '');
INSERT INTO IUAttribute (idIU, idIUAttribute, IUAttributeName, IUAttributeAlias, IUAttributeDescription) VALUES ('Clas_1431947444224046UIPobCl_Auto', 'Clas_1431947444224046CjtoVis_AutoICtjoVis_2', 'Descripcion', 'Descripción', '');
INSERT INTO IUAction (idIU, idIUAction, IUActionName, IUActionAlias, IUActionDescription) VALUES ('Clas_1431947444224046UIPobCl_Auto', 'Clas_1431947444224046AccOfer_AutoElemAcc_1', 'SIUcrear', 'Crear entidad financiera', '');
INSERT INTO IUAction (idIU, idIUAction, IUActionName, IUActionAlias, IUActionDescription) VALUES ('Clas_1431947444224046UIPobCl_Auto', 'Clas_1431947444224046AccOfer_AutoElemAcc_2', 'SIUeliminar', 'Eliminar entidad financiera', '');
INSERT INTO IUAction (idIU, idIUAction, IUActionName, IUActionAlias, IUActionDescription) VALUES ('Clas_1431947444224046UIPobCl_Auto', 'Clas_1431947444224046AccOfer_AutoElemAcc_3', 'SIUmodificar', 'Modificar entidad financiera', '');
INSERT INTO IUAction (idIU, idIUAction, IUActionName, IUActionAlias, IUActionDescription) VALUES ('Clas_1431947444224046UIPobCl_Auto', 'Clas_1431947444224046AccOfer_AutoElemAcc_4', '_Auto_', 'Entidad financiera', '');

-- IIU: EntidadFinancieraC._Auto_
INSERT INTO IU (idIU, IUName, IUAlias, IUDescription, IUType) VALUES ('Clas_1431947444224046UIInst_1', '_Auto_', 'Entidad financiera', '', 'I');
INSERT INTO IUAction (idIU, idIUAction, IUActionName, IUActionAlias, IUActionDescription) VALUES ('Clas_1431947444224046UIInst_1', 'Clas_1431947444224046AccOfer_AutoElemAcc_1', 'SIUcrear', 'Crear entidad financiera', '');
INSERT INTO IUAction (idIU, idIUAction, IUActionName, IUActionAlias, IUActionDescription) VALUES ('Clas_1431947444224046UIInst_1', 'Clas_1431947444224046AccOfer_AutoElemAcc_2', 'SIUeliminar', 'Eliminar entidad financiera', '');
INSERT INTO IUAction (idIU, idIUAction, IUActionName, IUActionAlias, IUActionDescription) VALUES ('Clas_1431947444224046UIInst_1', 'Clas_1431947444224046AccOfer_AutoElemAcc_3', 'SIUmodificar', 'Modificar entidad financiera', '');
INSERT INTO IUAction (idIU, idIUAction, IUActionName, IUActionAlias, IUActionDescription) VALUES ('Clas_1431947444224046UIInst_1', 'Clas_1431947444224046AccOfer_AutoElemAcc_4', '_Auto_', 'Entidad financiera', '');

-- SIU: EntidadFinancieraC.SIUcrear
INSERT INTO IU (idIU, IUName, IUAlias, IUDescription, IUType) VALUES ('Clas_1431947444224046Ser_4UIServ_1', 'SIUcrear', 'Crear entidad financiera', '', 'S');
-- SIU: EntidadFinancieraC.SIUeliminar
INSERT INTO IU (idIU, IUName, IUAlias, IUDescription, IUType) VALUES ('Clas_1431947444224046Ser_5UIServ_1', 'SIUeliminar', 'Eliminar entidad financiera', '', 'S');
-- SIU: EntidadFinancieraC.SIUmodificar
INSERT INTO IU (idIU, IUName, IUAlias, IUDescription, IUType) VALUES ('Clas_1431947444224046Ser_6UIServ_1', 'SIUmodificar', 'Modificar entidad financiera', '', 'S');

---------------------------------------------
-- CLASS TipoEntidadC
---------------------------------------------
-- PIU: TipoEntidadC.PIUTipoEntidad
INSERT INTO IU (idIU, IUName, IUAlias, IUDescription, IUType) VALUES ('Clas_1431947444224551UIPobCl_2', 'PIUTipoEntidad', 'Tipos de entidades', '', 'P');
INSERT INTO IUAttribute (idIU, idIUAttribute, IUAttributeName, IUAttributeAlias, IUAttributeDescription) VALUES ('Clas_1431947444224551UIPobCl_2', 'Clas_1431947444224551CjtoVis_AutoICtjoVis_1', 'Codigo', 'Código', '');
INSERT INTO IUAttribute (idIU, idIUAttribute, IUAttributeName, IUAttributeAlias, IUAttributeDescription) VALUES ('Clas_1431947444224551UIPobCl_2', 'Clas_1431947444224551CjtoVis_AutoICtjoVis_2', 'Descripcion', 'Descripción', '');
INSERT INTO IUAction (idIU, idIUAction, IUActionName, IUActionAlias, IUActionDescription) VALUES ('Clas_1431947444224551UIPobCl_2', 'Clas_1431947444224551AccOfer_2ElemAcc_1', 'SIUcrear', 'Crear', '');
INSERT INTO IUAction (idIU, idIUAction, IUActionName, IUActionAlias, IUActionDescription) VALUES ('Clas_1431947444224551UIPobCl_2', 'Clas_1431947444224551AccOfer_2ElemAcc_4', 'SIUTGSINCTIPOSDEENTIDAD', 'Sincronizar', '');
INSERT INTO IUAction (idIU, idIUAction, IUActionName, IUActionAlias, IUActionDescription) VALUES ('Clas_1431947444224551UIPobCl_2', 'Clas_1431947444224551AccOfer_2ElemAcc_3', 'SIUeliminar', 'Eliminar', '');

-- PIU: TipoEntidadC._Auto_
INSERT INTO IU (idIU, IUName, IUAlias, IUDescription, IUType) VALUES ('Clas_1431947444224551UIPobCl_Auto', '_Auto_', 'Tipo entidad', '', 'P');
INSERT INTO IUAttribute (idIU, idIUAttribute, IUAttributeName, IUAttributeAlias, IUAttributeDescription) VALUES ('Clas_1431947444224551UIPobCl_Auto', 'Clas_1431947444224551CjtoVis_AutoICtjoVis_1', 'Codigo', 'Código', '');
INSERT INTO IUAttribute (idIU, idIUAttribute, IUAttributeName, IUAttributeAlias, IUAttributeDescription) VALUES ('Clas_1431947444224551UIPobCl_Auto', 'Clas_1431947444224551CjtoVis_AutoICtjoVis_2', 'Descripcion', 'Descripción', '');
INSERT INTO IUAction (idIU, idIUAction, IUActionName, IUActionAlias, IUActionDescription) VALUES ('Clas_1431947444224551UIPobCl_Auto', 'Clas_1431947444224551AccOfer_AutoElemAcc_1', 'SIUcrear', 'Crear tipo de entidad', '');
INSERT INTO IUAction (idIU, idIUAction, IUActionName, IUActionAlias, IUActionDescription) VALUES ('Clas_1431947444224551UIPobCl_Auto', 'Clas_1431947444224551AccOfer_AutoElemAcc_2', 'SIUeliminar', 'Eliminar tipo de entidad', '');
INSERT INTO IUAction (idIU, idIUAction, IUActionName, IUActionAlias, IUActionDescription) VALUES ('Clas_1431947444224551UIPobCl_Auto', 'Clas_1431947444224551AccOfer_AutoElemAcc_3', 'SIUmodificar', 'Modificar tipo entidad', '');
INSERT INTO IUAction (idIU, idIUAction, IUActionName, IUActionAlias, IUActionDescription) VALUES ('Clas_1431947444224551UIPobCl_Auto', 'Clas_1431947444224551AccOfer_AutoElemAcc_4', '_Auto_', 'Tipo entidad', '');
INSERT INTO IUNavigation (idIU, idIUNavigation, IUNavigationName, IUNavigationAlias, IUNavigationDescription) VALUES ('Clas_1431947444224551UIPobCl_Auto', 'Clas_1431947444224551NavOfer_AutoElemNav_1', '_Auto_', 'Personas', '');

-- IIU: TipoEntidadC._Auto_
INSERT INTO IU (idIU, IUName, IUAlias, IUDescription, IUType) VALUES ('Clas_1431947444224551UIInst_1', '_Auto_', 'Tipo entidad', '', 'I');
INSERT INTO IUAction (idIU, idIUAction, IUActionName, IUActionAlias, IUActionDescription) VALUES ('Clas_1431947444224551UIInst_1', 'Clas_1431947444224551AccOfer_AutoElemAcc_1', 'SIUcrear', 'Crear tipo de entidad', '');
INSERT INTO IUAction (idIU, idIUAction, IUActionName, IUActionAlias, IUActionDescription) VALUES ('Clas_1431947444224551UIInst_1', 'Clas_1431947444224551AccOfer_AutoElemAcc_2', 'SIUeliminar', 'Eliminar tipo de entidad', '');
INSERT INTO IUAction (idIU, idIUAction, IUActionName, IUActionAlias, IUActionDescription) VALUES ('Clas_1431947444224551UIInst_1', 'Clas_1431947444224551AccOfer_AutoElemAcc_3', 'SIUmodificar', 'Modificar tipo entidad', '');
INSERT INTO IUAction (idIU, idIUAction, IUActionName, IUActionAlias, IUActionDescription) VALUES ('Clas_1431947444224551UIInst_1', 'Clas_1431947444224551AccOfer_AutoElemAcc_4', '_Auto_', 'Tipo entidad', '');
INSERT INTO IUNavigation (idIU, idIUNavigation, IUNavigationName, IUNavigationAlias, IUNavigationDescription) VALUES ('Clas_1431947444224551UIInst_1', 'Clas_1431947444224551NavOfer_AutoElemNav_1', '_Auto_', 'Personas', '');

-- SIU: TipoEntidadC.SIUcrear
INSERT INTO IU (idIU, IUName, IUAlias, IUDescription, IUType) VALUES ('Clas_1431947444224551Ser_6UIServ_1', 'SIUcrear', 'Crear tipo de entidad', '', 'S');
-- SIU: TipoEntidadC.SIUeliminar
INSERT INTO IU (idIU, IUName, IUAlias, IUDescription, IUType) VALUES ('Clas_1431947444224551Ser_7UIServ_1', 'SIUeliminar', 'Eliminar tipo de entidad', '', 'S');
-- SIU: TipoEntidadC.SIUmodificar
INSERT INTO IU (idIU, IUName, IUAlias, IUDescription, IUType) VALUES ('Clas_1431947444224551Ser_8UIServ_1', 'SIUmodificar', 'Modificar tipo entidad', '', 'S');

---------------------------------------------
-- CLASS TipoInstitucionC
---------------------------------------------
-- PIU: TipoInstitucionC.PIUTipoInstitucion
INSERT INTO IU (idIU, IUName, IUAlias, IUDescription, IUType) VALUES ('Clas_1431947444224120UIPobCl_2', 'PIUTipoInstitucion', 'Tipos de institución', '', 'P');
INSERT INTO IUAttribute (idIU, idIUAttribute, IUAttributeName, IUAttributeAlias, IUAttributeDescription) VALUES ('Clas_1431947444224120UIPobCl_2', 'Clas_1431947444224120CjtoVis_AutoICtjoVis_1', 'Codigo', 'Código', '');
INSERT INTO IUAttribute (idIU, idIUAttribute, IUAttributeName, IUAttributeAlias, IUAttributeDescription) VALUES ('Clas_1431947444224120UIPobCl_2', 'Clas_1431947444224120CjtoVis_AutoICtjoVis_2', 'Nombre', 'Nombre', '');
INSERT INTO IUAction (idIU, idIUAction, IUActionName, IUActionAlias, IUActionDescription) VALUES ('Clas_1431947444224120UIPobCl_2', 'Clas_1431947444224120AccOfer_2ElemAcc_1', 'SIUcrear', 'Crear', '');
INSERT INTO IUAction (idIU, idIUAction, IUActionName, IUActionAlias, IUActionDescription) VALUES ('Clas_1431947444224120UIPobCl_2', 'Clas_1431947444224120AccOfer_2ElemAcc_4', 'SIUTGSINCTIPOSINSTITUCION', 'Sincronizar', '');
INSERT INTO IUAction (idIU, idIUAction, IUActionName, IUActionAlias, IUActionDescription) VALUES ('Clas_1431947444224120UIPobCl_2', 'Clas_1431947444224120AccOfer_2ElemAcc_3', 'SIUeliminar', 'Eliminar', '');

-- PIU: TipoInstitucionC._Auto_
INSERT INTO IU (idIU, IUName, IUAlias, IUDescription, IUType) VALUES ('Clas_1431947444224120UIPobCl_Auto', '_Auto_', 'Tipo institución', '', 'P');
INSERT INTO IUAttribute (idIU, idIUAttribute, IUAttributeName, IUAttributeAlias, IUAttributeDescription) VALUES ('Clas_1431947444224120UIPobCl_Auto', 'Clas_1431947444224120CjtoVis_AutoICtjoVis_1', 'Codigo', 'Código', '');
INSERT INTO IUAttribute (idIU, idIUAttribute, IUAttributeName, IUAttributeAlias, IUAttributeDescription) VALUES ('Clas_1431947444224120UIPobCl_Auto', 'Clas_1431947444224120CjtoVis_AutoICtjoVis_2', 'Nombre', 'Nombre', '');
INSERT INTO IUAction (idIU, idIUAction, IUActionName, IUActionAlias, IUActionDescription) VALUES ('Clas_1431947444224120UIPobCl_Auto', 'Clas_1431947444224120AccOfer_AutoElemAcc_1', 'SIUcrear', 'Crear tipo de institución', '');
INSERT INTO IUAction (idIU, idIUAction, IUActionName, IUActionAlias, IUActionDescription) VALUES ('Clas_1431947444224120UIPobCl_Auto', 'Clas_1431947444224120AccOfer_AutoElemAcc_2', 'SIUeliminar', 'Eliminar tipo de institución', '');
INSERT INTO IUAction (idIU, idIUAction, IUActionName, IUActionAlias, IUActionDescription) VALUES ('Clas_1431947444224120UIPobCl_Auto', 'Clas_1431947444224120AccOfer_AutoElemAcc_3', 'SIUmodificar', 'Modificar tipo institución', '');
INSERT INTO IUAction (idIU, idIUAction, IUActionName, IUActionAlias, IUActionDescription) VALUES ('Clas_1431947444224120UIPobCl_Auto', 'Clas_1431947444224120AccOfer_AutoElemAcc_4', '_Auto_', 'Tipo institución', '');
INSERT INTO IUNavigation (idIU, idIUNavigation, IUNavigationName, IUNavigationAlias, IUNavigationDescription) VALUES ('Clas_1431947444224120UIPobCl_Auto', 'Clas_1431947444224120NavOfer_AutoElemNav_1', '_Auto_', 'Personas', '');

-- IIU: TipoInstitucionC._Auto_
INSERT INTO IU (idIU, IUName, IUAlias, IUDescription, IUType) VALUES ('Clas_1431947444224120UIInst_1', '_Auto_', 'Tipo institución', '', 'I');
INSERT INTO IUAction (idIU, idIUAction, IUActionName, IUActionAlias, IUActionDescription) VALUES ('Clas_1431947444224120UIInst_1', 'Clas_1431947444224120AccOfer_AutoElemAcc_1', 'SIUcrear', 'Crear tipo de institución', '');
INSERT INTO IUAction (idIU, idIUAction, IUActionName, IUActionAlias, IUActionDescription) VALUES ('Clas_1431947444224120UIInst_1', 'Clas_1431947444224120AccOfer_AutoElemAcc_2', 'SIUeliminar', 'Eliminar tipo de institución', '');
INSERT INTO IUAction (idIU, idIUAction, IUActionName, IUActionAlias, IUActionDescription) VALUES ('Clas_1431947444224120UIInst_1', 'Clas_1431947444224120AccOfer_AutoElemAcc_3', 'SIUmodificar', 'Modificar tipo institución', '');
INSERT INTO IUAction (idIU, idIUAction, IUActionName, IUActionAlias, IUActionDescription) VALUES ('Clas_1431947444224120UIInst_1', 'Clas_1431947444224120AccOfer_AutoElemAcc_4', '_Auto_', 'Tipo institución', '');
INSERT INTO IUNavigation (idIU, idIUNavigation, IUNavigationName, IUNavigationAlias, IUNavigationDescription) VALUES ('Clas_1431947444224120UIInst_1', 'Clas_1431947444224120NavOfer_AutoElemNav_1', '_Auto_', 'Personas', '');

-- SIU: TipoInstitucionC.SIUcrear
INSERT INTO IU (idIU, IUName, IUAlias, IUDescription, IUType) VALUES ('Clas_1431947444224120Ser_6UIServ_1', 'SIUcrear', 'Crear tipo de institución', '', 'S');
-- SIU: TipoInstitucionC.SIUeliminar
INSERT INTO IU (idIU, IUName, IUAlias, IUDescription, IUType) VALUES ('Clas_1431947444224120Ser_7UIServ_1', 'SIUeliminar', 'Eliminar tipo de institución', '', 'S');
-- SIU: TipoInstitucionC.SIUmodificar
INSERT INTO IU (idIU, IUName, IUAlias, IUDescription, IUType) VALUES ('Clas_1431947444224120Ser_8UIServ_1', 'SIUmodificar', 'Modificar tipo institución', '', 'S');

---------------------------------------------
-- CLASS AESOLICITUDES
---------------------------------------------
-- PIU: AESOLICITUDES._Auto_
INSERT INTO IU (idIU, IUName, IUAlias, IUDescription, IUType) VALUES ('Clas_1431956094976663UIPobCl_Auto', '_Auto_', 'Solicitud', '', 'P');
INSERT INTO IUAttribute (idIU, idIUAttribute, IUAttributeName, IUAttributeAlias, IUAttributeDescription) VALUES ('Clas_1431956094976663UIPobCl_Auto', 'Clas_1431956094976663CjtoVis_AutoICtjoVis_1', 'IDSOLICITUD', 'id_AE_SOLICITUDES', '');
INSERT INTO IUAttribute (idIU, idIUAttribute, IUAttributeName, IUAttributeAlias, IUAttributeDescription) VALUES ('Clas_1431956094976663UIPobCl_Auto', 'Clas_1431956094976663CjtoVis_AutoICtjoVis_2', 'NUMEROSOLICITUD', 'Nº Solicitud', '');
INSERT INTO IUAttribute (idIU, idIUAttribute, IUAttributeName, IUAttributeAlias, IUAttributeDescription) VALUES ('Clas_1431956094976663UIPobCl_Auto', 'Clas_1431956094976663CjtoVis_AutoICtjoVis_3', 'SWESTADO', 'Habilitada', '');
INSERT INTO IUAttribute (idIU, idIUAttribute, IUAttributeName, IUAttributeAlias, IUAttributeDescription) VALUES ('Clas_1431956094976663UIPobCl_Auto', 'Clas_1431956094976663CjtoVis_AutoICtjoVis_4', 'FECHAASIGNACION', 'Fecha asignación', '');
INSERT INTO IUAttribute (idIU, idIUAttribute, IUAttributeName, IUAttributeAlias, IUAttributeDescription) VALUES ('Clas_1431956094976663UIPobCl_Auto', 'Clas_1431956094976663CjtoVis_AutoICtjoVis_5', 'CDMOTANU', 'Desc. anulación', '');
INSERT INTO IUAttribute (idIU, idIUAttribute, IUAttributeName, IUAttributeAlias, IUAttributeDescription) VALUES ('Clas_1431956094976663UIPobCl_Auto', 'Clas_1431956094976663CjtoVis_AutoICtjoVis_6', 'CDMOTDEV', 'Desc. devolución', '');
INSERT INTO IUAttribute (idIU, idIUAttribute, IUAttributeName, IUAttributeAlias, IUAttributeDescription) VALUES ('Clas_1431956094976663UIPobCl_Auto', 'Clas_1431956094976663CjtoVis_AutoICtjoVis_7', 'FESOLICI', 'Fecha elaboración', '');
INSERT INTO IUAttribute (idIU, idIUAttribute, IUAttributeName, IUAttributeAlias, IUAttributeDescription) VALUES ('Clas_1431956094976663UIPobCl_Auto', 'Clas_1431956094976663CjtoVis_AutoICtjoVis_8', 'LOGIN', 'Usuario', '');
INSERT INTO IUAttribute (idIU, idIUAttribute, IUAttributeName, IUAttributeAlias, IUAttributeDescription) VALUES ('Clas_1431956094976663UIPobCl_Auto', 'Clas_1431956094976663CjtoVis_AutoICtjoVis_9', 'OBSERVACION', 'Observaciones', '');
INSERT INTO IUAttribute (idIU, idIUAttribute, IUAttributeName, IUAttributeAlias, IUAttributeDescription) VALUES ('Clas_1431956094976663UIPobCl_Auto', 'Clas_1431956094976663CjtoVis_AutoICtjoVis_10', 'TIPOSOLICITUD', 'Tipo solicitud', '');
INSERT INTO IUAction (idIU, idIUAction, IUActionName, IUActionAlias, IUActionDescription) VALUES ('Clas_1431956094976663UIPobCl_Auto', 'Clas_1431956094976663AccOfer_AutoElemAcc_1', 'SIUmodificarFechaElab', 'modificarFechaElab', '');
INSERT INTO IUAction (idIU, idIUAction, IUActionName, IUActionAlias, IUActionDescription) VALUES ('Clas_1431956094976663UIPobCl_Auto', 'Clas_1431956094976663AccOfer_AutoElemAcc_2', 'SIUTNUEVAAFILIACION', 'Nueva afiliación', '');
INSERT INTO IUAction (idIU, idIUAction, IUActionName, IUActionAlias, IUActionDescription) VALUES ('Clas_1431956094976663UIPobCl_Auto', 'Clas_1431956094976663AccOfer_AutoElemAcc_3', 'SIUTINCLUSIONSC', 'Inclusión', '');
INSERT INTO IUAction (idIU, idIUAction, IUActionName, IUActionAlias, IUActionDescription) VALUES ('Clas_1431956094976663UIPobCl_Auto', 'Clas_1431956094976663AccOfer_AutoElemAcc_4', '_Auto_', 'Solicitud', '');
INSERT INTO IUNavigation (idIU, idIUNavigation, IUNavigationName, IUNavigationAlias, IUNavigationDescription) VALUES ('Clas_1431956094976663UIPobCl_Auto', 'Clas_1431956094976663NavOfer_AutoElemNav_1', 'IIUSolicitudVacia', '', '');
INSERT INTO IUNavigation (idIU, idIUNavigation, IUNavigationName, IUNavigationAlias, IUNavigationDescription) VALUES ('Clas_1431956094976663UIPobCl_Auto', 'Clas_1431956094976663NavOfer_AutoElemNav_2', '_Auto_', 'Producto', '');
INSERT INTO IUNavigation (idIU, idIUNavigation, IUNavigationName, IUNavigationAlias, IUNavigationDescription) VALUES ('Clas_1431956094976663UIPobCl_Auto', 'Clas_1431956094976663NavOfer_AutoElemNav_3', '_Auto_', 'Plan', '');
INSERT INTO IUNavigation (idIU, idIUNavigation, IUNavigationName, IUNavigationAlias, IUNavigationDescription) VALUES ('Clas_1431956094976663UIPobCl_Auto', 'Clas_1431956094976663NavOfer_AutoElemNav_4', '_Auto_', 'Estado', '');

-- IIU: AESOLICITUDES._Auto_
INSERT INTO IU (idIU, IUName, IUAlias, IUDescription, IUType) VALUES ('Clas_1431956094976663UIInst_0', '_Auto_', 'Solicitud', '', 'I');
INSERT INTO IUAction (idIU, idIUAction, IUActionName, IUActionAlias, IUActionDescription) VALUES ('Clas_1431956094976663UIInst_0', 'Clas_1431956094976663AccOfer_AutoElemAcc_1', 'SIUmodificarFechaElab', 'modificarFechaElab', '');
INSERT INTO IUAction (idIU, idIUAction, IUActionName, IUActionAlias, IUActionDescription) VALUES ('Clas_1431956094976663UIInst_0', 'Clas_1431956094976663AccOfer_AutoElemAcc_2', 'SIUTNUEVAAFILIACION', 'Nueva afiliación', '');
INSERT INTO IUAction (idIU, idIUAction, IUActionName, IUActionAlias, IUActionDescription) VALUES ('Clas_1431956094976663UIInst_0', 'Clas_1431956094976663AccOfer_AutoElemAcc_3', 'SIUTINCLUSIONSC', 'Inclusión', '');
INSERT INTO IUAction (idIU, idIUAction, IUActionName, IUActionAlias, IUActionDescription) VALUES ('Clas_1431956094976663UIInst_0', 'Clas_1431956094976663AccOfer_AutoElemAcc_4', '_Auto_', 'Solicitud', '');
INSERT INTO IUNavigation (idIU, idIUNavigation, IUNavigationName, IUNavigationAlias, IUNavigationDescription) VALUES ('Clas_1431956094976663UIInst_0', 'Clas_1431956094976663NavOfer_AutoElemNav_1', 'IIUSolicitudVacia', '', '');
INSERT INTO IUNavigation (idIU, idIUNavigation, IUNavigationName, IUNavigationAlias, IUNavigationDescription) VALUES ('Clas_1431956094976663UIInst_0', 'Clas_1431956094976663NavOfer_AutoElemNav_2', '_Auto_', 'Producto', '');
INSERT INTO IUNavigation (idIU, idIUNavigation, IUNavigationName, IUNavigationAlias, IUNavigationDescription) VALUES ('Clas_1431956094976663UIInst_0', 'Clas_1431956094976663NavOfer_AutoElemNav_3', '_Auto_', 'Plan', '');
INSERT INTO IUNavigation (idIU, idIUNavigation, IUNavigationName, IUNavigationAlias, IUNavigationDescription) VALUES ('Clas_1431956094976663UIInst_0', 'Clas_1431956094976663NavOfer_AutoElemNav_4', '_Auto_', 'Estado', '');

-- SIU: AESOLICITUDES.SIUmodificarFechaElab
INSERT INTO IU (idIU, IUName, IUAlias, IUDescription, IUType) VALUES ('Clas_1431956094976663Ser_15UIServ_1', 'SIUmodificarFechaElab', 'modificarFechaElab', '', 'S');
-- SIU: AESOLICITUDES.SIUTNUEVAAFILIACION
INSERT INTO IU (idIU, IUName, IUAlias, IUDescription, IUType) VALUES ('Clas_1431956094976663Ser_9UIServ_1', 'SIUTNUEVAAFILIACION', 'Nueva afiliación', '', 'S');
-- SIU: AESOLICITUDES.SIUTINCLUSIONSC
INSERT INTO IU (idIU, IUName, IUAlias, IUDescription, IUType) VALUES ('Clas_1431956094976663Ser_13UIServ_1', 'SIUTINCLUSIONSC', 'Inclusión', '', 'S');

---------------------------------------------
-- CLASS Solicitud
---------------------------------------------
-- PIU: Solicitud.PIURadicados
INSERT INTO IU (idIU, IUName, IUAlias, IUDescription, IUType) VALUES ('Clas_1431957012480960UIPobCl_1', 'PIURadicados', 'Radicados', '', 'P');
INSERT INTO IUAttribute (idIU, idIUAttribute, IUAttributeName, IUAttributeAlias, IUAttributeDescription) VALUES ('Clas_1431957012480960UIPobCl_1', 'Clas_1431957012480960CjtoVis_1ICtjoVis_1', 'AESOLICITUDES.NUMEROSOLICITUD', 'Nº Solicitud', '');
INSERT INTO IUAttribute (idIU, idIUAttribute, IUAttributeName, IUAttributeAlias, IUAttributeDescription) VALUES ('Clas_1431957012480960UIPobCl_1', 'Clas_1431957012480960CjtoVis_1ICtjoVis_2', 'AESOLICITUDES.ProductoT.Descripcion', 'Producto', '');
INSERT INTO IUAttribute (idIU, idIUAttribute, IUAttributeName, IUAttributeAlias, IUAttributeDescription) VALUES ('Clas_1431957012480960UIPobCl_1', 'Clas_1431957012480960CjtoVis_1ICtjoVis_3', 'AESOLICITUDES.PlanT.Nombre', 'Plan', '');
INSERT INTO IUAttribute (idIU, idIUAttribute, IUAttributeName, IUAttributeAlias, IUAttributeDescription) VALUES ('Clas_1431957012480960UIPobCl_1', 'Clas_1431957012480960CjtoVis_1ICtjoVis_4', 'Tramite', 'Trámite', '');
INSERT INTO IUAttribute (idIU, idIUAttribute, IUAttributeName, IUAttributeAlias, IUAttributeDescription) VALUES ('Clas_1431957012480960UIPobCl_1', 'Clas_1431957012480960CjtoVis_1ICtjoVis_15', 'AESOLICITUDES.FECHAASIGNACION', 'Fecha elaboración', '');
INSERT INTO IUAttribute (idIU, idIUAttribute, IUAttributeName, IUAttributeAlias, IUAttributeDescription) VALUES ('Clas_1431957012480960UIPobCl_1', 'Clas_1431957012480960CjtoVis_1ICtjoVis_5', 'NumRadicado', 'Nº Solicitud', '');
INSERT INTO IUAttribute (idIU, idIUAttribute, IUAttributeName, IUAttributeAlias, IUAttributeDescription) VALUES ('Clas_1431957012480960UIPobCl_1', 'Clas_1431957012480960CjtoVis_1ICtjoVis_6', 'ContratantePersona.drvNombreCompleto', 'Contratante', '');
INSERT INTO IUAttribute (idIU, idIUAttribute, IUAttributeName, IUAttributeAlias, IUAttributeDescription) VALUES ('Clas_1431957012480960UIPobCl_1', 'Clas_1431957012480960CjtoVis_1ICtjoVis_10', 'TitularPersona.drvNombreCompleto', 'Titular', '');

-- PIU: Solicitud.PIUConsultarRadicado
INSERT INTO IU (idIU, IUName, IUAlias, IUDescription, IUType) VALUES ('Clas_1431957012480960UIPobCl_2', 'PIUConsultarRadicado', 'Consultar radicado', '', 'P');
INSERT INTO IUAttribute (idIU, idIUAttribute, IUAttributeName, IUAttributeAlias, IUAttributeDescription) VALUES ('Clas_1431957012480960UIPobCl_2', 'Clas_1431957012480960CjtoVis_2ICtjoVis_5', 'AESOLICITUDES.NUMEROSOLICITUD', 'Nº Solicitud', '');
INSERT INTO IUAttribute (idIU, idIUAttribute, IUAttributeName, IUAttributeAlias, IUAttributeDescription) VALUES ('Clas_1431957012480960UIPobCl_2', 'Clas_1431957012480960CjtoVis_2ICtjoVis_2', 'AESOLICITUDES.ProductoT.Descripcion', 'Producto', '');
INSERT INTO IUAttribute (idIU, idIUAttribute, IUAttributeName, IUAttributeAlias, IUAttributeDescription) VALUES ('Clas_1431957012480960UIPobCl_2', 'Clas_1431957012480960CjtoVis_2ICtjoVis_3', 'AESOLICITUDES.PlanT.Nombre', 'Plan', '');
INSERT INTO IUAttribute (idIU, idIUAttribute, IUAttributeName, IUAttributeAlias, IUAttributeDescription) VALUES ('Clas_1431957012480960UIPobCl_2', 'Clas_1431957012480960CjtoVis_2ICtjoVis_4', 'Tramite', 'Trámite', '');
INSERT INTO IUAction (idIU, idIUAction, IUActionName, IUActionAlias, IUActionDescription) VALUES ('Clas_1431957012480960UIPobCl_2', 'Clas_1431957012480960AccOfer_11ElemAcc_3', 'SIUdummyRedirigir', 'Modificar trámite', '');

-- PIU: Solicitud.PIUEnvioDoc
INSERT INTO IU (idIU, IUName, IUAlias, IUDescription, IUType) VALUES ('Clas_1431957012480960UIPobCl_3', 'PIUEnvioDoc', 'Envío de documentos', '', 'P');
INSERT INTO IUAttribute (idIU, idIUAttribute, IUAttributeName, IUAttributeAlias, IUAttributeDescription) VALUES ('Clas_1431957012480960UIPobCl_3', 'Clas_1431957012480960CjtoVis_3ICtjoVis_1', 'Tramite', 'Trámite', '');
INSERT INTO IUAttribute (idIU, idIUAttribute, IUAttributeName, IUAttributeAlias, IUAttributeDescription) VALUES ('Clas_1431957012480960UIPobCl_3', 'Clas_1431957012480960CjtoVis_3ICtjoVis_2', 'AESOLICITUDES.ProductoT.Descripcion', 'Producto', '');
INSERT INTO IUAttribute (idIU, idIUAttribute, IUAttributeName, IUAttributeAlias, IUAttributeDescription) VALUES ('Clas_1431957012480960UIPobCl_3', 'Clas_1431957012480960CjtoVis_3ICtjoVis_3', 'AESOLICITUDES.PlanT.Nombre', 'Plan', '');
INSERT INTO IUAttribute (idIU, idIUAttribute, IUAttributeName, IUAttributeAlias, IUAttributeDescription) VALUES ('Clas_1431957012480960UIPobCl_3', 'Clas_1431957012480960CjtoVis_3ICtjoVis_4', 'AESOLICITUDES.NUMEROSOLICITUD', 'Nº Solicitud', '');
INSERT INTO IUAttribute (idIU, idIUAttribute, IUAttributeName, IUAttributeAlias, IUAttributeDescription) VALUES ('Clas_1431957012480960UIPobCl_3', 'Clas_1431957012480960CjtoVis_3ICtjoVis_19', 'Estado', 'Estado', '');
INSERT INTO IUAttribute (idIU, idIUAttribute, IUAttributeName, IUAttributeAlias, IUAttributeDescription) VALUES ('Clas_1431957012480960UIPobCl_3', 'Clas_1431957012480960CjtoVis_3ICtjoVis_6', 'NumContrato', 'Nº Contrato', '');
INSERT INTO IUAttribute (idIU, idIUAttribute, IUAttributeName, IUAttributeAlias, IUAttributeDescription) VALUES ('Clas_1431957012480960UIPobCl_3', 'Clas_1431957012480960CjtoVis_3ICtjoVis_17', 'DocsEnviados', 'Doc. Enviada', '');
INSERT INTO IUAttribute (idIU, idIUAttribute, IUAttributeName, IUAttributeAlias, IUAttributeDescription) VALUES ('Clas_1431957012480960UIPobCl_3', 'Clas_1431957012480960CjtoVis_3ICtjoVis_11', 'Agente.Usuario', 'Usuario', '');
INSERT INTO IUAttribute (idIU, idIUAttribute, IUAttributeName, IUAttributeAlias, IUAttributeDescription) VALUES ('Clas_1431957012480960UIPobCl_3', 'Clas_1431957012480960CjtoVis_3ICtjoVis_12', 'TieneDifLiquidacion', 'Diferencias liquidación', '');
INSERT INTO IUAttribute (idIU, idIUAttribute, IUAttributeName, IUAttributeAlias, IUAttributeDescription) VALUES ('Clas_1431957012480960UIPobCl_3', 'Clas_1431957012480960CjtoVis_3ICtjoVis_18', 'drvTieneSegundaFirma', 'Segunda firma', '');
INSERT INTO IUAttribute (idIU, idIUAttribute, IUAttributeName, IUAttributeAlias, IUAttributeDescription) VALUES ('Clas_1431957012480960UIPobCl_3', 'Clas_1431957012480960CjtoVis_3ICtjoVis_20', 'EstadoDoc', 'Estado documentación', '');
INSERT INTO IUAction (idIU, idIUAction, IUActionName, IUActionAlias, IUActionDescription) VALUES ('Clas_1431957012480960UIPobCl_3', 'Clas_1431957012480960AccOfer_10ElemAcc_7', 'SIUTENVIARDOC', 'Selección/Envío de documentación', '');
INSERT INTO IUAction (idIU, idIUAction, IUActionName, IUActionAlias, IUActionDescription) VALUES ('Clas_1431957012480960UIPobCl_3', 'Clas_1431957012480960AccOfer_10ElemAcc_5', 'SIUdummyPreexistencias', 'Preexistencias', '');
INSERT INTO IUAction (idIU, idIUAction, IUActionName, IUActionAlias, IUActionDescription) VALUES ('Clas_1431957012480960UIPobCl_3', 'Clas_1431957012480960AccOfer_10ElemAcc_3', 'SIUdummyDiferenciasLiq', 'Ver detalle diferencias liquidación', '');

-- PIU: Solicitud.PIUEstatusSolicitudesAdmin
INSERT INTO IU (idIU, IUName, IUAlias, IUDescription, IUType) VALUES ('Clas_1431957012480960UIPobCl_4', 'PIUEstatusSolicitudesAdmin', 'Estatus de solicitudes', '', 'P');
INSERT INTO IUAttribute (idIU, idIUAttribute, IUAttributeName, IUAttributeAlias, IUAttributeDescription) VALUES ('Clas_1431957012480960UIPobCl_4', 'Clas_1431957012480960CjtoVis_21ICtjoVis_1', 'AESOLICITUDES.ProductoT.Descripcion', 'Producto', '');
INSERT INTO IUAttribute (idIU, idIUAttribute, IUAttributeName, IUAttributeAlias, IUAttributeDescription) VALUES ('Clas_1431957012480960UIPobCl_4', 'Clas_1431957012480960CjtoVis_21ICtjoVis_2', 'AESOLICITUDES.PlanT.Nombre', 'Plan', '');
INSERT INTO IUAttribute (idIU, idIUAttribute, IUAttributeName, IUAttributeAlias, IUAttributeDescription) VALUES ('Clas_1431957012480960UIPobCl_4', 'Clas_1431957012480960CjtoVis_21ICtjoVis_22', 'EstadoDoc', 'Estado documentación', '');
INSERT INTO IUAttribute (idIU, idIUAttribute, IUAttributeName, IUAttributeAlias, IUAttributeDescription) VALUES ('Clas_1431957012480960UIPobCl_4', 'Clas_1431957012480960CjtoVis_21ICtjoVis_3', 'Estado', 'Estado', '');
INSERT INTO IUAttribute (idIU, idIUAttribute, IUAttributeName, IUAttributeAlias, IUAttributeDescription) VALUES ('Clas_1431957012480960UIPobCl_4', 'Clas_1431957012480960CjtoVis_21ICtjoVis_5', 'FechaCompletada', 'Fecha Marca Completada', '');
INSERT INTO IUAttribute (idIU, idIUAttribute, IUAttributeName, IUAttributeAlias, IUAttributeDescription) VALUES ('Clas_1431957012480960UIPobCl_4', 'Clas_1431957012480960CjtoVis_21ICtjoVis_6', 'FechaUltimoDoc', 'Fecha Último Documento', '');
INSERT INTO IUAttribute (idIU, idIUAttribute, IUAttributeName, IUAttributeAlias, IUAttributeDescription) VALUES ('Clas_1431957012480960UIPobCl_4', 'Clas_1431957012480960CjtoVis_21ICtjoVis_7', 'FInicioContrato', 'Fecha Inicio Contratación', '');
INSERT INTO IUAttribute (idIU, idIUAttribute, IUAttributeName, IUAttributeAlias, IUAttributeDescription) VALUES ('Clas_1431957012480960UIPobCl_4', 'Clas_1431957012480960CjtoVis_21ICtjoVis_8', 'AESOLICITUDES.NUMEROSOLICITUD', 'Nº Solicitud', '');
INSERT INTO IUAttribute (idIU, idIUAttribute, IUAttributeName, IUAttributeAlias, IUAttributeDescription) VALUES ('Clas_1431957012480960UIPobCl_4', 'Clas_1431957012480960CjtoVis_21ICtjoVis_9', 'Tramite', 'Trámite', '');
INSERT INTO IUAttribute (idIU, idIUAttribute, IUAttributeName, IUAttributeAlias, IUAttributeDescription) VALUES ('Clas_1431957012480960UIPobCl_4', 'Clas_1431957012480960CjtoVis_21ICtjoVis_11', 'drvNumContrato', 'Nº Contrato', '');
INSERT INTO IUAttribute (idIU, idIUAttribute, IUAttributeName, IUAttributeAlias, IUAttributeDescription) VALUES ('Clas_1431957012480960UIPobCl_4', 'Clas_1431957012480960CjtoVis_21ICtjoVis_12', 'Agente.drvNombreCompleto', 'Asesor', '');
INSERT INTO IUAttribute (idIU, idIUAttribute, IUAttributeName, IUAttributeAlias, IUAttributeDescription) VALUES ('Clas_1431957012480960UIPobCl_4', 'Clas_1431957012480960CjtoVis_21ICtjoVis_23', 'Prioridad', 'Prioridad', '');
INSERT INTO IUAttribute (idIU, idIUAttribute, IUAttributeName, IUAttributeAlias, IUAttributeDescription) VALUES ('Clas_1431957012480960UIPobCl_4', 'Clas_1431957012480960CjtoVis_21ICtjoVis_26', 'drvSemaforoGrabAse', 'Semáforo Grab. Afiliaciones/Asesor', '');
INSERT INTO IUAttribute (idIU, idIUAttribute, IUAttributeName, IUAttributeAlias, IUAttributeDescription) VALUES ('Clas_1431957012480960UIPobCl_4', 'Clas_1431957012480960CjtoVis_21ICtjoVis_28', 'UsrAfiliacion.drvNombreCompleto', 'Afiliaciones', '');
INSERT INTO IUAttribute (idIU, idIUAttribute, IUAttributeName, IUAttributeAlias, IUAttributeDescription) VALUES ('Clas_1431957012480960UIPobCl_4', 'Clas_1431957012480960CjtoVis_21ICtjoVis_30', 'drvSemaforoAreaMed', 'Semáforo Área Médica', '');
INSERT INTO IUAttribute (idIU, idIUAttribute, IUAttributeName, IUAttributeAlias, IUAttributeDescription) VALUES ('Clas_1431957012480960UIPobCl_4', 'Clas_1431957012480960CjtoVis_21ICtjoVis_29', 'UsrAreaMedica.drvNombreCompleto', 'Área Médica', '');
INSERT INTO IUAction (idIU, idIUAction, IUActionName, IUActionAlias, IUActionDescription) VALUES ('Clas_1431957012480960UIPobCl_4', 'Clas_1431957012480960AccOfer_15ElemAcc_2', 'SIUdummyReplicarSolicitud', 'Replicar solicitud', '');
INSERT INTO IUAction (idIU, idIUAction, IUActionName, IUActionAlias, IUActionDescription) VALUES ('Clas_1431957012480960UIPobCl_4', 'Clas_1431957012480960AccOfer_15ElemAcc_3', 'SIUdummyVerPDF', 'Ver PDF', '');
INSERT INTO IUAction (idIU, idIUAction, IUActionName, IUActionAlias, IUActionDescription) VALUES ('Clas_1431957012480960UIPobCl_4', 'Clas_1431957012480960AccOfer_15ElemAcc_4', 'SIUTMOSTRARDOCUMENTOSTODOS', 'Documentos', '');
INSERT INTO IUAction (idIU, idIUAction, IUActionName, IUActionAlias, IUActionDescription) VALUES ('Clas_1431957012480960UIPobCl_4', 'Clas_1431957012480960AccOfer_15ElemAcc_18', 'SIUTREASIGNARUSUARIOS', 'Reasignación de solicitud', '');
INSERT INTO IUAction (idIU, idIUAction, IUActionName, IUActionAlias, IUActionDescription) VALUES ('Clas_1431957012480960UIPobCl_4', 'Clas_1431957012480960AccOfer_15ElemAcc_6', 'SIUTCAMBIARESTADOERROR', 'Cambiar estado a error', '');
INSERT INTO IUAction (idIU, idIUAction, IUActionName, IUActionAlias, IUActionDescription) VALUES ('Clas_1431957012480960UIPobCl_4', 'Clas_1431957012480960AccOfer_15ElemAcc_7', 'SIUTCAMBIARESTDEVAREAMED', 'Cambiar estado a devuelta área médica', '');
INSERT INTO IUAction (idIU, idIUAction, IUActionName, IUActionAlias, IUActionDescription) VALUES ('Clas_1431957012480960UIPobCl_4', 'Clas_1431957012480960AccOfer_15ElemAcc_8', 'SIUTCAMBIARESTPENDMEDICO', 'Cambiar estado a pendiente médico', '');
INSERT INTO IUAction (idIU, idIUAction, IUActionName, IUActionAlias, IUActionDescription) VALUES ('Clas_1431957012480960UIPobCl_4', 'Clas_1431957012480960AccOfer_15ElemAcc_14', 'SIUTCAMBIARESTAPROBMEDICO', 'Cambiar estado aprobado médico', '');
INSERT INTO IUAction (idIU, idIUAction, IUActionName, IUActionAlias, IUActionDescription) VALUES ('Clas_1431957012480960UIPobCl_4', 'Clas_1431957012480960AccOfer_15ElemAcc_9', 'SIUTCAMBIARESTANULADO', 'Cambiar estado a anulada', '');
INSERT INTO IUAction (idIU, idIUAction, IUActionName, IUActionAlias, IUActionDescription) VALUES ('Clas_1431957012480960UIPobCl_4', 'Clas_1431957012480960AccOfer_15ElemAcc_15', 'SIUTCAMBIARESTADOADMIN', 'Cambiar estado', '');
INSERT INTO IUNavigation (idIU, idIUNavigation, IUNavigationName, IUNavigationAlias, IUNavigationDescription) VALUES ('Clas_1431957012480960UIPobCl_4', 'Clas_1431957012480960NavOfer_4ElemNav_7', 'IIUSolicitudEstatusVerMas', 'Ver Más', '');
INSERT INTO IUNavigation (idIU, idIUNavigation, IUNavigationName, IUNavigationAlias, IUNavigationDescription) VALUES ('Clas_1431957012480960UIPobCl_4', 'Clas_1431957012480960NavOfer_4ElemNav_1', 'PIUUsuarioDePIUStatusSol', 'Detalle de usuarios', '');
INSERT INTO IUNavigation (idIU, idIUNavigation, IUNavigationName, IUNavigationAlias, IUNavigationDescription) VALUES ('Clas_1431957012480960UIPobCl_4', 'Clas_1431957012480960NavOfer_4ElemNav_2', 'PIUErrorWS', 'Ver errores', '');
INSERT INTO IUNavigation (idIU, idIUNavigation, IUNavigationName, IUNavigationAlias, IUNavigationDescription) VALUES ('Clas_1431957012480960UIPobCl_4', 'Clas_1431957012480960NavOfer_4ElemNav_4', 'PIULogEstado', 'Historico Estados', '');
INSERT INTO IUNavigation (idIU, idIUNavigation, IUNavigationName, IUNavigationAlias, IUNavigationDescription) VALUES ('Clas_1431957012480960UIPobCl_4', 'Clas_1431957012480960NavOfer_4ElemNav_5', 'PIULogAsignaciones', 'Log Asignaciones', '');

-- PIU: Solicitud.PIUEstatusSolicitudesAfil
INSERT INTO IU (idIU, IUName, IUAlias, IUDescription, IUType) VALUES ('Clas_1431957012480960UIPobCl_5', 'PIUEstatusSolicitudesAfil', 'Estatus de solicitudes', '', 'P');
INSERT INTO IUAttribute (idIU, idIUAttribute, IUAttributeName, IUAttributeAlias, IUAttributeDescription) VALUES ('Clas_1431957012480960UIPobCl_5', 'Clas_1431957012480960CjtoVis_23ICtjoVis_1', 'AESOLICITUDES.ProductoT.Descripcion', 'Producto', '');
INSERT INTO IUAttribute (idIU, idIUAttribute, IUAttributeName, IUAttributeAlias, IUAttributeDescription) VALUES ('Clas_1431957012480960UIPobCl_5', 'Clas_1431957012480960CjtoVis_23ICtjoVis_2', 'AESOLICITUDES.PlanT.Nombre', 'Plan', '');
INSERT INTO IUAttribute (idIU, idIUAttribute, IUAttributeName, IUAttributeAlias, IUAttributeDescription) VALUES ('Clas_1431957012480960UIPobCl_5', 'Clas_1431957012480960CjtoVis_23ICtjoVis_3', 'EstadoDoc', 'Estado documentación', '');
INSERT INTO IUAttribute (idIU, idIUAttribute, IUAttributeName, IUAttributeAlias, IUAttributeDescription) VALUES ('Clas_1431957012480960UIPobCl_5', 'Clas_1431957012480960CjtoVis_23ICtjoVis_17', 'DrvEstadoHomologado', 'Estado', '');
INSERT INTO IUAttribute (idIU, idIUAttribute, IUAttributeName, IUAttributeAlias, IUAttributeDescription) VALUES ('Clas_1431957012480960UIPobCl_5', 'Clas_1431957012480960CjtoVis_23ICtjoVis_5', 'FechaCompletada', 'Fecha Marca Completada', '');
INSERT INTO IUAttribute (idIU, idIUAttribute, IUAttributeName, IUAttributeAlias, IUAttributeDescription) VALUES ('Clas_1431957012480960UIPobCl_5', 'Clas_1431957012480960CjtoVis_23ICtjoVis_6', 'FechaUltimoDoc', 'Fecha Último Documento', '');
INSERT INTO IUAttribute (idIU, idIUAttribute, IUAttributeName, IUAttributeAlias, IUAttributeDescription) VALUES ('Clas_1431957012480960UIPobCl_5', 'Clas_1431957012480960CjtoVis_23ICtjoVis_7', 'FInicioContrato', 'Fecha Inicio Contratación', '');
INSERT INTO IUAttribute (idIU, idIUAttribute, IUAttributeName, IUAttributeAlias, IUAttributeDescription) VALUES ('Clas_1431957012480960UIPobCl_5', 'Clas_1431957012480960CjtoVis_23ICtjoVis_8', 'AESOLICITUDES.NUMEROSOLICITUD', 'Nº Solicitud', '');
INSERT INTO IUAttribute (idIU, idIUAttribute, IUAttributeName, IUAttributeAlias, IUAttributeDescription) VALUES ('Clas_1431957012480960UIPobCl_5', 'Clas_1431957012480960CjtoVis_23ICtjoVis_9', 'Tramite', 'Trámite', '');
INSERT INTO IUAttribute (idIU, idIUAttribute, IUAttributeName, IUAttributeAlias, IUAttributeDescription) VALUES ('Clas_1431957012480960UIPobCl_5', 'Clas_1431957012480960CjtoVis_23ICtjoVis_10', 'drvNumContrato', 'Nº Contrato', '');
INSERT INTO IUAttribute (idIU, idIUAttribute, IUAttributeName, IUAttributeAlias, IUAttributeDescription) VALUES ('Clas_1431957012480960UIPobCl_5', 'Clas_1431957012480960CjtoVis_23ICtjoVis_12', 'Prioridad', 'Prioridad', '');
INSERT INTO IUAttribute (idIU, idIUAttribute, IUAttributeName, IUAttributeAlias, IUAttributeDescription) VALUES ('Clas_1431957012480960UIPobCl_5', 'Clas_1431957012480960CjtoVis_23ICtjoVis_14', 'drvSemaforoGrabAse', 'Semáforo Grab. Afiliaciones/Asesor', '');
INSERT INTO IUAttribute (idIU, idIUAttribute, IUAttributeName, IUAttributeAlias, IUAttributeDescription) VALUES ('Clas_1431957012480960UIPobCl_5', 'Clas_1431957012480960CjtoVis_23ICtjoVis_11', 'Agente.drvNombreCompleto', 'Asesor', '');
INSERT INTO IUAction (idIU, idIUAction, IUActionName, IUActionAlias, IUActionDescription) VALUES ('Clas_1431957012480960UIPobCl_5', 'Clas_1431957012480960AccOfer_15ElemAcc_2', 'SIUdummyReplicarSolicitud', 'Replicar solicitud', '');
INSERT INTO IUAction (idIU, idIUAction, IUActionName, IUActionAlias, IUActionDescription) VALUES ('Clas_1431957012480960UIPobCl_5', 'Clas_1431957012480960AccOfer_15ElemAcc_3', 'SIUdummyVerPDF', 'Ver PDF', '');
INSERT INTO IUAction (idIU, idIUAction, IUActionName, IUActionAlias, IUActionDescription) VALUES ('Clas_1431957012480960UIPobCl_5', 'Clas_1431957012480960AccOfer_15ElemAcc_4', 'SIUTMOSTRARDOCUMENTOSTODOS', 'Documentos', '');
INSERT INTO IUAction (idIU, idIUAction, IUActionName, IUActionAlias, IUActionDescription) VALUES ('Clas_1431957012480960UIPobCl_5', 'Clas_1431957012480960AccOfer_15ElemAcc_18', 'SIUTREASIGNARUSUARIOS', 'Reasignación de solicitud', '');
INSERT INTO IUAction (idIU, idIUAction, IUActionName, IUActionAlias, IUActionDescription) VALUES ('Clas_1431957012480960UIPobCl_5', 'Clas_1431957012480960AccOfer_15ElemAcc_6', 'SIUTCAMBIARESTADOERROR', 'Cambiar estado a error', '');
INSERT INTO IUAction (idIU, idIUAction, IUActionName, IUActionAlias, IUActionDescription) VALUES ('Clas_1431957012480960UIPobCl_5', 'Clas_1431957012480960AccOfer_15ElemAcc_7', 'SIUTCAMBIARESTDEVAREAMED', 'Cambiar estado a devuelta área médica', '');
INSERT INTO IUAction (idIU, idIUAction, IUActionName, IUActionAlias, IUActionDescription) VALUES ('Clas_1431957012480960UIPobCl_5', 'Clas_1431957012480960AccOfer_15ElemAcc_8', 'SIUTCAMBIARESTPENDMEDICO', 'Cambiar estado a pendiente médico', '');
INSERT INTO IUAction (idIU, idIUAction, IUActionName, IUActionAlias, IUActionDescription) VALUES ('Clas_1431957012480960UIPobCl_5', 'Clas_1431957012480960AccOfer_15ElemAcc_14', 'SIUTCAMBIARESTAPROBMEDICO', 'Cambiar estado aprobado médico', '');
INSERT INTO IUAction (idIU, idIUAction, IUActionName, IUActionAlias, IUActionDescription) VALUES ('Clas_1431957012480960UIPobCl_5', 'Clas_1431957012480960AccOfer_15ElemAcc_9', 'SIUTCAMBIARESTANULADO', 'Cambiar estado a anulada', '');
INSERT INTO IUAction (idIU, idIUAction, IUActionName, IUActionAlias, IUActionDescription) VALUES ('Clas_1431957012480960UIPobCl_5', 'Clas_1431957012480960AccOfer_15ElemAcc_15', 'SIUTCAMBIARESTADOADMIN', 'Cambiar estado', '');
INSERT INTO IUNavigation (idIU, idIUNavigation, IUNavigationName, IUNavigationAlias, IUNavigationDescription) VALUES ('Clas_1431957012480960UIPobCl_5', 'Clas_1431957012480960NavOfer_4ElemNav_7', 'IIUSolicitudEstatusVerMas', 'Ver Más', '');
INSERT INTO IUNavigation (idIU, idIUNavigation, IUNavigationName, IUNavigationAlias, IUNavigationDescription) VALUES ('Clas_1431957012480960UIPobCl_5', 'Clas_1431957012480960NavOfer_4ElemNav_1', 'PIUUsuarioDePIUStatusSol', 'Detalle de usuarios', '');
INSERT INTO IUNavigation (idIU, idIUNavigation, IUNavigationName, IUNavigationAlias, IUNavigationDescription) VALUES ('Clas_1431957012480960UIPobCl_5', 'Clas_1431957012480960NavOfer_4ElemNav_2', 'PIUErrorWS', 'Ver errores', '');
INSERT INTO IUNavigation (idIU, idIUNavigation, IUNavigationName, IUNavigationAlias, IUNavigationDescription) VALUES ('Clas_1431957012480960UIPobCl_5', 'Clas_1431957012480960NavOfer_4ElemNav_4', 'PIULogEstado', 'Historico Estados', '');
INSERT INTO IUNavigation (idIU, idIUNavigation, IUNavigationName, IUNavigationAlias, IUNavigationDescription) VALUES ('Clas_1431957012480960UIPobCl_5', 'Clas_1431957012480960NavOfer_4ElemNav_5', 'PIULogAsignaciones', 'Log Asignaciones', '');

-- PIU: Solicitud.PIUEstatusSolicitudesAreaMed
INSERT INTO IU (idIU, IUName, IUAlias, IUDescription, IUType) VALUES ('Clas_1431957012480960UIPobCl_6', 'PIUEstatusSolicitudesAreaMed', 'Estatus de solicitudes', '', 'P');
INSERT INTO IUAttribute (idIU, idIUAttribute, IUAttributeName, IUAttributeAlias, IUAttributeDescription) VALUES ('Clas_1431957012480960UIPobCl_6', 'Clas_1431957012480960CjtoVis_24ICtjoVis_1', 'AESOLICITUDES.ProductoT.Descripcion', 'Producto', '');
INSERT INTO IUAttribute (idIU, idIUAttribute, IUAttributeName, IUAttributeAlias, IUAttributeDescription) VALUES ('Clas_1431957012480960UIPobCl_6', 'Clas_1431957012480960CjtoVis_24ICtjoVis_2', 'AESOLICITUDES.PlanT.Nombre', 'Plan', '');
INSERT INTO IUAttribute (idIU, idIUAttribute, IUAttributeName, IUAttributeAlias, IUAttributeDescription) VALUES ('Clas_1431957012480960UIPobCl_6', 'Clas_1431957012480960CjtoVis_24ICtjoVis_3', 'EstadoDoc', 'Estado documentación', '');
INSERT INTO IUAttribute (idIU, idIUAttribute, IUAttributeName, IUAttributeAlias, IUAttributeDescription) VALUES ('Clas_1431957012480960UIPobCl_6', 'Clas_1431957012480960CjtoVis_24ICtjoVis_17', 'DrvEstadoHomologado', 'Estado', '');
INSERT INTO IUAttribute (idIU, idIUAttribute, IUAttributeName, IUAttributeAlias, IUAttributeDescription) VALUES ('Clas_1431957012480960UIPobCl_6', 'Clas_1431957012480960CjtoVis_24ICtjoVis_5', 'FechaCompletada', 'Fecha Marca Completada', '');
INSERT INTO IUAttribute (idIU, idIUAttribute, IUAttributeName, IUAttributeAlias, IUAttributeDescription) VALUES ('Clas_1431957012480960UIPobCl_6', 'Clas_1431957012480960CjtoVis_24ICtjoVis_6', 'FechaUltimoDoc', 'Fecha Último Documento', '');
INSERT INTO IUAttribute (idIU, idIUAttribute, IUAttributeName, IUAttributeAlias, IUAttributeDescription) VALUES ('Clas_1431957012480960UIPobCl_6', 'Clas_1431957012480960CjtoVis_24ICtjoVis_7', 'FInicioContrato', 'Fecha Inicio Contratación', '');
INSERT INTO IUAttribute (idIU, idIUAttribute, IUAttributeName, IUAttributeAlias, IUAttributeDescription) VALUES ('Clas_1431957012480960UIPobCl_6', 'Clas_1431957012480960CjtoVis_24ICtjoVis_8', 'AESOLICITUDES.NUMEROSOLICITUD', 'Nº Solicitud', '');
INSERT INTO IUAttribute (idIU, idIUAttribute, IUAttributeName, IUAttributeAlias, IUAttributeDescription) VALUES ('Clas_1431957012480960UIPobCl_6', 'Clas_1431957012480960CjtoVis_24ICtjoVis_9', 'Tramite', 'Trámite', '');
INSERT INTO IUAttribute (idIU, idIUAttribute, IUAttributeName, IUAttributeAlias, IUAttributeDescription) VALUES ('Clas_1431957012480960UIPobCl_6', 'Clas_1431957012480960CjtoVis_24ICtjoVis_10', 'drvNumContrato', 'Nº Contrato', '');
INSERT INTO IUAttribute (idIU, idIUAttribute, IUAttributeName, IUAttributeAlias, IUAttributeDescription) VALUES ('Clas_1431957012480960UIPobCl_6', 'Clas_1431957012480960CjtoVis_24ICtjoVis_12', 'Prioridad', 'Prioridad', '');
INSERT INTO IUAttribute (idIU, idIUAttribute, IUAttributeName, IUAttributeAlias, IUAttributeDescription) VALUES ('Clas_1431957012480960UIPobCl_6', 'Clas_1431957012480960CjtoVis_24ICtjoVis_16', 'drvSemaforoAreaMed', 'Semáforo Área Médica', '');
INSERT INTO IUAttribute (idIU, idIUAttribute, IUAttributeName, IUAttributeAlias, IUAttributeDescription) VALUES ('Clas_1431957012480960UIPobCl_6', 'Clas_1431957012480960CjtoVis_24ICtjoVis_11', 'Agente.drvNombreCompleto', 'Asesor', '');
INSERT INTO IUAction (idIU, idIUAction, IUActionName, IUActionAlias, IUActionDescription) VALUES ('Clas_1431957012480960UIPobCl_6', 'Clas_1431957012480960AccOfer_15ElemAcc_2', 'SIUdummyReplicarSolicitud', 'Replicar solicitud', '');
INSERT INTO IUAction (idIU, idIUAction, IUActionName, IUActionAlias, IUActionDescription) VALUES ('Clas_1431957012480960UIPobCl_6', 'Clas_1431957012480960AccOfer_15ElemAcc_3', 'SIUdummyVerPDF', 'Ver PDF', '');
INSERT INTO IUAction (idIU, idIUAction, IUActionName, IUActionAlias, IUActionDescription) VALUES ('Clas_1431957012480960UIPobCl_6', 'Clas_1431957012480960AccOfer_15ElemAcc_4', 'SIUTMOSTRARDOCUMENTOSTODOS', 'Documentos', '');
INSERT INTO IUAction (idIU, idIUAction, IUActionName, IUActionAlias, IUActionDescription) VALUES ('Clas_1431957012480960UIPobCl_6', 'Clas_1431957012480960AccOfer_15ElemAcc_18', 'SIUTREASIGNARUSUARIOS', 'Reasignación de solicitud', '');
INSERT INTO IUAction (idIU, idIUAction, IUActionName, IUActionAlias, IUActionDescription) VALUES ('Clas_1431957012480960UIPobCl_6', 'Clas_1431957012480960AccOfer_15ElemAcc_6', 'SIUTCAMBIARESTADOERROR', 'Cambiar estado a error', '');
INSERT INTO IUAction (idIU, idIUAction, IUActionName, IUActionAlias, IUActionDescription) VALUES ('Clas_1431957012480960UIPobCl_6', 'Clas_1431957012480960AccOfer_15ElemAcc_7', 'SIUTCAMBIARESTDEVAREAMED', 'Cambiar estado a devuelta área médica', '');
INSERT INTO IUAction (idIU, idIUAction, IUActionName, IUActionAlias, IUActionDescription) VALUES ('Clas_1431957012480960UIPobCl_6', 'Clas_1431957012480960AccOfer_15ElemAcc_8', 'SIUTCAMBIARESTPENDMEDICO', 'Cambiar estado a pendiente médico', '');
INSERT INTO IUAction (idIU, idIUAction, IUActionName, IUActionAlias, IUActionDescription) VALUES ('Clas_1431957012480960UIPobCl_6', 'Clas_1431957012480960AccOfer_15ElemAcc_14', 'SIUTCAMBIARESTAPROBMEDICO', 'Cambiar estado aprobado médico', '');
INSERT INTO IUAction (idIU, idIUAction, IUActionName, IUActionAlias, IUActionDescription) VALUES ('Clas_1431957012480960UIPobCl_6', 'Clas_1431957012480960AccOfer_15ElemAcc_9', 'SIUTCAMBIARESTANULADO', 'Cambiar estado a anulada', '');
INSERT INTO IUAction (idIU, idIUAction, IUActionName, IUActionAlias, IUActionDescription) VALUES ('Clas_1431957012480960UIPobCl_6', 'Clas_1431957012480960AccOfer_15ElemAcc_15', 'SIUTCAMBIARESTADOADMIN', 'Cambiar estado', '');
INSERT INTO IUNavigation (idIU, idIUNavigation, IUNavigationName, IUNavigationAlias, IUNavigationDescription) VALUES ('Clas_1431957012480960UIPobCl_6', 'Clas_1431957012480960NavOfer_4ElemNav_7', 'IIUSolicitudEstatusVerMas', 'Ver Más', '');
INSERT INTO IUNavigation (idIU, idIUNavigation, IUNavigationName, IUNavigationAlias, IUNavigationDescription) VALUES ('Clas_1431957012480960UIPobCl_6', 'Clas_1431957012480960NavOfer_4ElemNav_1', 'PIUUsuarioDePIUStatusSol', 'Detalle de usuarios', '');
INSERT INTO IUNavigation (idIU, idIUNavigation, IUNavigationName, IUNavigationAlias, IUNavigationDescription) VALUES ('Clas_1431957012480960UIPobCl_6', 'Clas_1431957012480960NavOfer_4ElemNav_2', 'PIUErrorWS', 'Ver errores', '');
INSERT INTO IUNavigation (idIU, idIUNavigation, IUNavigationName, IUNavigationAlias, IUNavigationDescription) VALUES ('Clas_1431957012480960UIPobCl_6', 'Clas_1431957012480960NavOfer_4ElemNav_4', 'PIULogEstado', 'Historico Estados', '');
INSERT INTO IUNavigation (idIU, idIUNavigation, IUNavigationName, IUNavigationAlias, IUNavigationDescription) VALUES ('Clas_1431957012480960UIPobCl_6', 'Clas_1431957012480960NavOfer_4ElemNav_5', 'PIULogAsignaciones', 'Log Asignaciones', '');

-- PIU: Solicitud.PIUEstatusSolicitudesAsesor
INSERT INTO IU (idIU, IUName, IUAlias, IUDescription, IUType) VALUES ('Clas_1431957012480960UIPobCl_7', 'PIUEstatusSolicitudesAsesor', 'Estatus de solicitudes', '', 'P');
INSERT INTO IUAttribute (idIU, idIUAttribute, IUAttributeName, IUAttributeAlias, IUAttributeDescription) VALUES ('Clas_1431957012480960UIPobCl_7', 'Clas_1431957012480960CjtoVis_25ICtjoVis_1', 'AESOLICITUDES.ProductoT.Descripcion', 'Producto', '');
INSERT INTO IUAttribute (idIU, idIUAttribute, IUAttributeName, IUAttributeAlias, IUAttributeDescription) VALUES ('Clas_1431957012480960UIPobCl_7', 'Clas_1431957012480960CjtoVis_25ICtjoVis_2', 'AESOLICITUDES.PlanT.Nombre', 'Plan', '');
INSERT INTO IUAttribute (idIU, idIUAttribute, IUAttributeName, IUAttributeAlias, IUAttributeDescription) VALUES ('Clas_1431957012480960UIPobCl_7', 'Clas_1431957012480960CjtoVis_25ICtjoVis_3', 'EstadoDoc', 'Estado documentación', '');
INSERT INTO IUAttribute (idIU, idIUAttribute, IUAttributeName, IUAttributeAlias, IUAttributeDescription) VALUES ('Clas_1431957012480960UIPobCl_7', 'Clas_1431957012480960CjtoVis_25ICtjoVis_17', 'DrvEstadoHomologado', 'Estado', '');
INSERT INTO IUAttribute (idIU, idIUAttribute, IUAttributeName, IUAttributeAlias, IUAttributeDescription) VALUES ('Clas_1431957012480960UIPobCl_7', 'Clas_1431957012480960CjtoVis_25ICtjoVis_5', 'FechaCompletada', 'Fecha Marca Completada', '');
INSERT INTO IUAttribute (idIU, idIUAttribute, IUAttributeName, IUAttributeAlias, IUAttributeDescription) VALUES ('Clas_1431957012480960UIPobCl_7', 'Clas_1431957012480960CjtoVis_25ICtjoVis_6', 'FechaUltimoDoc', 'Fecha Último Documento', '');
INSERT INTO IUAttribute (idIU, idIUAttribute, IUAttributeName, IUAttributeAlias, IUAttributeDescription) VALUES ('Clas_1431957012480960UIPobCl_7', 'Clas_1431957012480960CjtoVis_25ICtjoVis_7', 'FInicioContrato', 'Fecha Inicio Contratación', '');
INSERT INTO IUAttribute (idIU, idIUAttribute, IUAttributeName, IUAttributeAlias, IUAttributeDescription) VALUES ('Clas_1431957012480960UIPobCl_7', 'Clas_1431957012480960CjtoVis_25ICtjoVis_8', 'AESOLICITUDES.NUMEROSOLICITUD', 'Nº Solicitud', '');
INSERT INTO IUAttribute (idIU, idIUAttribute, IUAttributeName, IUAttributeAlias, IUAttributeDescription) VALUES ('Clas_1431957012480960UIPobCl_7', 'Clas_1431957012480960CjtoVis_25ICtjoVis_9', 'Tramite', 'Trámite', '');
INSERT INTO IUAttribute (idIU, idIUAttribute, IUAttributeName, IUAttributeAlias, IUAttributeDescription) VALUES ('Clas_1431957012480960UIPobCl_7', 'Clas_1431957012480960CjtoVis_25ICtjoVis_10', 'drvNumContrato', 'Nº Contrato', '');
INSERT INTO IUAttribute (idIU, idIUAttribute, IUAttributeName, IUAttributeAlias, IUAttributeDescription) VALUES ('Clas_1431957012480960UIPobCl_7', 'Clas_1431957012480960CjtoVis_25ICtjoVis_12', 'Prioridad', 'Prioridad', '');
INSERT INTO IUAttribute (idIU, idIUAttribute, IUAttributeName, IUAttributeAlias, IUAttributeDescription) VALUES ('Clas_1431957012480960UIPobCl_7', 'Clas_1431957012480960CjtoVis_25ICtjoVis_11', 'Agente.drvNombreCompleto', 'Asesor', '');
INSERT INTO IUAction (idIU, idIUAction, IUActionName, IUActionAlias, IUActionDescription) VALUES ('Clas_1431957012480960UIPobCl_7', 'Clas_1431957012480960AccOfer_15ElemAcc_2', 'SIUdummyReplicarSolicitud', 'Replicar solicitud', '');
INSERT INTO IUAction (idIU, idIUAction, IUActionName, IUActionAlias, IUActionDescription) VALUES ('Clas_1431957012480960UIPobCl_7', 'Clas_1431957012480960AccOfer_15ElemAcc_3', 'SIUdummyVerPDF', 'Ver PDF', '');
INSERT INTO IUAction (idIU, idIUAction, IUActionName, IUActionAlias, IUActionDescription) VALUES ('Clas_1431957012480960UIPobCl_7', 'Clas_1431957012480960AccOfer_15ElemAcc_4', 'SIUTMOSTRARDOCUMENTOSTODOS', 'Documentos', '');
INSERT INTO IUAction (idIU, idIUAction, IUActionName, IUActionAlias, IUActionDescription) VALUES ('Clas_1431957012480960UIPobCl_7', 'Clas_1431957012480960AccOfer_15ElemAcc_18', 'SIUTREASIGNARUSUARIOS', 'Reasignación de solicitud', '');
INSERT INTO IUAction (idIU, idIUAction, IUActionName, IUActionAlias, IUActionDescription) VALUES ('Clas_1431957012480960UIPobCl_7', 'Clas_1431957012480960AccOfer_15ElemAcc_6', 'SIUTCAMBIARESTADOERROR', 'Cambiar estado a error', '');
INSERT INTO IUAction (idIU, idIUAction, IUActionName, IUActionAlias, IUActionDescription) VALUES ('Clas_1431957012480960UIPobCl_7', 'Clas_1431957012480960AccOfer_15ElemAcc_7', 'SIUTCAMBIARESTDEVAREAMED', 'Cambiar estado a devuelta área médica', '');
INSERT INTO IUAction (idIU, idIUAction, IUActionName, IUActionAlias, IUActionDescription) VALUES ('Clas_1431957012480960UIPobCl_7', 'Clas_1431957012480960AccOfer_15ElemAcc_8', 'SIUTCAMBIARESTPENDMEDICO', 'Cambiar estado a pendiente médico', '');
INSERT INTO IUAction (idIU, idIUAction, IUActionName, IUActionAlias, IUActionDescription) VALUES ('Clas_1431957012480960UIPobCl_7', 'Clas_1431957012480960AccOfer_15ElemAcc_14', 'SIUTCAMBIARESTAPROBMEDICO', 'Cambiar estado aprobado médico', '');
INSERT INTO IUAction (idIU, idIUAction, IUActionName, IUActionAlias, IUActionDescription) VALUES ('Clas_1431957012480960UIPobCl_7', 'Clas_1431957012480960AccOfer_15ElemAcc_9', 'SIUTCAMBIARESTANULADO', 'Cambiar estado a anulada', '');
INSERT INTO IUAction (idIU, idIUAction, IUActionName, IUActionAlias, IUActionDescription) VALUES ('Clas_1431957012480960UIPobCl_7', 'Clas_1431957012480960AccOfer_15ElemAcc_15', 'SIUTCAMBIARESTADOADMIN', 'Cambiar estado', '');
INSERT INTO IUNavigation (idIU, idIUNavigation, IUNavigationName, IUNavigationAlias, IUNavigationDescription) VALUES ('Clas_1431957012480960UIPobCl_7', 'Clas_1431957012480960NavOfer_6ElemNav_6', 'IIUSolicitudEstatusVerMasAse', 'Ver Más', '');
INSERT INTO IUNavigation (idIU, idIUNavigation, IUNavigationName, IUNavigationAlias, IUNavigationDescription) VALUES ('Clas_1431957012480960UIPobCl_7', 'Clas_1431957012480960NavOfer_6ElemNav_2', 'PIUUsuarioDePIUStatusSol', 'Detalle de usuarios', '');
INSERT INTO IUNavigation (idIU, idIUNavigation, IUNavigationName, IUNavigationAlias, IUNavigationDescription) VALUES ('Clas_1431957012480960UIPobCl_7', 'Clas_1431957012480960NavOfer_6ElemNav_3', 'PIUErrorWS', 'Ver errores', '');
INSERT INTO IUNavigation (idIU, idIUNavigation, IUNavigationName, IUNavigationAlias, IUNavigationDescription) VALUES ('Clas_1431957012480960UIPobCl_7', 'Clas_1431957012480960NavOfer_6ElemNav_4', 'PIULogEstado', 'Historico Estados', '');
INSERT INTO IUNavigation (idIU, idIUNavigation, IUNavigationName, IUNavigationAlias, IUNavigationDescription) VALUES ('Clas_1431957012480960UIPobCl_7', 'Clas_1431957012480960NavOfer_6ElemNav_5', 'PIULogAsignaciones', 'Log Asignaciones', '');

-- PIU: Solicitud.PIUEstatusSolGestorMesa
INSERT INTO IU (idIU, IUName, IUAlias, IUDescription, IUType) VALUES ('Clas_1431957012480960UIPobCl_8', 'PIUEstatusSolGestorMesa', 'Estatus de solicitudes', '', 'P');
INSERT INTO IUAttribute (idIU, idIUAttribute, IUAttributeName, IUAttributeAlias, IUAttributeDescription) VALUES ('Clas_1431957012480960UIPobCl_8', 'Clas_1431957012480960CjtoVis_27ICtjoVis_1', 'AESOLICITUDES.ProductoT.Descripcion', 'Producto', '');
INSERT INTO IUAttribute (idIU, idIUAttribute, IUAttributeName, IUAttributeAlias, IUAttributeDescription) VALUES ('Clas_1431957012480960UIPobCl_8', 'Clas_1431957012480960CjtoVis_27ICtjoVis_2', 'AESOLICITUDES.PlanT.Nombre', 'Plan', '');
INSERT INTO IUAttribute (idIU, idIUAttribute, IUAttributeName, IUAttributeAlias, IUAttributeDescription) VALUES ('Clas_1431957012480960UIPobCl_8', 'Clas_1431957012480960CjtoVis_27ICtjoVis_3', 'EstadoDoc', 'Estado documentación', '');
INSERT INTO IUAttribute (idIU, idIUAttribute, IUAttributeName, IUAttributeAlias, IUAttributeDescription) VALUES ('Clas_1431957012480960UIPobCl_8', 'Clas_1431957012480960CjtoVis_27ICtjoVis_17', 'DrvEstadoHomologado', 'Estado', '');
INSERT INTO IUAttribute (idIU, idIUAttribute, IUAttributeName, IUAttributeAlias, IUAttributeDescription) VALUES ('Clas_1431957012480960UIPobCl_8', 'Clas_1431957012480960CjtoVis_27ICtjoVis_5', 'FechaCompletada', 'Fecha Marca Completada', '');
INSERT INTO IUAttribute (idIU, idIUAttribute, IUAttributeName, IUAttributeAlias, IUAttributeDescription) VALUES ('Clas_1431957012480960UIPobCl_8', 'Clas_1431957012480960CjtoVis_27ICtjoVis_6', 'FechaUltimoDoc', 'Fecha Último Documento', '');
INSERT INTO IUAttribute (idIU, idIUAttribute, IUAttributeName, IUAttributeAlias, IUAttributeDescription) VALUES ('Clas_1431957012480960UIPobCl_8', 'Clas_1431957012480960CjtoVis_27ICtjoVis_7', 'FInicioContrato', 'Fecha Inicio Contratación', '');
INSERT INTO IUAttribute (idIU, idIUAttribute, IUAttributeName, IUAttributeAlias, IUAttributeDescription) VALUES ('Clas_1431957012480960UIPobCl_8', 'Clas_1431957012480960CjtoVis_27ICtjoVis_8', 'AESOLICITUDES.NUMEROSOLICITUD', 'Nº Solicitud', '');
INSERT INTO IUAttribute (idIU, idIUAttribute, IUAttributeName, IUAttributeAlias, IUAttributeDescription) VALUES ('Clas_1431957012480960UIPobCl_8', 'Clas_1431957012480960CjtoVis_27ICtjoVis_9', 'Tramite', 'Trámite', '');
INSERT INTO IUAttribute (idIU, idIUAttribute, IUAttributeName, IUAttributeAlias, IUAttributeDescription) VALUES ('Clas_1431957012480960UIPobCl_8', 'Clas_1431957012480960CjtoVis_27ICtjoVis_10', 'drvNumContrato', 'Nº Contrato', '');
INSERT INTO IUAttribute (idIU, idIUAttribute, IUAttributeName, IUAttributeAlias, IUAttributeDescription) VALUES ('Clas_1431957012480960UIPobCl_8', 'Clas_1431957012480960CjtoVis_27ICtjoVis_11', 'Agente.drvNombreCompleto', 'Asesor', '');
INSERT INTO IUAttribute (idIU, idIUAttribute, IUAttributeName, IUAttributeAlias, IUAttributeDescription) VALUES ('Clas_1431957012480960UIPobCl_8', 'Clas_1431957012480960CjtoVis_27ICtjoVis_12', 'Prioridad', 'Prioridad', '');
INSERT INTO IUAttribute (idIU, idIUAttribute, IUAttributeName, IUAttributeAlias, IUAttributeDescription) VALUES ('Clas_1431957012480960UIPobCl_8', 'Clas_1431957012480960CjtoVis_27ICtjoVis_13', 'drvSemaforoGrabAse', 'Semáforo Grab. Afiliaciones/Asesor', '');
INSERT INTO IUAttribute (idIU, idIUAttribute, IUAttributeName, IUAttributeAlias, IUAttributeDescription) VALUES ('Clas_1431957012480960UIPobCl_8', 'Clas_1431957012480960CjtoVis_27ICtjoVis_14', 'UsrAfiliacion.drvNombreCompleto', 'Afiliaciones', '');
INSERT INTO IUAttribute (idIU, idIUAttribute, IUAttributeName, IUAttributeAlias, IUAttributeDescription) VALUES ('Clas_1431957012480960UIPobCl_8', 'Clas_1431957012480960CjtoVis_27ICtjoVis_15', 'drvSemaforoAreaMed', 'Semáforo Área Médica', '');
INSERT INTO IUAttribute (idIU, idIUAttribute, IUAttributeName, IUAttributeAlias, IUAttributeDescription) VALUES ('Clas_1431957012480960UIPobCl_8', 'Clas_1431957012480960CjtoVis_27ICtjoVis_16', 'UsrAreaMedica.drvNombreCompleto', 'Área Médica', '');
INSERT INTO IUAction (idIU, idIUAction, IUActionName, IUActionAlias, IUActionDescription) VALUES ('Clas_1431957012480960UIPobCl_8', 'Clas_1431957012480960AccOfer_15ElemAcc_2', 'SIUdummyReplicarSolicitud', 'Replicar solicitud', '');
INSERT INTO IUAction (idIU, idIUAction, IUActionName, IUActionAlias, IUActionDescription) VALUES ('Clas_1431957012480960UIPobCl_8', 'Clas_1431957012480960AccOfer_15ElemAcc_3', 'SIUdummyVerPDF', 'Ver PDF', '');
INSERT INTO IUAction (idIU, idIUAction, IUActionName, IUActionAlias, IUActionDescription) VALUES ('Clas_1431957012480960UIPobCl_8', 'Clas_1431957012480960AccOfer_15ElemAcc_4', 'SIUTMOSTRARDOCUMENTOSTODOS', 'Documentos', '');
INSERT INTO IUAction (idIU, idIUAction, IUActionName, IUActionAlias, IUActionDescription) VALUES ('Clas_1431957012480960UIPobCl_8', 'Clas_1431957012480960AccOfer_15ElemAcc_18', 'SIUTREASIGNARUSUARIOS', 'Reasignación de solicitud', '');
INSERT INTO IUAction (idIU, idIUAction, IUActionName, IUActionAlias, IUActionDescription) VALUES ('Clas_1431957012480960UIPobCl_8', 'Clas_1431957012480960AccOfer_15ElemAcc_6', 'SIUTCAMBIARESTADOERROR', 'Cambiar estado a error', '');
INSERT INTO IUAction (idIU, idIUAction, IUActionName, IUActionAlias, IUActionDescription) VALUES ('Clas_1431957012480960UIPobCl_8', 'Clas_1431957012480960AccOfer_15ElemAcc_7', 'SIUTCAMBIARESTDEVAREAMED', 'Cambiar estado a devuelta área médica', '');
INSERT INTO IUAction (idIU, idIUAction, IUActionName, IUActionAlias, IUActionDescription) VALUES ('Clas_1431957012480960UIPobCl_8', 'Clas_1431957012480960AccOfer_15ElemAcc_8', 'SIUTCAMBIARESTPENDMEDICO', 'Cambiar estado a pendiente médico', '');
INSERT INTO IUAction (idIU, idIUAction, IUActionName, IUActionAlias, IUActionDescription) VALUES ('Clas_1431957012480960UIPobCl_8', 'Clas_1431957012480960AccOfer_15ElemAcc_14', 'SIUTCAMBIARESTAPROBMEDICO', 'Cambiar estado aprobado médico', '');
INSERT INTO IUAction (idIU, idIUAction, IUActionName, IUActionAlias, IUActionDescription) VALUES ('Clas_1431957012480960UIPobCl_8', 'Clas_1431957012480960AccOfer_15ElemAcc_9', 'SIUTCAMBIARESTANULADO', 'Cambiar estado a anulada', '');
INSERT INTO IUAction (idIU, idIUAction, IUActionName, IUActionAlias, IUActionDescription) VALUES ('Clas_1431957012480960UIPobCl_8', 'Clas_1431957012480960AccOfer_15ElemAcc_15', 'SIUTCAMBIARESTADOADMIN', 'Cambiar estado', '');
INSERT INTO IUNavigation (idIU, idIUNavigation, IUNavigationName, IUNavigationAlias, IUNavigationDescription) VALUES ('Clas_1431957012480960UIPobCl_8', 'Clas_1431957012480960NavOfer_4ElemNav_7', 'IIUSolicitudEstatusVerMas', 'Ver Más', '');
INSERT INTO IUNavigation (idIU, idIUNavigation, IUNavigationName, IUNavigationAlias, IUNavigationDescription) VALUES ('Clas_1431957012480960UIPobCl_8', 'Clas_1431957012480960NavOfer_4ElemNav_1', 'PIUUsuarioDePIUStatusSol', 'Detalle de usuarios', '');
INSERT INTO IUNavigation (idIU, idIUNavigation, IUNavigationName, IUNavigationAlias, IUNavigationDescription) VALUES ('Clas_1431957012480960UIPobCl_8', 'Clas_1431957012480960NavOfer_4ElemNav_2', 'PIUErrorWS', 'Ver errores', '');
INSERT INTO IUNavigation (idIU, idIUNavigation, IUNavigationName, IUNavigationAlias, IUNavigationDescription) VALUES ('Clas_1431957012480960UIPobCl_8', 'Clas_1431957012480960NavOfer_4ElemNav_4', 'PIULogEstado', 'Historico Estados', '');
INSERT INTO IUNavigation (idIU, idIUNavigation, IUNavigationName, IUNavigationAlias, IUNavigationDescription) VALUES ('Clas_1431957012480960UIPobCl_8', 'Clas_1431957012480960NavOfer_4ElemNav_5', 'PIULogAsignaciones', 'Log Asignaciones', '');

-- PIU: Solicitud._Auto_
INSERT INTO IU (idIU, IUName, IUAlias, IUDescription, IUType) VALUES ('Clas_1431957012480960UIPobCl_Auto', '_Auto_', 'Solicitud', '', 'P');
INSERT INTO IUAttribute (idIU, idIUAttribute, IUAttributeName, IUAttributeAlias, IUAttributeDescription) VALUES ('Clas_1431957012480960UIPobCl_Auto', 'Clas_1431957012480960CjtoVis_AutoICtjoVis_1', 'NumRadicado', 'Nº Solicitud', '');
INSERT INTO IUAttribute (idIU, idIUAttribute, IUAttributeName, IUAttributeAlias, IUAttributeDescription) VALUES ('Clas_1431957012480960UIPobCl_Auto', 'Clas_1431957012480960CjtoVis_AutoICtjoVis_2', 'Tramite', 'Trámite', '');
INSERT INTO IUAttribute (idIU, idIUAttribute, IUAttributeName, IUAttributeAlias, IUAttributeDescription) VALUES ('Clas_1431957012480960UIPobCl_Auto', 'Clas_1431957012480960CjtoVis_AutoICtjoVis_3', 'NumContrato', 'Nº Contrato', '');
INSERT INTO IUAttribute (idIU, idIUAttribute, IUAttributeName, IUAttributeAlias, IUAttributeDescription) VALUES ('Clas_1431957012480960UIPobCl_Auto', 'Clas_1431957012480960CjtoVis_AutoICtjoVis_4', 'FInicioContrato', 'Fecha inicio contratación', '');
INSERT INTO IUAttribute (idIU, idIUAttribute, IUAttributeName, IUAttributeAlias, IUAttributeDescription) VALUES ('Clas_1431957012480960UIPobCl_Auto', 'Clas_1431957012480960CjtoVis_AutoICtjoVis_5', 'EsTraslado', 'Es traslado', '');
INSERT INTO IUAttribute (idIU, idIUAttribute, IUAttributeName, IUAttributeAlias, IUAttributeDescription) VALUES ('Clas_1431957012480960UIPobCl_Auto', 'Clas_1431957012480960CjtoVis_AutoICtjoVis_6', 'drvReqCuesMed', 'Requiere cuestionario', '');
INSERT INTO IUAttribute (idIU, idIUAttribute, IUAttributeName, IUAttributeAlias, IUAttributeDescription) VALUES ('Clas_1431957012480960UIPobCl_Auto', 'Clas_1431957012480960CjtoVis_AutoICtjoVis_7', 'tipoContrato', 'Tipo Contrato', '');
INSERT INTO IUAttribute (idIU, idIUAttribute, IUAttributeName, IUAttributeAlias, IUAttributeDescription) VALUES ('Clas_1431957012480960UIPobCl_Auto', 'Clas_1431957012480960CjtoVis_AutoICtjoVis_8', 'codigoSucursalRad', 'Cód. Sucursal Rad.', '');
INSERT INTO IUAttribute (idIU, idIUAttribute, IUAttributeName, IUAttributeAlias, IUAttributeDescription) VALUES ('Clas_1431957012480960UIPobCl_Auto', 'Clas_1431957012480960CjtoVis_AutoICtjoVis_9', 'contratoConFirma', 'Contrato con firma', '');
INSERT INTO IUAttribute (idIU, idIUAttribute, IUAttributeName, IUAttributeAlias, IUAttributeDescription) VALUES ('Clas_1431957012480960UIPobCl_Auto', 'Clas_1431957012480960CjtoVis_AutoICtjoVis_10', 'observacions', 'Observaciones', '');
INSERT INTO IUAttribute (idIU, idIUAttribute, IUAttributeName, IUAttributeAlias, IUAttributeDescription) VALUES ('Clas_1431957012480960UIPobCl_Auto', 'Clas_1431957012480960CjtoVis_AutoICtjoVis_11', 'exentoIVA', 'Exento IVA', '');
INSERT INTO IUAttribute (idIU, idIUAttribute, IUAttributeName, IUAttributeAlias, IUAttributeDescription) VALUES ('Clas_1431957012480960UIPobCl_Auto', 'Clas_1431957012480960CjtoVis_AutoICtjoVis_12', 'drvYaTieneContratante', 'Ya tiene contratante', '');
INSERT INTO IUAttribute (idIU, idIUAttribute, IUAttributeName, IUAttributeAlias, IUAttributeDescription) VALUES ('Clas_1431957012480960UIPobCl_Auto', 'Clas_1431957012480960CjtoVis_AutoICtjoVis_13', 'drvTitularConBeneficios', 'Titular con beneficios', '');
INSERT INTO IUAttribute (idIU, idIUAttribute, IUAttributeName, IUAttributeAlias, IUAttributeDescription) VALUES ('Clas_1431957012480960UIPobCl_Auto', 'Clas_1431957012480960CjtoVis_AutoICtjoVis_14', 'valorCuota', 'Valor cuota', '');
INSERT INTO IUAttribute (idIU, idIUAttribute, IUAttributeName, IUAttributeAlias, IUAttributeDescription) VALUES ('Clas_1431957012480960UIPobCl_Auto', 'Clas_1431957012480960CjtoVis_AutoICtjoVis_15', 'valorDtoComercialSim', 'Dto. Comercial Simultaneidad', '');
INSERT INTO IUAttribute (idIU, idIUAttribute, IUAttributeName, IUAttributeAlias, IUAttributeDescription) VALUES ('Clas_1431957012480960UIPobCl_Auto', 'Clas_1431957012480960CjtoVis_AutoICtjoVis_16', 'ValorDtoFinanciero', 'Valor Dto. Financiero', '');
INSERT INTO IUAttribute (idIU, idIUAttribute, IUAttributeName, IUAttributeAlias, IUAttributeDescription) VALUES ('Clas_1431957012480960UIPobCl_Auto', 'Clas_1431957012480960CjtoVis_AutoICtjoVis_17', 'drvSubtotal', 'Subtotal', '');
INSERT INTO IUAttribute (idIU, idIUAttribute, IUAttributeName, IUAttributeAlias, IUAttributeDescription) VALUES ('Clas_1431957012480960UIPobCl_Auto', 'Clas_1431957012480960CjtoVis_AutoICtjoVis_18', 'ValorCuotaInscrip', 'Valor cuota inscripción', '');
INSERT INTO IUAttribute (idIU, idIUAttribute, IUAttributeName, IUAttributeAlias, IUAttributeDescription) VALUES ('Clas_1431957012480960UIPobCl_Auto', 'Clas_1431957012480960CjtoVis_AutoICtjoVis_19', 'drvIVA', 'IVA', '');
INSERT INTO IUAttribute (idIU, idIUAttribute, IUAttributeName, IUAttributeAlias, IUAttributeDescription) VALUES ('Clas_1431957012480960UIPobCl_Auto', 'Clas_1431957012480960CjtoVis_AutoICtjoVis_20', 'drvBaseGrabable', 'Base grabable', '');
INSERT INTO IUAttribute (idIU, idIUAttribute, IUAttributeName, IUAttributeAlias, IUAttributeDescription) VALUES ('Clas_1431957012480960UIPobCl_Auto', 'Clas_1431957012480960CjtoVis_AutoICtjoVis_21', 'drvTotal', 'Total', '');
INSERT INTO IUAttribute (idIU, idIUAttribute, IUAttributeName, IUAttributeAlias, IUAttributeDescription) VALUES ('Clas_1431957012480960UIPobCl_Auto', 'Clas_1431957012480960CjtoVis_AutoICtjoVis_22', 'datosPagoOK', 'Datos pago OK', '');
INSERT INTO IUAttribute (idIU, idIUAttribute, IUAttributeName, IUAttributeAlias, IUAttributeDescription) VALUES ('Clas_1431957012480960UIPobCl_Auto', 'Clas_1431957012480960CjtoVis_AutoICtjoVis_23', 'valorCuotaPeriodoC', 'Valor Cuota Periodo ', '');
INSERT INTO IUAttribute (idIU, idIUAttribute, IUAttributeName, IUAttributeAlias, IUAttributeDescription) VALUES ('Clas_1431957012480960UIPobCl_Auto', 'Clas_1431957012480960CjtoVis_AutoICtjoVis_24', 'descuentoComercialC', 'Descuento comercial', '');
INSERT INTO IUAttribute (idIU, idIUAttribute, IUAttributeName, IUAttributeAlias, IUAttributeDescription) VALUES ('Clas_1431957012480960UIPobCl_Auto', 'Clas_1431957012480960CjtoVis_AutoICtjoVis_25', 'IVAC', 'IVA', '');
INSERT INTO IUAttribute (idIU, idIUAttribute, IUAttributeName, IUAttributeAlias, IUAttributeDescription) VALUES ('Clas_1431957012480960UIPobCl_Auto', 'Clas_1431957012480960CjtoVis_AutoICtjoVis_26', 'descuentoFinancieroC', 'Descuento financiero', '');
INSERT INTO IUAttribute (idIU, idIUAttribute, IUAttributeName, IUAttributeAlias, IUAttributeDescription) VALUES ('Clas_1431957012480960UIPobCl_Auto', 'Clas_1431957012480960CjtoVis_AutoICtjoVis_27', 'TieneDifLiquidacion', 'Diferencias liquidación', '');
INSERT INTO IUAttribute (idIU, idIUAttribute, IUAttributeName, IUAttributeAlias, IUAttributeDescription) VALUES ('Clas_1431957012480960UIPobCl_Auto', 'Clas_1431957012480960CjtoVis_AutoICtjoVis_28', 'drvContratoLegalizado', 'Contrato legalizado', '');
INSERT INTO IUAttribute (idIU, idIUAttribute, IUAttributeName, IUAttributeAlias, IUAttributeDescription) VALUES ('Clas_1431957012480960UIPobCl_Auto', 'Clas_1431957012480960CjtoVis_AutoICtjoVis_29', 'UsuariosValidados', 'Usuarios validados', '');
INSERT INTO IUAttribute (idIU, idIUAttribute, IUAttributeName, IUAttributeAlias, IUAttributeDescription) VALUES ('Clas_1431957012480960UIPobCl_Auto', 'Clas_1431957012480960CjtoVis_AutoICtjoVis_30', 'ValorDtoComercial', 'Valor Dto. Comercial', '');
INSERT INTO IUAttribute (idIU, idIUAttribute, IUAttributeName, IUAttributeAlias, IUAttributeDescription) VALUES ('Clas_1431957012480960UIPobCl_Auto', 'Clas_1431957012480960CjtoVis_AutoICtjoVis_31', 'drvPorcenIVA', '% IVA', '');
INSERT INTO IUAttribute (idIU, idIUAttribute, IUAttributeName, IUAttributeAlias, IUAttributeDescription) VALUES ('Clas_1431957012480960UIPobCl_Auto', 'Clas_1431957012480960CjtoVis_AutoICtjoVis_32', 'drvCuesMedOK', 'Cuestionarios médicos OK', '');
INSERT INTO IUAttribute (idIU, idIUAttribute, IUAttributeName, IUAttributeAlias, IUAttributeDescription) VALUES ('Clas_1431957012480960UIPobCl_Auto', 'Clas_1431957012480960CjtoVis_AutoICtjoVis_33', 'NumContratoInclusion', 'Nº Contrato Inclusión', '');
INSERT INTO IUAttribute (idIU, idIUAttribute, IUAttributeName, IUAttributeAlias, IUAttributeDescription) VALUES ('Clas_1431957012480960UIPobCl_Auto', 'Clas_1431957012480960CjtoVis_AutoICtjoVis_34', 'NumFamilia', 'Nº Familia', '');
INSERT INTO IUAttribute (idIU, idIUAttribute, IUAttributeName, IUAttributeAlias, IUAttributeDescription) VALUES ('Clas_1431957012480960UIPobCl_Auto', 'Clas_1431957012480960CjtoVis_AutoICtjoVis_35', 'drvYaTieneTitular', 'Ya tiene titular', '');
INSERT INTO IUAttribute (idIU, idIUAttribute, IUAttributeName, IUAttributeAlias, IUAttributeDescription) VALUES ('Clas_1431957012480960UIPobCl_Auto', 'Clas_1431957012480960CjtoVis_AutoICtjoVis_36', 'drvDifValorCuota', 'Diferencia Cuota', '');
INSERT INTO IUAttribute (idIU, idIUAttribute, IUAttributeName, IUAttributeAlias, IUAttributeDescription) VALUES ('Clas_1431957012480960UIPobCl_Auto', 'Clas_1431957012480960CjtoVis_AutoICtjoVis_37', 'drvDifValorDtoFinanciero', 'Diferencia Dto. Financiero', '');
INSERT INTO IUAttribute (idIU, idIUAttribute, IUAttributeName, IUAttributeAlias, IUAttributeDescription) VALUES ('Clas_1431957012480960UIPobCl_Auto', 'Clas_1431957012480960CjtoVis_AutoICtjoVis_38', 'drvDifValorIVA', 'Diferencia IVA', '');
INSERT INTO IUAttribute (idIU, idIUAttribute, IUAttributeName, IUAttributeAlias, IUAttributeDescription) VALUES ('Clas_1431957012480960UIPobCl_Auto', 'Clas_1431957012480960CjtoVis_AutoICtjoVis_39', 'drvHayPreexistencias', 'Hay preexistencias', '');
INSERT INTO IUAttribute (idIU, idIUAttribute, IUAttributeName, IUAttributeAlias, IUAttributeDescription) VALUES ('Clas_1431957012480960UIPobCl_Auto', 'Clas_1431957012480960CjtoVis_AutoICtjoVis_40', 'drvTieneSegundaFirma', 'Tiene segunda firma', '');
INSERT INTO IUAttribute (idIU, idIUAttribute, IUAttributeName, IUAttributeAlias, IUAttributeDescription) VALUES ('Clas_1431957012480960UIPobCl_Auto', 'Clas_1431957012480960CjtoVis_AutoICtjoVis_41', 'drvGrupoAsociado', 'Grupo asociado', '');
INSERT INTO IUAttribute (idIU, idIUAttribute, IUAttributeName, IUAttributeAlias, IUAttributeDescription) VALUES ('Clas_1431957012480960UIPobCl_Auto', 'Clas_1431957012480960CjtoVis_AutoICtjoVis_42', 'drvAplicaDocContrato', 'Contrato', '');
INSERT INTO IUAttribute (idIU, idIUAttribute, IUAttributeName, IUAttributeAlias, IUAttributeDescription) VALUES ('Clas_1431957012480960UIPobCl_Auto', 'Clas_1431957012480960CjtoVis_AutoICtjoVis_43', 'drvAplicaDocCartaPree', 'Carta preexistencia', '');
INSERT INTO IUAttribute (idIU, idIUAttribute, IUAttributeName, IUAttributeAlias, IUAttributeDescription) VALUES ('Clas_1431957012480960UIPobCl_Auto', 'Clas_1431957012480960CjtoVis_AutoICtjoVis_44', 'drvAplicaDocBBGestante', 'Bebe gestante', '');
INSERT INTO IUAttribute (idIU, idIUAttribute, IUAttributeName, IUAttributeAlias, IUAttributeDescription) VALUES ('Clas_1431957012480960UIPobCl_Auto', 'Clas_1431957012480960CjtoVis_AutoICtjoVis_45', 'drvAplicaDocMaternidad', 'Doc. maternidad', '');
INSERT INTO IUAttribute (idIU, idIUAttribute, IUAttributeName, IUAttributeAlias, IUAttributeDescription) VALUES ('Clas_1431957012480960UIPobCl_Auto', 'Clas_1431957012480960CjtoVis_AutoICtjoVis_46', 'drvAplicaCuestionario', 'Cuestionario médico', '');
INSERT INTO IUAttribute (idIU, idIUAttribute, IUAttributeName, IUAttributeAlias, IUAttributeDescription) VALUES ('Clas_1431957012480960UIPobCl_Auto', 'Clas_1431957012480960CjtoVis_AutoICtjoVis_47', 'drvAplicaCartaEnt', 'Carta entrevista médica', '');
INSERT INTO IUAttribute (idIU, idIUAttribute, IUAttributeName, IUAttributeAlias, IUAttributeDescription) VALUES ('Clas_1431957012480960UIPobCl_Auto', 'Clas_1431957012480960CjtoVis_AutoICtjoVis_48', 'EmailURLPagoEnviado', 'Email URL Pago enviado', '');
INSERT INTO IUAttribute (idIU, idIUAttribute, IUAttributeName, IUAttributeAlias, IUAttributeDescription) VALUES ('Clas_1431957012480960UIPobCl_Auto', 'Clas_1431957012480960CjtoVis_AutoICtjoVis_49', 'EmailDocuEnviado', 'Email Doc. enviado', '');
INSERT INTO IUAttribute (idIU, idIUAttribute, IUAttributeName, IUAttributeAlias, IUAttributeDescription) VALUES ('Clas_1431957012480960UIPobCl_Auto', 'Clas_1431957012480960CjtoVis_AutoICtjoVis_50', 'DocsEnviados', 'Doc. Enviada', '');
INSERT INTO IUAttribute (idIU, idIUAttribute, IUAttributeName, IUAttributeAlias, IUAttributeDescription) VALUES ('Clas_1431957012480960UIPobCl_Auto', 'Clas_1431957012480960CjtoVis_AutoICtjoVis_51', 'drvTotalConAnexos', 'Total con anexos', '');
INSERT INTO IUAttribute (idIU, idIUAttribute, IUAttributeName, IUAttributeAlias, IUAttributeDescription) VALUES ('Clas_1431957012480960UIPobCl_Auto', 'Clas_1431957012480960CjtoVis_AutoICtjoVis_52', 'drvContratanteEsTitular', 'Contratante es Titular', '');
INSERT INTO IUAttribute (idIU, idIUAttribute, IUAttributeName, IUAttributeAlias, IUAttributeDescription) VALUES ('Clas_1431957012480960UIPobCl_Auto', 'Clas_1431957012480960CjtoVis_AutoICtjoVis_53', 'drvAlgunBeneficiarioEPSSanitas', 'Algún beneficiario EPS Sanitas', '');
INSERT INTO IUAttribute (idIU, idIUAttribute, IUAttributeName, IUAttributeAlias, IUAttributeDescription) VALUES ('Clas_1431957012480960UIPobCl_Auto', 'Clas_1431957012480960CjtoVis_AutoICtjoVis_54', 'codDirector', 'Código Director', '');
INSERT INTO IUAttribute (idIU, idIUAttribute, IUAttributeName, IUAttributeAlias, IUAttributeDescription) VALUES ('Clas_1431957012480960UIPobCl_Auto', 'Clas_1431957012480960CjtoVis_AutoICtjoVis_55', 'drvListaErrores', 'Errores WS', '');
INSERT INTO IUAttribute (idIU, idIUAttribute, IUAttributeName, IUAttributeAlias, IUAttributeDescription) VALUES ('Clas_1431957012480960UIPobCl_Auto', 'Clas_1431957012480960CjtoVis_AutoICtjoVis_56', 'valorCuotaBrutaC', 'Valor Cuota Bruta', '');
INSERT INTO IUAttribute (idIU, idIUAttribute, IUAttributeName, IUAttributeAlias, IUAttributeDescription) VALUES ('Clas_1431957012480960UIPobCl_Auto', 'Clas_1431957012480960CjtoVis_AutoICtjoVis_57', 'drvDifValorCuotaBruta', 'Diferencia Cuota Bruta', '');
INSERT INTO IUAttribute (idIU, idIUAttribute, IUAttributeName, IUAttributeAlias, IUAttributeDescription) VALUES ('Clas_1431957012480960UIPobCl_Auto', 'Clas_1431957012480960CjtoVis_AutoICtjoVis_58', 'drvNumTitulares', 'Nº Titulares', '');
INSERT INTO IUAttribute (idIU, idIUAttribute, IUAttributeName, IUAttributeAlias, IUAttributeDescription) VALUES ('Clas_1431957012480960UIPobCl_Auto', 'Clas_1431957012480960CjtoVis_AutoICtjoVis_59', 'drvEnviarEmailDoc', 'Se tiene que enviar mail', '');
INSERT INTO IUAttribute (idIU, idIUAttribute, IUAttributeName, IUAttributeAlias, IUAttributeDescription) VALUES ('Clas_1431957012480960UIPobCl_Auto', 'Clas_1431957012480960CjtoVis_AutoICtjoVis_60', 'drvAplicaDocNeonatal', 'Doc. neonatal', '');
INSERT INTO IUAttribute (idIU, idIUAttribute, IUAttributeName, IUAttributeAlias, IUAttributeDescription) VALUES ('Clas_1431957012480960UIPobCl_Auto', 'Clas_1431957012480960CjtoVis_AutoICtjoVis_61', 'CodTarifa', 'Cod. Tarifa', '');
INSERT INTO IUAttribute (idIU, idIUAttribute, IUAttributeName, IUAttributeAlias, IUAttributeDescription) VALUES ('Clas_1431957012480960UIPobCl_Auto', 'Clas_1431957012480960CjtoVis_AutoICtjoVis_62', 'drvAplicaCarnets', 'Carnets', '');
INSERT INTO IUAttribute (idIU, idIUAttribute, IUAttributeName, IUAttributeAlias, IUAttributeDescription) VALUES ('Clas_1431957012480960UIPobCl_Auto', 'Clas_1431957012480960CjtoVis_AutoICtjoVis_63', 'drvPuedeReplicar', 'Puede replicar', '');
INSERT INTO IUAttribute (idIU, idIUAttribute, IUAttributeName, IUAttributeAlias, IUAttributeDescription) VALUES ('Clas_1431957012480960UIPobCl_Auto', 'Clas_1431957012480960CjtoVis_AutoICtjoVis_64', 'Completada', 'Completada', '');
INSERT INTO IUAttribute (idIU, idIUAttribute, IUAttributeName, IUAttributeAlias, IUAttributeDescription) VALUES ('Clas_1431957012480960UIPobCl_Auto', 'Clas_1431957012480960CjtoVis_AutoICtjoVis_65', 'Estado', 'Estado', '');
INSERT INTO IUAttribute (idIU, idIUAttribute, IUAttributeName, IUAttributeAlias, IUAttributeDescription) VALUES ('Clas_1431957012480960UIPobCl_Auto', 'Clas_1431957012480960CjtoVis_AutoICtjoVis_66', 'drvCambiarBenefCont', 'Puede cambiar beneficios del contratante', '');
INSERT INTO IUAttribute (idIU, idIUAttribute, IUAttributeName, IUAttributeAlias, IUAttributeDescription) VALUES ('Clas_1431957012480960UIPobCl_Auto', 'Clas_1431957012480960CjtoVis_AutoICtjoVis_67', 'drvEdadTitular', 'Fecha nacimiento del titular', '');
INSERT INTO IUAttribute (idIU, idIUAttribute, IUAttributeName, IUAttributeAlias, IUAttributeDescription) VALUES ('Clas_1431957012480960UIPobCl_Auto', 'Clas_1431957012480960CjtoVis_AutoICtjoVis_68', 'drvGeneroTitular', 'Genero del titular', '');
INSERT INTO IUAttribute (idIU, idIUAttribute, IUAttributeName, IUAttributeAlias, IUAttributeDescription) VALUES ('Clas_1431957012480960UIPobCl_Auto', 'Clas_1431957012480960CjtoVis_AutoICtjoVis_69', 'drvTieneTitular', 'Hay titular?', '');
INSERT INTO IUAttribute (idIU, idIUAttribute, IUAttributeName, IUAttributeAlias, IUAttributeDescription) VALUES ('Clas_1431957012480960UIPobCl_Auto', 'Clas_1431957012480960CjtoVis_AutoICtjoVis_70', 'drvObservacionesReport', 'Observaciones para report', '');
INSERT INTO IUAttribute (idIU, idIUAttribute, IUAttributeName, IUAttributeAlias, IUAttributeDescription) VALUES ('Clas_1431957012480960UIPobCl_Auto', 'Clas_1431957012480960CjtoVis_AutoICtjoVis_71', 'drvAplicaDocSolicitud', 'Solicitud', '');
INSERT INTO IUAttribute (idIU, idIUAttribute, IUAttributeName, IUAttributeAlias, IUAttributeDescription) VALUES ('Clas_1431957012480960UIPobCl_Auto', 'Clas_1431957012480960CjtoVis_AutoICtjoVis_72', 'drvIgnorarPreexistencias', 'Ignorar preexistencias', '');
INSERT INTO IUAttribute (idIU, idIUAttribute, IUAttributeName, IUAttributeAlias, IUAttributeDescription) VALUES ('Clas_1431957012480960UIPobCl_Auto', 'Clas_1431957012480960CjtoVis_AutoICtjoVis_73', 'drvTienePrimeraFirma', 'Tiene primera firma', '');
INSERT INTO IUAttribute (idIU, idIUAttribute, IUAttributeName, IUAttributeAlias, IUAttributeDescription) VALUES ('Clas_1431957012480960UIPobCl_Auto', 'Clas_1431957012480960CjtoVis_AutoICtjoVis_74', 'drvNumContrato', 'Nº Contrato', '');
INSERT INTO IUAttribute (idIU, idIUAttribute, IUAttributeName, IUAttributeAlias, IUAttributeDescription) VALUES ('Clas_1431957012480960UIPobCl_Auto', 'Clas_1431957012480960CjtoVis_AutoICtjoVis_75', 'FIniVigContInc', 'Fecha inicio vigencia contrato inclusión', '');
INSERT INTO IUAttribute (idIU, idIUAttribute, IUAttributeName, IUAttributeAlias, IUAttributeDescription) VALUES ('Clas_1431957012480960UIPobCl_Auto', 'Clas_1431957012480960CjtoVis_AutoICtjoVis_76', 'drvImpTarifaPlanVol', 'Imp. Tarifa Plan Voluntario', '');
INSERT INTO IUAttribute (idIU, idIUAttribute, IUAttributeName, IUAttributeAlias, IUAttributeDescription) VALUES ('Clas_1431957012480960UIPobCl_Auto', 'Clas_1431957012480960CjtoVis_AutoICtjoVis_77', 'drvAplicaDocProtDatos', 'Proteccion Datos', '');
INSERT INTO IUAttribute (idIU, idIUAttribute, IUAttributeName, IUAttributeAlias, IUAttributeDescription) VALUES ('Clas_1431957012480960UIPobCl_Auto', 'Clas_1431957012480960CjtoVis_AutoICtjoVis_78', 'PorcentajeProrrateo', 'Porcentaje prorrateo', '');
INSERT INTO IUAttribute (idIU, idIUAttribute, IUAttributeName, IUAttributeAlias, IUAttributeDescription) VALUES ('Clas_1431957012480960UIPobCl_Auto', 'Clas_1431957012480960CjtoVis_AutoICtjoVis_79', 'drvPuedeModificarGrupo', 'Puede modificar grupo', '');
INSERT INTO IUAttribute (idIU, idIUAttribute, IUAttributeName, IUAttributeAlias, IUAttributeDescription) VALUES ('Clas_1431957012480960UIPobCl_Auto', 'Clas_1431957012480960CjtoVis_AutoICtjoVis_80', 'GrupoDelCORE', 'Grupo del Core', '');
INSERT INTO IUAttribute (idIU, idIUAttribute, IUAttributeName, IUAttributeAlias, IUAttributeDescription) VALUES ('Clas_1431957012480960UIPobCl_Auto', 'Clas_1431957012480960CjtoVis_AutoICtjoVis_81', 'TipoFacturaCORE', 'Tipo Factura CORE', '');
INSERT INTO IUAttribute (idIU, idIUAttribute, IUAttributeName, IUAttributeAlias, IUAttributeDescription) VALUES ('Clas_1431957012480960UIPobCl_Auto', 'Clas_1431957012480960CjtoVis_AutoICtjoVis_82', 'drvAplicaPolizaInternacional', 'Aplica poliza internacional', '');
INSERT INTO IUAttribute (idIU, idIUAttribute, IUAttributeName, IUAttributeAlias, IUAttributeDescription) VALUES ('Clas_1431957012480960UIPobCl_Auto', 'Clas_1431957012480960CjtoVis_AutoICtjoVis_83', 'drvPolizaInternacional', 'Respaldo global', '');
INSERT INTO IUAttribute (idIU, idIUAttribute, IUAttributeName, IUAttributeAlias, IUAttributeDescription) VALUES ('Clas_1431957012480960UIPobCl_Auto', 'Clas_1431957012480960CjtoVis_AutoICtjoVis_84', 'drvPermiteRechazados', 'Permite rechazados afiliacion', '');
INSERT INTO IUAttribute (idIU, idIUAttribute, IUAttributeName, IUAttributeAlias, IUAttributeDescription) VALUES ('Clas_1431957012480960UIPobCl_Auto', 'Clas_1431957012480960CjtoVis_AutoICtjoVis_85', 'drvAlgunUsuarioIMC', 'drvAlgunUsuarioIMC', '');
INSERT INTO IUAttribute (idIU, idIUAttribute, IUAttributeName, IUAttributeAlias, IUAttributeDescription) VALUES ('Clas_1431957012480960UIPobCl_Auto', 'Clas_1431957012480960CjtoVis_AutoICtjoVis_86', 'drvFechaPorcenIVA', 'Fecha % IVA', '');
INSERT INTO IUAttribute (idIU, idIUAttribute, IUAttributeName, IUAttributeAlias, IUAttributeDescription) VALUES ('Clas_1431957012480960UIPobCl_Auto', 'Clas_1431957012480960CjtoVis_AutoICtjoVis_87', 'ResultSMSInfoPago', 'Resultadoenvio SMS info pago', '');
INSERT INTO IUAttribute (idIU, idIUAttribute, IUAttributeName, IUAttributeAlias, IUAttributeDescription) VALUES ('Clas_1431957012480960UIPobCl_Auto', 'Clas_1431957012480960CjtoVis_AutoICtjoVis_88', 'FechaCompletada', 'Fecha Marca Completada', '');
INSERT INTO IUAttribute (idIU, idIUAttribute, IUAttributeName, IUAttributeAlias, IUAttributeDescription) VALUES ('Clas_1431957012480960UIPobCl_Auto', 'Clas_1431957012480960CjtoVis_AutoICtjoVis_89', 'FechaUltimoDoc', 'Fecha último documento', '');
INSERT INTO IUAttribute (idIU, idIUAttribute, IUAttributeName, IUAttributeAlias, IUAttributeDescription) VALUES ('Clas_1431957012480960UIPobCl_Auto', 'Clas_1431957012480960CjtoVis_AutoICtjoVis_90', 'Prioridad', 'Prioridad', '');
INSERT INTO IUAttribute (idIU, idIUAttribute, IUAttributeName, IUAttributeAlias, IUAttributeDescription) VALUES ('Clas_1431957012480960UIPobCl_Auto', 'Clas_1431957012480960CjtoVis_AutoICtjoVis_91', 'FechaTerminada', 'Fecha Terminada', '');
INSERT INTO IUAttribute (idIU, idIUAttribute, IUAttributeName, IUAttributeAlias, IUAttributeDescription) VALUES ('Clas_1431957012480960UIPobCl_Auto', 'Clas_1431957012480960CjtoVis_AutoICtjoVis_92', 'FechaFUG', 'Fecha Última Gestión', '');
INSERT INTO IUAttribute (idIU, idIUAttribute, IUAttributeName, IUAttributeAlias, IUAttributeDescription) VALUES ('Clas_1431957012480960UIPobCl_Auto', 'Clas_1431957012480960CjtoVis_AutoICtjoVis_93', 'FechaFA', 'Fecha FA', '');
INSERT INTO IUAttribute (idIU, idIUAttribute, IUAttributeName, IUAttributeAlias, IUAttributeDescription) VALUES ('Clas_1431957012480960UIPobCl_Auto', 'Clas_1431957012480960CjtoVis_AutoICtjoVis_94', 'FechaFAAM', 'Fecha FAAM', '');
INSERT INTO IUAttribute (idIU, idIUAttribute, IUAttributeName, IUAttributeAlias, IUAttributeDescription) VALUES ('Clas_1431957012480960UIPobCl_Auto', 'Clas_1431957012480960CjtoVis_AutoICtjoVis_95', 'SemaforoGrabAse', 'Semáforo Grab. Afiliaciones/Asesor', '');
INSERT INTO IUAttribute (idIU, idIUAttribute, IUAttributeName, IUAttributeAlias, IUAttributeDescription) VALUES ('Clas_1431957012480960UIPobCl_Auto', 'Clas_1431957012480960CjtoVis_AutoICtjoVis_96', 'SemaforoAreaMed', 'Semáforo Área Médica', '');
INSERT INTO IUAttribute (idIU, idIUAttribute, IUAttributeName, IUAttributeAlias, IUAttributeDescription) VALUES ('Clas_1431957012480960UIPobCl_Auto', 'Clas_1431957012480960CjtoVis_AutoICtjoVis_97', 'EstadoDoc', 'Estado documentación', '');
INSERT INTO IUAttribute (idIU, idIUAttribute, IUAttributeName, IUAttributeAlias, IUAttributeDescription) VALUES ('Clas_1431957012480960UIPobCl_Auto', 'Clas_1431957012480960CjtoVis_AutoICtjoVis_98', 'drvSemaforoGrabAse', 'Semáforo Grab. Afiliaciones/Asesor', '');
INSERT INTO IUAttribute (idIU, idIUAttribute, IUAttributeName, IUAttributeAlias, IUAttributeDescription) VALUES ('Clas_1431957012480960UIPobCl_Auto', 'Clas_1431957012480960CjtoVis_AutoICtjoVis_99', 'drvSemaforoAreaMed', 'Semáforo Área Médica', '');
INSERT INTO IUAttribute (idIU, idIUAttribute, IUAttributeName, IUAttributeAlias, IUAttributeDescription) VALUES ('Clas_1431957012480960UIPobCl_Auto', 'Clas_1431957012480960CjtoVis_AutoICtjoVis_100', 'DrvEstadoHomologado', 'Estado', '');
INSERT INTO IUAttribute (idIU, idIUAttribute, IUAttributeName, IUAttributeAlias, IUAttributeDescription) VALUES ('Clas_1431957012480960UIPobCl_Auto', 'Clas_1431957012480960CjtoVis_AutoICtjoVis_101', 'drvValidarDatosContratante', 'drvValidarDatosContratante', '');
INSERT INTO IUAttribute (idIU, idIUAttribute, IUAttributeName, IUAttributeAlias, IUAttributeDescription) VALUES ('Clas_1431957012480960UIPobCl_Auto', 'Clas_1431957012480960CjtoVis_AutoICtjoVis_102', 'EnvioCarnetFisico', 'Envío carnet físico', '');
INSERT INTO IUAttribute (idIU, idIUAttribute, IUAttributeName, IUAttributeAlias, IUAttributeDescription) VALUES ('Clas_1431957012480960UIPobCl_Auto', 'Clas_1431957012480960CjtoVis_AutoICtjoVis_103', 'drvTramitarEnLinea', 'Tramitar en linea', '');
INSERT INTO IUAction (idIU, idIUAction, IUActionName, IUActionAlias, IUActionDescription) VALUES ('Clas_1431957012480960UIPobCl_Auto', 'Clas_1431957012480960AccOfer_AutoElemAcc_1', 'SIUInsFormaPagoSolicitud', 'InsFormaPagoSolicitud', '');
INSERT INTO IUAction (idIU, idIUAction, IUActionName, IUActionAlias, IUActionDescription) VALUES ('Clas_1431957012480960UIPobCl_Auto', 'Clas_1431957012480960AccOfer_AutoElemAcc_2', 'SIUInsPeriodicidadSolicitud', 'InsPeriodicidadSolicitud', '');
INSERT INTO IUAction (idIU, idIUAction, IUActionName, IUActionAlias, IUActionDescription) VALUES ('Clas_1431957012480960UIPobCl_Auto', 'Clas_1431957012480960AccOfer_AutoElemAcc_3', 'SIUmarcarDatosPagoOK', 'marcarDatosPagoOK', '');
INSERT INTO IUAction (idIU, idIUAction, IUActionName, IUActionAlias, IUActionDescription) VALUES ('Clas_1431957012480960UIPobCl_Auto', 'Clas_1431957012480960AccOfer_AutoElemAcc_4', 'SIUanotarObservaciones', 'Anotar observaciones', '');
INSERT INTO IUAction (idIU, idIUAction, IUActionName, IUActionAlias, IUActionDescription) VALUES ('Clas_1431957012480960UIPobCl_Auto', 'Clas_1431957012480960AccOfer_AutoElemAcc_5', 'SIUdummySeleccionEnvioDoc', 'Selección/Envío de documentación', '');
INSERT INTO IUAction (idIU, idIUAction, IUActionName, IUActionAlias, IUActionDescription) VALUES ('Clas_1431957012480960UIPobCl_Auto', 'Clas_1431957012480960AccOfer_AutoElemAcc_6', 'SIUdummyPreexistencias', 'Preexistencias', '');
INSERT INTO IUAction (idIU, idIUAction, IUActionName, IUActionAlias, IUActionDescription) VALUES ('Clas_1431957012480960UIPobCl_Auto', 'Clas_1431957012480960AccOfer_AutoElemAcc_7', 'SIUdummyDiferenciasLiq', 'Ver detalle diferencias liquidación', '');
INSERT INTO IUAction (idIU, idIUAction, IUActionName, IUActionAlias, IUActionDescription) VALUES ('Clas_1431957012480960UIPobCl_Auto', 'Clas_1431957012480960AccOfer_AutoElemAcc_8', 'SIUdummyRedirigir', 'Modificar trámite', '');
INSERT INTO IUAction (idIU, idIUAction, IUActionName, IUActionAlias, IUActionDescription) VALUES ('Clas_1431957012480960UIPobCl_Auto', 'Clas_1431957012480960AccOfer_AutoElemAcc_9', 'SIUvalidarAtributosUsuario', 'validarAtributosUsuario', '');
INSERT INTO IUAction (idIU, idIUAction, IUActionName, IUActionAlias, IUActionDescription) VALUES ('Clas_1431957012480960UIPobCl_Auto', 'Clas_1431957012480960AccOfer_AutoElemAcc_10', 'SIUdummyReplicarSolicitud', 'Replicar solicitud', '');
INSERT INTO IUAction (idIU, idIUAction, IUActionName, IUActionAlias, IUActionDescription) VALUES ('Clas_1431957012480960UIPobCl_Auto', 'Clas_1431957012480960AccOfer_AutoElemAcc_11', 'SIUcalcularURLPasarelaPagos', 'calcularURLPasarelaPagos', '');
INSERT INTO IUAction (idIU, idIUAction, IUActionName, IUActionAlias, IUActionDescription) VALUES ('Clas_1431957012480960UIPobCl_Auto', 'Clas_1431957012480960AccOfer_AutoElemAcc_12', 'SIUenviarEmailURLPago', 'enviarEmailURLPago', '');
INSERT INTO IUAction (idIU, idIUAction, IUActionName, IUActionAlias, IUActionDescription) VALUES ('Clas_1431957012480960UIPobCl_Auto', 'Clas_1431957012480960AccOfer_AutoElemAcc_13', 'SIUdummyVerPDF', 'Ver PDF', '');
INSERT INTO IUAction (idIU, idIUAction, IUActionName, IUActionAlias, IUActionDescription) VALUES ('Clas_1431957012480960UIPobCl_Auto', 'Clas_1431957012480960AccOfer_AutoElemAcc_14', 'SIUInsContratoCASolicitud', 'InsContratoCASolicitud', '');
INSERT INTO IUAction (idIU, idIUAction, IUActionName, IUActionAlias, IUActionDescription) VALUES ('Clas_1431957012480960UIPobCl_Auto', 'Clas_1431957012480960AccOfer_AutoElemAcc_15', 'SIUDelContratoCASolicitud', 'DelContratoCASolicitud', '');
INSERT INTO IUAction (idIU, idIUAction, IUActionName, IUActionAlias, IUActionDescription) VALUES ('Clas_1431957012480960UIPobCl_Auto', 'Clas_1431957012480960AccOfer_AutoElemAcc_16', 'SIUsetCodTarifa', 'setCodTarifa', '');
INSERT INTO IUAction (idIU, idIUAction, IUActionName, IUActionAlias, IUActionDescription) VALUES ('Clas_1431957012480960UIPobCl_Auto', 'Clas_1431957012480960AccOfer_AutoElemAcc_17', 'SIUdummyDevolverErroresWS', 'dummyDevolverErroresWS', '');
INSERT INTO IUAction (idIU, idIUAction, IUActionName, IUActionAlias, IUActionDescription) VALUES ('Clas_1431957012480960UIPobCl_Auto', 'Clas_1431957012480960AccOfer_AutoElemAcc_18', 'SIUmarcarNoCompletada', 'Marcar completada', '');
INSERT INTO IUAction (idIU, idIUAction, IUActionName, IUActionAlias, IUActionDescription) VALUES ('Clas_1431957012480960UIPobCl_Auto', 'Clas_1431957012480960AccOfer_AutoElemAcc_19', 'SIUmodFechaInicioContratacion', 'Modificar encabezado', '');
INSERT INTO IUAction (idIU, idIUAction, IUActionName, IUActionAlias, IUActionDescription) VALUES ('Clas_1431957012480960UIPobCl_Auto', 'Clas_1431957012480960AccOfer_AutoElemAcc_20', 'SIUasignarNumContrato', 'asignarNumContrato', '');
INSERT INTO IUAction (idIU, idIUAction, IUActionName, IUActionAlias, IUActionDescription) VALUES ('Clas_1431957012480960UIPobCl_Auto', 'Clas_1431957012480960AccOfer_AutoElemAcc_21', 'SIUdummyGenerarSolicitud', 'Generar solicitud', '');
INSERT INTO IUAction (idIU, idIUAction, IUActionName, IUActionAlias, IUActionDescription) VALUES ('Clas_1431957012480960UIPobCl_Auto', 'Clas_1431957012480960AccOfer_AutoElemAcc_22', 'SIUenviarSMSInfoPago', 'enviarSMSInfoPago', '');
INSERT INTO IUAction (idIU, idIUAction, IUActionName, IUActionAlias, IUActionDescription) VALUES ('Clas_1431957012480960UIPobCl_Auto', 'Clas_1431957012480960AccOfer_AutoElemAcc_23', 'SIUdummyEstatusSolicitudes', 'Estatus Solicitudes', '');
INSERT INTO IUAction (idIU, idIUAction, IUActionName, IUActionAlias, IUActionDescription) VALUES ('Clas_1431957012480960UIPobCl_Auto', 'Clas_1431957012480960AccOfer_AutoElemAcc_24', 'SIUmodMarcaCarnet', 'Modificar marca carnet', '');
INSERT INTO IUAction (idIU, idIUAction, IUActionName, IUActionAlias, IUActionDescription) VALUES ('Clas_1431957012480960UIPobCl_Auto', 'Clas_1431957012480960AccOfer_AutoElemAcc_25', 'SIUTMODDIRECCION', 'Cambiar dirección', '');
INSERT INTO IUAction (idIU, idIUAction, IUActionName, IUActionAlias, IUActionDescription) VALUES ('Clas_1431957012480960UIPobCl_Auto', 'Clas_1431957012480960AccOfer_AutoElemAcc_26', 'SIUTMODIFICARINFOPAGO', 'Información del pago', '');
INSERT INTO IUAction (idIU, idIUAction, IUActionName, IUActionAlias, IUActionDescription) VALUES ('Clas_1431957012480960UIPobCl_Auto', 'Clas_1431957012480960AccOfer_AutoElemAcc_27', 'SIUTCREAROMODFIRMA', 'Firma solicitud', '');
INSERT INTO IUAction (idIU, idIUAction, IUActionName, IUActionAlias, IUActionDescription) VALUES ('Clas_1431957012480960UIPobCl_Auto', 'Clas_1431957012480960AccOfer_AutoElemAcc_28', 'SIUTCREARSEGUNDAFIRMA', 'Firmar preexistencias', '');
INSERT INTO IUAction (idIU, idIUAction, IUActionName, IUActionAlias, IUActionDescription) VALUES ('Clas_1431957012480960UIPobCl_Auto', 'Clas_1431957012480960AccOfer_AutoElemAcc_29', 'SIUTSUBIRDOCUMENTO', 'Subir documento', '');
INSERT INTO IUAction (idIU, idIUAction, IUActionName, IUActionAlias, IUActionDescription) VALUES ('Clas_1431957012480960UIPobCl_Auto', 'Clas_1431957012480960AccOfer_AutoElemAcc_30', 'SIUTENVIARDOC', 'Selección/Envío de documentación', '');
INSERT INTO IUAction (idIU, idIUAction, IUActionName, IUActionAlias, IUActionDescription) VALUES ('Clas_1431957012480960UIPobCl_Auto', 'Clas_1431957012480960AccOfer_AutoElemAcc_31', 'SIUTNOTIFICARANULACION', 'Notificar anulación', '');
INSERT INTO IUAction (idIU, idIUAction, IUActionName, IUActionAlias, IUActionDescription) VALUES ('Clas_1431957012480960UIPobCl_Auto', 'Clas_1431957012480960AccOfer_AutoElemAcc_32', 'SIUTNOTIFICARCREAR', 'Notificar crear', '');
INSERT INTO IUAction (idIU, idIUAction, IUActionName, IUActionAlias, IUActionDescription) VALUES ('Clas_1431957012480960UIPobCl_Auto', 'Clas_1431957012480960AccOfer_AutoElemAcc_33', 'SIUTNOTIFICARINCLUSION', 'Notificar inclusión', '');
INSERT INTO IUAction (idIU, idIUAction, IUActionName, IUActionAlias, IUActionDescription) VALUES ('Clas_1431957012480960UIPobCl_Auto', 'Clas_1431957012480960AccOfer_AutoElemAcc_34', 'SIUTMOSTRARDOCUMENTOS', 'Subir documentos', '');
INSERT INTO IUAction (idIU, idIUAction, IUActionName, IUActionAlias, IUActionDescription) VALUES ('Clas_1431957012480960UIPobCl_Auto', 'Clas_1431957012480960AccOfer_AutoElemAcc_35', 'SIUTMOSTRARDOCUMENTOSTODOS', 'Documentos', '');
INSERT INTO IUAction (idIU, idIUAction, IUActionName, IUActionAlias, IUActionDescription) VALUES ('Clas_1431957012480960UIPobCl_Auto', 'Clas_1431957012480960AccOfer_AutoElemAcc_36', 'SIUTINDICARCONTRATANTE2', 'Indicar Contratante', '');
INSERT INTO IUAction (idIU, idIUAction, IUActionName, IUActionAlias, IUActionDescription) VALUES ('Clas_1431957012480960UIPobCl_Auto', 'Clas_1431957012480960AccOfer_AutoElemAcc_37', 'SIUTINDICARTITULAR2', 'Indicar titular', '');
INSERT INTO IUAction (idIU, idIUAction, IUActionName, IUActionAlias, IUActionDescription) VALUES ('Clas_1431957012480960UIPobCl_Auto', 'Clas_1431957012480960AccOfer_AutoElemAcc_38', 'SIUTCHGTITBENEFCONT', 'Cambiar titular con beneficios', '');
INSERT INTO IUAction (idIU, idIUAction, IUActionName, IUActionAlias, IUActionDescription) VALUES ('Clas_1431957012480960UIPobCl_Auto', 'Clas_1431957012480960AccOfer_AutoElemAcc_39', 'SIUTMARCARCOMPLETADA', 'Marcar completada', '');
INSERT INTO IUAction (idIU, idIUAction, IUActionName, IUActionAlias, IUActionDescription) VALUES ('Clas_1431957012480960UIPobCl_Auto', 'Clas_1431957012480960AccOfer_AutoElemAcc_40', 'SIUTCAMBIARESTADO', 'Cambiar estado', '');
INSERT INTO IUAction (idIU, idIUAction, IUActionName, IUActionAlias, IUActionDescription) VALUES ('Clas_1431957012480960UIPobCl_Auto', 'Clas_1431957012480960AccOfer_AutoElemAcc_41', 'SIUTCAMBIARESTADOERROR', 'Cambiar estado a error', '');
INSERT INTO IUAction (idIU, idIUAction, IUActionName, IUActionAlias, IUActionDescription) VALUES ('Clas_1431957012480960UIPobCl_Auto', 'Clas_1431957012480960AccOfer_AutoElemAcc_42', 'SIUTCAMBIARESTDEVAREAMED', 'Cambiar estado a devuelta área médica', '');
INSERT INTO IUAction (idIU, idIUAction, IUActionName, IUActionAlias, IUActionDescription) VALUES ('Clas_1431957012480960UIPobCl_Auto', 'Clas_1431957012480960AccOfer_AutoElemAcc_43', 'SIUTCAMBIARESTPENDMEDICO', 'Cambiar estado a pendiente médico', '');
INSERT INTO IUAction (idIU, idIUAction, IUActionName, IUActionAlias, IUActionDescription) VALUES ('Clas_1431957012480960UIPobCl_Auto', 'Clas_1431957012480960AccOfer_AutoElemAcc_44', 'SIUTMODENCABEZADO', 'Modificar encabezado', '');
INSERT INTO IUAction (idIU, idIUAction, IUActionName, IUActionAlias, IUActionDescription) VALUES ('Clas_1431957012480960UIPobCl_Auto', 'Clas_1431957012480960AccOfer_AutoElemAcc_45', 'SIUTCAMBIARESTANULADO', 'Cambiar estado a anulada', '');
INSERT INTO IUAction (idIU, idIUAction, IUActionName, IUActionAlias, IUActionDescription) VALUES ('Clas_1431957012480960UIPobCl_Auto', 'Clas_1431957012480960AccOfer_AutoElemAcc_46', 'SIUTANULARAUTO', 'Anulacion automática', '');
INSERT INTO IUAction (idIU, idIUAction, IUActionName, IUActionAlias, IUActionDescription) VALUES ('Clas_1431957012480960UIPobCl_Auto', 'Clas_1431957012480960AccOfer_AutoElemAcc_47', 'SIUTMODDIRSCONTRATANTE', 'Modificar direcciones', '');
INSERT INTO IUAction (idIU, idIUAction, IUActionName, IUActionAlias, IUActionDescription) VALUES ('Clas_1431957012480960UIPobCl_Auto', 'Clas_1431957012480960AccOfer_AutoElemAcc_48', 'SIUTMODDIRSTITULAR', 'Modificar direcciones', '');
INSERT INTO IUAction (idIU, idIUAction, IUActionName, IUActionAlias, IUActionDescription) VALUES ('Clas_1431957012480960UIPobCl_Auto', 'Clas_1431957012480960AccOfer_AutoElemAcc_49', 'SIUTMODENCABEZADOINCL', 'Modificar encabezado', '');
INSERT INTO IUAction (idIU, idIUAction, IUActionName, IUActionAlias, IUActionDescription) VALUES ('Clas_1431957012480960UIPobCl_Auto', 'Clas_1431957012480960AccOfer_AutoElemAcc_50', 'SIUTCAMBIARESTAPROBMEDICO', 'Cambiar estado aprobado médico', '');
INSERT INTO IUAction (idIU, idIUAction, IUActionName, IUActionAlias, IUActionDescription) VALUES ('Clas_1431957012480960UIPobCl_Auto', 'Clas_1431957012480960AccOfer_AutoElemAcc_51', 'SIUTCAMBIARESTADOADMIN', 'Cambiar estado', '');
INSERT INTO IUAction (idIU, idIUAction, IUActionName, IUActionAlias, IUActionDescription) VALUES ('Clas_1431957012480960UIPobCl_Auto', 'Clas_1431957012480960AccOfer_AutoElemAcc_52', 'SIUTCREAROMODFIRMACONTINC', 'Firma Contratante', '');
INSERT INTO IUAction (idIU, idIUAction, IUActionName, IUActionAlias, IUActionDescription) VALUES ('Clas_1431957012480960UIPobCl_Auto', 'Clas_1431957012480960AccOfer_AutoElemAcc_53', 'SIUTPOSTGENERAREXITO', 'TPOSTGENERAREXITO', '');
INSERT INTO IUAction (idIU, idIUAction, IUActionName, IUActionAlias, IUActionDescription) VALUES ('Clas_1431957012480960UIPobCl_Auto', 'Clas_1431957012480960AccOfer_AutoElemAcc_54', 'SIUTCAMBIARESTADODOC', 'Cambiar estado documentacion', '');
INSERT INTO IUAction (idIU, idIUAction, IUActionName, IUActionAlias, IUActionDescription) VALUES ('Clas_1431957012480960UIPobCl_Auto', 'Clas_1431957012480960AccOfer_AutoElemAcc_55', 'SIUTREASIGNARUSUARIOS', 'Reasignación de solicitud', '');
INSERT INTO IUAction (idIU, idIUAction, IUActionName, IUActionAlias, IUActionDescription) VALUES ('Clas_1431957012480960UIPobCl_Auto', 'Clas_1431957012480960AccOfer_AutoElemAcc_56', 'SIUTSUBIRDOCUMENTOATO', 'Subir documento', '');
INSERT INTO IUAction (idIU, idIUAction, IUActionName, IUActionAlias, IUActionDescription) VALUES ('Clas_1431957012480960UIPobCl_Auto', 'Clas_1431957012480960AccOfer_AutoElemAcc_57', 'IIUNuevaAfiliacion', 'Información de Solicitud', '');
INSERT INTO IUAction (idIU, idIUAction, IUActionName, IUActionAlias, IUActionDescription) VALUES ('Clas_1431957012480960UIPobCl_Auto', 'Clas_1431957012480960AccOfer_AutoElemAcc_58', 'IIUInfoContratanteJUR', 'Persona jurídica', '');
INSERT INTO IUAction (idIU, idIUAction, IUActionName, IUActionAlias, IUActionDescription) VALUES ('Clas_1431957012480960UIPobCl_Auto', 'Clas_1431957012480960AccOfer_AutoElemAcc_59', 'IIUInfoObservaciones', 'Observaciones', '');
INSERT INTO IUAction (idIU, idIUAction, IUActionName, IUActionAlias, IUActionDescription) VALUES ('Clas_1431957012480960UIPobCl_Auto', 'Clas_1431957012480960AccOfer_AutoElemAcc_60', 'IIUInfoPago', 'Información del pago', '');
INSERT INTO IUAction (idIU, idIUAction, IUActionName, IUActionAlias, IUActionDescription) VALUES ('Clas_1431957012480960UIPobCl_Auto', 'Clas_1431957012480960AccOfer_AutoElemAcc_61', 'IIUInclusion', 'Información de Solicitud', '');
INSERT INTO IUAction (idIU, idIUAction, IUActionName, IUActionAlias, IUActionDescription) VALUES ('Clas_1431957012480960UIPobCl_Auto', 'Clas_1431957012480960AccOfer_AutoElemAcc_62', 'IIUInfoContratanteIDINCL', 'Identificación', '');
INSERT INTO IUAction (idIU, idIUAction, IUActionName, IUActionAlias, IUActionDescription) VALUES ('Clas_1431957012480960UIPobCl_Auto', 'Clas_1431957012480960AccOfer_AutoElemAcc_63', 'IIUInfoContratanteContactoINC', 'Datos de contacto', '');
INSERT INTO IUAction (idIU, idIUAction, IUActionName, IUActionAlias, IUActionDescription) VALUES ('Clas_1431957012480960UIPobCl_Auto', 'Clas_1431957012480960AccOfer_AutoElemAcc_64', 'IIUSolicitudVacia', '', '');
INSERT INTO IUAction (idIU, idIUAction, IUActionName, IUActionAlias, IUActionDescription) VALUES ('Clas_1431957012480960UIPobCl_Auto', 'Clas_1431957012480960AccOfer_AutoElemAcc_65', 'IIUDiferenciasLiquidacion', 'Diferencias de liquidación', '');
INSERT INTO IUAction (idIU, idIUAction, IUActionName, IUActionAlias, IUActionDescription) VALUES ('Clas_1431957012480960UIPobCl_Auto', 'Clas_1431957012480960AccOfer_AutoElemAcc_66', 'IIUSolicitudPreexistencias', 'Solicitud', '');
INSERT INTO IUAction (idIU, idIUAction, IUActionName, IUActionAlias, IUActionDescription) VALUES ('Clas_1431957012480960UIPobCl_Auto', 'Clas_1431957012480960AccOfer_AutoElemAcc_67', 'IIUInfoContratanteEditable', 'Información del contratante', '');
INSERT INTO IUAction (idIU, idIUAction, IUActionName, IUActionAlias, IUActionDescription) VALUES ('Clas_1431957012480960UIPobCl_Auto', 'Clas_1431957012480960AccOfer_AutoElemAcc_68', 'IIUInfoTitularEditable', 'Información del titular', '');
INSERT INTO IUAction (idIU, idIUAction, IUActionName, IUActionAlias, IUActionDescription) VALUES ('Clas_1431957012480960UIPobCl_Auto', 'Clas_1431957012480960AccOfer_AutoElemAcc_69', 'IIUInfoContratanteNAT', 'Persona natural', '');
INSERT INTO IUAction (idIU, idIUAction, IUActionName, IUActionAlias, IUActionDescription) VALUES ('Clas_1431957012480960UIPobCl_Auto', 'Clas_1431957012480960AccOfer_AutoElemAcc_70', 'IIUInfoContratanteJURCol', 'Persona jurídica', '');
INSERT INTO IUAction (idIU, idIUAction, IUActionName, IUActionAlias, IUActionDescription) VALUES ('Clas_1431957012480960UIPobCl_Auto', 'Clas_1431957012480960AccOfer_AutoElemAcc_71', 'IIUInfoContratanteNATCol', 'Persona natural', '');
INSERT INTO IUAction (idIU, idIUAction, IUActionName, IUActionAlias, IUActionDescription) VALUES ('Clas_1431957012480960UIPobCl_Auto', 'Clas_1431957012480960AccOfer_AutoElemAcc_72', 'IIUSolicitudEstatusVerMas', 'Ver Más', '');
INSERT INTO IUAction (idIU, idIUAction, IUActionName, IUActionAlias, IUActionDescription) VALUES ('Clas_1431957012480960UIPobCl_Auto', 'Clas_1431957012480960AccOfer_AutoElemAcc_73', 'IIUSolicitudEstatusVerMasAse', 'Ver Más', '');
INSERT INTO IUAction (idIU, idIUAction, IUActionName, IUActionAlias, IUActionDescription) VALUES ('Clas_1431957012480960UIPobCl_Auto', 'Clas_1431957012480960AccOfer_AutoElemAcc_74', 'MDIUNuevaAfiliacion', 'Nueva afiliación', '');
INSERT INTO IUAction (idIU, idIUAction, IUActionName, IUActionAlias, IUActionDescription) VALUES ('Clas_1431957012480960UIPobCl_Auto', 'Clas_1431957012480960AccOfer_AutoElemAcc_75', 'iMDIUInfoContratantePR', 'Información de Contratante', '');
INSERT INTO IUAction (idIU, idIUAction, IUActionName, IUActionAlias, IUActionDescription) VALUES ('Clas_1431957012480960UIPobCl_Auto', 'Clas_1431957012480960AccOfer_AutoElemAcc_76', 'iMDIUInfoContratanteINCL', 'Información de Contratante', '');
INSERT INTO IUAction (idIU, idIUAction, IUActionName, IUActionAlias, IUActionDescription) VALUES ('Clas_1431957012480960UIPobCl_Auto', 'Clas_1431957012480960AccOfer_AutoElemAcc_77', 'MDIUUsuariosINCL', 'Información personas a Afiliar', '');
INSERT INTO IUAction (idIU, idIUAction, IUActionName, IUActionAlias, IUActionDescription) VALUES ('Clas_1431957012480960UIPobCl_Auto', 'Clas_1431957012480960AccOfer_AutoElemAcc_78', 'MDIUInclusionFamiliar', 'Inclusión', '');
INSERT INTO IUAction (idIU, idIUAction, IUActionName, IUActionAlias, IUActionDescription) VALUES ('Clas_1431957012480960UIPobCl_Auto', 'Clas_1431957012480960AccOfer_AutoElemAcc_79', 'MDIUSolicitudPreexistencias', 'Detalles Preexistencias', '');
INSERT INTO IUAction (idIU, idIUAction, IUActionName, IUActionAlias, IUActionDescription) VALUES ('Clas_1431957012480960UIPobCl_Auto', 'Clas_1431957012480960AccOfer_AutoElemAcc_80', 'iMDIUInfoContratanteINCColect', 'Información de Contratante', '');
INSERT INTO IUAction (idIU, idIUAction, IUActionName, IUActionAlias, IUActionDescription) VALUES ('Clas_1431957012480960UIPobCl_Auto', 'Clas_1431957012480960AccOfer_AutoElemAcc_81', 'iMDIUInfoContratantePRCOL', 'Información de Contratante', '');
INSERT INTO IUAction (idIU, idIUAction, IUActionName, IUActionAlias, IUActionDescription) VALUES ('Clas_1431957012480960UIPobCl_Auto', 'Clas_1431957012480960AccOfer_AutoElemAcc_82', 'MDIUInclusionColectivo', 'Inclusión', '');
INSERT INTO IUNavigation (idIU, idIUNavigation, IUNavigationName, IUNavigationAlias, IUNavigationDescription) VALUES ('Clas_1431957012480960UIPobCl_Auto', 'Clas_1431957012480960NavOfer_AutoElemNav_1', '_Auto_', 'Dirección', '');
INSERT INTO IUNavigation (idIU, idIUNavigation, IUNavigationName, IUNavigationAlias, IUNavigationDescription) VALUES ('Clas_1431957012480960UIPobCl_Auto', 'Clas_1431957012480960NavOfer_AutoElemNav_2', '_Auto_', 'Protección Datos', '');
INSERT INTO IUNavigation (idIU, idIUNavigation, IUNavigationName, IUNavigationAlias, IUNavigationDescription) VALUES ('Clas_1431957012480960UIPobCl_Auto', 'Clas_1431957012480960NavOfer_AutoElemNav_3', 'PIUUsuarioDePIUStatusSol', 'Detalle de usuarios', '');
INSERT INTO IUNavigation (idIU, idIUNavigation, IUNavigationName, IUNavigationAlias, IUNavigationDescription) VALUES ('Clas_1431957012480960UIPobCl_Auto', 'Clas_1431957012480960NavOfer_AutoElemNav_4', '_Auto_', 'Contratante', '');
INSERT INTO IUNavigation (idIU, idIUNavigation, IUNavigationName, IUNavigationAlias, IUNavigationDescription) VALUES ('Clas_1431957012480960UIPobCl_Auto', 'Clas_1431957012480960NavOfer_AutoElemNav_5', '_Auto_', 'Firma', '');
INSERT INTO IUNavigation (idIU, idIUNavigation, IUNavigationName, IUNavigationAlias, IUNavigationDescription) VALUES ('Clas_1431957012480960UIPobCl_Auto', 'Clas_1431957012480960NavOfer_AutoElemNav_6', '_Auto_', 'Firma', '');
INSERT INTO IUNavigation (idIU, idIUNavigation, IUNavigationName, IUNavigationAlias, IUNavigationDescription) VALUES ('Clas_1431957012480960UIPobCl_Auto', 'Clas_1431957012480960NavOfer_AutoElemNav_7', '_Auto_', 'Firma', '');
INSERT INTO IUNavigation (idIU, idIUNavigation, IUNavigationName, IUNavigationAlias, IUNavigationDescription) VALUES ('Clas_1431957012480960UIPobCl_Auto', 'Clas_1431957012480960NavOfer_AutoElemNav_8', 'PIUUsuarioReg', 'Usuarios registrados', '');
INSERT INTO IUNavigation (idIU, idIUNavigation, IUNavigationName, IUNavigationAlias, IUNavigationDescription) VALUES ('Clas_1431957012480960UIPobCl_Auto', 'Clas_1431957012480960NavOfer_AutoElemNav_9', '_Auto_', 'Titular', '');
INSERT INTO IUNavigation (idIU, idIUNavigation, IUNavigationName, IUNavigationAlias, IUNavigationDescription) VALUES ('Clas_1431957012480960UIPobCl_Auto', 'Clas_1431957012480960NavOfer_AutoElemNav_10', 'PIUDocumentoG', 'Documentos', '');
INSERT INTO IUNavigation (idIU, idIUNavigation, IUNavigationName, IUNavigationAlias, IUNavigationDescription) VALUES ('Clas_1431957012480960UIPobCl_Auto', 'Clas_1431957012480960NavOfer_AutoElemNav_11', 'PIUErrorWS', 'Ver errores', '');
INSERT INTO IUNavigation (idIU, idIUNavigation, IUNavigationName, IUNavigationAlias, IUNavigationDescription) VALUES ('Clas_1431957012480960UIPobCl_Auto', 'Clas_1431957012480960NavOfer_AutoElemNav_12', 'PIULogEstado', 'Historico Estados', '');
INSERT INTO IUNavigation (idIU, idIUNavigation, IUNavigationName, IUNavigationAlias, IUNavigationDescription) VALUES ('Clas_1431957012480960UIPobCl_Auto', 'Clas_1431957012480960NavOfer_AutoElemNav_13', 'PIULogAsignaciones', 'Log Asignaciones', '');
INSERT INTO IUNavigation (idIU, idIUNavigation, IUNavigationName, IUNavigationAlias, IUNavigationDescription) VALUES ('Clas_1431957012480960UIPobCl_Auto', 'Clas_1431957012480960NavOfer_AutoElemNav_14', '_Auto_', 'Solicitud base', '');
INSERT INTO IUNavigation (idIU, idIUNavigation, IUNavigationName, IUNavigationAlias, IUNavigationDescription) VALUES ('Clas_1431957012480960UIPobCl_Auto', 'Clas_1431957012480960NavOfer_AutoElemNav_15', '_Auto_', 'Contratante', '');
INSERT INTO IUNavigation (idIU, idIUNavigation, IUNavigationName, IUNavigationAlias, IUNavigationDescription) VALUES ('Clas_1431957012480960UIPobCl_Auto', 'Clas_1431957012480960NavOfer_AutoElemNav_16', '_Auto_', 'Titular', '');
INSERT INTO IUNavigation (idIU, idIUNavigation, IUNavigationName, IUNavigationAlias, IUNavigationDescription) VALUES ('Clas_1431957012480960UIPobCl_Auto', 'Clas_1431957012480960NavOfer_AutoElemNav_17', '_Auto_', 'Grupo asociado', '');
INSERT INTO IUNavigation (idIU, idIUNavigation, IUNavigationName, IUNavigationAlias, IUNavigationDescription) VALUES ('Clas_1431957012480960UIPobCl_Auto', 'Clas_1431957012480960NavOfer_AutoElemNav_18', '_Auto_', 'Usuario', '');
INSERT INTO IUNavigation (idIU, idIUNavigation, IUNavigationName, IUNavigationAlias, IUNavigationDescription) VALUES ('Clas_1431957012480960UIPobCl_Auto', 'Clas_1431957012480960NavOfer_AutoElemNav_19', '_Auto_', 'Forma Pago', '');
INSERT INTO IUNavigation (idIU, idIUNavigation, IUNavigationName, IUNavigationAlias, IUNavigationDescription) VALUES ('Clas_1431957012480960UIPobCl_Auto', 'Clas_1431957012480960NavOfer_AutoElemNav_20', '_Auto_', 'Periodicidad pago', '');
INSERT INTO IUNavigation (idIU, idIUNavigation, IUNavigationName, IUNavigationAlias, IUNavigationDescription) VALUES ('Clas_1431957012480960UIPobCl_Auto', 'Clas_1431957012480960NavOfer_AutoElemNav_21', '_Auto_', 'Contrato CORE', '');
INSERT INTO IUNavigation (idIU, idIUNavigation, IUNavigationName, IUNavigationAlias, IUNavigationDescription) VALUES ('Clas_1431957012480960UIPobCl_Auto', 'Clas_1431957012480960NavOfer_AutoElemNav_22', '_Auto_', 'Usr. Area Médica', '');
INSERT INTO IUNavigation (idIU, idIUNavigation, IUNavigationName, IUNavigationAlias, IUNavigationDescription) VALUES ('Clas_1431957012480960UIPobCl_Auto', 'Clas_1431957012480960NavOfer_AutoElemNav_23', '_Auto_', 'Tipo Factura', '');
INSERT INTO IUNavigation (idIU, idIUNavigation, IUNavigationName, IUNavigationAlias, IUNavigationDescription) VALUES ('Clas_1431957012480960UIPobCl_Auto', 'Clas_1431957012480960NavOfer_AutoElemNav_24', '_Auto_', 'Usr. Afiliación', '');

-- IIU: Solicitud.IIUNuevaAfiliacion
INSERT INTO IU (idIU, IUName, IUAlias, IUDescription, IUType) VALUES ('Clas_1431957012480960UIInst_1', 'IIUNuevaAfiliacion', 'Información de Solicitud', '', 'I');
INSERT INTO IUAction (idIU, idIUAction, IUActionName, IUActionAlias, IUActionDescription) VALUES ('Clas_1431957012480960UIInst_1', 'Clas_1431957012480960AccOfer_8ElemAcc_5', 'SIUTMOSTRARDOCUMENTOS', 'Subir documentos', '');
INSERT INTO IUAction (idIU, idIUAction, IUActionName, IUActionAlias, IUActionDescription) VALUES ('Clas_1431957012480960UIInst_1', 'Clas_1431957012480960AccOfer_8ElemAcc_1', 'SIUTCREAROMODFIRMA', 'Firma solicitud', '');
INSERT INTO IUAction (idIU, idIUAction, IUActionName, IUActionAlias, IUActionDescription) VALUES ('Clas_1431957012480960UIInst_1', 'Clas_1431957012480960AccOfer_8ElemAcc_7', 'SIUTMODENCABEZADO', 'Modificar encabezado', '');
INSERT INTO IUAction (idIU, idIUAction, IUActionName, IUActionAlias, IUActionDescription) VALUES ('Clas_1431957012480960UIInst_1', 'Clas_1431957012480960AccOfer_8ElemAcc_10', 'SIUmodMarcaCarnet', 'Modificar marca carnet', '');
INSERT INTO IUAction (idIU, idIUAction, IUActionName, IUActionAlias, IUActionDescription) VALUES ('Clas_1431957012480960UIInst_1', 'Clas_1431957012480960AccOfer_8ElemAcc_8', 'SIUdummyGenerarSolicitud', 'Generar solicitud', '');
INSERT INTO IUAction (idIU, idIUAction, IUActionName, IUActionAlias, IUActionDescription) VALUES ('Clas_1431957012480960UIInst_1', 'Clas_1431957012480960AccOfer_8ElemAcc_9', 'SIUenviarSMSInfoPago', 'Ver PDF', '');

-- IIU: Solicitud.IIUInfoContratanteJUR
INSERT INTO IU (idIU, IUName, IUAlias, IUDescription, IUType) VALUES ('Clas_1431957012480960UIInst_5', 'IIUInfoContratanteJUR', 'Persona jurídica', '', 'I');

-- IIU: Solicitud.IIUInfoObservaciones
INSERT INTO IU (idIU, IUName, IUAlias, IUDescription, IUType) VALUES ('Clas_1431957012480960UIInst_7', 'IIUInfoObservaciones', 'Observaciones', '', 'I');

-- IIU: Solicitud.IIUInfoPago
INSERT INTO IU (idIU, IUName, IUAlias, IUDescription, IUType) VALUES ('Clas_1431957012480960UIInst_8', 'IIUInfoPago', 'Información del pago', '', 'I');

-- IIU: Solicitud.IIUInclusion
INSERT INTO IU (idIU, IUName, IUAlias, IUDescription, IUType) VALUES ('Clas_1431957012480960UIInst_9', 'IIUInclusion', 'Información de Solicitud', '', 'I');
INSERT INTO IUAction (idIU, idIUAction, IUActionName, IUActionAlias, IUActionDescription) VALUES ('Clas_1431957012480960UIInst_9', 'Clas_1431957012480960AccOfer_18ElemAcc_4', 'SIUTMOSTRARDOCUMENTOS', 'Subir documentos', '');
INSERT INTO IUAction (idIU, idIUAction, IUActionName, IUActionAlias, IUActionDescription) VALUES ('Clas_1431957012480960UIInst_9', 'Clas_1431957012480960AccOfer_18ElemAcc_2', 'SIUTCREAROMODFIRMA', 'Firma solicitud', '');
INSERT INTO IUAction (idIU, idIUAction, IUActionName, IUActionAlias, IUActionDescription) VALUES ('Clas_1431957012480960UIInst_9', 'Clas_1431957012480960AccOfer_18ElemAcc_8', 'SIUTMODENCABEZADOINCL', 'Modificar encabezado', '');
INSERT INTO IUAction (idIU, idIUAction, IUActionName, IUActionAlias, IUActionDescription) VALUES ('Clas_1431957012480960UIInst_9', 'Clas_1431957012480960AccOfer_18ElemAcc_10', 'SIUmodMarcaCarnet', 'Modificar marca carnet', '');
INSERT INTO IUAction (idIU, idIUAction, IUActionName, IUActionAlias, IUActionDescription) VALUES ('Clas_1431957012480960UIInst_9', 'Clas_1431957012480960AccOfer_18ElemAcc_6', 'SIUTMARCARCOMPLETADA', 'Marcar completada', '');
INSERT INTO IUAction (idIU, idIUAction, IUActionName, IUActionAlias, IUActionDescription) VALUES ('Clas_1431957012480960UIInst_9', 'Clas_1431957012480960AccOfer_18ElemAcc_9', 'SIUenviarSMSInfoPago', 'Ver PDF', '');

-- IIU: Solicitud.IIUInfoContratanteIDINCL
INSERT INTO IU (idIU, IUName, IUAlias, IUDescription, IUType) VALUES ('Clas_1431957012480960UIInst_10', 'IIUInfoContratanteIDINCL', 'Identificación', '', 'I');

-- IIU: Solicitud.IIUInfoContratanteContactoINC
INSERT INTO IU (idIU, IUName, IUAlias, IUDescription, IUType) VALUES ('Clas_1431957012480960UIInst_11', 'IIUInfoContratanteContactoINC', 'Datos de contacto', '', 'I');

-- IIU: Solicitud.IIUSolicitudVacia
INSERT INTO IU (idIU, IUName, IUAlias, IUDescription, IUType) VALUES ('Clas_1431957012480960UIInst_14', 'IIUSolicitudVacia', 'IIU_SolicitudVacia', '', 'I');

-- IIU: Solicitud.IIUDiferenciasLiquidacion
INSERT INTO IU (idIU, IUName, IUAlias, IUDescription, IUType) VALUES ('Clas_1431957012480960UIInst_15', 'IIUDiferenciasLiquidacion', 'Diferencias de liquidación', '', 'I');

-- IIU: Solicitud.IIUSolicitudPreexistencias
INSERT INTO IU (idIU, IUName, IUAlias, IUDescription, IUType) VALUES ('Clas_1431957012480960UIInst_16', 'IIUSolicitudPreexistencias', 'Solicitud', '', 'I');
INSERT INTO IUAction (idIU, idIUAction, IUActionName, IUActionAlias, IUActionDescription) VALUES ('Clas_1431957012480960UIInst_16', 'Clas_1431957012480960AccOfer_14ElemAcc_1', 'SIUTCREARSEGUNDAFIRMA', 'Firmar preexistencias', '');

-- IIU: Solicitud.IIUInfoContratanteEditable
INSERT INTO IU (idIU, IUName, IUAlias, IUDescription, IUType) VALUES ('Clas_1431957012480960UIInst_18', 'IIUInfoContratanteEditable', 'Información del contratante', '', 'I');
INSERT INTO IUAction (idIU, idIUAction, IUActionName, IUActionAlias, IUActionDescription) VALUES ('Clas_1431957012480960UIInst_18', 'Clas_1431957012480960AccOfer_16ElemAcc_1', 'SIUTGSELECCONTRATOASOC', 'Contratos asociados', '');

-- IIU: Solicitud.IIUInfoTitularEditable
INSERT INTO IU (idIU, IUName, IUAlias, IUDescription, IUType) VALUES ('Clas_1431957012480960UIInst_20', 'IIUInfoTitularEditable', 'Información del titular', '', 'I');
INSERT INTO IUAction (idIU, idIUAction, IUActionName, IUActionAlias, IUActionDescription) VALUES ('Clas_1431957012480960UIInst_20', 'Clas_1431957012480960AccOfer_17ElemAcc_1', 'SIUTGSELECCONTRATOASOCTIT', 'Contratos asociados', '');
INSERT INTO IUAction (idIU, idIUAction, IUActionName, IUActionAlias, IUActionDescription) VALUES ('Clas_1431957012480960UIInst_20', 'Clas_1431957012480960AccOfer_17ElemAcc_2', 'SIUTMODDIRSTITULAR', 'Modificar direcciones', '');

-- IIU: Solicitud.IIUInfoContratanteNAT
INSERT INTO IU (idIU, IUName, IUAlias, IUDescription, IUType) VALUES ('Clas_1431957012480960UIInst_4', 'IIUInfoContratanteNAT', 'Persona natural', '', 'I');
INSERT INTO IUAction (idIU, idIUAction, IUActionName, IUActionAlias, IUActionDescription) VALUES ('Clas_1431957012480960UIInst_4', 'Clas_1431957012480960AccOfer_19ElemAcc_1', 'SIUTMODDIRSCONTRATANTE', 'Modificar direcciones', '');

-- IIU: Solicitud.IIUInfoContratanteJURCol
INSERT INTO IU (idIU, IUName, IUAlias, IUDescription, IUType) VALUES ('Clas_1431957012480960UIInst_22', 'IIUInfoContratanteJURCol', 'Persona jurídica', '', 'I');
INSERT INTO IUAction (idIU, idIUAction, IUActionName, IUActionAlias, IUActionDescription) VALUES ('Clas_1431957012480960UIInst_22', 'Clas_1431957012480960AccOfer_20ElemAcc_1', 'SIUTCREAROMODFIRMACONTINC', 'Firma Contratante', '');

-- IIU: Solicitud.IIUInfoContratanteNATCol
INSERT INTO IU (idIU, IUName, IUAlias, IUDescription, IUType) VALUES ('Clas_1431957012480960UIInst_23', 'IIUInfoContratanteNATCol', 'Persona natural', '', 'I');
INSERT INTO IUAction (idIU, idIUAction, IUActionName, IUActionAlias, IUActionDescription) VALUES ('Clas_1431957012480960UIInst_23', 'Clas_1431957012480960AccOfer_21ElemAcc_1', 'SIUTMODDIRSCONTRATANTE', 'Modificar direcciones', '');
INSERT INTO IUAction (idIU, idIUAction, IUActionName, IUActionAlias, IUActionDescription) VALUES ('Clas_1431957012480960UIInst_23', 'Clas_1431957012480960AccOfer_21ElemAcc_2', 'SIUTCREAROMODFIRMACONTINC', 'Firma Contratante', '');

-- IIU: Solicitud.IIUSolicitudEstatusVerMas
INSERT INTO IU (idIU, IUName, IUAlias, IUDescription, IUType) VALUES ('Clas_1431957012480960UIInst_24', 'IIUSolicitudEstatusVerMas', 'Ver Más', '', 'I');

-- IIU: Solicitud.IIUSolicitudEstatusVerMasAse
INSERT INTO IU (idIU, IUName, IUAlias, IUDescription, IUType) VALUES ('Clas_1431957012480960UIInst_25', 'IIUSolicitudEstatusVerMasAse', 'Ver Más', '', 'I');

-- IIU: Solicitud._Auto_
INSERT INTO IU (idIU, IUName, IUAlias, IUDescription, IUType) VALUES ('Clas_1431957012480960UIInst_34', '_Auto_', 'Solicitud', '', 'I');
INSERT INTO IUAction (idIU, idIUAction, IUActionName, IUActionAlias, IUActionDescription) VALUES ('Clas_1431957012480960UIInst_34', 'Clas_1431957012480960AccOfer_AutoElemAcc_1', 'SIUInsFormaPagoSolicitud', 'InsFormaPagoSolicitud', '');
INSERT INTO IUAction (idIU, idIUAction, IUActionName, IUActionAlias, IUActionDescription) VALUES ('Clas_1431957012480960UIInst_34', 'Clas_1431957012480960AccOfer_AutoElemAcc_2', 'SIUInsPeriodicidadSolicitud', 'InsPeriodicidadSolicitud', '');
INSERT INTO IUAction (idIU, idIUAction, IUActionName, IUActionAlias, IUActionDescription) VALUES ('Clas_1431957012480960UIInst_34', 'Clas_1431957012480960AccOfer_AutoElemAcc_3', 'SIUmarcarDatosPagoOK', 'marcarDatosPagoOK', '');
INSERT INTO IUAction (idIU, idIUAction, IUActionName, IUActionAlias, IUActionDescription) VALUES ('Clas_1431957012480960UIInst_34', 'Clas_1431957012480960AccOfer_AutoElemAcc_4', 'SIUanotarObservaciones', 'Anotar observaciones', '');
INSERT INTO IUAction (idIU, idIUAction, IUActionName, IUActionAlias, IUActionDescription) VALUES ('Clas_1431957012480960UIInst_34', 'Clas_1431957012480960AccOfer_AutoElemAcc_5', 'SIUdummySeleccionEnvioDoc', 'Selección/Envío de documentación', '');
INSERT INTO IUAction (idIU, idIUAction, IUActionName, IUActionAlias, IUActionDescription) VALUES ('Clas_1431957012480960UIInst_34', 'Clas_1431957012480960AccOfer_AutoElemAcc_6', 'SIUdummyPreexistencias', 'Preexistencias', '');
INSERT INTO IUAction (idIU, idIUAction, IUActionName, IUActionAlias, IUActionDescription) VALUES ('Clas_1431957012480960UIInst_34', 'Clas_1431957012480960AccOfer_AutoElemAcc_7', 'SIUdummyDiferenciasLiq', 'Ver detalle diferencias liquidación', '');
INSERT INTO IUAction (idIU, idIUAction, IUActionName, IUActionAlias, IUActionDescription) VALUES ('Clas_1431957012480960UIInst_34', 'Clas_1431957012480960AccOfer_AutoElemAcc_8', 'SIUdummyRedirigir', 'Modificar trámite', '');
INSERT INTO IUAction (idIU, idIUAction, IUActionName, IUActionAlias, IUActionDescription) VALUES ('Clas_1431957012480960UIInst_34', 'Clas_1431957012480960AccOfer_AutoElemAcc_9', 'SIUvalidarAtributosUsuario', 'validarAtributosUsuario', '');
INSERT INTO IUAction (idIU, idIUAction, IUActionName, IUActionAlias, IUActionDescription) VALUES ('Clas_1431957012480960UIInst_34', 'Clas_1431957012480960AccOfer_AutoElemAcc_10', 'SIUdummyReplicarSolicitud', 'Replicar solicitud', '');
INSERT INTO IUAction (idIU, idIUAction, IUActionName, IUActionAlias, IUActionDescription) VALUES ('Clas_1431957012480960UIInst_34', 'Clas_1431957012480960AccOfer_AutoElemAcc_11', 'SIUcalcularURLPasarelaPagos', 'calcularURLPasarelaPagos', '');
INSERT INTO IUAction (idIU, idIUAction, IUActionName, IUActionAlias, IUActionDescription) VALUES ('Clas_1431957012480960UIInst_34', 'Clas_1431957012480960AccOfer_AutoElemAcc_12', 'SIUenviarEmailURLPago', 'enviarEmailURLPago', '');
INSERT INTO IUAction (idIU, idIUAction, IUActionName, IUActionAlias, IUActionDescription) VALUES ('Clas_1431957012480960UIInst_34', 'Clas_1431957012480960AccOfer_AutoElemAcc_13', 'SIUdummyVerPDF', 'Ver PDF', '');
INSERT INTO IUAction (idIU, idIUAction, IUActionName, IUActionAlias, IUActionDescription) VALUES ('Clas_1431957012480960UIInst_34', 'Clas_1431957012480960AccOfer_AutoElemAcc_14', 'SIUInsContratoCASolicitud', 'InsContratoCASolicitud', '');
INSERT INTO IUAction (idIU, idIUAction, IUActionName, IUActionAlias, IUActionDescription) VALUES ('Clas_1431957012480960UIInst_34', 'Clas_1431957012480960AccOfer_AutoElemAcc_15', 'SIUDelContratoCASolicitud', 'DelContratoCASolicitud', '');
INSERT INTO IUAction (idIU, idIUAction, IUActionName, IUActionAlias, IUActionDescription) VALUES ('Clas_1431957012480960UIInst_34', 'Clas_1431957012480960AccOfer_AutoElemAcc_16', 'SIUsetCodTarifa', 'setCodTarifa', '');
INSERT INTO IUAction (idIU, idIUAction, IUActionName, IUActionAlias, IUActionDescription) VALUES ('Clas_1431957012480960UIInst_34', 'Clas_1431957012480960AccOfer_AutoElemAcc_17', 'SIUdummyDevolverErroresWS', 'dummyDevolverErroresWS', '');
INSERT INTO IUAction (idIU, idIUAction, IUActionName, IUActionAlias, IUActionDescription) VALUES ('Clas_1431957012480960UIInst_34', 'Clas_1431957012480960AccOfer_AutoElemAcc_18', 'SIUmarcarNoCompletada', 'Marcar completada', '');
INSERT INTO IUAction (idIU, idIUAction, IUActionName, IUActionAlias, IUActionDescription) VALUES ('Clas_1431957012480960UIInst_34', 'Clas_1431957012480960AccOfer_AutoElemAcc_19', 'SIUmodFechaInicioContratacion', 'Modificar encabezado', '');
INSERT INTO IUAction (idIU, idIUAction, IUActionName, IUActionAlias, IUActionDescription) VALUES ('Clas_1431957012480960UIInst_34', 'Clas_1431957012480960AccOfer_AutoElemAcc_20', 'SIUasignarNumContrato', 'asignarNumContrato', '');
INSERT INTO IUAction (idIU, idIUAction, IUActionName, IUActionAlias, IUActionDescription) VALUES ('Clas_1431957012480960UIInst_34', 'Clas_1431957012480960AccOfer_AutoElemAcc_21', 'SIUdummyGenerarSolicitud', 'Generar solicitud', '');
INSERT INTO IUAction (idIU, idIUAction, IUActionName, IUActionAlias, IUActionDescription) VALUES ('Clas_1431957012480960UIInst_34', 'Clas_1431957012480960AccOfer_AutoElemAcc_22', 'SIUenviarSMSInfoPago', 'enviarSMSInfoPago', '');
INSERT INTO IUAction (idIU, idIUAction, IUActionName, IUActionAlias, IUActionDescription) VALUES ('Clas_1431957012480960UIInst_34', 'Clas_1431957012480960AccOfer_AutoElemAcc_23', 'SIUdummyEstatusSolicitudes', 'Estatus Solicitudes', '');
INSERT INTO IUAction (idIU, idIUAction, IUActionName, IUActionAlias, IUActionDescription) VALUES ('Clas_1431957012480960UIInst_34', 'Clas_1431957012480960AccOfer_AutoElemAcc_24', 'SIUmodMarcaCarnet', 'Modificar marca carnet', '');
INSERT INTO IUAction (idIU, idIUAction, IUActionName, IUActionAlias, IUActionDescription) VALUES ('Clas_1431957012480960UIInst_34', 'Clas_1431957012480960AccOfer_AutoElemAcc_25', 'SIUTMODDIRECCION', 'Cambiar dirección', '');
INSERT INTO IUAction (idIU, idIUAction, IUActionName, IUActionAlias, IUActionDescription) VALUES ('Clas_1431957012480960UIInst_34', 'Clas_1431957012480960AccOfer_AutoElemAcc_26', 'SIUTMODIFICARINFOPAGO', 'Información del pago', '');
INSERT INTO IUAction (idIU, idIUAction, IUActionName, IUActionAlias, IUActionDescription) VALUES ('Clas_1431957012480960UIInst_34', 'Clas_1431957012480960AccOfer_AutoElemAcc_27', 'SIUTCREAROMODFIRMA', 'Firma solicitud', '');
INSERT INTO IUAction (idIU, idIUAction, IUActionName, IUActionAlias, IUActionDescription) VALUES ('Clas_1431957012480960UIInst_34', 'Clas_1431957012480960AccOfer_AutoElemAcc_28', 'SIUTCREARSEGUNDAFIRMA', 'Firmar preexistencias', '');
INSERT INTO IUAction (idIU, idIUAction, IUActionName, IUActionAlias, IUActionDescription) VALUES ('Clas_1431957012480960UIInst_34', 'Clas_1431957012480960AccOfer_AutoElemAcc_29', 'SIUTSUBIRDOCUMENTO', 'Subir documento', '');
INSERT INTO IUAction (idIU, idIUAction, IUActionName, IUActionAlias, IUActionDescription) VALUES ('Clas_1431957012480960UIInst_34', 'Clas_1431957012480960AccOfer_AutoElemAcc_30', 'SIUTENVIARDOC', 'Selección/Envío de documentación', '');
INSERT INTO IUAction (idIU, idIUAction, IUActionName, IUActionAlias, IUActionDescription) VALUES ('Clas_1431957012480960UIInst_34', 'Clas_1431957012480960AccOfer_AutoElemAcc_31', 'SIUTNOTIFICARANULACION', 'Notificar anulación', '');
INSERT INTO IUAction (idIU, idIUAction, IUActionName, IUActionAlias, IUActionDescription) VALUES ('Clas_1431957012480960UIInst_34', 'Clas_1431957012480960AccOfer_AutoElemAcc_32', 'SIUTNOTIFICARCREAR', 'Notificar crear', '');
INSERT INTO IUAction (idIU, idIUAction, IUActionName, IUActionAlias, IUActionDescription) VALUES ('Clas_1431957012480960UIInst_34', 'Clas_1431957012480960AccOfer_AutoElemAcc_33', 'SIUTNOTIFICARINCLUSION', 'Notificar inclusión', '');
INSERT INTO IUAction (idIU, idIUAction, IUActionName, IUActionAlias, IUActionDescription) VALUES ('Clas_1431957012480960UIInst_34', 'Clas_1431957012480960AccOfer_AutoElemAcc_34', 'SIUTMOSTRARDOCUMENTOS', 'Subir documentos', '');
INSERT INTO IUAction (idIU, idIUAction, IUActionName, IUActionAlias, IUActionDescription) VALUES ('Clas_1431957012480960UIInst_34', 'Clas_1431957012480960AccOfer_AutoElemAcc_35', 'SIUTMOSTRARDOCUMENTOSTODOS', 'Documentos', '');
INSERT INTO IUAction (idIU, idIUAction, IUActionName, IUActionAlias, IUActionDescription) VALUES ('Clas_1431957012480960UIInst_34', 'Clas_1431957012480960AccOfer_AutoElemAcc_36', 'SIUTINDICARCONTRATANTE2', 'Indicar Contratante', '');
INSERT INTO IUAction (idIU, idIUAction, IUActionName, IUActionAlias, IUActionDescription) VALUES ('Clas_1431957012480960UIInst_34', 'Clas_1431957012480960AccOfer_AutoElemAcc_37', 'SIUTINDICARTITULAR2', 'Indicar titular', '');
INSERT INTO IUAction (idIU, idIUAction, IUActionName, IUActionAlias, IUActionDescription) VALUES ('Clas_1431957012480960UIInst_34', 'Clas_1431957012480960AccOfer_AutoElemAcc_38', 'SIUTCHGTITBENEFCONT', 'Cambiar titular con beneficios', '');
INSERT INTO IUAction (idIU, idIUAction, IUActionName, IUActionAlias, IUActionDescription) VALUES ('Clas_1431957012480960UIInst_34', 'Clas_1431957012480960AccOfer_AutoElemAcc_39', 'SIUTMARCARCOMPLETADA', 'Marcar completada', '');
INSERT INTO IUAction (idIU, idIUAction, IUActionName, IUActionAlias, IUActionDescription) VALUES ('Clas_1431957012480960UIInst_34', 'Clas_1431957012480960AccOfer_AutoElemAcc_40', 'SIUTCAMBIARESTADO', 'Cambiar estado', '');
INSERT INTO IUAction (idIU, idIUAction, IUActionName, IUActionAlias, IUActionDescription) VALUES ('Clas_1431957012480960UIInst_34', 'Clas_1431957012480960AccOfer_AutoElemAcc_41', 'SIUTCAMBIARESTADOERROR', 'Cambiar estado a error', '');
INSERT INTO IUAction (idIU, idIUAction, IUActionName, IUActionAlias, IUActionDescription) VALUES ('Clas_1431957012480960UIInst_34', 'Clas_1431957012480960AccOfer_AutoElemAcc_42', 'SIUTCAMBIARESTDEVAREAMED', 'Cambiar estado a devuelta área médica', '');
INSERT INTO IUAction (idIU, idIUAction, IUActionName, IUActionAlias, IUActionDescription) VALUES ('Clas_1431957012480960UIInst_34', 'Clas_1431957012480960AccOfer_AutoElemAcc_43', 'SIUTCAMBIARESTPENDMEDICO', 'Cambiar estado a pendiente médico', '');
INSERT INTO IUAction (idIU, idIUAction, IUActionName, IUActionAlias, IUActionDescription) VALUES ('Clas_1431957012480960UIInst_34', 'Clas_1431957012480960AccOfer_AutoElemAcc_44', 'SIUTMODENCABEZADO', 'Modificar encabezado', '');
INSERT INTO IUAction (idIU, idIUAction, IUActionName, IUActionAlias, IUActionDescription) VALUES ('Clas_1431957012480960UIInst_34', 'Clas_1431957012480960AccOfer_AutoElemAcc_45', 'SIUTCAMBIARESTANULADO', 'Cambiar estado a anulada', '');
INSERT INTO IUAction (idIU, idIUAction, IUActionName, IUActionAlias, IUActionDescription) VALUES ('Clas_1431957012480960UIInst_34', 'Clas_1431957012480960AccOfer_AutoElemAcc_46', 'SIUTANULARAUTO', 'Anulacion automática', '');
INSERT INTO IUAction (idIU, idIUAction, IUActionName, IUActionAlias, IUActionDescription) VALUES ('Clas_1431957012480960UIInst_34', 'Clas_1431957012480960AccOfer_AutoElemAcc_47', 'SIUTMODDIRSCONTRATANTE', 'Modificar direcciones', '');
INSERT INTO IUAction (idIU, idIUAction, IUActionName, IUActionAlias, IUActionDescription) VALUES ('Clas_1431957012480960UIInst_34', 'Clas_1431957012480960AccOfer_AutoElemAcc_48', 'SIUTMODDIRSTITULAR', 'Modificar direcciones', '');
INSERT INTO IUAction (idIU, idIUAction, IUActionName, IUActionAlias, IUActionDescription) VALUES ('Clas_1431957012480960UIInst_34', 'Clas_1431957012480960AccOfer_AutoElemAcc_49', 'SIUTMODENCABEZADOINCL', 'Modificar encabezado', '');
INSERT INTO IUAction (idIU, idIUAction, IUActionName, IUActionAlias, IUActionDescription) VALUES ('Clas_1431957012480960UIInst_34', 'Clas_1431957012480960AccOfer_AutoElemAcc_50', 'SIUTCAMBIARESTAPROBMEDICO', 'Cambiar estado aprobado médico', '');
INSERT INTO IUAction (idIU, idIUAction, IUActionName, IUActionAlias, IUActionDescription) VALUES ('Clas_1431957012480960UIInst_34', 'Clas_1431957012480960AccOfer_AutoElemAcc_51', 'SIUTCAMBIARESTADOADMIN', 'Cambiar estado', '');
INSERT INTO IUAction (idIU, idIUAction, IUActionName, IUActionAlias, IUActionDescription) VALUES ('Clas_1431957012480960UIInst_34', 'Clas_1431957012480960AccOfer_AutoElemAcc_52', 'SIUTCREAROMODFIRMACONTINC', 'Firma Contratante', '');
INSERT INTO IUAction (idIU, idIUAction, IUActionName, IUActionAlias, IUActionDescription) VALUES ('Clas_1431957012480960UIInst_34', 'Clas_1431957012480960AccOfer_AutoElemAcc_53', 'SIUTPOSTGENERAREXITO', 'TPOSTGENERAREXITO', '');
INSERT INTO IUAction (idIU, idIUAction, IUActionName, IUActionAlias, IUActionDescription) VALUES ('Clas_1431957012480960UIInst_34', 'Clas_1431957012480960AccOfer_AutoElemAcc_54', 'SIUTCAMBIARESTADODOC', 'Cambiar estado documentacion', '');
INSERT INTO IUAction (idIU, idIUAction, IUActionName, IUActionAlias, IUActionDescription) VALUES ('Clas_1431957012480960UIInst_34', 'Clas_1431957012480960AccOfer_AutoElemAcc_55', 'SIUTREASIGNARUSUARIOS', 'Reasignación de solicitud', '');
INSERT INTO IUAction (idIU, idIUAction, IUActionName, IUActionAlias, IUActionDescription) VALUES ('Clas_1431957012480960UIInst_34', 'Clas_1431957012480960AccOfer_AutoElemAcc_56', 'SIUTSUBIRDOCUMENTOATO', 'Subir documento', '');
INSERT INTO IUAction (idIU, idIUAction, IUActionName, IUActionAlias, IUActionDescription) VALUES ('Clas_1431957012480960UIInst_34', 'Clas_1431957012480960AccOfer_AutoElemAcc_57', 'IIUNuevaAfiliacion', 'Información de Solicitud', '');
INSERT INTO IUAction (idIU, idIUAction, IUActionName, IUActionAlias, IUActionDescription) VALUES ('Clas_1431957012480960UIInst_34', 'Clas_1431957012480960AccOfer_AutoElemAcc_58', 'IIUInfoContratanteJUR', 'Persona jurídica', '');
INSERT INTO IUAction (idIU, idIUAction, IUActionName, IUActionAlias, IUActionDescription) VALUES ('Clas_1431957012480960UIInst_34', 'Clas_1431957012480960AccOfer_AutoElemAcc_59', 'IIUInfoObservaciones', 'Observaciones', '');
INSERT INTO IUAction (idIU, idIUAction, IUActionName, IUActionAlias, IUActionDescription) VALUES ('Clas_1431957012480960UIInst_34', 'Clas_1431957012480960AccOfer_AutoElemAcc_60', 'IIUInfoPago', 'Información del pago', '');
INSERT INTO IUAction (idIU, idIUAction, IUActionName, IUActionAlias, IUActionDescription) VALUES ('Clas_1431957012480960UIInst_34', 'Clas_1431957012480960AccOfer_AutoElemAcc_61', 'IIUInclusion', 'Información de Solicitud', '');
INSERT INTO IUAction (idIU, idIUAction, IUActionName, IUActionAlias, IUActionDescription) VALUES ('Clas_1431957012480960UIInst_34', 'Clas_1431957012480960AccOfer_AutoElemAcc_62', 'IIUInfoContratanteIDINCL', 'Identificación', '');
INSERT INTO IUAction (idIU, idIUAction, IUActionName, IUActionAlias, IUActionDescription) VALUES ('Clas_1431957012480960UIInst_34', 'Clas_1431957012480960AccOfer_AutoElemAcc_63', 'IIUInfoContratanteContactoINC', 'Datos de contacto', '');
INSERT INTO IUAction (idIU, idIUAction, IUActionName, IUActionAlias, IUActionDescription) VALUES ('Clas_1431957012480960UIInst_34', 'Clas_1431957012480960AccOfer_AutoElemAcc_64', 'IIUSolicitudVacia', '', '');
INSERT INTO IUAction (idIU, idIUAction, IUActionName, IUActionAlias, IUActionDescription) VALUES ('Clas_1431957012480960UIInst_34', 'Clas_1431957012480960AccOfer_AutoElemAcc_65', 'IIUDiferenciasLiquidacion', 'Diferencias de liquidación', '');
INSERT INTO IUAction (idIU, idIUAction, IUActionName, IUActionAlias, IUActionDescription) VALUES ('Clas_1431957012480960UIInst_34', 'Clas_1431957012480960AccOfer_AutoElemAcc_66', 'IIUSolicitudPreexistencias', 'Solicitud', '');
INSERT INTO IUAction (idIU, idIUAction, IUActionName, IUActionAlias, IUActionDescription) VALUES ('Clas_1431957012480960UIInst_34', 'Clas_1431957012480960AccOfer_AutoElemAcc_67', 'IIUInfoContratanteEditable', 'Información del contratante', '');
INSERT INTO IUAction (idIU, idIUAction, IUActionName, IUActionAlias, IUActionDescription) VALUES ('Clas_1431957012480960UIInst_34', 'Clas_1431957012480960AccOfer_AutoElemAcc_68', 'IIUInfoTitularEditable', 'Información del titular', '');
INSERT INTO IUAction (idIU, idIUAction, IUActionName, IUActionAlias, IUActionDescription) VALUES ('Clas_1431957012480960UIInst_34', 'Clas_1431957012480960AccOfer_AutoElemAcc_69', 'IIUInfoContratanteNAT', 'Persona natural', '');
INSERT INTO IUAction (idIU, idIUAction, IUActionName, IUActionAlias, IUActionDescription) VALUES ('Clas_1431957012480960UIInst_34', 'Clas_1431957012480960AccOfer_AutoElemAcc_70', 'IIUInfoContratanteJURCol', 'Persona jurídica', '');
INSERT INTO IUAction (idIU, idIUAction, IUActionName, IUActionAlias, IUActionDescription) VALUES ('Clas_1431957012480960UIInst_34', 'Clas_1431957012480960AccOfer_AutoElemAcc_71', 'IIUInfoContratanteNATCol', 'Persona natural', '');
INSERT INTO IUAction (idIU, idIUAction, IUActionName, IUActionAlias, IUActionDescription) VALUES ('Clas_1431957012480960UIInst_34', 'Clas_1431957012480960AccOfer_AutoElemAcc_72', 'IIUSolicitudEstatusVerMas', 'Ver Más', '');
INSERT INTO IUAction (idIU, idIUAction, IUActionName, IUActionAlias, IUActionDescription) VALUES ('Clas_1431957012480960UIInst_34', 'Clas_1431957012480960AccOfer_AutoElemAcc_73', 'IIUSolicitudEstatusVerMasAse', 'Ver Más', '');
INSERT INTO IUAction (idIU, idIUAction, IUActionName, IUActionAlias, IUActionDescription) VALUES ('Clas_1431957012480960UIInst_34', 'Clas_1431957012480960AccOfer_AutoElemAcc_74', 'MDIUNuevaAfiliacion', 'Nueva afiliación', '');
INSERT INTO IUAction (idIU, idIUAction, IUActionName, IUActionAlias, IUActionDescription) VALUES ('Clas_1431957012480960UIInst_34', 'Clas_1431957012480960AccOfer_AutoElemAcc_75', 'iMDIUInfoContratantePR', 'Información de Contratante', '');
INSERT INTO IUAction (idIU, idIUAction, IUActionName, IUActionAlias, IUActionDescription) VALUES ('Clas_1431957012480960UIInst_34', 'Clas_1431957012480960AccOfer_AutoElemAcc_76', 'iMDIUInfoContratanteINCL', 'Información de Contratante', '');
INSERT INTO IUAction (idIU, idIUAction, IUActionName, IUActionAlias, IUActionDescription) VALUES ('Clas_1431957012480960UIInst_34', 'Clas_1431957012480960AccOfer_AutoElemAcc_77', 'MDIUUsuariosINCL', 'Información personas a Afiliar', '');
INSERT INTO IUAction (idIU, idIUAction, IUActionName, IUActionAlias, IUActionDescription) VALUES ('Clas_1431957012480960UIInst_34', 'Clas_1431957012480960AccOfer_AutoElemAcc_78', 'MDIUInclusionFamiliar', 'Inclusión', '');
INSERT INTO IUAction (idIU, idIUAction, IUActionName, IUActionAlias, IUActionDescription) VALUES ('Clas_1431957012480960UIInst_34', 'Clas_1431957012480960AccOfer_AutoElemAcc_79', 'MDIUSolicitudPreexistencias', 'Detalles Preexistencias', '');
INSERT INTO IUAction (idIU, idIUAction, IUActionName, IUActionAlias, IUActionDescription) VALUES ('Clas_1431957012480960UIInst_34', 'Clas_1431957012480960AccOfer_AutoElemAcc_80', 'iMDIUInfoContratanteINCColect', 'Información de Contratante', '');
INSERT INTO IUAction (idIU, idIUAction, IUActionName, IUActionAlias, IUActionDescription) VALUES ('Clas_1431957012480960UIInst_34', 'Clas_1431957012480960AccOfer_AutoElemAcc_81', 'iMDIUInfoContratantePRCOL', 'Información de Contratante', '');
INSERT INTO IUAction (idIU, idIUAction, IUActionName, IUActionAlias, IUActionDescription) VALUES ('Clas_1431957012480960UIInst_34', 'Clas_1431957012480960AccOfer_AutoElemAcc_82', 'MDIUInclusionColectivo', 'Inclusión', '');
INSERT INTO IUNavigation (idIU, idIUNavigation, IUNavigationName, IUNavigationAlias, IUNavigationDescription) VALUES ('Clas_1431957012480960UIInst_34', 'Clas_1431957012480960NavOfer_AutoElemNav_1', '_Auto_', 'Dirección', '');
INSERT INTO IUNavigation (idIU, idIUNavigation, IUNavigationName, IUNavigationAlias, IUNavigationDescription) VALUES ('Clas_1431957012480960UIInst_34', 'Clas_1431957012480960NavOfer_AutoElemNav_2', '_Auto_', 'Protección Datos', '');
INSERT INTO IUNavigation (idIU, idIUNavigation, IUNavigationName, IUNavigationAlias, IUNavigationDescription) VALUES ('Clas_1431957012480960UIInst_34', 'Clas_1431957012480960NavOfer_AutoElemNav_3', 'PIUUsuarioDePIUStatusSol', 'Detalle de usuarios', '');
INSERT INTO IUNavigation (idIU, idIUNavigation, IUNavigationName, IUNavigationAlias, IUNavigationDescription) VALUES ('Clas_1431957012480960UIInst_34', 'Clas_1431957012480960NavOfer_AutoElemNav_4', '_Auto_', 'Contratante', '');
INSERT INTO IUNavigation (idIU, idIUNavigation, IUNavigationName, IUNavigationAlias, IUNavigationDescription) VALUES ('Clas_1431957012480960UIInst_34', 'Clas_1431957012480960NavOfer_AutoElemNav_5', '_Auto_', 'Firma', '');
INSERT INTO IUNavigation (idIU, idIUNavigation, IUNavigationName, IUNavigationAlias, IUNavigationDescription) VALUES ('Clas_1431957012480960UIInst_34', 'Clas_1431957012480960NavOfer_AutoElemNav_6', '_Auto_', 'Firma', '');
INSERT INTO IUNavigation (idIU, idIUNavigation, IUNavigationName, IUNavigationAlias, IUNavigationDescription) VALUES ('Clas_1431957012480960UIInst_34', 'Clas_1431957012480960NavOfer_AutoElemNav_7', '_Auto_', 'Firma', '');
INSERT INTO IUNavigation (idIU, idIUNavigation, IUNavigationName, IUNavigationAlias, IUNavigationDescription) VALUES ('Clas_1431957012480960UIInst_34', 'Clas_1431957012480960NavOfer_AutoElemNav_8', 'PIUUsuarioReg', 'Usuarios registrados', '');
INSERT INTO IUNavigation (idIU, idIUNavigation, IUNavigationName, IUNavigationAlias, IUNavigationDescription) VALUES ('Clas_1431957012480960UIInst_34', 'Clas_1431957012480960NavOfer_AutoElemNav_9', '_Auto_', 'Titular', '');
INSERT INTO IUNavigation (idIU, idIUNavigation, IUNavigationName, IUNavigationAlias, IUNavigationDescription) VALUES ('Clas_1431957012480960UIInst_34', 'Clas_1431957012480960NavOfer_AutoElemNav_10', 'PIUDocumentoG', 'Documentos', '');
INSERT INTO IUNavigation (idIU, idIUNavigation, IUNavigationName, IUNavigationAlias, IUNavigationDescription) VALUES ('Clas_1431957012480960UIInst_34', 'Clas_1431957012480960NavOfer_AutoElemNav_11', 'PIUErrorWS', 'Ver errores', '');
INSERT INTO IUNavigation (idIU, idIUNavigation, IUNavigationName, IUNavigationAlias, IUNavigationDescription) VALUES ('Clas_1431957012480960UIInst_34', 'Clas_1431957012480960NavOfer_AutoElemNav_12', 'PIULogEstado', 'Historico Estados', '');
INSERT INTO IUNavigation (idIU, idIUNavigation, IUNavigationName, IUNavigationAlias, IUNavigationDescription) VALUES ('Clas_1431957012480960UIInst_34', 'Clas_1431957012480960NavOfer_AutoElemNav_13', 'PIULogAsignaciones', 'Log Asignaciones', '');
INSERT INTO IUNavigation (idIU, idIUNavigation, IUNavigationName, IUNavigationAlias, IUNavigationDescription) VALUES ('Clas_1431957012480960UIInst_34', 'Clas_1431957012480960NavOfer_AutoElemNav_14', '_Auto_', 'Solicitud base', '');
INSERT INTO IUNavigation (idIU, idIUNavigation, IUNavigationName, IUNavigationAlias, IUNavigationDescription) VALUES ('Clas_1431957012480960UIInst_34', 'Clas_1431957012480960NavOfer_AutoElemNav_15', '_Auto_', 'Contratante', '');
INSERT INTO IUNavigation (idIU, idIUNavigation, IUNavigationName, IUNavigationAlias, IUNavigationDescription) VALUES ('Clas_1431957012480960UIInst_34', 'Clas_1431957012480960NavOfer_AutoElemNav_16', '_Auto_', 'Titular', '');
INSERT INTO IUNavigation (idIU, idIUNavigation, IUNavigationName, IUNavigationAlias, IUNavigationDescription) VALUES ('Clas_1431957012480960UIInst_34', 'Clas_1431957012480960NavOfer_AutoElemNav_17', '_Auto_', 'Grupo asociado', '');
INSERT INTO IUNavigation (idIU, idIUNavigation, IUNavigationName, IUNavigationAlias, IUNavigationDescription) VALUES ('Clas_1431957012480960UIInst_34', 'Clas_1431957012480960NavOfer_AutoElemNav_18', '_Auto_', 'Usuario', '');
INSERT INTO IUNavigation (idIU, idIUNavigation, IUNavigationName, IUNavigationAlias, IUNavigationDescription) VALUES ('Clas_1431957012480960UIInst_34', 'Clas_1431957012480960NavOfer_AutoElemNav_19', '_Auto_', 'Forma Pago', '');
INSERT INTO IUNavigation (idIU, idIUNavigation, IUNavigationName, IUNavigationAlias, IUNavigationDescription) VALUES ('Clas_1431957012480960UIInst_34', 'Clas_1431957012480960NavOfer_AutoElemNav_20', '_Auto_', 'Periodicidad pago', '');
INSERT INTO IUNavigation (idIU, idIUNavigation, IUNavigationName, IUNavigationAlias, IUNavigationDescription) VALUES ('Clas_1431957012480960UIInst_34', 'Clas_1431957012480960NavOfer_AutoElemNav_21', '_Auto_', 'Contrato CORE', '');
INSERT INTO IUNavigation (idIU, idIUNavigation, IUNavigationName, IUNavigationAlias, IUNavigationDescription) VALUES ('Clas_1431957012480960UIInst_34', 'Clas_1431957012480960NavOfer_AutoElemNav_22', '_Auto_', 'Usr. Area Médica', '');
INSERT INTO IUNavigation (idIU, idIUNavigation, IUNavigationName, IUNavigationAlias, IUNavigationDescription) VALUES ('Clas_1431957012480960UIInst_34', 'Clas_1431957012480960NavOfer_AutoElemNav_23', '_Auto_', 'Tipo Factura', '');
INSERT INTO IUNavigation (idIU, idIUNavigation, IUNavigationName, IUNavigationAlias, IUNavigationDescription) VALUES ('Clas_1431957012480960UIInst_34', 'Clas_1431957012480960NavOfer_AutoElemNav_24', '_Auto_', 'Usr. Afiliación', '');

-- MDIU: Solicitud.MDIUNuevaAfiliacion
INSERT INTO IU (idIU, IUName, IUAlias, IUDescription, IUType) VALUES ('Clas_1431957012480960UIMaDet_1', 'MDIUNuevaAfiliacion', 'Nueva afiliación', '', 'M');
INSERT INTO IUDetail (idIU, idIUDetail, IUDetailName, IUDetailAlias, IUDetailDescription) VALUES ('Clas_1431957012480960UIMaDet_1', 'Clas_1431957012480960UIMaDet_1Det_6', 'IIUInfoContratanteEditable', 'Información del contratante', '');
INSERT INTO IUDetail (idIU, idIUDetail, IUDetailName, IUDetailAlias, IUDetailDescription) VALUES ('Clas_1431957012480960UIMaDet_1', 'Clas_1431957012480960UIMaDet_1Det_3', 'PIUUsuariosDeContrato', 'Información Personas a Afiliar', '');
INSERT INTO IUDetail (idIU, idIUDetail, IUDetailName, IUDetailAlias, IUDetailDescription) VALUES ('Clas_1431957012480960UIMaDet_1', 'Clas_1431957012480960UIMaDet_1Det_4', 'IIUInfoObservaciones', 'Observaciones', '');
INSERT INTO IUDetail (idIU, idIUDetail, IUDetailName, IUDetailAlias, IUDetailDescription) VALUES ('Clas_1431957012480960UIMaDet_1', 'Clas_1431957012480960UIMaDet_1Det_5', 'IIUInfoPago', 'Información del Pago', '');
-- MDIU: Solicitud.iMDIUInfoContratantePR
INSERT INTO IU (idIU, IUName, IUAlias, IUDescription, IUType) VALUES ('Clas_1431957012480960UIMaDet_3', 'iMDIUInfoContratantePR', 'Información de Contratante', '', 'M');
INSERT INTO IUDetail (idIU, idIUDetail, IUDetailName, IUDetailAlias, IUDetailDescription) VALUES ('Clas_1431957012480960UIMaDet_3', 'Clas_1431957012480960UIMaDet_3Det_3', 'IIUInfoContratanteJUR', 'Persona jurídica', '');
-- MDIU: Solicitud.iMDIUInfoContratanteINCL
INSERT INTO IU (idIU, IUName, IUAlias, IUDescription, IUType) VALUES ('Clas_1431957012480960UIMaDet_5', 'iMDIUInfoContratanteINCL', 'Información de Contratante', '', 'M');
INSERT INTO IUDetail (idIU, idIUDetail, IUDetailName, IUDetailAlias, IUDetailDescription) VALUES ('Clas_1431957012480960UIMaDet_5', 'Clas_1431957012480960UIMaDet_5Det_6', 'iMDIUInfoContratantePR', 'Información de Contratante', '');
INSERT INTO IUDetail (idIU, idIUDetail, IUDetailName, IUDetailAlias, IUDetailDescription) VALUES ('Clas_1431957012480960UIMaDet_5', 'Clas_1431957012480960UIMaDet_5Det_3', 'IIUInfoContratanteContactoINC', 'Datos de contacto', '');
-- MDIU: Solicitud.MDIUUsuariosINCL
INSERT INTO IU (idIU, IUName, IUAlias, IUDescription, IUType) VALUES ('Clas_1431957012480960UIMaDet_7', 'MDIUUsuariosINCL', 'Información personas a Afiliar', '', 'M');
INSERT INTO IUDetail (idIU, idIUDetail, IUDetailName, IUDetailAlias, IUDetailDescription) VALUES ('Clas_1431957012480960UIMaDet_7', 'Clas_1431957012480960UIMaDet_7Det_1', 'PIUUsuarioReg', 'Usuarios registrados', '');
INSERT INTO IUDetail (idIU, idIUDetail, IUDetailName, IUDetailAlias, IUDetailDescription) VALUES ('Clas_1431957012480960UIMaDet_7', 'Clas_1431957012480960UIMaDet_7Det_2', 'PIUUsuariosDeContrato', 'Nuevos usuarios', '');
-- MDIU: Solicitud.MDIUInclusionFamiliar
INSERT INTO IU (idIU, IUName, IUAlias, IUDescription, IUType) VALUES ('Clas_1431957012480960UIMaDet_8', 'MDIUInclusionFamiliar', 'Inclusión', '', 'M');
INSERT INTO IUDetail (idIU, idIUDetail, IUDetailName, IUDetailAlias, IUDetailDescription) VALUES ('Clas_1431957012480960UIMaDet_8', 'Clas_1431957012480960UIMaDet_8Det_1', 'iMDIUInfoContratanteINCL', 'Información de Contratante', '');
INSERT INTO IUDetail (idIU, idIUDetail, IUDetailName, IUDetailAlias, IUDetailDescription) VALUES ('Clas_1431957012480960UIMaDet_8', 'Clas_1431957012480960UIMaDet_8Det_3', 'MDIUUsuariosINCL', 'Información personas a Afiliar', '');
INSERT INTO IUDetail (idIU, idIUDetail, IUDetailName, IUDetailAlias, IUDetailDescription) VALUES ('Clas_1431957012480960UIMaDet_8', 'Clas_1431957012480960UIMaDet_8Det_4', 'IIUInfoObservaciones', 'Observaciones', '');
INSERT INTO IUDetail (idIU, idIUDetail, IUDetailName, IUDetailAlias, IUDetailDescription) VALUES ('Clas_1431957012480960UIMaDet_8', 'Clas_1431957012480960UIMaDet_8Det_5', 'IIUInfoPago', 'Información del pago', '');
-- MDIU: Solicitud.MDIUSolicitudPreexistencias
INSERT INTO IU (idIU, IUName, IUAlias, IUDescription, IUType) VALUES ('Clas_1431957012480960UIMaDet_9', 'MDIUSolicitudPreexistencias', 'Detalles Preexistencias', '', 'M');
INSERT INTO IUDetail (idIU, idIUDetail, IUDetailName, IUDetailAlias, IUDetailDescription) VALUES ('Clas_1431957012480960UIMaDet_9', 'Clas_1431957012480960UIMaDet_9Det_1', 'PIUPreexistencia', 'Preexistencias', '');
-- MDIU: Solicitud.iMDIUInfoContratanteINCColect
INSERT INTO IU (idIU, IUName, IUAlias, IUDescription, IUType) VALUES ('Clas_1431957012480960UIMaDet_10', 'iMDIUInfoContratanteINCColect', 'Información de Contratante', '', 'M');
INSERT INTO IUDetail (idIU, idIUDetail, IUDetailName, IUDetailAlias, IUDetailDescription) VALUES ('Clas_1431957012480960UIMaDet_10', 'Clas_1431957012480960UIMaDet_10Det_3', 'iMDIUInfoContratantePRCOL', 'Información de Contratante', '');
INSERT INTO IUDetail (idIU, idIUDetail, IUDetailName, IUDetailAlias, IUDetailDescription) VALUES ('Clas_1431957012480960UIMaDet_10', 'Clas_1431957012480960UIMaDet_10Det_2', 'IIUInfoContratanteContactoINC', 'Datos de contacto', '');
-- MDIU: Solicitud.iMDIUInfoContratantePRCOL
INSERT INTO IU (idIU, IUName, IUAlias, IUDescription, IUType) VALUES ('Clas_1431957012480960UIMaDet_11', 'iMDIUInfoContratantePRCOL', 'Información de Contratante', '', 'M');
INSERT INTO IUDetail (idIU, idIUDetail, IUDetailName, IUDetailAlias, IUDetailDescription) VALUES ('Clas_1431957012480960UIMaDet_11', 'Clas_1431957012480960UIMaDet_11Det_1', 'IIUInfoContratanteJURCol', 'Persona jurídica', '');
-- MDIU: Solicitud.MDIUInclusionColectivo
INSERT INTO IU (idIU, IUName, IUAlias, IUDescription, IUType) VALUES ('Clas_1431957012480960UIMaDet_4', 'MDIUInclusionColectivo', 'Inclusión', '', 'M');
INSERT INTO IUDetail (idIU, idIUDetail, IUDetailName, IUDetailAlias, IUDetailDescription) VALUES ('Clas_1431957012480960UIMaDet_4', 'Clas_1431957012480960UIMaDet_4Det_6', 'iMDIUInfoContratanteINCColect', 'Información de Contratante', '');
INSERT INTO IUDetail (idIU, idIUDetail, IUDetailName, IUDetailAlias, IUDetailDescription) VALUES ('Clas_1431957012480960UIMaDet_4', 'Clas_1431957012480960UIMaDet_4Det_5', 'IIUInfoTitularEditable', 'Información del Titular', '');
INSERT INTO IUDetail (idIU, idIUDetail, IUDetailName, IUDetailAlias, IUDetailDescription) VALUES ('Clas_1431957012480960UIMaDet_4', 'Clas_1431957012480960UIMaDet_4Det_3', 'MDIUUsuariosINCL', 'Información personas a Afiliar', '');
INSERT INTO IUDetail (idIU, idIUDetail, IUDetailName, IUDetailAlias, IUDetailDescription) VALUES ('Clas_1431957012480960UIMaDet_4', 'Clas_1431957012480960UIMaDet_4Det_4', 'IIUInfoObservaciones', 'Observaciones', '');
-- SIU: Solicitud.SIUInsFormaPagoSolicitud
INSERT INTO IU (idIU, IUName, IUAlias, IUDescription, IUType) VALUES ('Clas_1431957012480960Ser_25UIServ_2', 'SIUInsFormaPagoSolicitud', 'InsFormaPagoSolicitud', '', 'S');
-- SIU: Solicitud.SIUInsPeriodicidadSolicitud
INSERT INTO IU (idIU, IUName, IUAlias, IUDescription, IUType) VALUES ('Clas_1431957012480960Ser_27UIServ_2', 'SIUInsPeriodicidadSolicitud', 'InsPeriodicidadSolicitud', '', 'S');
-- SIU: Solicitud.SIUmarcarDatosPagoOK
INSERT INTO IU (idIU, IUName, IUAlias, IUDescription, IUType) VALUES ('Clas_1431957012480960Ser_40UIServ_1', 'SIUmarcarDatosPagoOK', 'marcarDatosPagoOK', '', 'S');
-- SIU: Solicitud.SIUanotarObservaciones
INSERT INTO IU (idIU, IUName, IUAlias, IUDescription, IUType) VALUES ('Clas_1431957012480960Ser_38UIServ_1', 'SIUanotarObservaciones', 'Anotar observaciones', '', 'S');
-- SIU: Solicitud.SIUdummySeleccionEnvioDoc
INSERT INTO IU (idIU, IUName, IUAlias, IUDescription, IUType) VALUES ('Clas_1431957012480960Ser_46UIServ_1', 'SIUdummySeleccionEnvioDoc', 'Selección/Envío de documentación', '', 'S');
-- SIU: Solicitud.SIUdummyPreexistencias
INSERT INTO IU (idIU, IUName, IUAlias, IUDescription, IUType) VALUES ('Clas_1431957012480960Ser_47UIServ_1', 'SIUdummyPreexistencias', 'Preexistencias', '', 'S');
-- SIU: Solicitud.SIUdummyDiferenciasLiq
INSERT INTO IU (idIU, IUName, IUAlias, IUDescription, IUType) VALUES ('Clas_1431957012480960Ser_48UIServ_1', 'SIUdummyDiferenciasLiq', 'Ver detalle diferencias liquidación', '', 'S');
-- SIU: Solicitud.SIUdummyRedirigir
INSERT INTO IU (idIU, IUName, IUAlias, IUDescription, IUType) VALUES ('Clas_1431957012480960Ser_59UIServ_1', 'SIUdummyRedirigir', 'Modificar trámite', '', 'S');
-- SIU: Solicitud.SIUvalidarAtributosUsuario
INSERT INTO IU (idIU, IUName, IUAlias, IUDescription, IUType) VALUES ('Clas_1431957012480960Ser_65UIServ_1', 'SIUvalidarAtributosUsuario', 'validarAtributosUsuario', '', 'S');
-- SIU: Solicitud.SIUdummyReplicarSolicitud
INSERT INTO IU (idIU, IUName, IUAlias, IUDescription, IUType) VALUES ('Clas_1431957012480960Ser_66UIServ_1', 'SIUdummyReplicarSolicitud', 'Replicar solicitud', '', 'S');
-- SIU: Solicitud.SIUcalcularURLPasarelaPagos
INSERT INTO IU (idIU, IUName, IUAlias, IUDescription, IUType) VALUES ('Clas_1431957012480960Ser_67UIServ_1', 'SIUcalcularURLPasarelaPagos', 'calcularURLPasarelaPagos', '', 'S');
-- SIU: Solicitud.SIUenviarEmailURLPago
INSERT INTO IU (idIU, IUName, IUAlias, IUDescription, IUType) VALUES ('Clas_1431957012480960Ser_68UIServ_1', 'SIUenviarEmailURLPago', 'enviarEmailURLPago', '', 'S');
-- SIU: Solicitud.SIUdummyVerPDF
INSERT INTO IU (idIU, IUName, IUAlias, IUDescription, IUType) VALUES ('Clas_1431957012480960Ser_70UIServ_1', 'SIUdummyVerPDF', 'Ver PDF', '', 'S');
-- SIU: Solicitud.SIUInsContratoCASolicitud
INSERT INTO IU (idIU, IUName, IUAlias, IUDescription, IUType) VALUES ('Clas_1431957012480960Ser_71UIServ_1', 'SIUInsContratoCASolicitud', 'InsContratoCASolicitud', '', 'S');
-- SIU: Solicitud.SIUDelContratoCASolicitud
INSERT INTO IU (idIU, IUName, IUAlias, IUDescription, IUType) VALUES ('Clas_1431957012480960Ser_72UIServ_1', 'SIUDelContratoCASolicitud', 'DelContratoCASolicitud', '', 'S');
-- SIU: Solicitud.SIUsetCodTarifa
INSERT INTO IU (idIU, IUName, IUAlias, IUDescription, IUType) VALUES ('Clas_1431957012480960Ser_98UIServ_1', 'SIUsetCodTarifa', 'setCodTarifa', '', 'S');
-- SIU: Solicitud.SIUdummyDevolverErroresWS
INSERT INTO IU (idIU, IUName, IUAlias, IUDescription, IUType) VALUES ('Clas_1431957012480960Ser_100UIServ_1', 'SIUdummyDevolverErroresWS', 'dummyDevolverErroresWS', '', 'S');
-- SIU: Solicitud.SIUmarcarNoCompletada
INSERT INTO IU (idIU, IUName, IUAlias, IUDescription, IUType) VALUES ('Clas_1431957012480960Ser_107UIServ_1', 'SIUmarcarNoCompletada', 'Marcar completada', '', 'S');
-- SIU: Solicitud.SIUmodFechaInicioContratacion
INSERT INTO IU (idIU, IUName, IUAlias, IUDescription, IUType) VALUES ('Clas_1431957012480960Ser_116UIServ_1', 'SIUmodFechaInicioContratacion', 'Modificar encabezado', '', 'S');
-- SIU: Solicitud.SIUasignarNumContrato
INSERT INTO IU (idIU, IUName, IUAlias, IUDescription, IUType) VALUES ('Clas_1431957012480960Ser_127UIServ_1', 'SIUasignarNumContrato', 'asignarNumContrato', '', 'S');
-- SIU: Solicitud.SIUdummyGenerarSolicitud
INSERT INTO IU (idIU, IUName, IUAlias, IUDescription, IUType) VALUES ('Clas_1431957012480960Ser_130UIServ_1', 'SIUdummyGenerarSolicitud', 'Generar solicitud', '', 'S');
-- SIU: Solicitud.SIUenviarSMSInfoPago
INSERT INTO IU (idIU, IUName, IUAlias, IUDescription, IUType) VALUES ('Clas_1431957012480960Ser_146UIServ_1', 'SIUenviarSMSInfoPago', 'enviarSMSInfoPago', '', 'S');
-- SIU: Solicitud.SIUdummyEstatusSolicitudes
INSERT INTO IU (idIU, IUName, IUAlias, IUDescription, IUType) VALUES ('Clas_1431957012480960Ser_166UIServ_1', 'SIUdummyEstatusSolicitudes', 'Estatus Solicitudes', '', 'S');
-- SIU: Solicitud.SIUmodMarcaCarnet
INSERT INTO IU (idIU, IUName, IUAlias, IUDescription, IUType) VALUES ('Clas_1431957012480960Ser_170UIServ_1', 'SIUmodMarcaCarnet', 'Modificar marca carnet', '', 'S');
-- SIU: Solicitud.SIUTMODDIRECCION
INSERT INTO IU (idIU, IUName, IUAlias, IUDescription, IUType) VALUES ('Clas_1431957012480960Ser_32UIServ_1', 'SIUTMODDIRECCION', 'Cambiar dirección', '', 'S');
-- SIU: Solicitud.SIUTMODIFICARINFOPAGO
INSERT INTO IU (idIU, IUName, IUAlias, IUDescription, IUType) VALUES ('Clas_1431957012480960Ser_39UIServ_1', 'SIUTMODIFICARINFOPAGO', 'Información del pago', '', 'S');
-- SIU: Solicitud.SIUTCREAROMODFIRMA
INSERT INTO IU (idIU, IUName, IUAlias, IUDescription, IUType) VALUES ('Clas_1431957012480960Ser_41UIServ_1', 'SIUTCREAROMODFIRMA', 'Firma solicitud', '', 'S');
-- SIU: Solicitud.SIUTCREARSEGUNDAFIRMA
INSERT INTO IU (idIU, IUName, IUAlias, IUDescription, IUType) VALUES ('Clas_1431957012480960Ser_61UIServ_1', 'SIUTCREARSEGUNDAFIRMA', 'Firmar preexistencias', '', 'S');
-- SIU: Solicitud.SIUTSUBIRDOCUMENTO
INSERT INTO IU (idIU, IUName, IUAlias, IUDescription, IUType) VALUES ('Clas_1431957012480960Ser_63UIServ_1', 'SIUTSUBIRDOCUMENTO', 'Subir documento', '', 'S');
-- SIU: Solicitud.SIUTENVIARDOC
INSERT INTO IU (idIU, IUName, IUAlias, IUDescription, IUType) VALUES ('Clas_1431957012480960Ser_64UIServ_1', 'SIUTENVIARDOC', 'Selección/Envío de documentación', '', 'S');
-- SIU: Solicitud.SIUTNOTIFICARANULACION
INSERT INTO IU (idIU, IUName, IUAlias, IUDescription, IUType) VALUES ('Clas_1431957012480960Ser_73UIServ_1', 'SIUTNOTIFICARANULACION', 'Notificar anulación', '', 'S');
-- SIU: Solicitud.SIUTNOTIFICARCREAR
INSERT INTO IU (idIU, IUName, IUAlias, IUDescription, IUType) VALUES ('Clas_1431957012480960Ser_74UIServ_1', 'SIUTNOTIFICARCREAR', 'Notificar crear', '', 'S');
-- SIU: Solicitud.SIUTNOTIFICARINCLUSION
INSERT INTO IU (idIU, IUName, IUAlias, IUDescription, IUType) VALUES ('Clas_1431957012480960Ser_78UIServ_1', 'SIUTNOTIFICARINCLUSION', 'Notificar inclusión', '', 'S');
-- SIU: Solicitud.SIUTMOSTRARDOCUMENTOS
INSERT INTO IU (idIU, IUName, IUAlias, IUDescription, IUType) VALUES ('Clas_1431957012480960Ser_81UIServ_1', 'SIUTMOSTRARDOCUMENTOS', 'Subir documentos', '', 'S');
-- SIU: Solicitud.SIUTMOSTRARDOCUMENTOSTODOS
INSERT INTO IU (idIU, IUName, IUAlias, IUDescription, IUType) VALUES ('Clas_1431957012480960Ser_84UIServ_1', 'SIUTMOSTRARDOCUMENTOSTODOS', 'Documentos', '', 'S');
-- SIU: Solicitud.SIUTINDICARCONTRATANTE2
INSERT INTO IU (idIU, IUName, IUAlias, IUDescription, IUType) VALUES ('Clas_1431957012480960Ser_86UIServ_1', 'SIUTINDICARCONTRATANTE2', 'Indicar Contratante', '', 'S');
-- SIU: Solicitud.SIUTINDICARTITULAR2
INSERT INTO IU (idIU, IUName, IUAlias, IUDescription, IUType) VALUES ('Clas_1431957012480960Ser_93UIServ_1', 'SIUTINDICARTITULAR2', 'Indicar titular', '', 'S');
-- SIU: Solicitud.SIUTCHGTITBENEFCONT
INSERT INTO IU (idIU, IUName, IUAlias, IUDescription, IUType) VALUES ('Clas_1431957012480960Ser_105UIServ_1', 'SIUTCHGTITBENEFCONT', 'Cambiar titular con beneficios', '', 'S');
-- SIU: Solicitud.SIUTMARCARCOMPLETADA
INSERT INTO IU (idIU, IUName, IUAlias, IUDescription, IUType) VALUES ('Clas_1431957012480960Ser_106UIServ_1', 'SIUTMARCARCOMPLETADA', 'Marcar completada', '', 'S');
-- SIU: Solicitud.SIUTCAMBIARESTADO
INSERT INTO IU (idIU, IUName, IUAlias, IUDescription, IUType) VALUES ('Clas_1431957012480960Ser_110UIServ_1', 'SIUTCAMBIARESTADO', 'Cambiar estado', '', 'S');
-- SIU: Solicitud.SIUTCAMBIARESTADOERROR
INSERT INTO IU (idIU, IUName, IUAlias, IUDescription, IUType) VALUES ('Clas_1431957012480960Ser_111UIServ_1', 'SIUTCAMBIARESTADOERROR', 'Cambiar estado a error', '', 'S');
-- SIU: Solicitud.SIUTCAMBIARESTDEVAREAMED
INSERT INTO IU (idIU, IUName, IUAlias, IUDescription, IUType) VALUES ('Clas_1431957012480960Ser_112UIServ_1', 'SIUTCAMBIARESTDEVAREAMED', 'Cambiar estado a devuelta área médica', '', 'S');
-- SIU: Solicitud.SIUTCAMBIARESTPENDMEDICO
INSERT INTO IU (idIU, IUName, IUAlias, IUDescription, IUType) VALUES ('Clas_1431957012480960Ser_115UIServ_1', 'SIUTCAMBIARESTPENDMEDICO', 'Cambiar estado a pendiente médico', '', 'S');
-- SIU: Solicitud.SIUTMODENCABEZADO
INSERT INTO IU (idIU, IUName, IUAlias, IUDescription, IUType) VALUES ('Clas_1431957012480960Ser_117UIServ_1', 'SIUTMODENCABEZADO', 'Modificar encabezado', '', 'S');
-- SIU: Solicitud.SIUTCAMBIARESTANULADO
INSERT INTO IU (idIU, IUName, IUAlias, IUDescription, IUType) VALUES ('Clas_1431957012480960Ser_118UIServ_1', 'SIUTCAMBIARESTANULADO', 'Cambiar estado a anulada', '', 'S');
-- SIU: Solicitud.SIUTANULARAUTO
INSERT INTO IU (idIU, IUName, IUAlias, IUDescription, IUType) VALUES ('Clas_1431957012480960Ser_131UIServ_1', 'SIUTANULARAUTO', 'Anulacion automática', '', 'S');
-- SIU: Solicitud.SIUTMODDIRSCONTRATANTE
INSERT INTO IU (idIU, IUName, IUAlias, IUDescription, IUType) VALUES ('Clas_1431957012480960Ser_133UIServ_1', 'SIUTMODDIRSCONTRATANTE', 'Modificar direcciones', '', 'S');
-- SIU: Solicitud.SIUTMODDIRSTITULAR
INSERT INTO IU (idIU, IUName, IUAlias, IUDescription, IUType) VALUES ('Clas_1431957012480960Ser_134UIServ_1', 'SIUTMODDIRSTITULAR', 'Modificar direcciones', '', 'S');
-- SIU: Solicitud.SIUTMODENCABEZADOINCL
INSERT INTO IU (idIU, IUName, IUAlias, IUDescription, IUType) VALUES ('Clas_1431957012480960Ser_136UIServ_1', 'SIUTMODENCABEZADOINCL', 'Modificar encabezado', '', 'S');
-- SIU: Solicitud.SIUTCAMBIARESTAPROBMEDICO
INSERT INTO IU (idIU, IUName, IUAlias, IUDescription, IUType) VALUES ('Clas_1431957012480960Ser_141UIServ_1', 'SIUTCAMBIARESTAPROBMEDICO', 'Cambiar estado aprobado médico', '', 'S');
-- SIU: Solicitud.SIUTCAMBIARESTADOADMIN
INSERT INTO IU (idIU, IUName, IUAlias, IUDescription, IUType) VALUES ('Clas_1431957012480960Ser_142UIServ_1', 'SIUTCAMBIARESTADOADMIN', 'Cambiar estado', '', 'S');
-- SIU: Solicitud.SIUTCREAROMODFIRMACONTINC
INSERT INTO IU (idIU, IUName, IUAlias, IUDescription, IUType) VALUES ('Clas_1431957012480960Ser_143UIServ_1', 'SIUTCREAROMODFIRMACONTINC', 'Firma Contratante', '', 'S');
-- SIU: Solicitud.SIUTPOSTGENERAREXITO
INSERT INTO IU (idIU, IUName, IUAlias, IUDescription, IUType) VALUES ('Clas_1431957012480960Ser_145UIServ_1', 'SIUTPOSTGENERAREXITO', 'TPOSTGENERAREXITO', '', 'S');
-- SIU: Solicitud.SIUTCAMBIARESTADODOC
INSERT INTO IU (idIU, IUName, IUAlias, IUDescription, IUType) VALUES ('Clas_1431957012480960Ser_159UIServ_1', 'SIUTCAMBIARESTADODOC', 'Cambiar estado documentacion', '', 'S');
-- SIU: Solicitud.SIUTREASIGNARUSUARIOS
INSERT INTO IU (idIU, IUName, IUAlias, IUDescription, IUType) VALUES ('Clas_1431957012480960Ser_168UIServ_1', 'SIUTREASIGNARUSUARIOS', 'Reasignación de solicitud', '', 'S');
-- SIU: Solicitud.SIUTSUBIRDOCUMENTOATO
INSERT INTO IU (idIU, IUName, IUAlias, IUDescription, IUType) VALUES ('Clas_1431957012480960Ser_171UIServ_1', 'SIUTSUBIRDOCUMENTOATO', 'Subir documento', '', 'S');

---------------------------------------------
-- CLASS PersonaC
---------------------------------------------
-- PIU: PersonaC._Auto_
INSERT INTO IU (idIU, IUName, IUAlias, IUDescription, IUType) VALUES ('Clas_1432201068544519UIPobCl_Auto', '_Auto_', 'Persona', '', 'P');
INSERT INTO IUAttribute (idIU, idIUAttribute, IUAttributeName, IUAttributeAlias, IUAttributeDescription) VALUES ('Clas_1432201068544519UIPobCl_Auto', 'Clas_1432201068544519CjtoVis_AutoICtjoVis_1', 'Codigo', 'Código', '');
INSERT INTO IUAttribute (idIU, idIUAttribute, IUAttributeName, IUAttributeAlias, IUAttributeDescription) VALUES ('Clas_1432201068544519UIPobCl_Auto', 'Clas_1432201068544519CjtoVis_AutoICtjoVis_2', 'NumIdentificacion', 'Nº Identificación', '');
INSERT INTO IUAttribute (idIU, idIUAttribute, IUAttributeName, IUAttributeAlias, IUAttributeDescription) VALUES ('Clas_1432201068544519UIPobCl_Auto', 'Clas_1432201068544519CjtoVis_AutoICtjoVis_3', 'Mail', 'Email', '');
INSERT INTO IUAttribute (idIU, idIUAttribute, IUAttributeName, IUAttributeAlias, IUAttributeDescription) VALUES ('Clas_1432201068544519UIPobCl_Auto', 'Clas_1432201068544519CjtoVis_AutoICtjoVis_4', 'PrimerNombre', 'Primer nombre', '');
INSERT INTO IUAttribute (idIU, idIUAttribute, IUAttributeName, IUAttributeAlias, IUAttributeDescription) VALUES ('Clas_1432201068544519UIPobCl_Auto', 'Clas_1432201068544519CjtoVis_AutoICtjoVis_5', 'SegundoNombre', 'Segundo Nombre', '');
INSERT INTO IUAttribute (idIU, idIUAttribute, IUAttributeName, IUAttributeAlias, IUAttributeDescription) VALUES ('Clas_1432201068544519UIPobCl_Auto', 'Clas_1432201068544519CjtoVis_AutoICtjoVis_6', 'PrimerApellido', 'Primer apellido', '');
INSERT INTO IUAttribute (idIU, idIUAttribute, IUAttributeName, IUAttributeAlias, IUAttributeDescription) VALUES ('Clas_1432201068544519UIPobCl_Auto', 'Clas_1432201068544519CjtoVis_AutoICtjoVis_7', 'SegundoApellido', 'Segundo apellido', '');
INSERT INTO IUAttribute (idIU, idIUAttribute, IUAttributeName, IUAttributeAlias, IUAttributeDescription) VALUES ('Clas_1432201068544519UIPobCl_Auto', 'Clas_1432201068544519CjtoVis_AutoICtjoVis_8', 'FechaNacimiento', 'Fecha nacimiento', '');
INSERT INTO IUAttribute (idIU, idIUAttribute, IUAttributeName, IUAttributeAlias, IUAttributeDescription) VALUES ('Clas_1432201068544519UIPobCl_Auto', 'Clas_1432201068544519CjtoVis_AutoICtjoVis_9', 'Genero', 'Género', '');
INSERT INTO IUAttribute (idIU, idIUAttribute, IUAttributeName, IUAttributeAlias, IUAttributeDescription) VALUES ('Clas_1432201068544519UIPobCl_Auto', 'Clas_1432201068544519CjtoVis_AutoICtjoVis_10', 'IndicadorExtranjero', 'Indicador extranjero', '');
INSERT INTO IUAttribute (idIU, idIUAttribute, IUAttributeName, IUAttributeAlias, IUAttributeDescription) VALUES ('Clas_1432201068544519UIPobCl_Auto', 'Clas_1432201068544519CjtoVis_AutoICtjoVis_11', 'RazonSocial', 'Razón Social', '');
INSERT INTO IUAttribute (idIU, idIUAttribute, IUAttributeName, IUAttributeAlias, IUAttributeDescription) VALUES ('Clas_1432201068544519UIPobCl_Auto', 'Clas_1432201068544519CjtoVis_AutoICtjoVis_12', 'drvTipoPersona', 'Tipo persona', '');
INSERT INTO IUAttribute (idIU, idIUAttribute, IUAttributeName, IUAttributeAlias, IUAttributeDescription) VALUES ('Clas_1432201068544519UIPobCl_Auto', 'Clas_1432201068544519CjtoVis_AutoICtjoVis_13', 'TieneEPSSanitas', 'Tiene EPS Sanitas', '');
INSERT INTO IUAttribute (idIU, idIUAttribute, IUAttributeName, IUAttributeAlias, IUAttributeDescription) VALUES ('Clas_1432201068544519UIPobCl_Auto', 'Clas_1432201068544519CjtoVis_AutoICtjoVis_14', 'RechazadoAfiliacion', 'Rechazado afiliación', '');
INSERT INTO IUAttribute (idIU, idIUAttribute, IUAttributeName, IUAttributeAlias, IUAttributeDescription) VALUES ('Clas_1432201068544519UIPobCl_Auto', 'Clas_1432201068544519CjtoVis_AutoICtjoVis_15', 'drvRechazada', 'Rechazada', '');
INSERT INTO IUAttribute (idIU, idIUAttribute, IUAttributeName, IUAttributeAlias, IUAttributeDescription) VALUES ('Clas_1432201068544519UIPobCl_Auto', 'Clas_1432201068544519CjtoVis_AutoICtjoVis_16', 'NombreCompleto', 'Nombre Completo', '');
INSERT INTO IUAttribute (idIU, idIUAttribute, IUAttributeName, IUAttributeAlias, IUAttributeDescription) VALUES ('Clas_1432201068544519UIPobCl_Auto', 'Clas_1432201068544519CjtoVis_AutoICtjoVis_17', 'UltimaActualizacion', 'Ultima Actualización', '');
INSERT INTO IUAttribute (idIU, idIUAttribute, IUAttributeName, IUAttributeAlias, IUAttributeDescription) VALUES ('Clas_1432201068544519UIPobCl_Auto', 'Clas_1432201068544519CjtoVis_AutoICtjoVis_18', 'drvNombreCompleto', 'Nombre completo', '');
INSERT INTO IUAttribute (idIU, idIUAttribute, IUAttributeName, IUAttributeAlias, IUAttributeDescription) VALUES ('Clas_1432201068544519UIPobCl_Auto', 'Clas_1432201068544519CjtoVis_AutoICtjoVis_19', 'drvDirCorrespondencia', 'Dirección correspondencia', '');
INSERT INTO IUAttribute (idIU, idIUAttribute, IUAttributeName, IUAttributeAlias, IUAttributeDescription) VALUES ('Clas_1432201068544519UIPobCl_Auto', 'Clas_1432201068544519CjtoVis_AutoICtjoVis_20', 'drvCiudadCorrespondencia', 'Ciudad correspondencia', '');
INSERT INTO IUAttribute (idIU, idIUAttribute, IUAttributeName, IUAttributeAlias, IUAttributeDescription) VALUES ('Clas_1432201068544519UIPobCl_Auto', 'Clas_1432201068544519CjtoVis_AutoICtjoVis_21', 'drvTipoNumDoc', 'Identificación', '');
INSERT INTO IUAttribute (idIU, idIUAttribute, IUAttributeName, IUAttributeAlias, IUAttributeDescription) VALUES ('Clas_1432201068544519UIPobCl_Auto', 'Clas_1432201068544519CjtoVis_AutoICtjoVis_22', 'drvEdad', 'Edad', '');
INSERT INTO IUAttribute (idIU, idIUAttribute, IUAttributeName, IUAttributeAlias, IUAttributeDescription) VALUES ('Clas_1432201068544519UIPobCl_Auto', 'Clas_1432201068544519CjtoVis_AutoICtjoVis_23', 'drvObsContrato', 'Observaciones ', '');
INSERT INTO IUAttribute (idIU, idIUAttribute, IUAttributeName, IUAttributeAlias, IUAttributeDescription) VALUES ('Clas_1432201068544519UIPobCl_Auto', 'Clas_1432201068544519CjtoVis_AutoICtjoVis_24', 'ID', 'ID interno', '');
INSERT INTO IUAttribute (idIU, idIUAttribute, IUAttributeName, IUAttributeAlias, IUAttributeDescription) VALUES ('Clas_1432201068544519UIPobCl_Auto', 'Clas_1432201068544519CjtoVis_AutoICtjoVis_25', 'drvIMC', 'IMC', '');
INSERT INTO IUAction (idIU, idIUAction, IUActionName, IUActionAlias, IUActionDescription) VALUES ('Clas_1432201068544519UIPobCl_Auto', 'Clas_1432201068544519AccOfer_AutoElemAcc_1', '_Auto_', 'Persona', '');
INSERT INTO IUNavigation (idIU, idIUNavigation, IUNavigationName, IUNavigationAlias, IUNavigationDescription) VALUES ('Clas_1432201068544519UIPobCl_Auto', 'Clas_1432201068544519NavOfer_AutoElemNav_1', '_Auto_', 'Direcciones', '');
INSERT INTO IUNavigation (idIU, idIUNavigation, IUNavigationName, IUNavigationAlias, IUNavigationDescription) VALUES ('Clas_1432201068544519UIPobCl_Auto', 'Clas_1432201068544519NavOfer_AutoElemNav_2', '_Auto_', 'Protecciones datos', '');
INSERT INTO IUNavigation (idIU, idIUNavigation, IUNavigationName, IUNavigationAlias, IUNavigationDescription) VALUES ('Clas_1432201068544519UIPobCl_Auto', 'Clas_1432201068544519NavOfer_AutoElemNav_3', '_Auto_', 'Preguntas Cuestionario', '');
INSERT INTO IUNavigation (idIU, idIUNavigation, IUNavigationName, IUNavigationAlias, IUNavigationDescription) VALUES ('Clas_1432201068544519UIPobCl_Auto', 'Clas_1432201068544519NavOfer_AutoElemNav_4', '_Auto_', 'Sucursales', '');
INSERT INTO IUNavigation (idIU, idIUNavigation, IUNavigationName, IUNavigationAlias, IUNavigationDescription) VALUES ('Clas_1432201068544519UIPobCl_Auto', 'Clas_1432201068544519NavOfer_AutoElemNav_5', '_Auto_', 'Preexistencia', '');
INSERT INTO IUNavigation (idIU, idIUNavigation, IUNavigationName, IUNavigationAlias, IUNavigationDescription) VALUES ('Clas_1432201068544519UIPobCl_Auto', 'Clas_1432201068544519NavOfer_AutoElemNav_6', '_Auto_', 'Márca Médica', '');
INSERT INTO IUNavigation (idIU, idIUNavigation, IUNavigationName, IUNavigationAlias, IUNavigationDescription) VALUES ('Clas_1432201068544519UIPobCl_Auto', 'Clas_1432201068544519NavOfer_AutoElemNav_7', '_Auto_', 'Tipo institución', '');
INSERT INTO IUNavigation (idIU, idIUNavigation, IUNavigationName, IUNavigationAlias, IUNavigationDescription) VALUES ('Clas_1432201068544519UIPobCl_Auto', 'Clas_1432201068544519NavOfer_AutoElemNav_8', '_Auto_', 'Tipo entidad', '');
INSERT INTO IUNavigation (idIU, idIUNavigation, IUNavigationName, IUNavigationAlias, IUNavigationDescription) VALUES ('Clas_1432201068544519UIPobCl_Auto', 'Clas_1432201068544519NavOfer_AutoElemNav_9', '_Auto_', 'Estado civil', '');
INSERT INTO IUNavigation (idIU, idIUNavigation, IUNavigationName, IUNavigationAlias, IUNavigationDescription) VALUES ('Clas_1432201068544519UIPobCl_Auto', 'Clas_1432201068544519NavOfer_AutoElemNav_10', '_Auto_', 'Estado', '');
INSERT INTO IUNavigation (idIU, idIUNavigation, IUNavigationName, IUNavigationAlias, IUNavigationDescription) VALUES ('Clas_1432201068544519UIPobCl_Auto', 'Clas_1432201068544519NavOfer_AutoElemNav_11', '_Auto_', 'Tipo identificación', '');
INSERT INTO IUNavigation (idIU, idIUNavigation, IUNavigationName, IUNavigationAlias, IUNavigationDescription) VALUES ('Clas_1432201068544519UIPobCl_Auto', 'Clas_1432201068544519NavOfer_AutoElemNav_12', '_Auto_', 'Municipio', '');
INSERT INTO IUNavigation (idIU, idIUNavigation, IUNavigationName, IUNavigationAlias, IUNavigationDescription) VALUES ('Clas_1432201068544519UIPobCl_Auto', 'Clas_1432201068544519NavOfer_AutoElemNav_13', '_Auto_', 'Departamento nacimiento', '');
INSERT INTO IUNavigation (idIU, idIUNavigation, IUNavigationName, IUNavigationAlias, IUNavigationDescription) VALUES ('Clas_1432201068544519UIPobCl_Auto', 'Clas_1432201068544519NavOfer_AutoElemNav_14', '_Auto_', 'Contratos', '');
INSERT INTO IUNavigation (idIU, idIUNavigation, IUNavigationName, IUNavigationAlias, IUNavigationDescription) VALUES ('Clas_1432201068544519UIPobCl_Auto', 'Clas_1432201068544519NavOfer_AutoElemNav_15', '_Auto_', 'Familias', '');
INSERT INTO IUNavigation (idIU, idIUNavigation, IUNavigationName, IUNavigationAlias, IUNavigationDescription) VALUES ('Clas_1432201068544519UIPobCl_Auto', 'Clas_1432201068544519NavOfer_AutoElemNav_16', '_Auto_', 'Beneficiarios', '');

-- IIU: PersonaC._Auto_
INSERT INTO IU (idIU, IUName, IUAlias, IUDescription, IUType) VALUES ('Clas_1432201068544519UIInst_0', '_Auto_', 'Persona', '', 'I');
INSERT INTO IUAction (idIU, idIUAction, IUActionName, IUActionAlias, IUActionDescription) VALUES ('Clas_1432201068544519UIInst_0', 'Clas_1432201068544519AccOfer_AutoElemAcc_1', '_Auto_', 'Persona', '');
INSERT INTO IUNavigation (idIU, idIUNavigation, IUNavigationName, IUNavigationAlias, IUNavigationDescription) VALUES ('Clas_1432201068544519UIInst_0', 'Clas_1432201068544519NavOfer_AutoElemNav_1', '_Auto_', 'Direcciones', '');
INSERT INTO IUNavigation (idIU, idIUNavigation, IUNavigationName, IUNavigationAlias, IUNavigationDescription) VALUES ('Clas_1432201068544519UIInst_0', 'Clas_1432201068544519NavOfer_AutoElemNav_2', '_Auto_', 'Protecciones datos', '');
INSERT INTO IUNavigation (idIU, idIUNavigation, IUNavigationName, IUNavigationAlias, IUNavigationDescription) VALUES ('Clas_1432201068544519UIInst_0', 'Clas_1432201068544519NavOfer_AutoElemNav_3', '_Auto_', 'Preguntas Cuestionario', '');
INSERT INTO IUNavigation (idIU, idIUNavigation, IUNavigationName, IUNavigationAlias, IUNavigationDescription) VALUES ('Clas_1432201068544519UIInst_0', 'Clas_1432201068544519NavOfer_AutoElemNav_4', '_Auto_', 'Sucursales', '');
INSERT INTO IUNavigation (idIU, idIUNavigation, IUNavigationName, IUNavigationAlias, IUNavigationDescription) VALUES ('Clas_1432201068544519UIInst_0', 'Clas_1432201068544519NavOfer_AutoElemNav_5', '_Auto_', 'Preexistencia', '');
INSERT INTO IUNavigation (idIU, idIUNavigation, IUNavigationName, IUNavigationAlias, IUNavigationDescription) VALUES ('Clas_1432201068544519UIInst_0', 'Clas_1432201068544519NavOfer_AutoElemNav_6', '_Auto_', 'Márca Médica', '');
INSERT INTO IUNavigation (idIU, idIUNavigation, IUNavigationName, IUNavigationAlias, IUNavigationDescription) VALUES ('Clas_1432201068544519UIInst_0', 'Clas_1432201068544519NavOfer_AutoElemNav_7', '_Auto_', 'Tipo institución', '');
INSERT INTO IUNavigation (idIU, idIUNavigation, IUNavigationName, IUNavigationAlias, IUNavigationDescription) VALUES ('Clas_1432201068544519UIInst_0', 'Clas_1432201068544519NavOfer_AutoElemNav_8', '_Auto_', 'Tipo entidad', '');
INSERT INTO IUNavigation (idIU, idIUNavigation, IUNavigationName, IUNavigationAlias, IUNavigationDescription) VALUES ('Clas_1432201068544519UIInst_0', 'Clas_1432201068544519NavOfer_AutoElemNav_9', '_Auto_', 'Estado civil', '');
INSERT INTO IUNavigation (idIU, idIUNavigation, IUNavigationName, IUNavigationAlias, IUNavigationDescription) VALUES ('Clas_1432201068544519UIInst_0', 'Clas_1432201068544519NavOfer_AutoElemNav_10', '_Auto_', 'Estado', '');
INSERT INTO IUNavigation (idIU, idIUNavigation, IUNavigationName, IUNavigationAlias, IUNavigationDescription) VALUES ('Clas_1432201068544519UIInst_0', 'Clas_1432201068544519NavOfer_AutoElemNav_11', '_Auto_', 'Tipo identificación', '');
INSERT INTO IUNavigation (idIU, idIUNavigation, IUNavigationName, IUNavigationAlias, IUNavigationDescription) VALUES ('Clas_1432201068544519UIInst_0', 'Clas_1432201068544519NavOfer_AutoElemNav_12', '_Auto_', 'Municipio', '');
INSERT INTO IUNavigation (idIU, idIUNavigation, IUNavigationName, IUNavigationAlias, IUNavigationDescription) VALUES ('Clas_1432201068544519UIInst_0', 'Clas_1432201068544519NavOfer_AutoElemNav_13', '_Auto_', 'Departamento nacimiento', '');
INSERT INTO IUNavigation (idIU, idIUNavigation, IUNavigationName, IUNavigationAlias, IUNavigationDescription) VALUES ('Clas_1432201068544519UIInst_0', 'Clas_1432201068544519NavOfer_AutoElemNav_14', '_Auto_', 'Contratos', '');
INSERT INTO IUNavigation (idIU, idIUNavigation, IUNavigationName, IUNavigationAlias, IUNavigationDescription) VALUES ('Clas_1432201068544519UIInst_0', 'Clas_1432201068544519NavOfer_AutoElemNav_15', '_Auto_', 'Familias', '');
INSERT INTO IUNavigation (idIU, idIUNavigation, IUNavigationName, IUNavigationAlias, IUNavigationDescription) VALUES ('Clas_1432201068544519UIInst_0', 'Clas_1432201068544519NavOfer_AutoElemNav_16', '_Auto_', 'Beneficiarios', '');


---------------------------------------------
-- CLASS DireccionC
---------------------------------------------
-- PIU: DireccionC._Auto_
INSERT INTO IU (idIU, IUName, IUAlias, IUDescription, IUType) VALUES ('Clas_1432202248192978UIPobCl_Auto', '_Auto_', 'Dirección', '', 'P');
INSERT INTO IUAttribute (idIU, idIUAttribute, IUAttributeName, IUAttributeAlias, IUAttributeDescription) VALUES ('Clas_1432202248192978UIPobCl_Auto', 'Clas_1432202248192978CjtoVis_AutoICtjoVis_1', 'Codigo', 'Código', '');
INSERT INTO IUAttribute (idIU, idIUAttribute, IUAttributeName, IUAttributeAlias, IUAttributeDescription) VALUES ('Clas_1432202248192978UIPobCl_Auto', 'Clas_1432202248192978CjtoVis_AutoICtjoVis_2', 'DireccionCompleta', 'Dirección completa', '');
INSERT INTO IUAttribute (idIU, idIUAttribute, IUAttributeName, IUAttributeAlias, IUAttributeDescription) VALUES ('Clas_1432202248192978UIPobCl_Auto', 'Clas_1432202248192978CjtoVis_AutoICtjoVis_3', 'Localidad', 'Localidad', '');
INSERT INTO IUAttribute (idIU, idIUAttribute, IUAttributeName, IUAttributeAlias, IUAttributeDescription) VALUES ('Clas_1432202248192978UIPobCl_Auto', 'Clas_1432202248192978CjtoVis_AutoICtjoVis_4', 'drvCiudad', 'Ciudad', '');
INSERT INTO IUAttribute (idIU, idIUAttribute, IUAttributeName, IUAttributeAlias, IUAttributeDescription) VALUES ('Clas_1432202248192978UIPobCl_Auto', 'Clas_1432202248192978CjtoVis_AutoICtjoVis_5', 'drvTieneDepartamento', 'Tiene departamento?', '');
INSERT INTO IUAttribute (idIU, idIUAttribute, IUAttributeName, IUAttributeAlias, IUAttributeDescription) VALUES ('Clas_1432202248192978UIPobCl_Auto', 'Clas_1432202248192978CjtoVis_AutoICtjoVis_6', 'drvTieneMunicipio', 'Tiene municipio?', '');
INSERT INTO IUAction (idIU, idIUAction, IUActionName, IUActionAlias, IUActionDescription) VALUES ('Clas_1432202248192978UIPobCl_Auto', 'Clas_1432202248192978AccOfer_AutoElemAcc_1', '_Auto_', 'Dirección', '');
INSERT INTO IUNavigation (idIU, idIUNavigation, IUNavigationName, IUNavigationAlias, IUNavigationDescription) VALUES ('Clas_1432202248192978UIPobCl_Auto', 'Clas_1432202248192978NavOfer_AutoElemNav_1', '_Auto_', 'Teléfono', '');
INSERT INTO IUNavigation (idIU, idIUNavigation, IUNavigationName, IUNavigationAlias, IUNavigationDescription) VALUES ('Clas_1432202248192978UIPobCl_Auto', 'Clas_1432202248192978NavOfer_AutoElemNav_2', '_Auto_', 'Persona', '');
INSERT INTO IUNavigation (idIU, idIUNavigation, IUNavigationName, IUNavigationAlias, IUNavigationDescription) VALUES ('Clas_1432202248192978UIPobCl_Auto', 'Clas_1432202248192978NavOfer_AutoElemNav_3', '_Auto_', 'Contrato', '');
INSERT INTO IUNavigation (idIU, idIUNavigation, IUNavigationName, IUNavigationAlias, IUNavigationDescription) VALUES ('Clas_1432202248192978UIPobCl_Auto', 'Clas_1432202248192978NavOfer_AutoElemNav_4', '_Auto_', 'Tipo dirección', '');
INSERT INTO IUNavigation (idIU, idIUNavigation, IUNavigationName, IUNavigationAlias, IUNavigationDescription) VALUES ('Clas_1432202248192978UIPobCl_Auto', 'Clas_1432202248192978NavOfer_AutoElemNav_5', '_Auto_', 'Departamento', '');
INSERT INTO IUNavigation (idIU, idIUNavigation, IUNavigationName, IUNavigationAlias, IUNavigationDescription) VALUES ('Clas_1432202248192978UIPobCl_Auto', 'Clas_1432202248192978NavOfer_AutoElemNav_6', '_Auto_', 'Municipio', '');
INSERT INTO IUNavigation (idIU, idIUNavigation, IUNavigationName, IUNavigationAlias, IUNavigationDescription) VALUES ('Clas_1432202248192978UIPobCl_Auto', 'Clas_1432202248192978NavOfer_AutoElemNav_7', '_Auto_', 'Pais', '');

-- IIU: DireccionC._Auto_
INSERT INTO IU (idIU, IUName, IUAlias, IUDescription, IUType) VALUES ('Clas_1432202248192978UIInst_0', '_Auto_', 'Dirección', '', 'I');
INSERT INTO IUAction (idIU, idIUAction, IUActionName, IUActionAlias, IUActionDescription) VALUES ('Clas_1432202248192978UIInst_0', 'Clas_1432202248192978AccOfer_AutoElemAcc_1', '_Auto_', 'Dirección', '');
INSERT INTO IUNavigation (idIU, idIUNavigation, IUNavigationName, IUNavigationAlias, IUNavigationDescription) VALUES ('Clas_1432202248192978UIInst_0', 'Clas_1432202248192978NavOfer_AutoElemNav_1', '_Auto_', 'Teléfono', '');
INSERT INTO IUNavigation (idIU, idIUNavigation, IUNavigationName, IUNavigationAlias, IUNavigationDescription) VALUES ('Clas_1432202248192978UIInst_0', 'Clas_1432202248192978NavOfer_AutoElemNav_2', '_Auto_', 'Persona', '');
INSERT INTO IUNavigation (idIU, idIUNavigation, IUNavigationName, IUNavigationAlias, IUNavigationDescription) VALUES ('Clas_1432202248192978UIInst_0', 'Clas_1432202248192978NavOfer_AutoElemNav_3', '_Auto_', 'Contrato', '');
INSERT INTO IUNavigation (idIU, idIUNavigation, IUNavigationName, IUNavigationAlias, IUNavigationDescription) VALUES ('Clas_1432202248192978UIInst_0', 'Clas_1432202248192978NavOfer_AutoElemNav_4', '_Auto_', 'Tipo dirección', '');
INSERT INTO IUNavigation (idIU, idIUNavigation, IUNavigationName, IUNavigationAlias, IUNavigationDescription) VALUES ('Clas_1432202248192978UIInst_0', 'Clas_1432202248192978NavOfer_AutoElemNav_5', '_Auto_', 'Departamento', '');
INSERT INTO IUNavigation (idIU, idIUNavigation, IUNavigationName, IUNavigationAlias, IUNavigationDescription) VALUES ('Clas_1432202248192978UIInst_0', 'Clas_1432202248192978NavOfer_AutoElemNav_6', '_Auto_', 'Municipio', '');
INSERT INTO IUNavigation (idIU, idIUNavigation, IUNavigationName, IUNavigationAlias, IUNavigationDescription) VALUES ('Clas_1432202248192978UIInst_0', 'Clas_1432202248192978NavOfer_AutoElemNav_7', '_Auto_', 'Pais', '');


---------------------------------------------
-- CLASS TelefonoC
---------------------------------------------
-- PIU: TelefonoC._Auto_
INSERT INTO IU (idIU, IUName, IUAlias, IUDescription, IUType) VALUES ('Clas_1432202510336974UIPobCl_Auto', '_Auto_', 'Teléfono', '', 'P');
INSERT INTO IUAttribute (idIU, idIUAttribute, IUAttributeName, IUAttributeAlias, IUAttributeDescription) VALUES ('Clas_1432202510336974UIPobCl_Auto', 'Clas_1432202510336974CjtoVis_AutoICtjoVis_1', 'Codigo', 'Código', '');
INSERT INTO IUAttribute (idIU, idIUAttribute, IUAttributeName, IUAttributeAlias, IUAttributeDescription) VALUES ('Clas_1432202510336974UIPobCl_Auto', 'Clas_1432202510336974CjtoVis_AutoICtjoVis_2', 'Telefono', 'Teléfono', '');
INSERT INTO IUAttribute (idIU, idIUAttribute, IUAttributeName, IUAttributeAlias, IUAttributeDescription) VALUES ('Clas_1432202510336974UIPobCl_Auto', 'Clas_1432202510336974CjtoVis_AutoICtjoVis_3', 'IndicativoPais', 'Indicativo País', '');
INSERT INTO IUAttribute (idIU, idIUAttribute, IUAttributeName, IUAttributeAlias, IUAttributeDescription) VALUES ('Clas_1432202510336974UIPobCl_Auto', 'Clas_1432202510336974CjtoVis_AutoICtjoVis_4', 'CodigoArea', 'Código Área', '');
INSERT INTO IUAttribute (idIU, idIUAttribute, IUAttributeName, IUAttributeAlias, IUAttributeDescription) VALUES ('Clas_1432202510336974UIPobCl_Auto', 'Clas_1432202510336974CjtoVis_AutoICtjoVis_5', 'Ext', 'Extensión', '');
INSERT INTO IUAttribute (idIU, idIUAttribute, IUAttributeName, IUAttributeAlias, IUAttributeDescription) VALUES ('Clas_1432202510336974UIPobCl_Auto', 'Clas_1432202510336974CjtoVis_AutoICtjoVis_6', 'ID', 'Id interno', '');
INSERT INTO IUAction (idIU, idIUAction, IUActionName, IUActionAlias, IUActionDescription) VALUES ('Clas_1432202510336974UIPobCl_Auto', 'Clas_1432202510336974AccOfer_AutoElemAcc_1', '_Auto_', 'Teléfono', '');
INSERT INTO IUNavigation (idIU, idIUNavigation, IUNavigationName, IUNavigationAlias, IUNavigationDescription) VALUES ('Clas_1432202510336974UIPobCl_Auto', 'Clas_1432202510336974NavOfer_AutoElemNav_1', '_Auto_', 'Sucursal', '');
INSERT INTO IUNavigation (idIU, idIUNavigation, IUNavigationName, IUNavigationAlias, IUNavigationDescription) VALUES ('Clas_1432202510336974UIPobCl_Auto', 'Clas_1432202510336974NavOfer_AutoElemNav_2', '_Auto_', 'Dirección', '');

-- IIU: TelefonoC._Auto_
INSERT INTO IU (idIU, IUName, IUAlias, IUDescription, IUType) VALUES ('Clas_1432202510336974UIInst_0', '_Auto_', 'Teléfono', '', 'I');
INSERT INTO IUAction (idIU, idIUAction, IUActionName, IUActionAlias, IUActionDescription) VALUES ('Clas_1432202510336974UIInst_0', 'Clas_1432202510336974AccOfer_AutoElemAcc_1', '_Auto_', 'Teléfono', '');
INSERT INTO IUNavigation (idIU, idIUNavigation, IUNavigationName, IUNavigationAlias, IUNavigationDescription) VALUES ('Clas_1432202510336974UIInst_0', 'Clas_1432202510336974NavOfer_AutoElemNav_1', '_Auto_', 'Sucursal', '');
INSERT INTO IUNavigation (idIU, idIUNavigation, IUNavigationName, IUNavigationAlias, IUNavigationDescription) VALUES ('Clas_1432202510336974UIInst_0', 'Clas_1432202510336974NavOfer_AutoElemNav_2', '_Auto_', 'Dirección', '');


---------------------------------------------
-- CLASS ProteccionDatosC
---------------------------------------------
-- PIU: ProteccionDatosC._Auto_
INSERT INTO IU (idIU, IUName, IUAlias, IUDescription, IUType) VALUES ('Clas_1432202641408047UIPobCl_Auto', '_Auto_', 'Protección datos', '', 'P');
INSERT INTO IUAttribute (idIU, idIUAttribute, IUAttributeName, IUAttributeAlias, IUAttributeDescription) VALUES ('Clas_1432202641408047UIPobCl_Auto', 'Clas_1432202641408047CjtoVis_AutoICtjoVis_1', 'CodRol', 'Cód. Rol', '');
INSERT INTO IUAttribute (idIU, idIUAttribute, IUAttributeName, IUAttributeAlias, IUAttributeDescription) VALUES ('Clas_1432202641408047UIPobCl_Auto', 'Clas_1432202641408047CjtoVis_AutoICtjoVis_2', 'InformacionSaludSMS', 'Inf. Salud SMS', '');
INSERT INTO IUAttribute (idIU, idIUAttribute, IUAttributeName, IUAttributeAlias, IUAttributeDescription) VALUES ('Clas_1432202641408047UIPobCl_Auto', 'Clas_1432202641408047CjtoVis_AutoICtjoVis_3', 'InformacionSaludEmail', 'Inf. Salud Email', '');
INSERT INTO IUAttribute (idIU, idIUAttribute, IUAttributeName, IUAttributeAlias, IUAttributeDescription) VALUES ('Clas_1432202641408047UIPobCl_Auto', 'Clas_1432202641408047CjtoVis_AutoICtjoVis_4', 'IinformacionSaludCorreo', 'Inf. Salud Correo', '');
INSERT INTO IUAttribute (idIU, idIUAttribute, IUAttributeName, IUAttributeAlias, IUAttributeDescription) VALUES ('Clas_1432202641408047UIPobCl_Auto', 'Clas_1432202641408047CjtoVis_AutoICtjoVis_5', 'InformacionPublicidadSMS', 'Inf. Publicidad SMS', '');
INSERT INTO IUAttribute (idIU, idIUAttribute, IUAttributeName, IUAttributeAlias, IUAttributeDescription) VALUES ('Clas_1432202641408047UIPobCl_Auto', 'Clas_1432202641408047CjtoVis_AutoICtjoVis_6', 'InformacionPublicidadEmail', 'Inf. Publicidad Email', '');
INSERT INTO IUAttribute (idIU, idIUAttribute, IUAttributeName, IUAttributeAlias, IUAttributeDescription) VALUES ('Clas_1432202641408047UIPobCl_Auto', 'Clas_1432202641408047CjtoVis_AutoICtjoVis_7', 'InformacionPublicidadCorreo', 'Inf.Publicidad Correo', '');
INSERT INTO IUAttribute (idIU, idIUAttribute, IUAttributeName, IUAttributeAlias, IUAttributeDescription) VALUES ('Clas_1432202641408047UIPobCl_Auto', 'Clas_1432202641408047CjtoVis_AutoICtjoVis_8', 'InformacionTerceros', 'Inf. Terceros', '');
INSERT INTO IUAttribute (idIU, idIUAttribute, IUAttributeName, IUAttributeAlias, IUAttributeDescription) VALUES ('Clas_1432202641408047UIPobCl_Auto', 'Clas_1432202641408047CjtoVis_AutoICtjoVis_9', 'Rol', 'Rol', '');
INSERT INTO IUAttribute (idIU, idIUAttribute, IUAttributeName, IUAttributeAlias, IUAttributeDescription) VALUES ('Clas_1432202641408047UIPobCl_Auto', 'Clas_1432202641408047CjtoVis_AutoICtjoVis_10', 'Codigo', 'Código', '');
INSERT INTO IUAction (idIU, idIUAction, IUActionName, IUActionAlias, IUActionDescription) VALUES ('Clas_1432202641408047UIPobCl_Auto', 'Clas_1432202641408047AccOfer_AutoElemAcc_1', '_Auto_', 'Protección datos', '');
INSERT INTO IUNavigation (idIU, idIUNavigation, IUNavigationName, IUNavigationAlias, IUNavigationDescription) VALUES ('Clas_1432202641408047UIPobCl_Auto', 'Clas_1432202641408047NavOfer_AutoElemNav_1', '_Auto_', 'Persona', '');
INSERT INTO IUNavigation (idIU, idIUNavigation, IUNavigationName, IUNavigationAlias, IUNavigationDescription) VALUES ('Clas_1432202641408047UIPobCl_Auto', 'Clas_1432202641408047NavOfer_AutoElemNav_2', '_Auto_', 'Producto', '');

-- IIU: ProteccionDatosC._Auto_
INSERT INTO IU (idIU, IUName, IUAlias, IUDescription, IUType) VALUES ('Clas_1432202641408047UIInst_0', '_Auto_', 'Protección datos', '', 'I');
INSERT INTO IUAction (idIU, idIUAction, IUActionName, IUActionAlias, IUActionDescription) VALUES ('Clas_1432202641408047UIInst_0', 'Clas_1432202641408047AccOfer_AutoElemAcc_1', '_Auto_', 'Protección datos', '');
INSERT INTO IUNavigation (idIU, idIUNavigation, IUNavigationName, IUNavigationAlias, IUNavigationDescription) VALUES ('Clas_1432202641408047UIInst_0', 'Clas_1432202641408047NavOfer_AutoElemNav_1', '_Auto_', 'Persona', '');
INSERT INTO IUNavigation (idIU, idIUNavigation, IUNavigationName, IUNavigationAlias, IUNavigationDescription) VALUES ('Clas_1432202641408047UIInst_0', 'Clas_1432202641408047NavOfer_AutoElemNav_2', '_Auto_', 'Producto', '');


---------------------------------------------
-- CLASS Direccion
---------------------------------------------
-- PIU: Direccion._Auto_
INSERT INTO IU (idIU, IUName, IUAlias, IUDescription, IUType) VALUES ('Clas_1432205131776562UIPobCl_Auto', '_Auto_', 'Dirección', '', 'P');
INSERT INTO IUAttribute (idIU, idIUAttribute, IUAttributeName, IUAttributeAlias, IUAttributeDescription) VALUES ('Clas_1432205131776562UIPobCl_Auto', 'Clas_1432205131776562CjtoVis_AutoICtjoVis_1', 'Codigo', 'Código', '');
INSERT INTO IUAttribute (idIU, idIUAttribute, IUAttributeName, IUAttributeAlias, IUAttributeDescription) VALUES ('Clas_1432205131776562UIPobCl_Auto', 'Clas_1432205131776562CjtoVis_AutoICtjoVis_2', 'DireccionCompleta', 'Dirección completa', '');
INSERT INTO IUAttribute (idIU, idIUAttribute, IUAttributeName, IUAttributeAlias, IUAttributeDescription) VALUES ('Clas_1432205131776562UIPobCl_Auto', 'Clas_1432205131776562CjtoVis_AutoICtjoVis_3', 'Rural', 'Rural', '');
INSERT INTO IUAttribute (idIU, idIUAttribute, IUAttributeName, IUAttributeAlias, IUAttributeDescription) VALUES ('Clas_1432205131776562UIPobCl_Auto', 'Clas_1432205131776562CjtoVis_AutoICtjoVis_4', 'Identificador', 'Identificador', '');
INSERT INTO IUAction (idIU, idIUAction, IUActionName, IUActionAlias, IUActionDescription) VALUES ('Clas_1432205131776562UIPobCl_Auto', 'Clas_1432205131776562AccOfer_AutoElemAcc_1', '_Auto_', 'Dirección', '');
INSERT INTO IUNavigation (idIU, idIUNavigation, IUNavigationName, IUNavigationAlias, IUNavigationDescription) VALUES ('Clas_1432205131776562UIPobCl_Auto', 'Clas_1432205131776562NavOfer_AutoElemNav_1', '_Auto_', 'Persona', '');
INSERT INTO IUNavigation (idIU, idIUNavigation, IUNavigationName, IUNavigationAlias, IUNavigationDescription) VALUES ('Clas_1432205131776562UIPobCl_Auto', 'Clas_1432205131776562NavOfer_AutoElemNav_2', '_Auto_', 'Tipo dirección', '');
INSERT INTO IUNavigation (idIU, idIUNavigation, IUNavigationName, IUNavigationAlias, IUNavigationDescription) VALUES ('Clas_1432205131776562UIPobCl_Auto', 'Clas_1432205131776562NavOfer_AutoElemNav_3', '_Auto_', 'Municipio', '');
INSERT INTO IUNavigation (idIU, idIUNavigation, IUNavigationName, IUNavigationAlias, IUNavigationDescription) VALUES ('Clas_1432205131776562UIPobCl_Auto', 'Clas_1432205131776562NavOfer_AutoElemNav_4', '_Auto_', 'Departamento', '');
INSERT INTO IUNavigation (idIU, idIUNavigation, IUNavigationName, IUNavigationAlias, IUNavigationDescription) VALUES ('Clas_1432205131776562UIPobCl_Auto', 'Clas_1432205131776562NavOfer_AutoElemNav_5', '_Auto_', 'País', '');
INSERT INTO IUNavigation (idIU, idIUNavigation, IUNavigationName, IUNavigationAlias, IUNavigationDescription) VALUES ('Clas_1432205131776562UIPobCl_Auto', 'Clas_1432205131776562NavOfer_AutoElemNav_6', 'IIUSolicitudVacia', '', '');
INSERT INTO IUNavigation (idIU, idIUNavigation, IUNavigationName, IUNavigationAlias, IUNavigationDescription) VALUES ('Clas_1432205131776562UIPobCl_Auto', 'Clas_1432205131776562NavOfer_AutoElemNav_7', '_Auto_', 'Titular familia', '');

-- IIU: Direccion._Auto_
INSERT INTO IU (idIU, IUName, IUAlias, IUDescription, IUType) VALUES ('Clas_1432205131776562UIInst_0', '_Auto_', 'Dirección', '', 'I');
INSERT INTO IUAction (idIU, idIUAction, IUActionName, IUActionAlias, IUActionDescription) VALUES ('Clas_1432205131776562UIInst_0', 'Clas_1432205131776562AccOfer_AutoElemAcc_1', '_Auto_', 'Dirección', '');
INSERT INTO IUNavigation (idIU, idIUNavigation, IUNavigationName, IUNavigationAlias, IUNavigationDescription) VALUES ('Clas_1432205131776562UIInst_0', 'Clas_1432205131776562NavOfer_AutoElemNav_1', '_Auto_', 'Persona', '');
INSERT INTO IUNavigation (idIU, idIUNavigation, IUNavigationName, IUNavigationAlias, IUNavigationDescription) VALUES ('Clas_1432205131776562UIInst_0', 'Clas_1432205131776562NavOfer_AutoElemNav_2', '_Auto_', 'Tipo dirección', '');
INSERT INTO IUNavigation (idIU, idIUNavigation, IUNavigationName, IUNavigationAlias, IUNavigationDescription) VALUES ('Clas_1432205131776562UIInst_0', 'Clas_1432205131776562NavOfer_AutoElemNav_3', '_Auto_', 'Municipio', '');
INSERT INTO IUNavigation (idIU, idIUNavigation, IUNavigationName, IUNavigationAlias, IUNavigationDescription) VALUES ('Clas_1432205131776562UIInst_0', 'Clas_1432205131776562NavOfer_AutoElemNav_4', '_Auto_', 'Departamento', '');
INSERT INTO IUNavigation (idIU, idIUNavigation, IUNavigationName, IUNavigationAlias, IUNavigationDescription) VALUES ('Clas_1432205131776562UIInst_0', 'Clas_1432205131776562NavOfer_AutoElemNav_5', '_Auto_', 'País', '');
INSERT INTO IUNavigation (idIU, idIUNavigation, IUNavigationName, IUNavigationAlias, IUNavigationDescription) VALUES ('Clas_1432205131776562UIInst_0', 'Clas_1432205131776562NavOfer_AutoElemNav_6', 'IIUSolicitudVacia', '', '');
INSERT INTO IUNavigation (idIU, idIUNavigation, IUNavigationName, IUNavigationAlias, IUNavigationDescription) VALUES ('Clas_1432205131776562UIInst_0', 'Clas_1432205131776562NavOfer_AutoElemNav_7', '_Auto_', 'Titular familia', '');


---------------------------------------------
-- CLASS Pais
---------------------------------------------
-- PIU: Pais.PIUPais
INSERT INTO IU (idIU, IUName, IUAlias, IUDescription, IUType) VALUES ('Clas_1432206704640584UIPobCl_1', 'PIUPais', 'Paises', '', 'P');
INSERT INTO IUAttribute (idIU, idIUAttribute, IUAttributeName, IUAttributeAlias, IUAttributeDescription) VALUES ('Clas_1432206704640584UIPobCl_1', 'Clas_1432206704640584CjtoVis_AutoICtjoVis_1', 'Codigo', 'Código', '');
INSERT INTO IUAttribute (idIU, idIUAttribute, IUAttributeName, IUAttributeAlias, IUAttributeDescription) VALUES ('Clas_1432206704640584UIPobCl_1', 'Clas_1432206704640584CjtoVis_AutoICtjoVis_2', 'Descripcion', 'Descripción', '');
INSERT INTO IUAction (idIU, idIUAction, IUActionName, IUActionAlias, IUActionDescription) VALUES ('Clas_1432206704640584UIPobCl_1', 'Clas_1432206704640584AccOfer_1ElemAcc_1', 'SIUcrear', 'Crear', '');
INSERT INTO IUAction (idIU, idIUAction, IUActionName, IUActionAlias, IUActionDescription) VALUES ('Clas_1432206704640584UIPobCl_1', 'Clas_1432206704640584AccOfer_1ElemAcc_3', 'SIUTGSINCPAISES', 'Sincronizar', '');
INSERT INTO IUAction (idIU, idIUAction, IUActionName, IUActionAlias, IUActionDescription) VALUES ('Clas_1432206704640584UIPobCl_1', 'Clas_1432206704640584AccOfer_1ElemAcc_2', 'SIUeliminar', 'Eliminar', '');

-- PIU: Pais._Auto_
INSERT INTO IU (idIU, IUName, IUAlias, IUDescription, IUType) VALUES ('Clas_1432206704640584UIPobCl_Auto', '_Auto_', 'País', '', 'P');
INSERT INTO IUAttribute (idIU, idIUAttribute, IUAttributeName, IUAttributeAlias, IUAttributeDescription) VALUES ('Clas_1432206704640584UIPobCl_Auto', 'Clas_1432206704640584CjtoVis_AutoICtjoVis_1', 'Codigo', 'Código', '');
INSERT INTO IUAttribute (idIU, idIUAttribute, IUAttributeName, IUAttributeAlias, IUAttributeDescription) VALUES ('Clas_1432206704640584UIPobCl_Auto', 'Clas_1432206704640584CjtoVis_AutoICtjoVis_2', 'Descripcion', 'Descripción', '');
INSERT INTO IUAction (idIU, idIUAction, IUActionName, IUActionAlias, IUActionDescription) VALUES ('Clas_1432206704640584UIPobCl_Auto', 'Clas_1432206704640584AccOfer_AutoElemAcc_1', 'SIUcrear', 'Crear país', '');
INSERT INTO IUAction (idIU, idIUAction, IUActionName, IUActionAlias, IUActionDescription) VALUES ('Clas_1432206704640584UIPobCl_Auto', 'Clas_1432206704640584AccOfer_AutoElemAcc_2', 'SIUeliminar', 'Eliminar país', '');
INSERT INTO IUAction (idIU, idIUAction, IUActionName, IUActionAlias, IUActionDescription) VALUES ('Clas_1432206704640584UIPobCl_Auto', 'Clas_1432206704640584AccOfer_AutoElemAcc_3', '_Auto_', 'País', '');
INSERT INTO IUNavigation (idIU, idIUNavigation, IUNavigationName, IUNavigationAlias, IUNavigationDescription) VALUES ('Clas_1432206704640584UIPobCl_Auto', 'Clas_1432206704640584NavOfer_AutoElemNav_1', '_Auto_', 'Direcciones', '');
INSERT INTO IUNavigation (idIU, idIUNavigation, IUNavigationName, IUNavigationAlias, IUNavigationDescription) VALUES ('Clas_1432206704640584UIPobCl_Auto', 'Clas_1432206704640584NavOfer_AutoElemNav_2', '_Auto_', 'Dirección', '');
INSERT INTO IUNavigation (idIU, idIUNavigation, IUNavigationName, IUNavigationAlias, IUNavigationDescription) VALUES ('Clas_1432206704640584UIPobCl_Auto', 'Clas_1432206704640584NavOfer_AutoElemNav_3', '_Auto_', 'Sucursales', '');
INSERT INTO IUNavigation (idIU, idIUNavigation, IUNavigationName, IUNavigationAlias, IUNavigationDescription) VALUES ('Clas_1432206704640584UIPobCl_Auto', 'Clas_1432206704640584NavOfer_AutoElemNav_4', '_Auto_', 'NovedadCT', '');
INSERT INTO IUNavigation (idIU, idIUNavigation, IUNavigationName, IUNavigationAlias, IUNavigationDescription) VALUES ('Clas_1432206704640584UIPobCl_Auto', 'Clas_1432206704640584NavOfer_AutoElemNav_5', '_Auto_', 'Direcciones MD', '');

-- IIU: Pais._Auto_
INSERT INTO IU (idIU, IUName, IUAlias, IUDescription, IUType) VALUES ('Clas_1432206704640584UIInst_1', '_Auto_', 'País', '', 'I');
INSERT INTO IUAction (idIU, idIUAction, IUActionName, IUActionAlias, IUActionDescription) VALUES ('Clas_1432206704640584UIInst_1', 'Clas_1432206704640584AccOfer_AutoElemAcc_1', 'SIUcrear', 'Crear país', '');
INSERT INTO IUAction (idIU, idIUAction, IUActionName, IUActionAlias, IUActionDescription) VALUES ('Clas_1432206704640584UIInst_1', 'Clas_1432206704640584AccOfer_AutoElemAcc_2', 'SIUeliminar', 'Eliminar país', '');
INSERT INTO IUAction (idIU, idIUAction, IUActionName, IUActionAlias, IUActionDescription) VALUES ('Clas_1432206704640584UIInst_1', 'Clas_1432206704640584AccOfer_AutoElemAcc_3', '_Auto_', 'País', '');
INSERT INTO IUNavigation (idIU, idIUNavigation, IUNavigationName, IUNavigationAlias, IUNavigationDescription) VALUES ('Clas_1432206704640584UIInst_1', 'Clas_1432206704640584NavOfer_AutoElemNav_1', '_Auto_', 'Direcciones', '');
INSERT INTO IUNavigation (idIU, idIUNavigation, IUNavigationName, IUNavigationAlias, IUNavigationDescription) VALUES ('Clas_1432206704640584UIInst_1', 'Clas_1432206704640584NavOfer_AutoElemNav_2', '_Auto_', 'Dirección', '');
INSERT INTO IUNavigation (idIU, idIUNavigation, IUNavigationName, IUNavigationAlias, IUNavigationDescription) VALUES ('Clas_1432206704640584UIInst_1', 'Clas_1432206704640584NavOfer_AutoElemNav_3', '_Auto_', 'Sucursales', '');
INSERT INTO IUNavigation (idIU, idIUNavigation, IUNavigationName, IUNavigationAlias, IUNavigationDescription) VALUES ('Clas_1432206704640584UIInst_1', 'Clas_1432206704640584NavOfer_AutoElemNav_4', '_Auto_', 'NovedadCT', '');
INSERT INTO IUNavigation (idIU, idIUNavigation, IUNavigationName, IUNavigationAlias, IUNavigationDescription) VALUES ('Clas_1432206704640584UIInst_1', 'Clas_1432206704640584NavOfer_AutoElemNav_5', '_Auto_', 'Direcciones MD', '');

-- SIU: Pais.SIUcrear
INSERT INTO IU (idIU, IUName, IUAlias, IUDescription, IUType) VALUES ('Clas_1432206704640584Ser_1UIServ_1', 'SIUcrear', 'Crear país', '', 'S');
-- SIU: Pais.SIUeliminar
INSERT INTO IU (idIU, IUName, IUAlias, IUDescription, IUType) VALUES ('Clas_1432206704640584Ser_2UIServ_1', 'SIUeliminar', 'Eliminar país', '', 'S');

---------------------------------------------
-- CLASS ProteccionDatos
---------------------------------------------
-- PIU: ProteccionDatos._Auto_
INSERT INTO IU (idIU, IUName, IUAlias, IUDescription, IUType) VALUES ('Clas_1432207097856829UIPobCl_Auto', '_Auto_', 'Protección de datos', '', 'P');
INSERT INTO IUAttribute (idIU, idIUAttribute, IUAttributeName, IUAttributeAlias, IUAttributeDescription) VALUES ('Clas_1432207097856829UIPobCl_Auto', 'Clas_1432207097856829CjtoVis_AutoICtjoVis_1', 'Rol', 'Rol', '');
INSERT INTO IUAttribute (idIU, idIUAttribute, IUAttributeName, IUAttributeAlias, IUAttributeDescription) VALUES ('Clas_1432207097856829UIPobCl_Auto', 'Clas_1432207097856829CjtoVis_AutoICtjoVis_2', 'SaludSMS', 'Info. Salud SMS', '');
INSERT INTO IUAttribute (idIU, idIUAttribute, IUAttributeName, IUAttributeAlias, IUAttributeDescription) VALUES ('Clas_1432207097856829UIPobCl_Auto', 'Clas_1432207097856829CjtoVis_AutoICtjoVis_3', 'SaludEmail', 'Info. Salud Email', '');
INSERT INTO IUAttribute (idIU, idIUAttribute, IUAttributeName, IUAttributeAlias, IUAttributeDescription) VALUES ('Clas_1432207097856829UIPobCl_Auto', 'Clas_1432207097856829CjtoVis_AutoICtjoVis_4', 'SaludCorreo', 'Info. Salud Correo', '');
INSERT INTO IUAttribute (idIU, idIUAttribute, IUAttributeName, IUAttributeAlias, IUAttributeDescription) VALUES ('Clas_1432207097856829UIPobCl_Auto', 'Clas_1432207097856829CjtoVis_AutoICtjoVis_5', 'PublicidadSMS', 'Info. Publicidad SMS', '');
INSERT INTO IUAttribute (idIU, idIUAttribute, IUAttributeName, IUAttributeAlias, IUAttributeDescription) VALUES ('Clas_1432207097856829UIPobCl_Auto', 'Clas_1432207097856829CjtoVis_AutoICtjoVis_6', 'PublicidadEmail', 'Info. Publicidad Email', '');
INSERT INTO IUAttribute (idIU, idIUAttribute, IUAttributeName, IUAttributeAlias, IUAttributeDescription) VALUES ('Clas_1432207097856829UIPobCl_Auto', 'Clas_1432207097856829CjtoVis_AutoICtjoVis_7', 'PublicidadCorreo', 'Info. Publicidad Correo', '');
INSERT INTO IUAttribute (idIU, idIUAttribute, IUAttributeName, IUAttributeAlias, IUAttributeDescription) VALUES ('Clas_1432207097856829UIPobCl_Auto', 'Clas_1432207097856829CjtoVis_AutoICtjoVis_8', 'InfoTerceros', 'Info. Terceros', '');
INSERT INTO IUAttribute (idIU, idIUAttribute, IUAttributeName, IUAttributeAlias, IUAttributeDescription) VALUES ('Clas_1432207097856829UIPobCl_Auto', 'Clas_1432207097856829CjtoVis_AutoICtjoVis_9', 'Identificador', 'Identificador', '');
INSERT INTO IUAction (idIU, idIUAction, IUActionName, IUActionAlias, IUActionDescription) VALUES ('Clas_1432207097856829UIPobCl_Auto', 'Clas_1432207097856829AccOfer_AutoElemAcc_1', 'SIUTCREARPROTECCIONDATOSNA', 'Autorización de Tratamiento de Datos Personales', '');
INSERT INTO IUAction (idIU, idIUAction, IUActionName, IUActionAlias, IUActionDescription) VALUES ('Clas_1432207097856829UIPobCl_Auto', 'Clas_1432207097856829AccOfer_AutoElemAcc_2', 'SIUTCREARPROTECCIONDATOSINC', 'Autorización de Tratamiento de Datos Personales', '');
INSERT INTO IUAction (idIU, idIUAction, IUActionName, IUActionAlias, IUActionDescription) VALUES ('Clas_1432207097856829UIPobCl_Auto', 'Clas_1432207097856829AccOfer_AutoElemAcc_3', 'SIUTCREARSOLNOVEDAD', 'Nueva solicitud novedad', '');
INSERT INTO IUAction (idIU, idIUAction, IUActionName, IUActionAlias, IUActionDescription) VALUES ('Clas_1432207097856829UIPobCl_Auto', 'Clas_1432207097856829AccOfer_AutoElemAcc_4', 'SIUTCREARSOLNOVEDADEXCEPCION', 'Nueva solicitud novedad excepción', '');
INSERT INTO IUAction (idIU, idIUAction, IUActionName, IUActionAlias, IUActionDescription) VALUES ('Clas_1432207097856829UIPobCl_Auto', 'Clas_1432207097856829AccOfer_AutoElemAcc_5', '_Auto_', 'Protección de datos', '');
INSERT INTO IUNavigation (idIU, idIUNavigation, IUNavigationName, IUNavigationAlias, IUNavigationDescription) VALUES ('Clas_1432207097856829UIPobCl_Auto', 'Clas_1432207097856829NavOfer_AutoElemNav_1', 'IIUSolNovTipoContrato', 'SolicitudNovedad', '');
INSERT INTO IUNavigation (idIU, idIUNavigation, IUNavigationName, IUNavigationAlias, IUNavigationDescription) VALUES ('Clas_1432207097856829UIPobCl_Auto', 'Clas_1432207097856829NavOfer_AutoElemNav_2', '_Auto_', 'Producto', '');
INSERT INTO IUNavigation (idIU, idIUNavigation, IUNavigationName, IUNavigationAlias, IUNavigationDescription) VALUES ('Clas_1432207097856829UIPobCl_Auto', 'Clas_1432207097856829NavOfer_AutoElemNav_3', 'IIUSolicitudVacia', '', '');

-- IIU: ProteccionDatos._Auto_
INSERT INTO IU (idIU, IUName, IUAlias, IUDescription, IUType) VALUES ('Clas_1432207097856829UIInst_0', '_Auto_', 'Protección de datos', '', 'I');
INSERT INTO IUAction (idIU, idIUAction, IUActionName, IUActionAlias, IUActionDescription) VALUES ('Clas_1432207097856829UIInst_0', 'Clas_1432207097856829AccOfer_AutoElemAcc_1', 'SIUTCREARPROTECCIONDATOSNA', 'Autorización de Tratamiento de Datos Personales', '');
INSERT INTO IUAction (idIU, idIUAction, IUActionName, IUActionAlias, IUActionDescription) VALUES ('Clas_1432207097856829UIInst_0', 'Clas_1432207097856829AccOfer_AutoElemAcc_2', 'SIUTCREARPROTECCIONDATOSINC', 'Autorización de Tratamiento de Datos Personales', '');
INSERT INTO IUAction (idIU, idIUAction, IUActionName, IUActionAlias, IUActionDescription) VALUES ('Clas_1432207097856829UIInst_0', 'Clas_1432207097856829AccOfer_AutoElemAcc_3', 'SIUTCREARSOLNOVEDAD', 'Nueva solicitud novedad', '');
INSERT INTO IUAction (idIU, idIUAction, IUActionName, IUActionAlias, IUActionDescription) VALUES ('Clas_1432207097856829UIInst_0', 'Clas_1432207097856829AccOfer_AutoElemAcc_4', 'SIUTCREARSOLNOVEDADEXCEPCION', 'Nueva solicitud novedad excepción', '');
INSERT INTO IUAction (idIU, idIUAction, IUActionName, IUActionAlias, IUActionDescription) VALUES ('Clas_1432207097856829UIInst_0', 'Clas_1432207097856829AccOfer_AutoElemAcc_5', '_Auto_', 'Protección de datos', '');
INSERT INTO IUNavigation (idIU, idIUNavigation, IUNavigationName, IUNavigationAlias, IUNavigationDescription) VALUES ('Clas_1432207097856829UIInst_0', 'Clas_1432207097856829NavOfer_AutoElemNav_1', 'IIUSolNovTipoContrato', 'SolicitudNovedad', '');
INSERT INTO IUNavigation (idIU, idIUNavigation, IUNavigationName, IUNavigationAlias, IUNavigationDescription) VALUES ('Clas_1432207097856829UIInst_0', 'Clas_1432207097856829NavOfer_AutoElemNav_2', '_Auto_', 'Producto', '');
INSERT INTO IUNavigation (idIU, idIUNavigation, IUNavigationName, IUNavigationAlias, IUNavigationDescription) VALUES ('Clas_1432207097856829UIInst_0', 'Clas_1432207097856829NavOfer_AutoElemNav_3', 'IIUSolicitudVacia', '', '');

-- SIU: ProteccionDatos.SIUTCREARPROTECCIONDATOSNA
INSERT INTO IU (idIU, IUName, IUAlias, IUDescription, IUType) VALUES ('Clas_1432207097856829Ser_11UIServ_1', 'SIUTCREARPROTECCIONDATOSNA', 'Autorización de Tratamiento de Datos Personales', '', 'S');
-- SIU: ProteccionDatos.SIUTCREARPROTECCIONDATOSINC
INSERT INTO IU (idIU, IUName, IUAlias, IUDescription, IUType) VALUES ('Clas_1432207097856829Ser_12UIServ_1', 'SIUTCREARPROTECCIONDATOSINC', 'Autorización de Tratamiento de Datos Personales', '', 'S');
-- SIU: ProteccionDatos.SIUTCREARSOLNOVEDAD
INSERT INTO IU (idIU, IUName, IUAlias, IUDescription, IUType) VALUES ('Clas_1432207097856829Ser_14UIServ_1', 'SIUTCREARSOLNOVEDAD', 'Nueva solicitud novedad', '', 'S');
-- SIU: ProteccionDatos.SIUTCREARSOLNOVEDADEXCEPCION
INSERT INTO IU (idIU, IUName, IUAlias, IUDescription, IUType) VALUES ('Clas_1432207097856829Ser_15UIServ_1', 'SIUTCREARSOLNOVEDADEXCEPCION', 'Nueva solicitud novedad excepción', '', 'S');

---------------------------------------------
-- CLASS Usuario
---------------------------------------------
-- PIU: Usuario.PIUUsuariosDeContrato
INSERT INTO IU (idIU, IUName, IUAlias, IUDescription, IUType) VALUES ('Clas_1432633737216826UIPobCl_1', 'PIUUsuariosDeContrato', 'Información Personas a Afiliar', '', 'P');
INSERT INTO IUAttribute (idIU, idIUAttribute, IUAttributeName, IUAttributeAlias, IUAttributeDescription) VALUES ('Clas_1432633737216826UIPobCl_1', 'Clas_1432633737216826CjtoVis_2ICtjoVis_1', 'Identificador', 'Nº', '');
INSERT INTO IUAttribute (idIU, idIUAttribute, IUAttributeName, IUAttributeAlias, IUAttributeDescription) VALUES ('Clas_1432633737216826UIPobCl_1', 'Clas_1432633737216826CjtoVis_2ICtjoVis_2', 'drvIdentificacion', 'Tipo y Nº Doc', '');
INSERT INTO IUAttribute (idIU, idIUAttribute, IUAttributeName, IUAttributeAlias, IUAttributeDescription) VALUES ('Clas_1432633737216826UIPobCl_1', 'Clas_1432633737216826CjtoVis_2ICtjoVis_3', 'PrimerNombre', 'Primer Nombre', '');
INSERT INTO IUAttribute (idIU, idIUAttribute, IUAttributeName, IUAttributeAlias, IUAttributeDescription) VALUES ('Clas_1432633737216826UIPobCl_1', 'Clas_1432633737216826CjtoVis_2ICtjoVis_4', 'SegundoNombre', 'Segundo Nombre', '');
INSERT INTO IUAttribute (idIU, idIUAttribute, IUAttributeName, IUAttributeAlias, IUAttributeDescription) VALUES ('Clas_1432633737216826UIPobCl_1', 'Clas_1432633737216826CjtoVis_2ICtjoVis_5', 'PrimerApellido', 'Primer Apellido', '');
INSERT INTO IUAttribute (idIU, idIUAttribute, IUAttributeName, IUAttributeAlias, IUAttributeDescription) VALUES ('Clas_1432633737216826UIPobCl_1', 'Clas_1432633737216826CjtoVis_2ICtjoVis_6', 'SegundoApellido', 'Segundo Apellido', '');
INSERT INTO IUAttribute (idIU, idIUAttribute, IUAttributeName, IUAttributeAlias, IUAttributeDescription) VALUES ('Clas_1432633737216826UIPobCl_1', 'Clas_1432633737216826CjtoVis_2ICtjoVis_7', 'Parentesco.Descripcion', 'Parentesco con el titular', '');
INSERT INTO IUAction (idIU, idIUAction, IUActionName, IUActionAlias, IUActionDescription) VALUES ('Clas_1432633737216826UIPobCl_1', 'Clas_1432633737216826AccOfer_1ElemAcc_9', 'SIUTADDUSUARIOASOL', 'Añadir usuario', '');
INSERT INTO IUAction (idIU, idIUAction, IUActionName, IUActionAlias, IUActionDescription) VALUES ('Clas_1432633737216826UIPobCl_1', 'Clas_1432633737216826AccOfer_1ElemAcc_1', 'SIUTMODUSUARIO', 'Modificar Usuario', '');
INSERT INTO IUAction (idIU, idIUAction, IUActionName, IUActionAlias, IUActionDescription) VALUES ('Clas_1432633737216826UIPobCl_1', 'Clas_1432633737216826AccOfer_1ElemAcc_2', 'SIUTMODIFICARATTR', 'Atributos Usuario', '');
INSERT INTO IUAction (idIU, idIUAction, IUActionName, IUActionAlias, IUActionDescription) VALUES ('Clas_1432633737216826UIPobCl_1', 'Clas_1432633737216826AccOfer_1ElemAcc_10', 'SIUTELIMINAR', 'Eliminar', '');
INSERT INTO IUAction (idIU, idIUAction, IUActionName, IUActionAlias, IUActionDescription) VALUES ('Clas_1432633737216826UIPobCl_1', 'Clas_1432633737216826AccOfer_1ElemAcc_4', 'SIUshowCuesMedico', 'Cuestionario médico', '');
INSERT INTO IUAction (idIU, idIUAction, IUActionName, IUActionAlias, IUActionDescription) VALUES ('Clas_1432633737216826UIPobCl_1', 'Clas_1432633737216826AccOfer_1ElemAcc_5', 'SIUTCREAROMODANEXOMAT', 'Anexo de maternidad', '');
INSERT INTO IUAction (idIU, idIUAction, IUActionName, IUActionAlias, IUActionDescription) VALUES ('Clas_1432633737216826UIPobCl_1', 'Clas_1432633737216826AccOfer_1ElemAcc_6', 'SIUTCREAROMODANEXONEO', 'Anexo neonatal', '');

-- PIU: Usuario.PIUUsuarioDePIUStatusSol
INSERT INTO IU (idIU, IUName, IUAlias, IUDescription, IUType) VALUES ('Clas_1432633737216826UIPobCl_2', 'PIUUsuarioDePIUStatusSol', 'Detalle de usuarios', '', 'P');
INSERT INTO IUAttribute (idIU, idIUAttribute, IUAttributeName, IUAttributeAlias, IUAttributeDescription) VALUES ('Clas_1432633737216826UIPobCl_2', 'Clas_1432633737216826CjtoVis_3ICtjoVis_1', 'TipoIdentificacion.NombreCorto', 'Tipo Doc.', '');
INSERT INTO IUAttribute (idIU, idIUAttribute, IUAttributeName, IUAttributeAlias, IUAttributeDescription) VALUES ('Clas_1432633737216826UIPobCl_2', 'Clas_1432633737216826CjtoVis_3ICtjoVis_2', 'NumIdentificacion', 'Nº Identificación', '');
INSERT INTO IUAttribute (idIU, idIUAttribute, IUAttributeName, IUAttributeAlias, IUAttributeDescription) VALUES ('Clas_1432633737216826UIPobCl_2', 'Clas_1432633737216826CjtoVis_3ICtjoVis_3', 'drvNombreCompleto', 'Nombre completo', '');
INSERT INTO IUAttribute (idIU, idIUAttribute, IUAttributeName, IUAttributeAlias, IUAttributeDescription) VALUES ('Clas_1432633737216826UIPobCl_2', 'Clas_1432633737216826CjtoVis_3ICtjoVis_4', 'EstadoBeneficiario.Descripcion', 'Estado', '');
INSERT INTO IUAttribute (idIU, idIUAttribute, IUAttributeName, IUAttributeAlias, IUAttributeDescription) VALUES ('Clas_1432633737216826UIPobCl_2', 'Clas_1432633737216826CjtoVis_3ICtjoVis_5', 'EstadoMedico', 'Estado médico', '');
INSERT INTO IUAttribute (idIU, idIUAttribute, IUAttributeName, IUAttributeAlias, IUAttributeDescription) VALUES ('Clas_1432633737216826UIPobCl_2', 'Clas_1432633737216826CjtoVis_3ICtjoVis_6', 'PolizaInternacional', 'Respaldo global', '');

-- PIU: Usuario.PIUUsuariosPolInternacional
INSERT INTO IU (idIU, IUName, IUAlias, IUDescription, IUType) VALUES ('Clas_1432633737216826UIPobCl_3', 'PIUUsuariosPolInternacional', 'Usuarios Respaldo global', '', 'P');
INSERT INTO IUAttribute (idIU, idIUAttribute, IUAttributeName, IUAttributeAlias, IUAttributeDescription) VALUES ('Clas_1432633737216826UIPobCl_3', 'Clas_1432633737216826CjtoVis_4ICtjoVis_1', 'Solicitud.AESOLICITUDES.ProductoT.Descripcion', 'Producto', '');
INSERT INTO IUAttribute (idIU, idIUAttribute, IUAttributeName, IUAttributeAlias, IUAttributeDescription) VALUES ('Clas_1432633737216826UIPobCl_3', 'Clas_1432633737216826CjtoVis_4ICtjoVis_2', 'Solicitud.AESOLICITUDES.PlanT.Nombre', 'Plan', '');
INSERT INTO IUAttribute (idIU, idIUAttribute, IUAttributeName, IUAttributeAlias, IUAttributeDescription) VALUES ('Clas_1432633737216826UIPobCl_3', 'Clas_1432633737216826CjtoVis_4ICtjoVis_3', 'Solicitud.AESOLICITUDES.NUMEROSOLICITUD', 'Nº Solicitud', '');
INSERT INTO IUAttribute (idIU, idIUAttribute, IUAttributeName, IUAttributeAlias, IUAttributeDescription) VALUES ('Clas_1432633737216826UIPobCl_3', 'Clas_1432633737216826CjtoVis_4ICtjoVis_4', 'Solicitud.ContratoC.NumContrato', 'Nº Contrato', '');
INSERT INTO IUAttribute (idIU, idIUAttribute, IUAttributeName, IUAttributeAlias, IUAttributeDescription) VALUES ('Clas_1432633737216826UIPobCl_3', 'Clas_1432633737216826CjtoVis_4ICtjoVis_7', 'Solicitud.Estado', 'Estado Solicitud', '');
INSERT INTO IUAttribute (idIU, idIUAttribute, IUAttributeName, IUAttributeAlias, IUAttributeDescription) VALUES ('Clas_1432633737216826UIPobCl_3', 'Clas_1432633737216826CjtoVis_4ICtjoVis_5', 'drvIdentificacion', 'Tipo y Nº Doc', '');
INSERT INTO IUAttribute (idIU, idIUAttribute, IUAttributeName, IUAttributeAlias, IUAttributeDescription) VALUES ('Clas_1432633737216826UIPobCl_3', 'Clas_1432633737216826CjtoVis_4ICtjoVis_6', 'drvNombreCompleto', 'Nombre completo', '');

-- PIU: Usuario._Auto_
INSERT INTO IU (idIU, IUName, IUAlias, IUDescription, IUType) VALUES ('Clas_1432633737216826UIPobCl_Auto', '_Auto_', 'Usuario', '', 'P');
INSERT INTO IUAttribute (idIU, idIUAttribute, IUAttributeName, IUAttributeAlias, IUAttributeDescription) VALUES ('Clas_1432633737216826UIPobCl_Auto', 'Clas_1432633737216826CjtoVis_AutoICtjoVis_1', 'Identificador', 'Identificador', '');
INSERT INTO IUAttribute (idIU, idIUAttribute, IUAttributeName, IUAttributeAlias, IUAttributeDescription) VALUES ('Clas_1432633737216826UIPobCl_Auto', 'Clas_1432633737216826CjtoVis_AutoICtjoVis_2', 'BebeGestante', 'Bebé gestante', '');
INSERT INTO IUAttribute (idIU, idIUAttribute, IUAttributeName, IUAttributeAlias, IUAttributeDescription) VALUES ('Clas_1432633737216826UIPobCl_Auto', 'Clas_1432633737216826CjtoVis_AutoICtjoVis_3', 'NumUsuario', 'Nº usuario', '');
INSERT INTO IUAttribute (idIU, idIUAttribute, IUAttributeName, IUAttributeAlias, IUAttributeDescription) VALUES ('Clas_1432633737216826UIPobCl_Auto', 'Clas_1432633737216826CjtoVis_AutoICtjoVis_4', 'NumIdentificacion', 'Nº Identificación', '');
INSERT INTO IUAttribute (idIU, idIUAttribute, IUAttributeName, IUAttributeAlias, IUAttributeDescription) VALUES ('Clas_1432633737216826UIPobCl_Auto', 'Clas_1432633737216826CjtoVis_AutoICtjoVis_5', 'CodigoTipoUsuario', 'Tipo usuario', '');
INSERT INTO IUAttribute (idIU, idIUAttribute, IUAttributeName, IUAttributeAlias, IUAttributeDescription) VALUES ('Clas_1432633737216826UIPobCl_Auto', 'Clas_1432633737216826CjtoVis_AutoICtjoVis_6', 'PrimerNombre', 'Primer nombre', '');
INSERT INTO IUAttribute (idIU, idIUAttribute, IUAttributeName, IUAttributeAlias, IUAttributeDescription) VALUES ('Clas_1432633737216826UIPobCl_Auto', 'Clas_1432633737216826CjtoVis_AutoICtjoVis_7', 'SegundoNombre', 'Segundo nombre', '');
INSERT INTO IUAttribute (idIU, idIUAttribute, IUAttributeName, IUAttributeAlias, IUAttributeDescription) VALUES ('Clas_1432633737216826UIPobCl_Auto', 'Clas_1432633737216826CjtoVis_AutoICtjoVis_8', 'PrimerApellido', 'Primer Apellido', '');
INSERT INTO IUAttribute (idIU, idIUAttribute, IUAttributeName, IUAttributeAlias, IUAttributeDescription) VALUES ('Clas_1432633737216826UIPobCl_Auto', 'Clas_1432633737216826CjtoVis_AutoICtjoVis_9', 'SegundoApellido', 'Segundo Apellido', '');
INSERT INTO IUAttribute (idIU, idIUAttribute, IUAttributeName, IUAttributeAlias, IUAttributeDescription) VALUES ('Clas_1432633737216826UIPobCl_Auto', 'Clas_1432633737216826CjtoVis_AutoICtjoVis_10', 'drvIdentificacion', 'Tipo y Nº Doc', '');
INSERT INTO IUAttribute (idIU, idIUAttribute, IUAttributeName, IUAttributeAlias, IUAttributeDescription) VALUES ('Clas_1432633737216826UIPobCl_Auto', 'Clas_1432633737216826CjtoVis_AutoICtjoVis_11', 'drvEsElTitular', 'Es el titular', '');
INSERT INTO IUAttribute (idIU, idIUAttribute, IUAttributeName, IUAttributeAlias, IUAttributeDescription) VALUES ('Clas_1432633737216826UIPobCl_Auto', 'Clas_1432633737216826CjtoVis_AutoICtjoVis_12', 'drvAccesoCuesMed', 'Acceso cues. médico', '');
INSERT INTO IUAttribute (idIU, idIUAttribute, IUAttributeName, IUAttributeAlias, IUAttributeDescription) VALUES ('Clas_1432633737216826UIPobCl_Auto', 'Clas_1432633737216826CjtoVis_AutoICtjoVis_13', 'drvAceptaAnexoMat', 'Acepta anexo maternidad', '');
INSERT INTO IUAttribute (idIU, idIUAttribute, IUAttributeName, IUAttributeAlias, IUAttributeDescription) VALUES ('Clas_1432633737216826UIPobCl_Auto', 'Clas_1432633737216826CjtoVis_AutoICtjoVis_14', 'drvAceptaAnexoNeo', 'Acepta anexo neonatal', '');
INSERT INTO IUAttribute (idIU, idIUAttribute, IUAttributeName, IUAttributeAlias, IUAttributeDescription) VALUES ('Clas_1432633737216826UIPobCl_Auto', 'Clas_1432633737216826CjtoVis_AutoICtjoVis_15', 'drvTieneAnexoMat', 'Tiene anexo maternidad', '');
INSERT INTO IUAttribute (idIU, idIUAttribute, IUAttributeName, IUAttributeAlias, IUAttributeDescription) VALUES ('Clas_1432633737216826UIPobCl_Auto', 'Clas_1432633737216826CjtoVis_AutoICtjoVis_16', 'attrUsuarioDiligenciados', 'Atributos usuario OK', '');
INSERT INTO IUAttribute (idIU, idIUAttribute, IUAttributeName, IUAttributeAlias, IUAttributeDescription) VALUES ('Clas_1432633737216826UIPobCl_Auto', 'Clas_1432633737216826CjtoVis_AutoICtjoVis_17', 'drvEdadParaCuotaIns', 'Edad para cuota inscripción', '');
INSERT INTO IUAttribute (idIU, idIUAttribute, IUAttributeName, IUAttributeAlias, IUAttributeDescription) VALUES ('Clas_1432633737216826UIPobCl_Auto', 'Clas_1432633737216826CjtoVis_AutoICtjoVis_18', 'drvValorCuotaInscrip', 'Valor Cuota Inscripción', '');
INSERT INTO IUAttribute (idIU, idIUAttribute, IUAttributeName, IUAttributeAlias, IUAttributeDescription) VALUES ('Clas_1432633737216826UIPobCl_Auto', 'Clas_1432633737216826CjtoVis_AutoICtjoVis_19', 'drvCuesMedOK', 'Cuestionario OK', '');
INSERT INTO IUAttribute (idIU, idIUAttribute, IUAttributeName, IUAttributeAlias, IUAttributeDescription) VALUES ('Clas_1432633737216826UIPobCl_Auto', 'Clas_1432633737216826CjtoVis_AutoICtjoVis_20', 'codigoBancoRep', 'Cod. Banco República', '');
INSERT INTO IUAttribute (idIU, idIUAttribute, IUAttributeName, IUAttributeAlias, IUAttributeDescription) VALUES ('Clas_1432633737216826UIPobCl_Auto', 'Clas_1432633737216826CjtoVis_AutoICtjoVis_21', 'UsuarioReplicado', 'Usuario replicado', '');
INSERT INTO IUAttribute (idIU, idIUAttribute, IUAttributeName, IUAttributeAlias, IUAttributeDescription) VALUES ('Clas_1432633737216826UIPobCl_Auto', 'Clas_1432633737216826CjtoVis_AutoICtjoVis_22', 'FechaAntiguedadBeneficiario', 'Fecha antigüedad', '');
INSERT INTO IUAttribute (idIU, idIUAttribute, IUAttributeName, IUAttributeAlias, IUAttributeDescription) VALUES ('Clas_1432633737216826UIPobCl_Auto', 'Clas_1432633737216826CjtoVis_AutoICtjoVis_23', 'RequierExamenMedico', 'Requiere examen médico', '');
INSERT INTO IUAttribute (idIU, idIUAttribute, IUAttributeName, IUAttributeAlias, IUAttributeDescription) VALUES ('Clas_1432633737216826UIPobCl_Auto', 'Clas_1432633737216826CjtoVis_AutoICtjoVis_24', 'EstadoMedico', 'Estado médico', '');
INSERT INTO IUAttribute (idIU, idIUAttribute, IUAttributeName, IUAttributeAlias, IUAttributeDescription) VALUES ('Clas_1432633737216826UIPobCl_Auto', 'Clas_1432633737216826CjtoVis_AutoICtjoVis_25', 'ValorCuotaInscripcion', 'Valor cuota inscripción', '');
INSERT INTO IUAttribute (idIU, idIUAttribute, IUAttributeName, IUAttributeAlias, IUAttributeDescription) VALUES ('Clas_1432633737216826UIPobCl_Auto', 'Clas_1432633737216826CjtoVis_AutoICtjoVis_26', 'TienePreexistencias', 'Tiene preexistencias', '');
INSERT INTO IUAttribute (idIU, idIUAttribute, IUAttributeName, IUAttributeAlias, IUAttributeDescription) VALUES ('Clas_1432633737216826UIPobCl_Auto', 'Clas_1432633737216826CjtoVis_AutoICtjoVis_27', 'drvNombreCompleto', 'Usuario', '');
INSERT INTO IUAttribute (idIU, idIUAttribute, IUAttributeName, IUAttributeAlias, IUAttributeDescription) VALUES ('Clas_1432633737216826UIPobCl_Auto', 'Clas_1432633737216826CjtoVis_AutoICtjoVis_28', 'FechaInicioVigencia', 'Fecha inicio vigencia', '');
INSERT INTO IUAttribute (idIU, idIUAttribute, IUAttributeName, IUAttributeAlias, IUAttributeDescription) VALUES ('Clas_1432633737216826UIPobCl_Auto', 'Clas_1432633737216826CjtoVis_AutoICtjoVis_29', 'FechaFinVigencia', 'Fecha fin vigencia', '');
INSERT INTO IUAttribute (idIU, idIUAttribute, IUAttributeName, IUAttributeAlias, IUAttributeDescription) VALUES ('Clas_1432633737216826UIPobCl_Auto', 'Clas_1432633737216826CjtoVis_AutoICtjoVis_30', 'drvConfirmado', 'Confirmado', '');
INSERT INTO IUAttribute (idIU, idIUAttribute, IUAttributeName, IUAttributeAlias, IUAttributeDescription) VALUES ('Clas_1432633737216826UIPobCl_Auto', 'Clas_1432633737216826CjtoVis_AutoICtjoVis_31', 'drvTiempoEmbarazo', 'Tmp. Embarazo (sem)', '');
INSERT INTO IUAttribute (idIU, idIUAttribute, IUAttributeName, IUAttributeAlias, IUAttributeDescription) VALUES ('Clas_1432633737216826UIPobCl_Auto', 'Clas_1432633737216826CjtoVis_AutoICtjoVis_32', 'drvEstaActivo', 'Esta activo', '');
INSERT INTO IUAttribute (idIU, idIUAttribute, IUAttributeName, IUAttributeAlias, IUAttributeDescription) VALUES ('Clas_1432633737216826UIPobCl_Auto', 'Clas_1432633737216826CjtoVis_AutoICtjoVis_33', 'drvEdad', 'Edad', '');
INSERT INTO IUAttribute (idIU, idIUAttribute, IUAttributeName, IUAttributeAlias, IUAttributeDescription) VALUES ('Clas_1432633737216826UIPobCl_Auto', 'Clas_1432633737216826CjtoVis_AutoICtjoVis_34', 'drvEdadMaxIngreso', 'Edad máxima de ingreso', '');
INSERT INTO IUAttribute (idIU, idIUAttribute, IUAttributeName, IUAttributeAlias, IUAttributeDescription) VALUES ('Clas_1432633737216826UIPobCl_Auto', 'Clas_1432633737216826CjtoVis_AutoICtjoVis_35', 'drvEdadMaxPerm', 'Edad máxima permanencia', '');
INSERT INTO IUAttribute (idIU, idIUAttribute, IUAttributeName, IUAttributeAlias, IUAttributeDescription) VALUES ('Clas_1432633737216826UIPobCl_Auto', 'Clas_1432633737216826CjtoVis_AutoICtjoVis_36', 'drvTotalAnexos', 'Total anexos', '');
INSERT INTO IUAttribute (idIU, idIUAttribute, IUAttributeName, IUAttributeAlias, IUAttributeDescription) VALUES ('Clas_1432633737216826UIPobCl_Auto', 'Clas_1432633737216826CjtoVis_AutoICtjoVis_37', 'drvTieneEPSSanitas', 'Tiene EPS Sanitas?', '');
INSERT INTO IUAttribute (idIU, idIUAttribute, IUAttributeName, IUAttributeAlias, IUAttributeDescription) VALUES ('Clas_1432633737216826UIPobCl_Auto', 'Clas_1432633737216826CjtoVis_AutoICtjoVis_38', 'drvTieneDocumentos', 'Tiene todos los documentos?', '');
INSERT INTO IUAttribute (idIU, idIUAttribute, IUAttributeName, IUAttributeAlias, IUAttributeDescription) VALUES ('Clas_1432633737216826UIPobCl_Auto', 'Clas_1432633737216826CjtoVis_AutoICtjoVis_39', 'tieneDocIdentificacion', 'Tiene Doc. Identificación', '');
INSERT INTO IUAttribute (idIU, idIUAttribute, IUAttributeName, IUAttributeAlias, IUAttributeDescription) VALUES ('Clas_1432633737216826UIPobCl_Auto', 'Clas_1432633737216826CjtoVis_AutoICtjoVis_40', 'tieneDocsSolicitud', 'Tiene Docs. Solicitud', '');
INSERT INTO IUAttribute (idIU, idIUAttribute, IUAttributeName, IUAttributeAlias, IUAttributeDescription) VALUES ('Clas_1432633737216826UIPobCl_Auto', 'Clas_1432633737216826CjtoVis_AutoICtjoVis_41', 'drvTieneParentesco', 'Tiene parentesco?', '');
INSERT INTO IUAttribute (idIU, idIUAttribute, IUAttributeName, IUAttributeAlias, IUAttributeDescription) VALUES ('Clas_1432633737216826UIPobCl_Auto', 'Clas_1432633737216826CjtoVis_AutoICtjoVis_42', 'drvPuedeSerTitular', 'Puede ser titulas', '');
INSERT INTO IUAttribute (idIU, idIUAttribute, IUAttributeName, IUAttributeAlias, IUAttributeDescription) VALUES ('Clas_1432633737216826UIPobCl_Auto', 'Clas_1432633737216826CjtoVis_AutoICtjoVis_43', 'drvTieneCuesMed', 'Tiene cuestionario médico', '');
INSERT INTO IUAttribute (idIU, idIUAttribute, IUAttributeName, IUAttributeAlias, IUAttributeDescription) VALUES ('Clas_1432633737216826UIPobCl_Auto', 'Clas_1432633737216826CjtoVis_AutoICtjoVis_44', 'drvImpTarifaPlanVol', 'Importe tarifa', '');
INSERT INTO IUAttribute (idIU, idIUAttribute, IUAttributeName, IUAttributeAlias, IUAttributeDescription) VALUES ('Clas_1432633737216826UIPobCl_Auto', 'Clas_1432633737216826CjtoVis_AutoICtjoVis_45', 'PolizaInternacional', 'Respaldo global', '');
INSERT INTO IUAttribute (idIU, idIUAttribute, IUAttributeName, IUAttributeAlias, IUAttributeDescription) VALUES ('Clas_1432633737216826UIPobCl_Auto', 'Clas_1432633737216826CjtoVis_AutoICtjoVis_46', 'drvDirResValidoEPS', 'drvDirResValidoEPS', '');
INSERT INTO IUAttribute (idIU, idIUAttribute, IUAttributeName, IUAttributeAlias, IUAttributeDescription) VALUES ('Clas_1432633737216826UIPobCl_Auto', 'Clas_1432633737216826CjtoVis_AutoICtjoVis_47', 'IMC', 'IMC', '');
INSERT INTO IUAction (idIU, idIUAction, IUActionName, IUActionAlias, IUActionDescription) VALUES ('Clas_1432633737216826UIPobCl_Auto', 'Clas_1432633737216826AccOfer_AutoElemAcc_1', 'SIUshowCuesMedico', 'Cuestionario médico', '');
INSERT INTO IUAction (idIU, idIUAction, IUActionName, IUActionAlias, IUActionDescription) VALUES ('Clas_1432633737216826UIPobCl_Auto', 'Clas_1432633737216826AccOfer_AutoElemAcc_2', 'SIUTMODIFICARATTR', 'Modificar atributos de usuario', '');
INSERT INTO IUAction (idIU, idIUAction, IUActionName, IUActionAlias, IUActionDescription) VALUES ('Clas_1432633737216826UIPobCl_Auto', 'Clas_1432633737216826AccOfer_AutoElemAcc_3', 'SIUTMODUSUARIO', 'Modificar usuario', '');
INSERT INTO IUAction (idIU, idIUAction, IUActionName, IUActionAlias, IUActionDescription) VALUES ('Clas_1432633737216826UIPobCl_Auto', 'Clas_1432633737216826AccOfer_AutoElemAcc_4', 'SIUTELIMINAR', '¿Está seguro de que desea eliminar al usuario?', '');
INSERT INTO IUAction (idIU, idIUAction, IUActionName, IUActionAlias, IUActionDescription) VALUES ('Clas_1432633737216826UIPobCl_Auto', 'Clas_1432633737216826AccOfer_AutoElemAcc_5', 'SIUTCREAROMODANEXOMAT', 'Anexo de maternidad', '');
INSERT INTO IUAction (idIU, idIUAction, IUActionName, IUActionAlias, IUActionDescription) VALUES ('Clas_1432633737216826UIPobCl_Auto', 'Clas_1432633737216826AccOfer_AutoElemAcc_6', 'SIUTCREAROMODANEXONEO', 'Anexo neonatal', '');
INSERT INTO IUAction (idIU, idIUAction, IUActionName, IUActionAlias, IUActionDescription) VALUES ('Clas_1432633737216826UIPobCl_Auto', 'Clas_1432633737216826AccOfer_AutoElemAcc_7', '_Auto_', 'Usuario', '');
INSERT INTO IUNavigation (idIU, idIUNavigation, IUNavigationName, IUNavigationAlias, IUNavigationDescription) VALUES ('Clas_1432633737216826UIPobCl_Auto', 'Clas_1432633737216826NavOfer_AutoElemNav_1', 'IIUCuestionario', 'Cuestionario médico', '');
INSERT INTO IUNavigation (idIU, idIUNavigation, IUNavigationName, IUNavigationAlias, IUNavigationDescription) VALUES ('Clas_1432633737216826UIPobCl_Auto', 'Clas_1432633737216826NavOfer_AutoElemNav_2', '_Auto_', 'Anexo maternal', '');
INSERT INTO IUNavigation (idIU, idIUNavigation, IUNavigationName, IUNavigationAlias, IUNavigationDescription) VALUES ('Clas_1432633737216826UIPobCl_Auto', 'Clas_1432633737216826NavOfer_AutoElemNav_3', '_Auto_', 'Anexo neonatal', '');
INSERT INTO IUNavigation (idIU, idIUNavigation, IUNavigationName, IUNavigationAlias, IUNavigationDescription) VALUES ('Clas_1432633737216826UIPobCl_Auto', 'Clas_1432633737216826NavOfer_AutoElemNav_4', 'PIUPreexistencia', 'Preexistencias', '');
INSERT INTO IUNavigation (idIU, idIUNavigation, IUNavigationName, IUNavigationAlias, IUNavigationDescription) VALUES ('Clas_1432633737216826UIPobCl_Auto', 'Clas_1432633737216826NavOfer_AutoElemNav_5', 'IIUSolicitudVacia', '', '');
INSERT INTO IUNavigation (idIU, idIUNavigation, IUNavigationName, IUNavigationAlias, IUNavigationDescription) VALUES ('Clas_1432633737216826UIPobCl_Auto', 'Clas_1432633737216826NavOfer_AutoElemNav_6', '_Auto_', 'Persona', '');
INSERT INTO IUNavigation (idIU, idIUNavigation, IUNavigationName, IUNavigationAlias, IUNavigationDescription) VALUES ('Clas_1432633737216826UIPobCl_Auto', 'Clas_1432633737216826NavOfer_AutoElemNav_7', '_Auto_', 'EPS', '');
INSERT INTO IUNavigation (idIU, idIUNavigation, IUNavigationName, IUNavigationAlias, IUNavigationDescription) VALUES ('Clas_1432633737216826UIPobCl_Auto', 'Clas_1432633737216826NavOfer_AutoElemNav_8', '_Auto_', 'Parentesco', '');
INSERT INTO IUNavigation (idIU, idIUNavigation, IUNavigationName, IUNavigationAlias, IUNavigationDescription) VALUES ('Clas_1432633737216826UIPobCl_Auto', 'Clas_1432633737216826NavOfer_AutoElemNav_9', '_Auto_', 'Compañía anterior', '');
INSERT INTO IUNavigation (idIU, idIUNavigation, IUNavigationName, IUNavigationAlias, IUNavigationDescription) VALUES ('Clas_1432633737216826UIPobCl_Auto', 'Clas_1432633737216826NavOfer_AutoElemNav_10', '_Auto_', 'Tipo Identificación', '');
INSERT INTO IUNavigation (idIU, idIUNavigation, IUNavigationName, IUNavigationAlias, IUNavigationDescription) VALUES ('Clas_1432633737216826UIPobCl_Auto', 'Clas_1432633737216826NavOfer_AutoElemNav_11', '_Auto_', 'Estado beneficiario CORE', '');

-- IIU: Usuario._Auto_
INSERT INTO IU (idIU, IUName, IUAlias, IUDescription, IUType) VALUES ('Clas_1432633737216826UIInst_3', '_Auto_', 'Usuario', '', 'I');
INSERT INTO IUAction (idIU, idIUAction, IUActionName, IUActionAlias, IUActionDescription) VALUES ('Clas_1432633737216826UIInst_3', 'Clas_1432633737216826AccOfer_AutoElemAcc_1', 'SIUshowCuesMedico', 'Cuestionario médico', '');
INSERT INTO IUAction (idIU, idIUAction, IUActionName, IUActionAlias, IUActionDescription) VALUES ('Clas_1432633737216826UIInst_3', 'Clas_1432633737216826AccOfer_AutoElemAcc_2', 'SIUTMODIFICARATTR', 'Modificar atributos de usuario', '');
INSERT INTO IUAction (idIU, idIUAction, IUActionName, IUActionAlias, IUActionDescription) VALUES ('Clas_1432633737216826UIInst_3', 'Clas_1432633737216826AccOfer_AutoElemAcc_3', 'SIUTMODUSUARIO', 'Modificar usuario', '');
INSERT INTO IUAction (idIU, idIUAction, IUActionName, IUActionAlias, IUActionDescription) VALUES ('Clas_1432633737216826UIInst_3', 'Clas_1432633737216826AccOfer_AutoElemAcc_4', 'SIUTELIMINAR', '¿Está seguro de que desea eliminar al usuario?', '');
INSERT INTO IUAction (idIU, idIUAction, IUActionName, IUActionAlias, IUActionDescription) VALUES ('Clas_1432633737216826UIInst_3', 'Clas_1432633737216826AccOfer_AutoElemAcc_5', 'SIUTCREAROMODANEXOMAT', 'Anexo de maternidad', '');
INSERT INTO IUAction (idIU, idIUAction, IUActionName, IUActionAlias, IUActionDescription) VALUES ('Clas_1432633737216826UIInst_3', 'Clas_1432633737216826AccOfer_AutoElemAcc_6', 'SIUTCREAROMODANEXONEO', 'Anexo neonatal', '');
INSERT INTO IUAction (idIU, idIUAction, IUActionName, IUActionAlias, IUActionDescription) VALUES ('Clas_1432633737216826UIInst_3', 'Clas_1432633737216826AccOfer_AutoElemAcc_7', '_Auto_', 'Usuario', '');
INSERT INTO IUNavigation (idIU, idIUNavigation, IUNavigationName, IUNavigationAlias, IUNavigationDescription) VALUES ('Clas_1432633737216826UIInst_3', 'Clas_1432633737216826NavOfer_AutoElemNav_1', 'IIUCuestionario', 'Cuestionario médico', '');
INSERT INTO IUNavigation (idIU, idIUNavigation, IUNavigationName, IUNavigationAlias, IUNavigationDescription) VALUES ('Clas_1432633737216826UIInst_3', 'Clas_1432633737216826NavOfer_AutoElemNav_2', '_Auto_', 'Anexo maternal', '');
INSERT INTO IUNavigation (idIU, idIUNavigation, IUNavigationName, IUNavigationAlias, IUNavigationDescription) VALUES ('Clas_1432633737216826UIInst_3', 'Clas_1432633737216826NavOfer_AutoElemNav_3', '_Auto_', 'Anexo neonatal', '');
INSERT INTO IUNavigation (idIU, idIUNavigation, IUNavigationName, IUNavigationAlias, IUNavigationDescription) VALUES ('Clas_1432633737216826UIInst_3', 'Clas_1432633737216826NavOfer_AutoElemNav_4', 'PIUPreexistencia', 'Preexistencias', '');
INSERT INTO IUNavigation (idIU, idIUNavigation, IUNavigationName, IUNavigationAlias, IUNavigationDescription) VALUES ('Clas_1432633737216826UIInst_3', 'Clas_1432633737216826NavOfer_AutoElemNav_5', 'IIUSolicitudVacia', '', '');
INSERT INTO IUNavigation (idIU, idIUNavigation, IUNavigationName, IUNavigationAlias, IUNavigationDescription) VALUES ('Clas_1432633737216826UIInst_3', 'Clas_1432633737216826NavOfer_AutoElemNav_6', '_Auto_', 'Persona', '');
INSERT INTO IUNavigation (idIU, idIUNavigation, IUNavigationName, IUNavigationAlias, IUNavigationDescription) VALUES ('Clas_1432633737216826UIInst_3', 'Clas_1432633737216826NavOfer_AutoElemNav_7', '_Auto_', 'EPS', '');
INSERT INTO IUNavigation (idIU, idIUNavigation, IUNavigationName, IUNavigationAlias, IUNavigationDescription) VALUES ('Clas_1432633737216826UIInst_3', 'Clas_1432633737216826NavOfer_AutoElemNav_8', '_Auto_', 'Parentesco', '');
INSERT INTO IUNavigation (idIU, idIUNavigation, IUNavigationName, IUNavigationAlias, IUNavigationDescription) VALUES ('Clas_1432633737216826UIInst_3', 'Clas_1432633737216826NavOfer_AutoElemNav_9', '_Auto_', 'Compañía anterior', '');
INSERT INTO IUNavigation (idIU, idIUNavigation, IUNavigationName, IUNavigationAlias, IUNavigationDescription) VALUES ('Clas_1432633737216826UIInst_3', 'Clas_1432633737216826NavOfer_AutoElemNav_10', '_Auto_', 'Tipo Identificación', '');
INSERT INTO IUNavigation (idIU, idIUNavigation, IUNavigationName, IUNavigationAlias, IUNavigationDescription) VALUES ('Clas_1432633737216826UIInst_3', 'Clas_1432633737216826NavOfer_AutoElemNav_11', '_Auto_', 'Estado beneficiario CORE', '');

-- SIU: Usuario.SIUshowCuesMedico
INSERT INTO IU (idIU, IUName, IUAlias, IUDescription, IUType) VALUES ('Clas_1432633737216826Ser_21UIServ_1', 'SIUshowCuesMedico', 'Cuestionario médico', '', 'S');
-- SIU: Usuario.SIUTMODIFICARATTR
INSERT INTO IU (idIU, IUName, IUAlias, IUDescription, IUType) VALUES ('Clas_1432633737216826Ser_12UIServ_1', 'SIUTMODIFICARATTR', 'Modificar atributos de usuario', '', 'S');
-- SIU: Usuario.SIUTMODUSUARIO
INSERT INTO IU (idIU, IUName, IUAlias, IUDescription, IUType) VALUES ('Clas_1432633737216826Ser_14UIServ_1', 'SIUTMODUSUARIO', 'Modificar usuario', '', 'S');
-- SIU: Usuario.SIUTELIMINAR
INSERT INTO IU (idIU, IUName, IUAlias, IUDescription, IUType) VALUES ('Clas_1432633737216826Ser_17UIServ_1', 'SIUTELIMINAR', '¿Está seguro de que desea eliminar al usuario?', '', 'S');
-- SIU: Usuario.SIUTCREAROMODANEXOMAT
INSERT INTO IU (idIU, IUName, IUAlias, IUDescription, IUType) VALUES ('Clas_1432633737216826Ser_20UIServ_1', 'SIUTCREAROMODANEXOMAT', 'Anexo de maternidad', '', 'S');
-- SIU: Usuario.SIUTCREAROMODANEXONEO
INSERT INTO IU (idIU, IUName, IUAlias, IUDescription, IUType) VALUES ('Clas_1432633737216826Ser_22UIServ_1', 'SIUTCREAROMODANEXONEO', 'Anexo neonatal', '', 'S');

---------------------------------------------
-- CLASS CuestionarioP
---------------------------------------------
-- PIU: CuestionarioP._Auto_
INSERT INTO IU (idIU, IUName, IUAlias, IUDescription, IUType) VALUES ('Clas_1432647237632788UIPobCl_Auto', '_Auto_', 'Cuestionario', '', 'P');
INSERT INTO IUAttribute (idIU, idIUAttribute, IUAttributeName, IUAttributeAlias, IUAttributeDescription) VALUES ('Clas_1432647237632788UIPobCl_Auto', 'Clas_1432647237632788CjtoVis_AutoICtjoVis_1', 'Numero', 'Número', '');
INSERT INTO IUAttribute (idIU, idIUAttribute, IUAttributeName, IUAttributeAlias, IUAttributeDescription) VALUES ('Clas_1432647237632788UIPobCl_Auto', 'Clas_1432647237632788CjtoVis_AutoICtjoVis_2', 'Nombre', 'Nombre', '');
INSERT INTO IUAttribute (idIU, idIUAttribute, IUAttributeName, IUAttributeAlias, IUAttributeDescription) VALUES ('Clas_1432647237632788UIPobCl_Auto', 'Clas_1432647237632788CjtoVis_AutoICtjoVis_3', 'YaDiligenciado', 'Ya diligenciado', '');
INSERT INTO IUAction (idIU, idIUAction, IUActionName, IUActionAlias, IUActionDescription) VALUES ('Clas_1432647237632788UIPobCl_Auto', 'Clas_1432647237632788AccOfer_AutoElemAcc_1', 'SIUTCERRAR', 'Marcar como completado', '');
INSERT INTO IUAction (idIU, idIUAction, IUActionName, IUActionAlias, IUActionDescription) VALUES ('Clas_1432647237632788UIPobCl_Auto', 'Clas_1432647237632788AccOfer_AutoElemAcc_2', 'IIUCuestionario', 'Cuestionario médico', '');
INSERT INTO IUNavigation (idIU, idIUNavigation, IUNavigationName, IUNavigationAlias, IUNavigationDescription) VALUES ('Clas_1432647237632788UIPobCl_Auto', 'Clas_1432647237632788NavOfer_AutoElemNav_1', '_Auto_', 'Secciones', '');
INSERT INTO IUNavigation (idIU, idIUNavigation, IUNavigationName, IUNavigationAlias, IUNavigationDescription) VALUES ('Clas_1432647237632788UIPobCl_Auto', 'Clas_1432647237632788NavOfer_AutoElemNav_2', '_Auto_', 'Usuario', '');

-- IIU: CuestionarioP.IIUCuestionario
INSERT INTO IU (idIU, IUName, IUAlias, IUDescription, IUType) VALUES ('Clas_1432647237632788UIInst_1', 'IIUCuestionario', 'Cuestionario médico', '', 'I');
INSERT INTO IUAction (idIU, idIUAction, IUActionName, IUActionAlias, IUActionDescription) VALUES ('Clas_1432647237632788UIInst_1', 'Clas_1432647237632788AccOfer_1ElemAcc_2', 'SIUTCERRAR', 'Marcar como completado', '');

-- IIU: CuestionarioP._Auto_
INSERT INTO IU (idIU, IUName, IUAlias, IUDescription, IUType) VALUES ('Clas_1432647237632788UIInst_2', '_Auto_', 'Cuestionario', '', 'I');
INSERT INTO IUAction (idIU, idIUAction, IUActionName, IUActionAlias, IUActionDescription) VALUES ('Clas_1432647237632788UIInst_2', 'Clas_1432647237632788AccOfer_AutoElemAcc_1', 'SIUTCERRAR', 'Marcar como completado', '');
INSERT INTO IUAction (idIU, idIUAction, IUActionName, IUActionAlias, IUActionDescription) VALUES ('Clas_1432647237632788UIInst_2', 'Clas_1432647237632788AccOfer_AutoElemAcc_2', 'IIUCuestionario', 'Cuestionario médico', '');
INSERT INTO IUNavigation (idIU, idIUNavigation, IUNavigationName, IUNavigationAlias, IUNavigationDescription) VALUES ('Clas_1432647237632788UIInst_2', 'Clas_1432647237632788NavOfer_AutoElemNav_1', '_Auto_', 'Secciones', '');
INSERT INTO IUNavigation (idIU, idIUNavigation, IUNavigationName, IUNavigationAlias, IUNavigationDescription) VALUES ('Clas_1432647237632788UIInst_2', 'Clas_1432647237632788NavOfer_AutoElemNav_2', '_Auto_', 'Usuario', '');

-- SIU: CuestionarioP.SIUTCERRAR
INSERT INTO IU (idIU, IUName, IUAlias, IUDescription, IUType) VALUES ('Clas_1432647237632788Ser_7UIServ_1', 'SIUTCERRAR', 'Marcar como completado', '', 'S');

---------------------------------------------
-- CLASS SeccionP
---------------------------------------------
-- PIU: SeccionP._Auto_
INSERT INTO IU (idIU, IUName, IUAlias, IUDescription, IUType) VALUES ('Clas_1432647368704823UIPobCl_Auto', '_Auto_', 'Sección', '', 'P');
INSERT INTO IUAttribute (idIU, idIUAttribute, IUAttributeName, IUAttributeAlias, IUAttributeDescription) VALUES ('Clas_1432647368704823UIPobCl_Auto', 'Clas_1432647368704823CjtoVis_AutoICtjoVis_1', 'Identificador', 'Identificador', '');
INSERT INTO IUAttribute (idIU, idIUAttribute, IUAttributeName, IUAttributeAlias, IUAttributeDescription) VALUES ('Clas_1432647368704823UIPobCl_Auto', 'Clas_1432647368704823CjtoVis_AutoICtjoVis_2', 'Nombre', 'Nombre', '');
INSERT INTO IUAttribute (idIU, idIUAttribute, IUAttributeName, IUAttributeAlias, IUAttributeDescription) VALUES ('Clas_1432647368704823UIPobCl_Auto', 'Clas_1432647368704823CjtoVis_AutoICtjoVis_3', 'NumOrden', 'Nº Orden', '');
INSERT INTO IUAttribute (idIU, idIUAttribute, IUAttributeName, IUAttributeAlias, IUAttributeDescription) VALUES ('Clas_1432647368704823UIPobCl_Auto', 'Clas_1432647368704823CjtoVis_AutoICtjoVis_4', 'drvUsuarioF', 'Usuario mujer', '');
INSERT INTO IUAttribute (idIU, idIUAttribute, IUAttributeName, IUAttributeAlias, IUAttributeDescription) VALUES ('Clas_1432647368704823UIPobCl_Auto', 'Clas_1432647368704823CjtoVis_AutoICtjoVis_5', 'drvUsuarioM', 'Usuario hombre', '');
INSERT INTO IUAttribute (idIU, idIUAttribute, IUAttributeName, IUAttributeAlias, IUAttributeDescription) VALUES ('Clas_1432647368704823UIPobCl_Auto', 'Clas_1432647368704823CjtoVis_AutoICtjoVis_6', 'drvUsuarioMas40', 'Usuario mayor 40', '');
INSERT INTO IUAction (idIU, idIUAction, IUActionName, IUActionAlias, IUActionDescription) VALUES ('Clas_1432647368704823UIPobCl_Auto', 'Clas_1432647368704823AccOfer_AutoElemAcc_1', '_Auto_', 'Sección', '');
INSERT INTO IUNavigation (idIU, idIUNavigation, IUNavigationName, IUNavigationAlias, IUNavigationDescription) VALUES ('Clas_1432647368704823UIPobCl_Auto', 'Clas_1432647368704823NavOfer_AutoElemNav_1', '_Auto_', 'Pregunta', '');
INSERT INTO IUNavigation (idIU, idIUNavigation, IUNavigationName, IUNavigationAlias, IUNavigationDescription) VALUES ('Clas_1432647368704823UIPobCl_Auto', 'Clas_1432647368704823NavOfer_AutoElemNav_2', 'IIUCuestionario', 'Cuestionario médico', '');

-- IIU: SeccionP._Auto_
INSERT INTO IU (idIU, IUName, IUAlias, IUDescription, IUType) VALUES ('Clas_1432647368704823UIInst_0', '_Auto_', 'Sección', '', 'I');
INSERT INTO IUAction (idIU, idIUAction, IUActionName, IUActionAlias, IUActionDescription) VALUES ('Clas_1432647368704823UIInst_0', 'Clas_1432647368704823AccOfer_AutoElemAcc_1', '_Auto_', 'Sección', '');
INSERT INTO IUNavigation (idIU, idIUNavigation, IUNavigationName, IUNavigationAlias, IUNavigationDescription) VALUES ('Clas_1432647368704823UIInst_0', 'Clas_1432647368704823NavOfer_AutoElemNav_1', '_Auto_', 'Pregunta', '');
INSERT INTO IUNavigation (idIU, idIUNavigation, IUNavigationName, IUNavigationAlias, IUNavigationDescription) VALUES ('Clas_1432647368704823UIInst_0', 'Clas_1432647368704823NavOfer_AutoElemNav_2', 'IIUCuestionario', 'Cuestionario médico', '');


---------------------------------------------
-- CLASS PreguntaP
---------------------------------------------
-- PIU: PreguntaP._Auto_
INSERT INTO IU (idIU, IUName, IUAlias, IUDescription, IUType) VALUES ('Clas_1432647499776120UIPobCl_Auto', '_Auto_', 'Pregunta', '', 'P');
INSERT INTO IUAttribute (idIU, idIUAttribute, IUAttributeName, IUAttributeAlias, IUAttributeDescription) VALUES ('Clas_1432647499776120UIPobCl_Auto', 'Clas_1432647499776120CjtoVis_AutoICtjoVis_1', 'Numero', 'Número', '');
INSERT INTO IUAttribute (idIU, idIUAttribute, IUAttributeName, IUAttributeAlias, IUAttributeDescription) VALUES ('Clas_1432647499776120UIPobCl_Auto', 'Clas_1432647499776120CjtoVis_AutoICtjoVis_2', 'NumOrden', 'Nº orden', '');
INSERT INTO IUAttribute (idIU, idIUAttribute, IUAttributeName, IUAttributeAlias, IUAttributeDescription) VALUES ('Clas_1432647499776120UIPobCl_Auto', 'Clas_1432647499776120CjtoVis_AutoICtjoVis_3', 'Descripcion', 'Descripción', '');
INSERT INTO IUAttribute (idIU, idIUAttribute, IUAttributeName, IUAttributeAlias, IUAttributeDescription) VALUES ('Clas_1432647499776120UIPobCl_Auto', 'Clas_1432647499776120CjtoVis_AutoICtjoVis_4', 'RespuestaSiNo', 'Respuesta Si/No', '');
INSERT INTO IUAttribute (idIU, idIUAttribute, IUAttributeName, IUAttributeAlias, IUAttributeDescription) VALUES ('Clas_1432647499776120UIPobCl_Auto', 'Clas_1432647499776120CjtoVis_AutoICtjoVis_5', 'RespuestaObs', 'Observaciones', '');
INSERT INTO IUAttribute (idIU, idIUAttribute, IUAttributeName, IUAttributeAlias, IUAttributeDescription) VALUES ('Clas_1432647499776120UIPobCl_Auto', 'Clas_1432647499776120CjtoVis_AutoICtjoVis_6', 'VieneDeCORE', 'Viene de CORE', '');
INSERT INTO IUAttribute (idIU, idIUAttribute, IUAttributeName, IUAttributeAlias, IUAttributeDescription) VALUES ('Clas_1432647499776120UIPobCl_Auto', 'Clas_1432647499776120CjtoVis_AutoICtjoVis_7', 'drvRespuesta', 'Respuesta', '');
INSERT INTO IUAttribute (idIU, idIUAttribute, IUAttributeName, IUAttributeAlias, IUAttributeDescription) VALUES ('Clas_1432647499776120UIPobCl_Auto', 'Clas_1432647499776120CjtoVis_AutoICtjoVis_8', 'ValoresRespuestas', 'Valores Respuestas', '');
INSERT INTO IUAttribute (idIU, idIUAttribute, IUAttributeName, IUAttributeAlias, IUAttributeDescription) VALUES ('Clas_1432647499776120UIPobCl_Auto', 'Clas_1432647499776120CjtoVis_AutoICtjoVis_9', 'SeEnviaACORE', 'Se envía a CORE', '');
INSERT INTO IUAttribute (idIU, idIUAttribute, IUAttributeName, IUAttributeAlias, IUAttributeDescription) VALUES ('Clas_1432647499776120UIPobCl_Auto', 'Clas_1432647499776120CjtoVis_AutoICtjoVis_10', 'Identificador', 'Id', '');
INSERT INTO IUAttribute (idIU, idIUAttribute, IUAttributeName, IUAttributeAlias, IUAttributeDescription) VALUES ('Clas_1432647499776120UIPobCl_Auto', 'Clas_1432647499776120CjtoVis_AutoICtjoVis_11', 'drvRespuestaSiNo', 'Respuesta Si / No', '');
INSERT INTO IUAction (idIU, idIUAction, IUActionName, IUActionAlias, IUActionDescription) VALUES ('Clas_1432647499776120UIPobCl_Auto', 'Clas_1432647499776120AccOfer_AutoElemAcc_1', 'SIUcrear', 'Crear', '');
INSERT INTO IUAction (idIU, idIUAction, IUActionName, IUActionAlias, IUActionDescription) VALUES ('Clas_1432647499776120UIPobCl_Auto', 'Clas_1432647499776120AccOfer_AutoElemAcc_2', 'SIUmarcarRespuesta', 'Marcar respuesta', '');
INSERT INTO IUAction (idIU, idIUAction, IUActionName, IUActionAlias, IUActionDescription) VALUES ('Clas_1432647499776120UIPobCl_Auto', 'Clas_1432647499776120AccOfer_AutoElemAcc_3', 'SIUcambiarVieneDeCore', 'Cambiar Viene de CORE', '');
INSERT INTO IUAction (idIU, idIUAction, IUActionName, IUActionAlias, IUActionDescription) VALUES ('Clas_1432647499776120UIPobCl_Auto', 'Clas_1432647499776120AccOfer_AutoElemAcc_4', '_Auto_', 'Pregunta', '');
INSERT INTO IUNavigation (idIU, idIUNavigation, IUNavigationName, IUNavigationAlias, IUNavigationDescription) VALUES ('Clas_1432647499776120UIPobCl_Auto', 'Clas_1432647499776120NavOfer_AutoElemNav_1', '_Auto_', 'Sección', '');
INSERT INTO IUNavigation (idIU, idIUNavigation, IUNavigationName, IUNavigationAlias, IUNavigationDescription) VALUES ('Clas_1432647499776120UIPobCl_Auto', 'Clas_1432647499776120NavOfer_AutoElemNav_2', 'IIUPregunta', 'Ver detalle', '');

-- IIU: PreguntaP._Auto_
INSERT INTO IU (idIU, IUName, IUAlias, IUDescription, IUType) VALUES ('Clas_1432647499776120UIInst_0', '_Auto_', 'Pregunta', '', 'I');
INSERT INTO IUAction (idIU, idIUAction, IUActionName, IUActionAlias, IUActionDescription) VALUES ('Clas_1432647499776120UIInst_0', 'Clas_1432647499776120AccOfer_AutoElemAcc_1', 'SIUcrear', 'Crear', '');
INSERT INTO IUAction (idIU, idIUAction, IUActionName, IUActionAlias, IUActionDescription) VALUES ('Clas_1432647499776120UIInst_0', 'Clas_1432647499776120AccOfer_AutoElemAcc_2', 'SIUmarcarRespuesta', 'Marcar respuesta', '');
INSERT INTO IUAction (idIU, idIUAction, IUActionName, IUActionAlias, IUActionDescription) VALUES ('Clas_1432647499776120UIInst_0', 'Clas_1432647499776120AccOfer_AutoElemAcc_3', 'SIUcambiarVieneDeCore', 'Cambiar Viene de CORE', '');
INSERT INTO IUAction (idIU, idIUAction, IUActionName, IUActionAlias, IUActionDescription) VALUES ('Clas_1432647499776120UIInst_0', 'Clas_1432647499776120AccOfer_AutoElemAcc_4', '_Auto_', 'Pregunta', '');
INSERT INTO IUNavigation (idIU, idIUNavigation, IUNavigationName, IUNavigationAlias, IUNavigationDescription) VALUES ('Clas_1432647499776120UIInst_0', 'Clas_1432647499776120NavOfer_AutoElemNav_1', '_Auto_', 'Sección', '');
INSERT INTO IUNavigation (idIU, idIUNavigation, IUNavigationName, IUNavigationAlias, IUNavigationDescription) VALUES ('Clas_1432647499776120UIInst_0', 'Clas_1432647499776120NavOfer_AutoElemNav_2', 'IIUPregunta', 'Ver detalle', '');

-- SIU: PreguntaP.SIUcrear
INSERT INTO IU (idIU, IUName, IUAlias, IUDescription, IUType) VALUES ('Clas_1432647499776120Ser_1UIServ_1', 'SIUcrear', 'Crear', '', 'S');
-- SIU: PreguntaP.SIUmarcarRespuesta
INSERT INTO IU (idIU, IUName, IUAlias, IUDescription, IUType) VALUES ('Clas_1432647499776120Ser_3UIServ_1', 'SIUmarcarRespuesta', 'Marcar respuesta', '', 'S');
-- SIU: PreguntaP.SIUcambiarVieneDeCore
INSERT INTO IU (idIU, IUName, IUAlias, IUDescription, IUType) VALUES ('Clas_1432647499776120Ser_9UIServ_1', 'SIUcambiarVieneDeCore', 'Cambiar Viene de CORE', '', 'S');

---------------------------------------------
-- CLASS Contratante
---------------------------------------------
-- PIU: Contratante._Auto_
INSERT INTO IU (idIU, IUName, IUAlias, IUDescription, IUType) VALUES ('Clas_1432812519424064UIPobCl_Auto', '_Auto_', 'Contratante', '', 'P');
INSERT INTO IUAttribute (idIU, idIUAttribute, IUAttributeName, IUAttributeAlias, IUAttributeDescription) VALUES ('Clas_1432812519424064UIPobCl_Auto', 'Clas_1432812519424064CjtoVis_AutoICtjoVis_1', 'Codigo', 'Código', '');
INSERT INTO IUAttribute (idIU, idIUAttribute, IUAttributeName, IUAttributeAlias, IUAttributeDescription) VALUES ('Clas_1432812519424064UIPobCl_Auto', 'Clas_1432812519424064CjtoVis_AutoICtjoVis_2', 'NumIdentificacion', 'Nº Identificación', '');
INSERT INTO IUAttribute (idIU, idIUAttribute, IUAttributeName, IUAttributeAlias, IUAttributeDescription) VALUES ('Clas_1432812519424064UIPobCl_Auto', 'Clas_1432812519424064CjtoVis_AutoICtjoVis_3', 'TipoPersona', 'Tipo persona', '');
INSERT INTO IUAttribute (idIU, idIUAttribute, IUAttributeName, IUAttributeAlias, IUAttributeDescription) VALUES ('Clas_1432812519424064UIPobCl_Auto', 'Clas_1432812519424064CjtoVis_AutoICtjoVis_4', 'PrimerNombre', 'Primer nombre', '');
INSERT INTO IUAttribute (idIU, idIUAttribute, IUAttributeName, IUAttributeAlias, IUAttributeDescription) VALUES ('Clas_1432812519424064UIPobCl_Auto', 'Clas_1432812519424064CjtoVis_AutoICtjoVis_5', 'SegundoNombre', 'Segundo nombre', '');
INSERT INTO IUAttribute (idIU, idIUAttribute, IUAttributeName, IUAttributeAlias, IUAttributeDescription) VALUES ('Clas_1432812519424064UIPobCl_Auto', 'Clas_1432812519424064CjtoVis_AutoICtjoVis_6', 'PrimerApellido', 'Primer apellido', '');
INSERT INTO IUAttribute (idIU, idIUAttribute, IUAttributeName, IUAttributeAlias, IUAttributeDescription) VALUES ('Clas_1432812519424064UIPobCl_Auto', 'Clas_1432812519424064CjtoVis_AutoICtjoVis_7', 'SegundoApellido', 'Segundo apellido', '');
INSERT INTO IUAttribute (idIU, idIUAttribute, IUAttributeName, IUAttributeAlias, IUAttributeDescription) VALUES ('Clas_1432812519424064UIPobCl_Auto', 'Clas_1432812519424064CjtoVis_AutoICtjoVis_8', 'RazonSocial', 'Razón Social', '');
INSERT INTO IUAttribute (idIU, idIUAttribute, IUAttributeName, IUAttributeAlias, IUAttributeDescription) VALUES ('Clas_1432812519424064UIPobCl_Auto', 'Clas_1432812519424064CjtoVis_AutoICtjoVis_9', 'FechaNacimiento', 'Fecha nacimiento', '');
INSERT INTO IUAttribute (idIU, idIUAttribute, IUAttributeName, IUAttributeAlias, IUAttributeDescription) VALUES ('Clas_1432812519424064UIPobCl_Auto', 'Clas_1432812519424064CjtoVis_AutoICtjoVis_10', 'Genero', 'Género', '');
INSERT INTO IUAttribute (idIU, idIUAttribute, IUAttributeName, IUAttributeAlias, IUAttributeDescription) VALUES ('Clas_1432812519424064UIPobCl_Auto', 'Clas_1432812519424064CjtoVis_AutoICtjoVis_11', 'IndicadorExtranjero', 'Indicador extranjero', '');
INSERT INTO IUAttribute (idIU, idIUAttribute, IUAttributeName, IUAttributeAlias, IUAttributeDescription) VALUES ('Clas_1432812519424064UIPobCl_Auto', 'Clas_1432812519424064CjtoVis_AutoICtjoVis_12', 'TelefonoFijo', 'Teléfono fijo', '');
INSERT INTO IUAttribute (idIU, idIUAttribute, IUAttributeName, IUAttributeAlias, IUAttributeDescription) VALUES ('Clas_1432812519424064UIPobCl_Auto', 'Clas_1432812519424064CjtoVis_AutoICtjoVis_13', 'TelefonoCelular', 'Teléfono celular', '');
INSERT INTO IUAttribute (idIU, idIUAttribute, IUAttributeName, IUAttributeAlias, IUAttributeDescription) VALUES ('Clas_1432812519424064UIPobCl_Auto', 'Clas_1432812519424064CjtoVis_AutoICtjoVis_14', 'CorreoElectronico', 'Correo electrónico', '');
INSERT INTO IUAttribute (idIU, idIUAttribute, IUAttributeName, IUAttributeAlias, IUAttributeDescription) VALUES ('Clas_1432812519424064UIPobCl_Auto', 'Clas_1432812519424064CjtoVis_AutoICtjoVis_15', 'TitularConBeneficios', 'Titular con beneficios', '');
INSERT INTO IUAttribute (idIU, idIUAttribute, IUAttributeName, IUAttributeAlias, IUAttributeDescription) VALUES ('Clas_1432812519424064UIPobCl_Auto', 'Clas_1432812519424064CjtoVis_AutoICtjoVis_16', 'Diplomatico', 'Diplomático', '');
INSERT INTO IUAttribute (idIU, idIUAttribute, IUAttributeName, IUAttributeAlias, IUAttributeDescription) VALUES ('Clas_1432812519424064UIPobCl_Auto', 'Clas_1432812519424064CjtoVis_AutoICtjoVis_17', 'drvIdentificacion', 'Tipo y Nº documento', '');
INSERT INTO IUAttribute (idIU, idIUAttribute, IUAttributeName, IUAttributeAlias, IUAttributeDescription) VALUES ('Clas_1432812519424064UIPobCl_Auto', 'Clas_1432812519424064CjtoVis_AutoICtjoVis_18', 'drvNombreCompleto', 'Nombre completo', '');
INSERT INTO IUAttribute (idIU, idIUAttribute, IUAttributeName, IUAttributeAlias, IUAttributeDescription) VALUES ('Clas_1432812519424064UIPobCl_Auto', 'Clas_1432812519424064CjtoVis_AutoICtjoVis_19', 'DireccionRes', 'Dirección Residencial', '');
INSERT INTO IUAttribute (idIU, idIUAttribute, IUAttributeName, IUAttributeAlias, IUAttributeDescription) VALUES ('Clas_1432812519424064UIPobCl_Auto', 'Clas_1432812519424064CjtoVis_AutoICtjoVis_20', 'TelefonoFijoRes', 'Teléfono fijo residencia', '');
INSERT INTO IUAttribute (idIU, idIUAttribute, IUAttributeName, IUAttributeAlias, IUAttributeDescription) VALUES ('Clas_1432812519424064UIPobCl_Auto', 'Clas_1432812519424064CjtoVis_AutoICtjoVis_21', 'TelefonoCelularRes', 'Teléfono celular residencia', '');
INSERT INTO IUAttribute (idIU, idIUAttribute, IUAttributeName, IUAttributeAlias, IUAttributeDescription) VALUES ('Clas_1432812519424064UIPobCl_Auto', 'Clas_1432812519424064CjtoVis_AutoICtjoVis_22', 'RuralDirRes', 'Rural', '');
INSERT INTO IUAttribute (idIU, idIUAttribute, IUAttributeName, IUAttributeAlias, IUAttributeDescription) VALUES ('Clas_1432812519424064UIPobCl_Auto', 'Clas_1432812519424064CjtoVis_AutoICtjoVis_23', 'TitularConBeneficiosCORE', 'Titular con beneficios CORE', '');
INSERT INTO IUAttribute (idIU, idIUAttribute, IUAttributeName, IUAttributeAlias, IUAttributeDescription) VALUES ('Clas_1432812519424064UIPobCl_Auto', 'Clas_1432812519424064CjtoVis_AutoICtjoVis_24', 'drvBeneficiosActivo', 'Beneficios activo', '');
INSERT INTO IUAttribute (idIU, idIUAttribute, IUAttributeName, IUAttributeAlias, IUAttributeDescription) VALUES ('Clas_1432812519424064UIPobCl_Auto', 'Clas_1432812519424064CjtoVis_AutoICtjoVis_25', 'DireccionesModificadas', 'Dirs. Modificadas', '');
INSERT INTO IUAction (idIU, idIUAction, IUActionName, IUActionAlias, IUActionDescription) VALUES ('Clas_1432812519424064UIPobCl_Auto', 'Clas_1432812519424064AccOfer_AutoElemAcc_1', 'SIUactualizarCodigo', 'actualizarCodigo', '');
INSERT INTO IUAction (idIU, idIUAction, IUActionName, IUActionAlias, IUActionDescription) VALUES ('Clas_1432812519424064UIPobCl_Auto', 'Clas_1432812519424064AccOfer_AutoElemAcc_2', '_Auto_', 'Contratante', '');
INSERT INTO IUNavigation (idIU, idIUNavigation, IUNavigationName, IUNavigationAlias, IUNavigationDescription) VALUES ('Clas_1432812519424064UIPobCl_Auto', 'Clas_1432812519424064NavOfer_AutoElemNav_1', 'IIUSolicitudVacia', '', '');
INSERT INTO IUNavigation (idIU, idIUNavigation, IUNavigationName, IUNavigationAlias, IUNavigationDescription) VALUES ('Clas_1432812519424064UIPobCl_Auto', 'Clas_1432812519424064NavOfer_AutoElemNav_2', '_Auto_', 'Tipo identificación', '');
INSERT INTO IUNavigation (idIU, idIUNavigation, IUNavigationName, IUNavigationAlias, IUNavigationDescription) VALUES ('Clas_1432812519424064UIPobCl_Auto', 'Clas_1432812519424064NavOfer_AutoElemNav_3', '_Auto_', 'Departamento nacimiento', '');
INSERT INTO IUNavigation (idIU, idIUNavigation, IUNavigationName, IUNavigationAlias, IUNavigationDescription) VALUES ('Clas_1432812519424064UIPobCl_Auto', 'Clas_1432812519424064NavOfer_AutoElemNav_4', '_Auto_', 'Municipio nacimiento', '');
INSERT INTO IUNavigation (idIU, idIUNavigation, IUNavigationName, IUNavigationAlias, IUNavigationDescription) VALUES ('Clas_1432812519424064UIPobCl_Auto', 'Clas_1432812519424064NavOfer_AutoElemNav_5', '_Auto_', 'Departamento de Residencia', '');
INSERT INTO IUNavigation (idIU, idIUNavigation, IUNavigationName, IUNavigationAlias, IUNavigationDescription) VALUES ('Clas_1432812519424064UIPobCl_Auto', 'Clas_1432812519424064NavOfer_AutoElemNav_6', '_Auto_', 'Municipio de Residencia', '');

-- IIU: Contratante._Auto_
INSERT INTO IU (idIU, IUName, IUAlias, IUDescription, IUType) VALUES ('Clas_1432812519424064UIInst_0', '_Auto_', 'Contratante', '', 'I');
INSERT INTO IUAction (idIU, idIUAction, IUActionName, IUActionAlias, IUActionDescription) VALUES ('Clas_1432812519424064UIInst_0', 'Clas_1432812519424064AccOfer_AutoElemAcc_1', 'SIUactualizarCodigo', 'actualizarCodigo', '');
INSERT INTO IUAction (idIU, idIUAction, IUActionName, IUActionAlias, IUActionDescription) VALUES ('Clas_1432812519424064UIInst_0', 'Clas_1432812519424064AccOfer_AutoElemAcc_2', '_Auto_', 'Contratante', '');
INSERT INTO IUNavigation (idIU, idIUNavigation, IUNavigationName, IUNavigationAlias, IUNavigationDescription) VALUES ('Clas_1432812519424064UIInst_0', 'Clas_1432812519424064NavOfer_AutoElemNav_1', 'IIUSolicitudVacia', '', '');
INSERT INTO IUNavigation (idIU, idIUNavigation, IUNavigationName, IUNavigationAlias, IUNavigationDescription) VALUES ('Clas_1432812519424064UIInst_0', 'Clas_1432812519424064NavOfer_AutoElemNav_2', '_Auto_', 'Tipo identificación', '');
INSERT INTO IUNavigation (idIU, idIUNavigation, IUNavigationName, IUNavigationAlias, IUNavigationDescription) VALUES ('Clas_1432812519424064UIInst_0', 'Clas_1432812519424064NavOfer_AutoElemNav_3', '_Auto_', 'Departamento nacimiento', '');
INSERT INTO IUNavigation (idIU, idIUNavigation, IUNavigationName, IUNavigationAlias, IUNavigationDescription) VALUES ('Clas_1432812519424064UIInst_0', 'Clas_1432812519424064NavOfer_AutoElemNav_4', '_Auto_', 'Municipio nacimiento', '');
INSERT INTO IUNavigation (idIU, idIUNavigation, IUNavigationName, IUNavigationAlias, IUNavigationDescription) VALUES ('Clas_1432812519424064UIInst_0', 'Clas_1432812519424064NavOfer_AutoElemNav_5', '_Auto_', 'Departamento de Residencia', '');
INSERT INTO IUNavigation (idIU, idIUNavigation, IUNavigationName, IUNavigationAlias, IUNavigationDescription) VALUES ('Clas_1432812519424064UIInst_0', 'Clas_1432812519424064NavOfer_AutoElemNav_6', '_Auto_', 'Municipio de Residencia', '');

-- SIU: Contratante.SIUactualizarCodigo
INSERT INTO IU (idIU, IUName, IUAlias, IUDescription, IUType) VALUES ('Clas_1432812519424064Ser_11UIServ_1', 'SIUactualizarCodigo', 'actualizarCodigo', '', 'S');

---------------------------------------------
-- CLASS AnexoMat
---------------------------------------------
-- PIU: AnexoMat._Auto_
INSERT INTO IU (idIU, IUName, IUAlias, IUDescription, IUType) VALUES ('Clas_1432915542016062UIPobCl_Auto', '_Auto_', 'Anexo maternidad', '', 'P');
INSERT INTO IUAttribute (idIU, idIUAttribute, IUAttributeName, IUAttributeAlias, IUAttributeDescription) VALUES ('Clas_1432915542016062UIPobCl_Auto', 'Clas_1432915542016062CjtoVis_AutoICtjoVis_1', 'Identificador', 'Identificador', '');
INSERT INTO IUAttribute (idIU, idIUAttribute, IUAttributeName, IUAttributeAlias, IUAttributeDescription) VALUES ('Clas_1432915542016062UIPobCl_Auto', 'Clas_1432915542016062CjtoVis_AutoICtjoVis_2', 'FechaUltRegla', 'Fecha última regla', '');
INSERT INTO IUAttribute (idIU, idIUAttribute, IUAttributeName, IUAttributeAlias, IUAttributeDescription) VALUES ('Clas_1432915542016062UIPobCl_Auto', 'Clas_1432915542016062CjtoVis_AutoICtjoVis_3', 'NumCuotas', 'Nº cuotas', '');
INSERT INTO IUAttribute (idIU, idIUAttribute, IUAttributeName, IUAttributeAlias, IUAttributeDescription) VALUES ('Clas_1432915542016062UIPobCl_Auto', 'Clas_1432915542016062CjtoVis_AutoICtjoVis_4', 'drvValor', 'Valor', '');
INSERT INTO IUAction (idIU, idIUAction, IUActionName, IUActionAlias, IUActionDescription) VALUES ('Clas_1432915542016062UIPobCl_Auto', 'Clas_1432915542016062AccOfer_AutoElemAcc_1', '_Auto_', 'Anexo maternidad', '');
INSERT INTO IUNavigation (idIU, idIUNavigation, IUNavigationName, IUNavigationAlias, IUNavigationDescription) VALUES ('Clas_1432915542016062UIPobCl_Auto', 'Clas_1432915542016062NavOfer_AutoElemNav_1', '_Auto_', 'Usuario', '');
INSERT INTO IUNavigation (idIU, idIUNavigation, IUNavigationName, IUNavigationAlias, IUNavigationDescription) VALUES ('Clas_1432915542016062UIPobCl_Auto', 'Clas_1432915542016062NavOfer_AutoElemNav_2', '_Auto_', 'Periodicidad', '');
INSERT INTO IUNavigation (idIU, idIUNavigation, IUNavigationName, IUNavigationAlias, IUNavigationDescription) VALUES ('Clas_1432915542016062UIPobCl_Auto', 'Clas_1432915542016062NavOfer_AutoElemNav_3', '_Auto_', 'Institución', '');

-- IIU: AnexoMat._Auto_
INSERT INTO IU (idIU, IUName, IUAlias, IUDescription, IUType) VALUES ('Clas_1432915542016062UIInst_0', '_Auto_', 'Anexo maternidad', '', 'I');
INSERT INTO IUAction (idIU, idIUAction, IUActionName, IUActionAlias, IUActionDescription) VALUES ('Clas_1432915542016062UIInst_0', 'Clas_1432915542016062AccOfer_AutoElemAcc_1', '_Auto_', 'Anexo maternidad', '');
INSERT INTO IUNavigation (idIU, idIUNavigation, IUNavigationName, IUNavigationAlias, IUNavigationDescription) VALUES ('Clas_1432915542016062UIInst_0', 'Clas_1432915542016062NavOfer_AutoElemNav_1', '_Auto_', 'Usuario', '');
INSERT INTO IUNavigation (idIU, idIUNavigation, IUNavigationName, IUNavigationAlias, IUNavigationDescription) VALUES ('Clas_1432915542016062UIInst_0', 'Clas_1432915542016062NavOfer_AutoElemNav_2', '_Auto_', 'Periodicidad', '');
INSERT INTO IUNavigation (idIU, idIUNavigation, IUNavigationName, IUNavigationAlias, IUNavigationDescription) VALUES ('Clas_1432915542016062UIInst_0', 'Clas_1432915542016062NavOfer_AutoElemNav_3', '_Auto_', 'Institución', '');


---------------------------------------------
-- CLASS AnexoNeo
---------------------------------------------
-- PIU: AnexoNeo._Auto_
INSERT INTO IU (idIU, IUName, IUAlias, IUDescription, IUType) VALUES ('Clas_1432919998464445UIPobCl_Auto', '_Auto_', 'Anexo neonatal', '', 'P');
INSERT INTO IUAttribute (idIU, idIUAttribute, IUAttributeName, IUAttributeAlias, IUAttributeDescription) VALUES ('Clas_1432919998464445UIPobCl_Auto', 'Clas_1432919998464445CjtoVis_AutoICtjoVis_1', 'Identificador', 'Identificador', '');
INSERT INTO IUAttribute (idIU, idIUAttribute, IUAttributeName, IUAttributeAlias, IUAttributeDescription) VALUES ('Clas_1432919998464445UIPobCl_Auto', 'Clas_1432919998464445CjtoVis_AutoICtjoVis_2', 'FechaUltRegla', 'Fecha última regla', '');
INSERT INTO IUAttribute (idIU, idIUAttribute, IUAttributeName, IUAttributeAlias, IUAttributeDescription) VALUES ('Clas_1432919998464445UIPobCl_Auto', 'Clas_1432919998464445CjtoVis_AutoICtjoVis_3', 'NumHijos', 'Nº hijos', '');
INSERT INTO IUAttribute (idIU, idIUAttribute, IUAttributeName, IUAttributeAlias, IUAttributeDescription) VALUES ('Clas_1432919998464445UIPobCl_Auto', 'Clas_1432919998464445CjtoVis_AutoICtjoVis_4', 'NumCuotas', 'Nº cuotas', '');
INSERT INTO IUAttribute (idIU, idIUAttribute, IUAttributeName, IUAttributeAlias, IUAttributeDescription) VALUES ('Clas_1432919998464445UIPobCl_Auto', 'Clas_1432919998464445CjtoVis_AutoICtjoVis_5', 'drvValor', 'Valor', '');
INSERT INTO IUAction (idIU, idIUAction, IUActionName, IUActionAlias, IUActionDescription) VALUES ('Clas_1432919998464445UIPobCl_Auto', 'Clas_1432919998464445AccOfer_AutoElemAcc_1', '_Auto_', 'Anexo neonatal', '');
INSERT INTO IUNavigation (idIU, idIUNavigation, IUNavigationName, IUNavigationAlias, IUNavigationDescription) VALUES ('Clas_1432919998464445UIPobCl_Auto', 'Clas_1432919998464445NavOfer_AutoElemNav_1', '_Auto_', 'Usuario', '');
INSERT INTO IUNavigation (idIU, idIUNavigation, IUNavigationName, IUNavigationAlias, IUNavigationDescription) VALUES ('Clas_1432919998464445UIPobCl_Auto', 'Clas_1432919998464445NavOfer_AutoElemNav_2', '_Auto_', 'Periodicidad', '');
INSERT INTO IUNavigation (idIU, idIUNavigation, IUNavigationName, IUNavigationAlias, IUNavigationDescription) VALUES ('Clas_1432919998464445UIPobCl_Auto', 'Clas_1432919998464445NavOfer_AutoElemNav_3', '_Auto_', 'Institución', '');

-- IIU: AnexoNeo._Auto_
INSERT INTO IU (idIU, IUName, IUAlias, IUDescription, IUType) VALUES ('Clas_1432919998464445UIInst_0', '_Auto_', 'Anexo neonatal', '', 'I');
INSERT INTO IUAction (idIU, idIUAction, IUActionName, IUActionAlias, IUActionDescription) VALUES ('Clas_1432919998464445UIInst_0', 'Clas_1432919998464445AccOfer_AutoElemAcc_1', '_Auto_', 'Anexo neonatal', '');
INSERT INTO IUNavigation (idIU, idIUNavigation, IUNavigationName, IUNavigationAlias, IUNavigationDescription) VALUES ('Clas_1432919998464445UIInst_0', 'Clas_1432919998464445NavOfer_AutoElemNav_1', '_Auto_', 'Usuario', '');
INSERT INTO IUNavigation (idIU, idIUNavigation, IUNavigationName, IUNavigationAlias, IUNavigationDescription) VALUES ('Clas_1432919998464445UIInst_0', 'Clas_1432919998464445NavOfer_AutoElemNav_2', '_Auto_', 'Periodicidad', '');
INSERT INTO IUNavigation (idIU, idIUNavigation, IUNavigationName, IUNavigationAlias, IUNavigationDescription) VALUES ('Clas_1432919998464445UIInst_0', 'Clas_1432919998464445NavOfer_AutoElemNav_3', '_Auto_', 'Institución', '');


---------------------------------------------
-- CLASS Firma
---------------------------------------------
-- PIU: Firma.PIUFirmasRespRegional
INSERT INTO IU (idIU, IUName, IUAlias, IUDescription, IUType) VALUES ('Clas_1432994709504560UIPobCl_1', 'PIUFirmasRespRegional', 'Firmas de responsables de regional', '', 'P');
INSERT INTO IUAttribute (idIU, idIUAttribute, IUAttributeName, IUAttributeAlias, IUAttributeDescription) VALUES ('Clas_1432994709504560UIPobCl_1', 'Clas_1432994709504560CjtoVis_1ICtjoVis_2', 'RespRegional.Usuario', 'Responsable', '');
INSERT INTO IUAttribute (idIU, idIUAttribute, IUAttributeName, IUAttributeAlias, IUAttributeDescription) VALUES ('Clas_1432994709504560UIPobCl_1', 'Clas_1432994709504560CjtoVis_1ICtjoVis_1', 'RespRegional.drvNombreCompleto', 'Nombre', '');
INSERT INTO IUAttribute (idIU, idIUAttribute, IUAttributeName, IUAttributeAlias, IUAttributeDescription) VALUES ('Clas_1432994709504560UIPobCl_1', 'Clas_1432994709504560CjtoVis_1ICtjoVis_3', 'RespRegional.Sucursal.Descripcion', 'Sucursal', '');
INSERT INTO IUAttribute (idIU, idIUAttribute, IUAttributeName, IUAttributeAlias, IUAttributeDescription) VALUES ('Clas_1432994709504560UIPobCl_1', 'Clas_1432994709504560CjtoVis_1ICtjoVis_4', 'RespRegional.Sucursal.Regional.Descripcion', 'Regional', '');
INSERT INTO IUAction (idIU, idIUAction, IUActionName, IUActionAlias, IUActionDescription) VALUES ('Clas_1432994709504560UIPobCl_1', 'Clas_1432994709504560AccOfer_1ElemAcc_1', 'SIUTCREAROMODFIRMA', 'Modificar firma', '');
INSERT INTO IUAction (idIU, idIUAction, IUActionName, IUActionAlias, IUActionDescription) VALUES ('Clas_1432994709504560UIPobCl_1', 'Clas_1432994709504560AccOfer_1ElemAcc_2', 'SIUeliminar', 'Eliminar firma', '');
INSERT INTO IUNavigation (idIU, idIUNavigation, IUNavigationName, IUNavigationAlias, IUNavigationDescription) VALUES ('Clas_1432994709504560UIPobCl_1', 'Clas_1432994709504560NavOfer_1ElemNav_1', 'IIURespRegionalFirma', 'Visualizar firma', '');

-- PIU: Firma._Auto_
INSERT INTO IU (idIU, IUName, IUAlias, IUDescription, IUType) VALUES ('Clas_1432994709504560UIPobCl_Auto', '_Auto_', 'Firma', '', 'P');
INSERT INTO IUAttribute (idIU, idIUAttribute, IUAttributeName, IUAttributeAlias, IUAttributeDescription) VALUES ('Clas_1432994709504560UIPobCl_Auto', 'Clas_1432994709504560CjtoVis_AutoICtjoVis_1', 'Identificador', 'Identificador', '');
INSERT INTO IUAttribute (idIU, idIUAttribute, IUAttributeName, IUAttributeAlias, IUAttributeDescription) VALUES ('Clas_1432994709504560UIPobCl_Auto', 'Clas_1432994709504560CjtoVis_AutoICtjoVis_2', 'ImagenFirma', 'Firma', '');
INSERT INTO IUAttribute (idIU, idIUAttribute, IUAttributeName, IUAttributeAlias, IUAttributeDescription) VALUES ('Clas_1432994709504560UIPobCl_Auto', 'Clas_1432994709504560CjtoVis_AutoICtjoVis_3', 'Latitud', 'Latitud', '');
INSERT INTO IUAttribute (idIU, idIUAttribute, IUAttributeName, IUAttributeAlias, IUAttributeDescription) VALUES ('Clas_1432994709504560UIPobCl_Auto', 'Clas_1432994709504560CjtoVis_AutoICtjoVis_4', 'Longitud', 'Longitud', '');
INSERT INTO IUAction (idIU, idIUAction, IUActionName, IUActionAlias, IUActionDescription) VALUES ('Clas_1432994709504560UIPobCl_Auto', 'Clas_1432994709504560AccOfer_AutoElemAcc_1', 'SIUeliminar', '¿Está seguro de que desea eliminar la firma del responsable de regional?', '');
INSERT INTO IUAction (idIU, idIUAction, IUActionName, IUActionAlias, IUActionDescription) VALUES ('Clas_1432994709504560UIPobCl_Auto', 'Clas_1432994709504560AccOfer_AutoElemAcc_2', '_Auto_', 'Firma', '');
INSERT INTO IUNavigation (idIU, idIUNavigation, IUNavigationName, IUNavigationAlias, IUNavigationDescription) VALUES ('Clas_1432994709504560UIPobCl_Auto', 'Clas_1432994709504560NavOfer_AutoElemNav_1', 'IIUSolNovTipoContrato', 'SolicitudNovedad', '');
INSERT INTO IUNavigation (idIU, idIUNavigation, IUNavigationName, IUNavigationAlias, IUNavigationDescription) VALUES ('Clas_1432994709504560UIPobCl_Auto', 'Clas_1432994709504560NavOfer_AutoElemNav_2', '_Auto_', 'Familia Novedad', '');
INSERT INTO IUNavigation (idIU, idIUNavigation, IUNavigationName, IUNavigationAlias, IUNavigationDescription) VALUES ('Clas_1432994709504560UIPobCl_Auto', 'Clas_1432994709504560NavOfer_AutoElemNav_3', '_Auto_', 'Novedades CT', '');
INSERT INTO IUNavigation (idIU, idIUNavigation, IUNavigationName, IUNavigationAlias, IUNavigationDescription) VALUES ('Clas_1432994709504560UIPobCl_Auto', 'Clas_1432994709504560NavOfer_AutoElemNav_4', 'IIUSolicitudVacia', '', '');
INSERT INTO IUNavigation (idIU, idIUNavigation, IUNavigationName, IUNavigationAlias, IUNavigationDescription) VALUES ('Clas_1432994709504560UIPobCl_Auto', 'Clas_1432994709504560NavOfer_AutoElemNav_5', 'IIUSolicitudVacia', '', '');
INSERT INTO IUNavigation (idIU, idIUNavigation, IUNavigationName, IUNavigationAlias, IUNavigationDescription) VALUES ('Clas_1432994709504560UIPobCl_Auto', 'Clas_1432994709504560NavOfer_AutoElemNav_6', 'IIURespRegionalFirma', 'Firma de responsable regional', '');
INSERT INTO IUNavigation (idIU, idIUNavigation, IUNavigationName, IUNavigationAlias, IUNavigationDescription) VALUES ('Clas_1432994709504560UIPobCl_Auto', 'Clas_1432994709504560NavOfer_AutoElemNav_7', 'IIUSolicitudVacia', '', '');

-- IIU: Firma._Auto_
INSERT INTO IU (idIU, IUName, IUAlias, IUDescription, IUType) VALUES ('Clas_1432994709504560UIInst_1', '_Auto_', 'Firma', '', 'I');
INSERT INTO IUAction (idIU, idIUAction, IUActionName, IUActionAlias, IUActionDescription) VALUES ('Clas_1432994709504560UIInst_1', 'Clas_1432994709504560AccOfer_AutoElemAcc_1', 'SIUeliminar', '¿Está seguro de que desea eliminar la firma del responsable de regional?', '');
INSERT INTO IUAction (idIU, idIUAction, IUActionName, IUActionAlias, IUActionDescription) VALUES ('Clas_1432994709504560UIInst_1', 'Clas_1432994709504560AccOfer_AutoElemAcc_2', '_Auto_', 'Firma', '');
INSERT INTO IUNavigation (idIU, idIUNavigation, IUNavigationName, IUNavigationAlias, IUNavigationDescription) VALUES ('Clas_1432994709504560UIInst_1', 'Clas_1432994709504560NavOfer_AutoElemNav_1', 'IIUSolNovTipoContrato', 'SolicitudNovedad', '');
INSERT INTO IUNavigation (idIU, idIUNavigation, IUNavigationName, IUNavigationAlias, IUNavigationDescription) VALUES ('Clas_1432994709504560UIInst_1', 'Clas_1432994709504560NavOfer_AutoElemNav_2', '_Auto_', 'Familia Novedad', '');
INSERT INTO IUNavigation (idIU, idIUNavigation, IUNavigationName, IUNavigationAlias, IUNavigationDescription) VALUES ('Clas_1432994709504560UIInst_1', 'Clas_1432994709504560NavOfer_AutoElemNav_3', '_Auto_', 'Novedades CT', '');
INSERT INTO IUNavigation (idIU, idIUNavigation, IUNavigationName, IUNavigationAlias, IUNavigationDescription) VALUES ('Clas_1432994709504560UIInst_1', 'Clas_1432994709504560NavOfer_AutoElemNav_4', 'IIUSolicitudVacia', '', '');
INSERT INTO IUNavigation (idIU, idIUNavigation, IUNavigationName, IUNavigationAlias, IUNavigationDescription) VALUES ('Clas_1432994709504560UIInst_1', 'Clas_1432994709504560NavOfer_AutoElemNav_5', 'IIUSolicitudVacia', '', '');
INSERT INTO IUNavigation (idIU, idIUNavigation, IUNavigationName, IUNavigationAlias, IUNavigationDescription) VALUES ('Clas_1432994709504560UIInst_1', 'Clas_1432994709504560NavOfer_AutoElemNav_6', 'IIURespRegionalFirma', 'Firma de responsable regional', '');
INSERT INTO IUNavigation (idIU, idIUNavigation, IUNavigationName, IUNavigationAlias, IUNavigationDescription) VALUES ('Clas_1432994709504560UIInst_1', 'Clas_1432994709504560NavOfer_AutoElemNav_7', 'IIUSolicitudVacia', '', '');

-- SIU: Firma.SIUeliminar
INSERT INTO IU (idIU, IUName, IUAlias, IUDescription, IUType) VALUES ('Clas_1432994709504560Ser_2UIServ_2', 'SIUeliminar', '¿Está seguro de que desea eliminar la firma del responsable de regional?', '', 'S');

---------------------------------------------
-- CLASS ContratoC
---------------------------------------------
-- PIU: ContratoC._Auto_
INSERT INTO IU (idIU, IUName, IUAlias, IUDescription, IUType) VALUES ('Clas_1433003098112579UIPobCl_Auto', '_Auto_', 'Contrato', '', 'P');
INSERT INTO IUAttribute (idIU, idIUAttribute, IUAttributeName, IUAttributeAlias, IUAttributeDescription) VALUES ('Clas_1433003098112579UIPobCl_Auto', 'Clas_1433003098112579CjtoVis_AutoICtjoVis_1', 'NumContrato', 'Nº Contrato', '');
INSERT INTO IUAttribute (idIU, idIUAttribute, IUAttributeName, IUAttributeAlias, IUAttributeDescription) VALUES ('Clas_1433003098112579UIPobCl_Auto', 'Clas_1433003098112579CjtoVis_AutoICtjoVis_2', 'NumSolicitud', 'Nº Solicitud', '');
INSERT INTO IUAttribute (idIU, idIUAttribute, IUAttributeName, IUAttributeAlias, IUAttributeDescription) VALUES ('Clas_1433003098112579UIPobCl_Auto', 'Clas_1433003098112579CjtoVis_AutoICtjoVis_3', 'FechaSolicitud', 'Fecha Solicitud', '');
INSERT INTO IUAttribute (idIU, idIUAttribute, IUAttributeName, IUAttributeAlias, IUAttributeDescription) VALUES ('Clas_1433003098112579UIPobCl_Auto', 'Clas_1433003098112579CjtoVis_AutoICtjoVis_4', 'TipoContrato', 'Tipo contrato', '');
INSERT INTO IUAttribute (idIU, idIUAttribute, IUAttributeName, IUAttributeAlias, IUAttributeDescription) VALUES ('Clas_1433003098112579UIPobCl_Auto', 'Clas_1433003098112579CjtoVis_AutoICtjoVis_5', 'FechaIniVigencia', 'Fecha Ini. Vigencia', '');
INSERT INTO IUAttribute (idIU, idIUAttribute, IUAttributeName, IUAttributeAlias, IUAttributeDescription) VALUES ('Clas_1433003098112579UIPobCl_Auto', 'Clas_1433003098112579CjtoVis_AutoICtjoVis_6', 'FechaFinVigencia', 'Fecha Fin Vigencia', '');
INSERT INTO IUAttribute (idIU, idIUAttribute, IUAttributeName, IUAttributeAlias, IUAttributeDescription) VALUES ('Clas_1433003098112579UIPobCl_Auto', 'Clas_1433003098112579CjtoVis_AutoICtjoVis_7', 'Direccion', 'Dirección', '');
INSERT INTO IUAttribute (idIU, idIUAttribute, IUAttributeName, IUAttributeAlias, IUAttributeDescription) VALUES ('Clas_1433003098112579UIPobCl_Auto', 'Clas_1433003098112579CjtoVis_AutoICtjoVis_8', 'correoContratante', 'Correo contratante', '');
INSERT INTO IUAttribute (idIU, idIUAttribute, IUAttributeName, IUAttributeAlias, IUAttributeDescription) VALUES ('Clas_1433003098112579UIPobCl_Auto', 'Clas_1433003098112579CjtoVis_AutoICtjoVis_9', 'numTelContratante', 'Nº Teléfono Contratante', '');
INSERT INTO IUAttribute (idIU, idIUAttribute, IUAttributeName, IUAttributeAlias, IUAttributeDescription) VALUES ('Clas_1433003098112579UIPobCl_Auto', 'Clas_1433003098112579CjtoVis_AutoICtjoVis_10', 'numCelContratante', 'Nº Celular Contratante', '');
INSERT INTO IUAttribute (idIU, idIUAttribute, IUAttributeName, IUAttributeAlias, IUAttributeDescription) VALUES ('Clas_1433003098112579UIPobCl_Auto', 'Clas_1433003098112579CjtoVis_AutoICtjoVis_11', 'exentoIVA', 'Exento IVA', '');
INSERT INTO IUAttribute (idIU, idIUAttribute, IUAttributeName, IUAttributeAlias, IUAttributeDescription) VALUES ('Clas_1433003098112579UIPobCl_Auto', 'Clas_1433003098112579CjtoVis_AutoICtjoVis_12', 'ContratoConFirma', 'Contrato con firma', '');
INSERT INTO IUAttribute (idIU, idIUAttribute, IUAttributeName, IUAttributeAlias, IUAttributeDescription) VALUES ('Clas_1433003098112579UIPobCl_Auto', 'Clas_1433003098112579CjtoVis_AutoICtjoVis_13', 'valorCuotaPeriodo', 'Valor Cuota Periodo', '');
INSERT INTO IUAttribute (idIU, idIUAttribute, IUAttributeName, IUAttributeAlias, IUAttributeDescription) VALUES ('Clas_1433003098112579UIPobCl_Auto', 'Clas_1433003098112579CjtoVis_AutoICtjoVis_14', 'descuentoComercial', 'Descuento Comercial', '');
INSERT INTO IUAttribute (idIU, idIUAttribute, IUAttributeName, IUAttributeAlias, IUAttributeDescription) VALUES ('Clas_1433003098112579UIPobCl_Auto', 'Clas_1433003098112579CjtoVis_AutoICtjoVis_15', 'IVA', 'IVA', '');
INSERT INTO IUAttribute (idIU, idIUAttribute, IUAttributeName, IUAttributeAlias, IUAttributeDescription) VALUES ('Clas_1433003098112579UIPobCl_Auto', 'Clas_1433003098112579CjtoVis_AutoICtjoVis_16', 'descuentoFinanciero', 'Descuento financiero', '');
INSERT INTO IUAttribute (idIU, idIUAttribute, IUAttributeName, IUAttributeAlias, IUAttributeDescription) VALUES ('Clas_1433003098112579UIPobCl_Auto', 'Clas_1433003098112579CjtoVis_AutoICtjoVis_17', 'drvTipoContrato', 'Tipo contrato', '');
INSERT INTO IUAttribute (idIU, idIUAttribute, IUAttributeName, IUAttributeAlias, IUAttributeDescription) VALUES ('Clas_1433003098112579UIPobCl_Auto', 'Clas_1433003098112579CjtoVis_AutoICtjoVis_18', 'drvNumPagos', 'Nº pagos', '');
INSERT INTO IUAttribute (idIU, idIUAttribute, IUAttributeName, IUAttributeAlias, IUAttributeDescription) VALUES ('Clas_1433003098112579UIPobCl_Auto', 'Clas_1433003098112579CjtoVis_AutoICtjoVis_19', 'drvValorInicialContrato', 'Valor inicial contrato', '');
INSERT INTO IUAttribute (idIU, idIUAttribute, IUAttributeName, IUAttributeAlias, IUAttributeDescription) VALUES ('Clas_1433003098112579UIPobCl_Auto', 'Clas_1433003098112579CjtoVis_AutoICtjoVis_20', 'drvValorCuotaAfiliacion', 'Valor cuota afiliación', '');
INSERT INTO IUAttribute (idIU, idIUAttribute, IUAttributeName, IUAttributeAlias, IUAttributeDescription) VALUES ('Clas_1433003098112579UIPobCl_Auto', 'Clas_1433003098112579CjtoVis_AutoICtjoVis_21', 'drvValorInicialContratoBBGes', 'Valor inicial contrato BB Gestante', '');
INSERT INTO IUAttribute (idIU, idIUAttribute, IUAttributeName, IUAttributeAlias, IUAttributeDescription) VALUES ('Clas_1433003098112579UIPobCl_Auto', 'Clas_1433003098112579CjtoVis_AutoICtjoVis_22', 'contratoNotificado', 'Contrato notificado', '');
INSERT INTO IUAttribute (idIU, idIUAttribute, IUAttributeName, IUAttributeAlias, IUAttributeDescription) VALUES ('Clas_1433003098112579UIPobCl_Auto', 'Clas_1433003098112579CjtoVis_AutoICtjoVis_23', 'ID', 'Id', '');
INSERT INTO IUAttribute (idIU, idIUAttribute, IUAttributeName, IUAttributeAlias, IUAttributeDescription) VALUES ('Clas_1433003098112579UIPobCl_Auto', 'Clas_1433003098112579CjtoVis_AutoICtjoVis_24', 'UltimaActualizacion', 'Última actualización', '');
INSERT INTO IUAttribute (idIU, idIUAttribute, IUAttributeName, IUAttributeAlias, IUAttributeDescription) VALUES ('Clas_1433003098112579UIPobCl_Auto', 'Clas_1433003098112579CjtoVis_AutoICtjoVis_25', 'drvValorCuotaBruta', 'Valor cuota bruta', '');
INSERT INTO IUAttribute (idIU, idIUAttribute, IUAttributeName, IUAttributeAlias, IUAttributeDescription) VALUES ('Clas_1433003098112579UIPobCl_Auto', 'Clas_1433003098112579CjtoVis_AutoICtjoVis_26', 'CodTarifa', 'Codigo de Tarifa', '');
INSERT INTO IUAttribute (idIU, idIUAttribute, IUAttributeName, IUAttributeAlias, IUAttributeDescription) VALUES ('Clas_1433003098112579UIPobCl_Auto', 'Clas_1433003098112579CjtoVis_AutoICtjoVis_27', 'drvMostrarPreEnRepAnexo', 'Mostrar Preexistencias', '');
INSERT INTO IUAttribute (idIU, idIUAttribute, IUAttributeName, IUAttributeAlias, IUAttributeDescription) VALUES ('Clas_1433003098112579UIPobCl_Auto', 'Clas_1433003098112579CjtoVis_AutoICtjoVis_28', 'drvMostrarPreEnRepCon', 'Mostrar Preexistencias', '');
INSERT INTO IUAttribute (idIU, idIUAttribute, IUAttributeName, IUAttributeAlias, IUAttributeDescription) VALUES ('Clas_1433003098112579UIPobCl_Auto', 'Clas_1433003098112579CjtoVis_AutoICtjoVis_29', 'drvNumFamilia', 'Nº Familia', '');
INSERT INTO IUAction (idIU, idIUAction, IUActionName, IUActionAlias, IUActionDescription) VALUES ('Clas_1433003098112579UIPobCl_Auto', 'Clas_1433003098112579AccOfer_AutoElemAcc_1', 'SIUTELIMINAR', 'Eliminar', '');
INSERT INTO IUAction (idIU, idIUAction, IUActionName, IUActionAlias, IUActionDescription) VALUES ('Clas_1433003098112579UIPobCl_Auto', 'Clas_1433003098112579AccOfer_AutoElemAcc_2', 'SIUTNEWDESDEAE', 'Crear desde solicitud', '');
INSERT INTO IUAction (idIU, idIUAction, IUActionName, IUActionAlias, IUActionDescription) VALUES ('Clas_1433003098112579UIPobCl_Auto', 'Clas_1433003098112579AccOfer_AutoElemAcc_3', '_Auto_', 'Contrato', '');
INSERT INTO IUNavigation (idIU, idIUNavigation, IUNavigationName, IUNavigationAlias, IUNavigationDescription) VALUES ('Clas_1433003098112579UIPobCl_Auto', 'Clas_1433003098112579NavOfer_AutoElemNav_1', 'PIURadicados', 'Radicados', '');
INSERT INTO IUNavigation (idIU, idIUNavigation, IUNavigationName, IUNavigationAlias, IUNavigationDescription) VALUES ('Clas_1433003098112579UIPobCl_Auto', 'Clas_1433003098112579NavOfer_AutoElemNav_2', '_Auto_', 'Contratante', '');
INSERT INTO IUNavigation (idIU, idIUNavigation, IUNavigationName, IUNavigationAlias, IUNavigationDescription) VALUES ('Clas_1433003098112579UIPobCl_Auto', 'Clas_1433003098112579NavOfer_AutoElemNav_3', '_Auto_', 'Direcciones', '');
INSERT INTO IUNavigation (idIU, idIUNavigation, IUNavigationName, IUNavigationAlias, IUNavigationDescription) VALUES ('Clas_1433003098112579UIPobCl_Auto', 'Clas_1433003098112579NavOfer_AutoElemNav_4', '_Auto_', 'Observaciones', '');
INSERT INTO IUNavigation (idIU, idIUNavigation, IUNavigationName, IUNavigationAlias, IUNavigationDescription) VALUES ('Clas_1433003098112579UIPobCl_Auto', 'Clas_1433003098112579NavOfer_AutoElemNav_5', '_Auto_', 'Beneficiarios', '');
INSERT INTO IUNavigation (idIU, idIUNavigation, IUNavigationName, IUNavigationAlias, IUNavigationDescription) VALUES ('Clas_1433003098112579UIPobCl_Auto', 'Clas_1433003098112579NavOfer_AutoElemNav_6', '_Auto_', 'Familias', '');
INSERT INTO IUNavigation (idIU, idIUNavigation, IUNavigationName, IUNavigationAlias, IUNavigationDescription) VALUES ('Clas_1433003098112579UIPobCl_Auto', 'Clas_1433003098112579NavOfer_AutoElemNav_7', '_Auto_', 'Periodicidad', '');
INSERT INTO IUNavigation (idIU, idIUNavigation, IUNavigationName, IUNavigationAlias, IUNavigationDescription) VALUES ('Clas_1433003098112579UIPobCl_Auto', 'Clas_1433003098112579NavOfer_AutoElemNav_8', '_Auto_', 'Forma pago', '');
INSERT INTO IUNavigation (idIU, idIUNavigation, IUNavigationName, IUNavigationAlias, IUNavigationDescription) VALUES ('Clas_1433003098112579UIPobCl_Auto', 'Clas_1433003098112579NavOfer_AutoElemNav_9', '_Auto_', 'Estado', '');
INSERT INTO IUNavigation (idIU, idIUNavigation, IUNavigationName, IUNavigationAlias, IUNavigationDescription) VALUES ('Clas_1433003098112579UIPobCl_Auto', 'Clas_1433003098112579NavOfer_AutoElemNav_10', '_Auto_', 'Producto', '');
INSERT INTO IUNavigation (idIU, idIUNavigation, IUNavigationName, IUNavigationAlias, IUNavigationDescription) VALUES ('Clas_1433003098112579UIPobCl_Auto', 'Clas_1433003098112579NavOfer_AutoElemNav_11', '_Auto_', 'Plan', '');
INSERT INTO IUNavigation (idIU, idIUNavigation, IUNavigationName, IUNavigationAlias, IUNavigationDescription) VALUES ('Clas_1433003098112579UIPobCl_Auto', 'Clas_1433003098112579NavOfer_AutoElemNav_12', '_Auto_', 'Tarifa', '');
INSERT INTO IUNavigation (idIU, idIUNavigation, IUNavigationName, IUNavigationAlias, IUNavigationDescription) VALUES ('Clas_1433003098112579UIPobCl_Auto', 'Clas_1433003098112579NavOfer_AutoElemNav_13', '_Auto_', 'Grupo asociado', '');
INSERT INTO IUNavigation (idIU, idIUNavigation, IUNavigationName, IUNavigationAlias, IUNavigationDescription) VALUES ('Clas_1433003098112579UIPobCl_Auto', 'Clas_1433003098112579NavOfer_AutoElemNav_14', '_Auto_', 'Municipio', '');
INSERT INTO IUNavigation (idIU, idIUNavigation, IUNavigationName, IUNavigationAlias, IUNavigationDescription) VALUES ('Clas_1433003098112579UIPobCl_Auto', 'Clas_1433003098112579NavOfer_AutoElemNav_15', '_Auto_', 'Sucursal', '');
INSERT INTO IUNavigation (idIU, idIUNavigation, IUNavigationName, IUNavigationAlias, IUNavigationDescription) VALUES ('Clas_1433003098112579UIPobCl_Auto', 'Clas_1433003098112579NavOfer_AutoElemNav_16', 'IIUAsesor', 'Asesor jefe', '');

-- IIU: ContratoC._Auto_
INSERT INTO IU (idIU, IUName, IUAlias, IUDescription, IUType) VALUES ('Clas_1433003098112579UIInst_0', '_Auto_', 'Contrato', '', 'I');
INSERT INTO IUAction (idIU, idIUAction, IUActionName, IUActionAlias, IUActionDescription) VALUES ('Clas_1433003098112579UIInst_0', 'Clas_1433003098112579AccOfer_AutoElemAcc_1', 'SIUTELIMINAR', 'Eliminar', '');
INSERT INTO IUAction (idIU, idIUAction, IUActionName, IUActionAlias, IUActionDescription) VALUES ('Clas_1433003098112579UIInst_0', 'Clas_1433003098112579AccOfer_AutoElemAcc_2', 'SIUTNEWDESDEAE', 'Crear desde solicitud', '');
INSERT INTO IUAction (idIU, idIUAction, IUActionName, IUActionAlias, IUActionDescription) VALUES ('Clas_1433003098112579UIInst_0', 'Clas_1433003098112579AccOfer_AutoElemAcc_3', '_Auto_', 'Contrato', '');
INSERT INTO IUNavigation (idIU, idIUNavigation, IUNavigationName, IUNavigationAlias, IUNavigationDescription) VALUES ('Clas_1433003098112579UIInst_0', 'Clas_1433003098112579NavOfer_AutoElemNav_1', 'PIURadicados', 'Radicados', '');
INSERT INTO IUNavigation (idIU, idIUNavigation, IUNavigationName, IUNavigationAlias, IUNavigationDescription) VALUES ('Clas_1433003098112579UIInst_0', 'Clas_1433003098112579NavOfer_AutoElemNav_2', '_Auto_', 'Contratante', '');
INSERT INTO IUNavigation (idIU, idIUNavigation, IUNavigationName, IUNavigationAlias, IUNavigationDescription) VALUES ('Clas_1433003098112579UIInst_0', 'Clas_1433003098112579NavOfer_AutoElemNav_3', '_Auto_', 'Direcciones', '');
INSERT INTO IUNavigation (idIU, idIUNavigation, IUNavigationName, IUNavigationAlias, IUNavigationDescription) VALUES ('Clas_1433003098112579UIInst_0', 'Clas_1433003098112579NavOfer_AutoElemNav_4', '_Auto_', 'Observaciones', '');
INSERT INTO IUNavigation (idIU, idIUNavigation, IUNavigationName, IUNavigationAlias, IUNavigationDescription) VALUES ('Clas_1433003098112579UIInst_0', 'Clas_1433003098112579NavOfer_AutoElemNav_5', '_Auto_', 'Beneficiarios', '');
INSERT INTO IUNavigation (idIU, idIUNavigation, IUNavigationName, IUNavigationAlias, IUNavigationDescription) VALUES ('Clas_1433003098112579UIInst_0', 'Clas_1433003098112579NavOfer_AutoElemNav_6', '_Auto_', 'Familias', '');
INSERT INTO IUNavigation (idIU, idIUNavigation, IUNavigationName, IUNavigationAlias, IUNavigationDescription) VALUES ('Clas_1433003098112579UIInst_0', 'Clas_1433003098112579NavOfer_AutoElemNav_7', '_Auto_', 'Periodicidad', '');
INSERT INTO IUNavigation (idIU, idIUNavigation, IUNavigationName, IUNavigationAlias, IUNavigationDescription) VALUES ('Clas_1433003098112579UIInst_0', 'Clas_1433003098112579NavOfer_AutoElemNav_8', '_Auto_', 'Forma pago', '');
INSERT INTO IUNavigation (idIU, idIUNavigation, IUNavigationName, IUNavigationAlias, IUNavigationDescription) VALUES ('Clas_1433003098112579UIInst_0', 'Clas_1433003098112579NavOfer_AutoElemNav_9', '_Auto_', 'Estado', '');
INSERT INTO IUNavigation (idIU, idIUNavigation, IUNavigationName, IUNavigationAlias, IUNavigationDescription) VALUES ('Clas_1433003098112579UIInst_0', 'Clas_1433003098112579NavOfer_AutoElemNav_10', '_Auto_', 'Producto', '');
INSERT INTO IUNavigation (idIU, idIUNavigation, IUNavigationName, IUNavigationAlias, IUNavigationDescription) VALUES ('Clas_1433003098112579UIInst_0', 'Clas_1433003098112579NavOfer_AutoElemNav_11', '_Auto_', 'Plan', '');
INSERT INTO IUNavigation (idIU, idIUNavigation, IUNavigationName, IUNavigationAlias, IUNavigationDescription) VALUES ('Clas_1433003098112579UIInst_0', 'Clas_1433003098112579NavOfer_AutoElemNav_12', '_Auto_', 'Tarifa', '');
INSERT INTO IUNavigation (idIU, idIUNavigation, IUNavigationName, IUNavigationAlias, IUNavigationDescription) VALUES ('Clas_1433003098112579UIInst_0', 'Clas_1433003098112579NavOfer_AutoElemNav_13', '_Auto_', 'Grupo asociado', '');
INSERT INTO IUNavigation (idIU, idIUNavigation, IUNavigationName, IUNavigationAlias, IUNavigationDescription) VALUES ('Clas_1433003098112579UIInst_0', 'Clas_1433003098112579NavOfer_AutoElemNav_14', '_Auto_', 'Municipio', '');
INSERT INTO IUNavigation (idIU, idIUNavigation, IUNavigationName, IUNavigationAlias, IUNavigationDescription) VALUES ('Clas_1433003098112579UIInst_0', 'Clas_1433003098112579NavOfer_AutoElemNav_15', '_Auto_', 'Sucursal', '');
INSERT INTO IUNavigation (idIU, idIUNavigation, IUNavigationName, IUNavigationAlias, IUNavigationDescription) VALUES ('Clas_1433003098112579UIInst_0', 'Clas_1433003098112579NavOfer_AutoElemNav_16', 'IIUAsesor', 'Asesor jefe', '');

-- SIU: ContratoC.SIUTELIMINAR
INSERT INTO IU (idIU, IUName, IUAlias, IUDescription, IUType) VALUES ('Clas_1433003098112579Ser_38UIServ_2', 'SIUTELIMINAR', 'Eliminar', '', 'S');
-- SIU: ContratoC.SIUTNEWDESDEAE
INSERT INTO IU (idIU, IUName, IUAlias, IUDescription, IUType) VALUES ('Clas_1433003098112579Ser_47UIServ_2', 'SIUTNEWDESDEAE', 'Crear desde solicitud', '', 'S');

---------------------------------------------
-- CLASS ObservacionesC
---------------------------------------------
-- PIU: ObservacionesC._Auto_
INSERT INTO IU (idIU, IUName, IUAlias, IUDescription, IUType) VALUES ('Clas_1433004015616467UIPobCl_Auto', '_Auto_', 'Observaciones', '', 'P');
INSERT INTO IUAttribute (idIU, idIUAttribute, IUAttributeName, IUAttributeAlias, IUAttributeDescription) VALUES ('Clas_1433004015616467UIPobCl_Auto', 'Clas_1433004015616467CjtoVis_AutoICtjoVis_1', 'Identificador', 'Identificador', '');
INSERT INTO IUAttribute (idIU, idIUAttribute, IUAttributeName, IUAttributeAlias, IUAttributeDescription) VALUES ('Clas_1433004015616467UIPobCl_Auto', 'Clas_1433004015616467CjtoVis_AutoICtjoVis_2', 'CodTipoObservacion', 'Cod. Tipo Obs.', '');
INSERT INTO IUAttribute (idIU, idIUAttribute, IUAttributeName, IUAttributeAlias, IUAttributeDescription) VALUES ('Clas_1433004015616467UIPobCl_Auto', 'Clas_1433004015616467CjtoVis_AutoICtjoVis_3', 'TipoObservacion', 'Tipo observación', '');
INSERT INTO IUAttribute (idIU, idIUAttribute, IUAttributeName, IUAttributeAlias, IUAttributeDescription) VALUES ('Clas_1433004015616467UIPobCl_Auto', 'Clas_1433004015616467CjtoVis_AutoICtjoVis_4', 'Observacions', 'Observaciones', '');
INSERT INTO IUAction (idIU, idIUAction, IUActionName, IUActionAlias, IUActionDescription) VALUES ('Clas_1433004015616467UIPobCl_Auto', 'Clas_1433004015616467AccOfer_AutoElemAcc_1', '_Auto_', 'Observaciones', '');
INSERT INTO IUNavigation (idIU, idIUNavigation, IUNavigationName, IUNavigationAlias, IUNavigationDescription) VALUES ('Clas_1433004015616467UIPobCl_Auto', 'Clas_1433004015616467NavOfer_AutoElemNav_1', '_Auto_', 'Contrato', '');

-- IIU: ObservacionesC._Auto_
INSERT INTO IU (idIU, IUName, IUAlias, IUDescription, IUType) VALUES ('Clas_1433004015616467UIInst_0', '_Auto_', 'Observaciones', '', 'I');
INSERT INTO IUAction (idIU, idIUAction, IUActionName, IUActionAlias, IUActionDescription) VALUES ('Clas_1433004015616467UIInst_0', 'Clas_1433004015616467AccOfer_AutoElemAcc_1', '_Auto_', 'Observaciones', '');
INSERT INTO IUNavigation (idIU, idIUNavigation, IUNavigationName, IUNavigationAlias, IUNavigationDescription) VALUES ('Clas_1433004015616467UIInst_0', 'Clas_1433004015616467NavOfer_AutoElemNav_1', '_Auto_', 'Contrato', '');


---------------------------------------------
-- CLASS BeneficiarioC
---------------------------------------------
-- PIU: BeneficiarioC._Auto_
INSERT INTO IU (idIU, IUName, IUAlias, IUDescription, IUType) VALUES ('Clas_1433004408832136UIPobCl_Auto', '_Auto_', 'Beneficiario', '', 'P');
INSERT INTO IUAttribute (idIU, idIUAttribute, IUAttributeName, IUAttributeAlias, IUAttributeDescription) VALUES ('Clas_1433004408832136UIPobCl_Auto', 'Clas_1433004408832136CjtoVis_AutoICtjoVis_1', 'NumUsuario', 'Nº Usuario', '');
INSERT INTO IUAttribute (idIU, idIUAttribute, IUAttributeName, IUAttributeAlias, IUAttributeDescription) VALUES ('Clas_1433004408832136UIPobCl_Auto', 'Clas_1433004408832136CjtoVis_AutoICtjoVis_2', 'CodigoTipoUsuario', 'Cód. Tipo Usuario', '');
INSERT INTO IUAttribute (idIU, idIUAttribute, IUAttributeName, IUAttributeAlias, IUAttributeDescription) VALUES ('Clas_1433004408832136UIPobCl_Auto', 'Clas_1433004408832136CjtoVis_AutoICtjoVis_3', 'IndicadorBBGestacion', 'Indicador BB Gestación', '');
INSERT INTO IUAttribute (idIU, idIUAttribute, IUAttributeName, IUAttributeAlias, IUAttributeDescription) VALUES ('Clas_1433004408832136UIPobCl_Auto', 'Clas_1433004408832136CjtoVis_AutoICtjoVis_4', 'CodUsuarioBancoRep', 'Cod. Usuario Banco Rep.', '');
INSERT INTO IUAttribute (idIU, idIUAttribute, IUAttributeName, IUAttributeAlias, IUAttributeDescription) VALUES ('Clas_1433004408832136UIPobCl_Auto', 'Clas_1433004408832136CjtoVis_AutoICtjoVis_5', 'FechaAntiguedad', 'Fecha antigüedad', '');
INSERT INTO IUAttribute (idIU, idIUAttribute, IUAttributeName, IUAttributeAlias, IUAttributeDescription) VALUES ('Clas_1433004408832136UIPobCl_Auto', 'Clas_1433004408832136CjtoVis_AutoICtjoVis_6', 'RequiereExamenMedico', 'Requiere examen médico', '');
INSERT INTO IUAttribute (idIU, idIUAttribute, IUAttributeName, IUAttributeAlias, IUAttributeDescription) VALUES ('Clas_1433004408832136UIPobCl_Auto', 'Clas_1433004408832136CjtoVis_AutoICtjoVis_7', 'EstadoMedico', 'Estado médico', '');
INSERT INTO IUAttribute (idIU, idIUAttribute, IUAttributeName, IUAttributeAlias, IUAttributeDescription) VALUES ('Clas_1433004408832136UIPobCl_Auto', 'Clas_1433004408832136CjtoVis_AutoICtjoVis_8', 'FechaAntiguedadRealOSI', 'Fecha antigüedad', '');
INSERT INTO IUAttribute (idIU, idIUAttribute, IUAttributeName, IUAttributeAlias, IUAttributeDescription) VALUES ('Clas_1433004408832136UIPobCl_Auto', 'Clas_1433004408832136CjtoVis_AutoICtjoVis_9', 'ValorCuotaInscripcion', 'Valor cuota inscripción', '');
INSERT INTO IUAttribute (idIU, idIUAttribute, IUAttributeName, IUAttributeAlias, IUAttributeDescription) VALUES ('Clas_1433004408832136UIPobCl_Auto', 'Clas_1433004408832136CjtoVis_AutoICtjoVis_10', 'TienePreexistencias', 'Tiene preexistencias', '');
INSERT INTO IUAttribute (idIU, idIUAttribute, IUAttributeName, IUAttributeAlias, IUAttributeDescription) VALUES ('Clas_1433004408832136UIPobCl_Auto', 'Clas_1433004408832136CjtoVis_AutoICtjoVis_11', 'FechaInicioVigencia', 'Fecha inicio vigencia', '');
INSERT INTO IUAttribute (idIU, idIUAttribute, IUAttributeName, IUAttributeAlias, IUAttributeDescription) VALUES ('Clas_1433004408832136UIPobCl_Auto', 'Clas_1433004408832136CjtoVis_AutoICtjoVis_12', 'FechaFinVigencia', 'Fecha fin vigencia', '');
INSERT INTO IUAttribute (idIU, idIUAttribute, IUAttributeName, IUAttributeAlias, IUAttributeDescription) VALUES ('Clas_1433004408832136UIPobCl_Auto', 'Clas_1433004408832136CjtoVis_AutoICtjoVis_13', 'drvValorInicialContrato', 'Valor inicial contrato', '');
INSERT INTO IUAttribute (idIU, idIUAttribute, IUAttributeName, IUAttributeAlias, IUAttributeDescription) VALUES ('Clas_1433004408832136UIPobCl_Auto', 'Clas_1433004408832136CjtoVis_AutoICtjoVis_14', 'drvValorCuotaAfiliacion', 'Valor cuota afiliación', '');
INSERT INTO IUAttribute (idIU, idIUAttribute, IUAttributeName, IUAttributeAlias, IUAttributeDescription) VALUES ('Clas_1433004408832136UIPobCl_Auto', 'Clas_1433004408832136CjtoVis_AutoICtjoVis_15', 'drvValorCuotaPeriodo', 'Valor cuota periodo', '');
INSERT INTO IUAttribute (idIU, idIUAttribute, IUAttributeName, IUAttributeAlias, IUAttributeDescription) VALUES ('Clas_1433004408832136UIPobCl_Auto', 'Clas_1433004408832136CjtoVis_AutoICtjoVis_16', 'drvDescuentoComercial', 'Descuento comercial', '');
INSERT INTO IUAttribute (idIU, idIUAttribute, IUAttributeName, IUAttributeAlias, IUAttributeDescription) VALUES ('Clas_1433004408832136UIPobCl_Auto', 'Clas_1433004408832136CjtoVis_AutoICtjoVis_17', 'drvDescuentoFinanciero', 'Descuento financiero', '');
INSERT INTO IUAttribute (idIU, idIUAttribute, IUAttributeName, IUAttributeAlias, IUAttributeDescription) VALUES ('Clas_1433004408832136UIPobCl_Auto', 'Clas_1433004408832136CjtoVis_AutoICtjoVis_18', 'ID', 'ID interno', '');
INSERT INTO IUAttribute (idIU, idIUAttribute, IUAttributeName, IUAttributeAlias, IUAttributeDescription) VALUES ('Clas_1433004408832136UIPobCl_Auto', 'Clas_1433004408832136CjtoVis_AutoICtjoVis_19', 'drvValorCuotaBruta', 'Valor cuota bruta', '');
INSERT INTO IUAttribute (idIU, idIUAttribute, IUAttributeName, IUAttributeAlias, IUAttributeDescription) VALUES ('Clas_1433004408832136UIPobCl_Auto', 'Clas_1433004408832136CjtoVis_AutoICtjoVis_20', 'drvTienePreexistencias', 'Tiene Preexistencias', '');
INSERT INTO IUAction (idIU, idIUAction, IUActionName, IUActionAlias, IUActionDescription) VALUES ('Clas_1433004408832136UIPobCl_Auto', 'Clas_1433004408832136AccOfer_AutoElemAcc_1', 'SIUTELIMINAR', 'Eliminar beneficiario', '');
INSERT INTO IUAction (idIU, idIUAction, IUActionName, IUActionAlias, IUActionDescription) VALUES ('Clas_1433004408832136UIPobCl_Auto', 'Clas_1433004408832136AccOfer_AutoElemAcc_2', '_Auto_', 'Beneficiario', '');
INSERT INTO IUNavigation (idIU, idIUNavigation, IUNavigationName, IUNavigationAlias, IUNavigationDescription) VALUES ('Clas_1433004408832136UIPobCl_Auto', 'Clas_1433004408832136NavOfer_AutoElemNav_1', '_Auto_', 'Persona', '');
INSERT INTO IUNavigation (idIU, idIUNavigation, IUNavigationName, IUNavigationAlias, IUNavigationDescription) VALUES ('Clas_1433004408832136UIPobCl_Auto', 'Clas_1433004408832136NavOfer_AutoElemNav_2', '_Auto_', 'Anexos', '');
INSERT INTO IUNavigation (idIU, idIUNavigation, IUNavigationName, IUNavigationAlias, IUNavigationDescription) VALUES ('Clas_1433004408832136UIPobCl_Auto', 'Clas_1433004408832136NavOfer_AutoElemNav_3', '_Auto_', 'Concepto', '');
INSERT INTO IUNavigation (idIU, idIUNavigation, IUNavigationName, IUNavigationAlias, IUNavigationDescription) VALUES ('Clas_1433004408832136UIPobCl_Auto', 'Clas_1433004408832136NavOfer_AutoElemNav_4', '_Auto_', 'Contrato', '');
INSERT INTO IUNavigation (idIU, idIUNavigation, IUNavigationName, IUNavigationAlias, IUNavigationDescription) VALUES ('Clas_1433004408832136UIPobCl_Auto', 'Clas_1433004408832136NavOfer_AutoElemNav_5', '_Auto_', 'Familias', '');
INSERT INTO IUNavigation (idIU, idIUNavigation, IUNavigationName, IUNavigationAlias, IUNavigationDescription) VALUES ('Clas_1433004408832136UIPobCl_Auto', 'Clas_1433004408832136NavOfer_AutoElemNav_6', '_Auto_', 'EPS', '');
INSERT INTO IUNavigation (idIU, idIUNavigation, IUNavigationName, IUNavigationAlias, IUNavigationDescription) VALUES ('Clas_1433004408832136UIPobCl_Auto', 'Clas_1433004408832136NavOfer_AutoElemNav_7', '_Auto_', 'MP Anterior', '');
INSERT INTO IUNavigation (idIU, idIUNavigation, IUNavigationName, IUNavigationAlias, IUNavigationDescription) VALUES ('Clas_1433004408832136UIPobCl_Auto', 'Clas_1433004408832136NavOfer_AutoElemNav_8', '_Auto_', 'Parentesco', '');
INSERT INTO IUNavigation (idIU, idIUNavigation, IUNavigationName, IUNavigationAlias, IUNavigationDescription) VALUES ('Clas_1433004408832136UIPobCl_Auto', 'Clas_1433004408832136NavOfer_AutoElemNav_9', '_Auto_', 'Estado beneficiario', '');

-- IIU: BeneficiarioC._Auto_
INSERT INTO IU (idIU, IUName, IUAlias, IUDescription, IUType) VALUES ('Clas_1433004408832136UIInst_0', '_Auto_', 'Beneficiario', '', 'I');
INSERT INTO IUAction (idIU, idIUAction, IUActionName, IUActionAlias, IUActionDescription) VALUES ('Clas_1433004408832136UIInst_0', 'Clas_1433004408832136AccOfer_AutoElemAcc_1', 'SIUTELIMINAR', 'Eliminar beneficiario', '');
INSERT INTO IUAction (idIU, idIUAction, IUActionName, IUActionAlias, IUActionDescription) VALUES ('Clas_1433004408832136UIInst_0', 'Clas_1433004408832136AccOfer_AutoElemAcc_2', '_Auto_', 'Beneficiario', '');
INSERT INTO IUNavigation (idIU, idIUNavigation, IUNavigationName, IUNavigationAlias, IUNavigationDescription) VALUES ('Clas_1433004408832136UIInst_0', 'Clas_1433004408832136NavOfer_AutoElemNav_1', '_Auto_', 'Persona', '');
INSERT INTO IUNavigation (idIU, idIUNavigation, IUNavigationName, IUNavigationAlias, IUNavigationDescription) VALUES ('Clas_1433004408832136UIInst_0', 'Clas_1433004408832136NavOfer_AutoElemNav_2', '_Auto_', 'Anexos', '');
INSERT INTO IUNavigation (idIU, idIUNavigation, IUNavigationName, IUNavigationAlias, IUNavigationDescription) VALUES ('Clas_1433004408832136UIInst_0', 'Clas_1433004408832136NavOfer_AutoElemNav_3', '_Auto_', 'Concepto', '');
INSERT INTO IUNavigation (idIU, idIUNavigation, IUNavigationName, IUNavigationAlias, IUNavigationDescription) VALUES ('Clas_1433004408832136UIInst_0', 'Clas_1433004408832136NavOfer_AutoElemNav_4', '_Auto_', 'Contrato', '');
INSERT INTO IUNavigation (idIU, idIUNavigation, IUNavigationName, IUNavigationAlias, IUNavigationDescription) VALUES ('Clas_1433004408832136UIInst_0', 'Clas_1433004408832136NavOfer_AutoElemNav_5', '_Auto_', 'Familias', '');
INSERT INTO IUNavigation (idIU, idIUNavigation, IUNavigationName, IUNavigationAlias, IUNavigationDescription) VALUES ('Clas_1433004408832136UIInst_0', 'Clas_1433004408832136NavOfer_AutoElemNav_6', '_Auto_', 'EPS', '');
INSERT INTO IUNavigation (idIU, idIUNavigation, IUNavigationName, IUNavigationAlias, IUNavigationDescription) VALUES ('Clas_1433004408832136UIInst_0', 'Clas_1433004408832136NavOfer_AutoElemNav_7', '_Auto_', 'MP Anterior', '');
INSERT INTO IUNavigation (idIU, idIUNavigation, IUNavigationName, IUNavigationAlias, IUNavigationDescription) VALUES ('Clas_1433004408832136UIInst_0', 'Clas_1433004408832136NavOfer_AutoElemNav_8', '_Auto_', 'Parentesco', '');
INSERT INTO IUNavigation (idIU, idIUNavigation, IUNavigationName, IUNavigationAlias, IUNavigationDescription) VALUES ('Clas_1433004408832136UIInst_0', 'Clas_1433004408832136NavOfer_AutoElemNav_9', '_Auto_', 'Estado beneficiario', '');

-- SIU: BeneficiarioC.SIUTELIMINAR
INSERT INTO IU (idIU, IUName, IUAlias, IUDescription, IUType) VALUES ('Clas_1433004408832136Ser_23UIServ_2', 'SIUTELIMINAR', 'Eliminar beneficiario', '', 'S');

---------------------------------------------
-- CLASS AnexoC
---------------------------------------------
-- PIU: AnexoC._Auto_
INSERT INTO IU (idIU, IUName, IUAlias, IUDescription, IUType) VALUES ('Clas_1433004933120720UIPobCl_Auto', '_Auto_', 'Anexo beneficiario', '', 'P');
INSERT INTO IUAttribute (idIU, idIUAttribute, IUAttributeName, IUAttributeAlias, IUAttributeDescription) VALUES ('Clas_1433004933120720UIPobCl_Auto', 'Clas_1433004933120720CjtoVis_AutoICtjoVis_1', 'Identificador', 'Identificador', '');
INSERT INTO IUAttribute (idIU, idIUAttribute, IUAttributeName, IUAttributeAlias, IUAttributeDescription) VALUES ('Clas_1433004933120720UIPobCl_Auto', 'Clas_1433004933120720CjtoVis_AutoICtjoVis_2', 'CodigoPlanAnexo', 'Cód. Plan Anexo', '');
INSERT INTO IUAttribute (idIU, idIUAttribute, IUAttributeName, IUAttributeAlias, IUAttributeDescription) VALUES ('Clas_1433004933120720UIPobCl_Auto', 'Clas_1433004933120720CjtoVis_AutoICtjoVis_3', 'CodigoTarifa', 'Código Tarifa', '');
INSERT INTO IUAttribute (idIU, idIUAttribute, IUAttributeName, IUAttributeAlias, IUAttributeDescription) VALUES ('Clas_1433004933120720UIPobCl_Auto', 'Clas_1433004933120720CjtoVis_AutoICtjoVis_4', 'FechaInicioVigencia', 'Fecha Inicio Vigencia', '');
INSERT INTO IUAttribute (idIU, idIUAttribute, IUAttributeName, IUAttributeAlias, IUAttributeDescription) VALUES ('Clas_1433004933120720UIPobCl_Auto', 'Clas_1433004933120720CjtoVis_AutoICtjoVis_5', 'FechaUltimaRegla', 'Fecha Última Regla', '');
INSERT INTO IUAttribute (idIU, idIUAttribute, IUAttributeName, IUAttributeAlias, IUAttributeDescription) VALUES ('Clas_1433004933120720UIPobCl_Auto', 'Clas_1433004933120720CjtoVis_AutoICtjoVis_6', 'NumCuotasPago', 'Nº Cuotas Pago', '');
INSERT INTO IUAttribute (idIU, idIUAttribute, IUAttributeName, IUAttributeAlias, IUAttributeDescription) VALUES ('Clas_1433004933120720UIPobCl_Auto', 'Clas_1433004933120720CjtoVis_AutoICtjoVis_7', 'NumIdentificacion', 'Nº Identificación', '');
INSERT INTO IUAttribute (idIU, idIUAttribute, IUAttributeName, IUAttributeAlias, IUAttributeDescription) VALUES ('Clas_1433004933120720UIPobCl_Auto', 'Clas_1433004933120720CjtoVis_AutoICtjoVis_8', 'CodSucursal', 'Cod. Sucursal', '');
INSERT INTO IUAction (idIU, idIUAction, IUActionName, IUActionAlias, IUActionDescription) VALUES ('Clas_1433004933120720UIPobCl_Auto', 'Clas_1433004933120720AccOfer_AutoElemAcc_1', '_Auto_', 'Anexo beneficiario', '');
INSERT INTO IUNavigation (idIU, idIUNavigation, IUNavigationName, IUNavigationAlias, IUNavigationDescription) VALUES ('Clas_1433004933120720UIPobCl_Auto', 'Clas_1433004933120720NavOfer_AutoElemNav_1', '_Auto_', 'Beneficiario', '');
INSERT INTO IUNavigation (idIU, idIUNavigation, IUNavigationName, IUNavigationAlias, IUNavigationDescription) VALUES ('Clas_1433004933120720UIPobCl_Auto', 'Clas_1433004933120720NavOfer_AutoElemNav_2', '_Auto_', 'Periodicidad', '');
INSERT INTO IUNavigation (idIU, idIUNavigation, IUNavigationName, IUNavigationAlias, IUNavigationDescription) VALUES ('Clas_1433004933120720UIPobCl_Auto', 'Clas_1433004933120720NavOfer_AutoElemNav_3', '_Auto_', 'Tipo identificación', '');

-- IIU: AnexoC._Auto_
INSERT INTO IU (idIU, IUName, IUAlias, IUDescription, IUType) VALUES ('Clas_1433004933120720UIInst_0', '_Auto_', 'Anexo beneficiario', '', 'I');
INSERT INTO IUAction (idIU, idIUAction, IUActionName, IUActionAlias, IUActionDescription) VALUES ('Clas_1433004933120720UIInst_0', 'Clas_1433004933120720AccOfer_AutoElemAcc_1', '_Auto_', 'Anexo beneficiario', '');
INSERT INTO IUNavigation (idIU, idIUNavigation, IUNavigationName, IUNavigationAlias, IUNavigationDescription) VALUES ('Clas_1433004933120720UIInst_0', 'Clas_1433004933120720NavOfer_AutoElemNav_1', '_Auto_', 'Beneficiario', '');
INSERT INTO IUNavigation (idIU, idIUNavigation, IUNavigationName, IUNavigationAlias, IUNavigationDescription) VALUES ('Clas_1433004933120720UIInst_0', 'Clas_1433004933120720NavOfer_AutoElemNav_2', '_Auto_', 'Periodicidad', '');
INSERT INTO IUNavigation (idIU, idIUNavigation, IUNavigationName, IUNavigationAlias, IUNavigationDescription) VALUES ('Clas_1433004933120720UIInst_0', 'Clas_1433004933120720NavOfer_AutoElemNav_3', '_Auto_', 'Tipo identificación', '');


---------------------------------------------
-- CLASS PregCuesMedC
---------------------------------------------
-- PIU: PregCuesMedC._Auto_
INSERT INTO IU (idIU, IUName, IUAlias, IUDescription, IUType) VALUES ('Clas_1433022889984318UIPobCl_Auto', '_Auto_', 'Preg. Cuestionario Médico', '', 'P');
INSERT INTO IUAttribute (idIU, idIUAttribute, IUAttributeName, IUAttributeAlias, IUAttributeDescription) VALUES ('Clas_1433022889984318UIPobCl_Auto', 'Clas_1433022889984318CjtoVis_AutoICtjoVis_1', 'CodPregunta', 'Código', '');
INSERT INTO IUAttribute (idIU, idIUAttribute, IUAttributeName, IUAttributeAlias, IUAttributeDescription) VALUES ('Clas_1433022889984318UIPobCl_Auto', 'Clas_1433022889984318CjtoVis_AutoICtjoVis_2', 'RptaPregunta', 'Respuesta', '');
INSERT INTO IUAttribute (idIU, idIUAttribute, IUAttributeName, IUAttributeAlias, IUAttributeDescription) VALUES ('Clas_1433022889984318UIPobCl_Auto', 'Clas_1433022889984318CjtoVis_AutoICtjoVis_3', 'Observacions', 'Observaciones', '');
INSERT INTO IUAction (idIU, idIUAction, IUActionName, IUActionAlias, IUActionDescription) VALUES ('Clas_1433022889984318UIPobCl_Auto', 'Clas_1433022889984318AccOfer_AutoElemAcc_1', '_Auto_', 'Preg. Cuestionario Médico', '');
INSERT INTO IUNavigation (idIU, idIUNavigation, IUNavigationName, IUNavigationAlias, IUNavigationDescription) VALUES ('Clas_1433022889984318UIPobCl_Auto', 'Clas_1433022889984318NavOfer_AutoElemNav_1', '_Auto_', 'Persona', '');

-- IIU: PregCuesMedC._Auto_
INSERT INTO IU (idIU, IUName, IUAlias, IUDescription, IUType) VALUES ('Clas_1433022889984318UIInst_0', '_Auto_', 'Preg. Cuestionario Médico', '', 'I');
INSERT INTO IUAction (idIU, idIUAction, IUActionName, IUActionAlias, IUActionDescription) VALUES ('Clas_1433022889984318UIInst_0', 'Clas_1433022889984318AccOfer_AutoElemAcc_1', '_Auto_', 'Preg. Cuestionario Médico', '');
INSERT INTO IUNavigation (idIU, idIUNavigation, IUNavigationName, IUNavigationAlias, IUNavigationDescription) VALUES ('Clas_1433022889984318UIInst_0', 'Clas_1433022889984318NavOfer_AutoElemNav_1', '_Auto_', 'Persona', '');


---------------------------------------------
-- CLASS DirSucursalC
---------------------------------------------
-- PIU: DirSucursalC._Auto_
INSERT INTO IU (idIU, IUName, IUAlias, IUDescription, IUType) VALUES ('Clas_1433266421760699UIPobCl_Auto', '_Auto_', 'Sucursal', '', 'P');
INSERT INTO IUAttribute (idIU, idIUAttribute, IUAttributeName, IUAttributeAlias, IUAttributeDescription) VALUES ('Clas_1433266421760699UIPobCl_Auto', 'Clas_1433266421760699CjtoVis_AutoICtjoVis_1', 'Codigo', 'Código', '');
INSERT INTO IUAttribute (idIU, idIUAttribute, IUAttributeName, IUAttributeAlias, IUAttributeDescription) VALUES ('Clas_1433266421760699UIPobCl_Auto', 'Clas_1433266421760699CjtoVis_AutoICtjoVis_2', 'CodLegalSucursal', 'Cod. Legal Sucursal', '');
INSERT INTO IUAttribute (idIU, idIUAttribute, IUAttributeName, IUAttributeAlias, IUAttributeDescription) VALUES ('Clas_1433266421760699UIPobCl_Auto', 'Clas_1433266421760699CjtoVis_AutoICtjoVis_3', 'Nombre', 'Nombre', '');
INSERT INTO IUAttribute (idIU, idIUAttribute, IUAttributeName, IUAttributeAlias, IUAttributeDescription) VALUES ('Clas_1433266421760699UIPobCl_Auto', 'Clas_1433266421760699CjtoVis_AutoICtjoVis_4', 'EsPrincipal', 'Es principal', '');
INSERT INTO IUAttribute (idIU, idIUAttribute, IUAttributeName, IUAttributeAlias, IUAttributeDescription) VALUES ('Clas_1433266421760699UIPobCl_Auto', 'Clas_1433266421760699CjtoVis_AutoICtjoVis_5', 'Activa', 'Activa', '');
INSERT INTO IUAttribute (idIU, idIUAttribute, IUAttributeName, IUAttributeAlias, IUAttributeDescription) VALUES ('Clas_1433266421760699UIPobCl_Auto', 'Clas_1433266421760699CjtoVis_AutoICtjoVis_6', 'Direccion', 'Dirección', '');
INSERT INTO IUAttribute (idIU, idIUAttribute, IUAttributeName, IUAttributeAlias, IUAttributeDescription) VALUES ('Clas_1433266421760699UIPobCl_Auto', 'Clas_1433266421760699CjtoVis_AutoICtjoVis_7', 'Mail', 'Mail', '');
INSERT INTO IUAttribute (idIU, idIUAttribute, IUAttributeName, IUAttributeAlias, IUAttributeDescription) VALUES ('Clas_1433266421760699UIPobCl_Auto', 'Clas_1433266421760699CjtoVis_AutoICtjoVis_8', 'drvCiudad', 'Ciudad', '');
INSERT INTO IUAction (idIU, idIUAction, IUActionName, IUActionAlias, IUActionDescription) VALUES ('Clas_1433266421760699UIPobCl_Auto', 'Clas_1433266421760699AccOfer_AutoElemAcc_1', '_Auto_', 'Sucursal', '');
INSERT INTO IUNavigation (idIU, idIUNavigation, IUNavigationName, IUNavigationAlias, IUNavigationDescription) VALUES ('Clas_1433266421760699UIPobCl_Auto', 'Clas_1433266421760699NavOfer_AutoElemNav_1', '_Auto_', 'Teléfono', '');
INSERT INTO IUNavigation (idIU, idIUNavigation, IUNavigationName, IUNavigationAlias, IUNavigationDescription) VALUES ('Clas_1433266421760699UIPobCl_Auto', 'Clas_1433266421760699NavOfer_AutoElemNav_2', '_Auto_', 'Persona', '');
INSERT INTO IUNavigation (idIU, idIUNavigation, IUNavigationName, IUNavigationAlias, IUNavigationDescription) VALUES ('Clas_1433266421760699UIPobCl_Auto', 'Clas_1433266421760699NavOfer_AutoElemNav_3', 'PIUTipoSucursalC', 'Tipos de Sucursal', '');
INSERT INTO IUNavigation (idIU, idIUNavigation, IUNavigationName, IUNavigationAlias, IUNavigationDescription) VALUES ('Clas_1433266421760699UIPobCl_Auto', 'Clas_1433266421760699NavOfer_AutoElemNav_4', '_Auto_', 'Municipio', '');
INSERT INTO IUNavigation (idIU, idIUNavigation, IUNavigationName, IUNavigationAlias, IUNavigationDescription) VALUES ('Clas_1433266421760699UIPobCl_Auto', 'Clas_1433266421760699NavOfer_AutoElemNav_5', '_Auto_', 'Departamento', '');
INSERT INTO IUNavigation (idIU, idIUNavigation, IUNavigationName, IUNavigationAlias, IUNavigationDescription) VALUES ('Clas_1433266421760699UIPobCl_Auto', 'Clas_1433266421760699NavOfer_AutoElemNav_6', '_Auto_', 'Pais', '');
INSERT INTO IUNavigation (idIU, idIUNavigation, IUNavigationName, IUNavigationAlias, IUNavigationDescription) VALUES ('Clas_1433266421760699UIPobCl_Auto', 'Clas_1433266421760699NavOfer_AutoElemNav_7', '_Auto_', 'Regional', '');

-- IIU: DirSucursalC._Auto_
INSERT INTO IU (idIU, IUName, IUAlias, IUDescription, IUType) VALUES ('Clas_1433266421760699UIInst_0', '_Auto_', 'Sucursal', '', 'I');
INSERT INTO IUAction (idIU, idIUAction, IUActionName, IUActionAlias, IUActionDescription) VALUES ('Clas_1433266421760699UIInst_0', 'Clas_1433266421760699AccOfer_AutoElemAcc_1', '_Auto_', 'Sucursal', '');
INSERT INTO IUNavigation (idIU, idIUNavigation, IUNavigationName, IUNavigationAlias, IUNavigationDescription) VALUES ('Clas_1433266421760699UIInst_0', 'Clas_1433266421760699NavOfer_AutoElemNav_1', '_Auto_', 'Teléfono', '');
INSERT INTO IUNavigation (idIU, idIUNavigation, IUNavigationName, IUNavigationAlias, IUNavigationDescription) VALUES ('Clas_1433266421760699UIInst_0', 'Clas_1433266421760699NavOfer_AutoElemNav_2', '_Auto_', 'Persona', '');
INSERT INTO IUNavigation (idIU, idIUNavigation, IUNavigationName, IUNavigationAlias, IUNavigationDescription) VALUES ('Clas_1433266421760699UIInst_0', 'Clas_1433266421760699NavOfer_AutoElemNav_3', 'PIUTipoSucursalC', 'Tipos de Sucursal', '');
INSERT INTO IUNavigation (idIU, idIUNavigation, IUNavigationName, IUNavigationAlias, IUNavigationDescription) VALUES ('Clas_1433266421760699UIInst_0', 'Clas_1433266421760699NavOfer_AutoElemNav_4', '_Auto_', 'Municipio', '');
INSERT INTO IUNavigation (idIU, idIUNavigation, IUNavigationName, IUNavigationAlias, IUNavigationDescription) VALUES ('Clas_1433266421760699UIInst_0', 'Clas_1433266421760699NavOfer_AutoElemNav_5', '_Auto_', 'Departamento', '');
INSERT INTO IUNavigation (idIU, idIUNavigation, IUNavigationName, IUNavigationAlias, IUNavigationDescription) VALUES ('Clas_1433266421760699UIInst_0', 'Clas_1433266421760699NavOfer_AutoElemNav_6', '_Auto_', 'Pais', '');
INSERT INTO IUNavigation (idIU, idIUNavigation, IUNavigationName, IUNavigationAlias, IUNavigationDescription) VALUES ('Clas_1433266421760699UIInst_0', 'Clas_1433266421760699NavOfer_AutoElemNav_7', '_Auto_', 'Regional', '');


---------------------------------------------
-- CLASS FamiliaC
---------------------------------------------
-- PIU: FamiliaC._Auto_
INSERT INTO IU (idIU, IUName, IUAlias, IUDescription, IUType) VALUES ('Clas_1433842221056429UIPobCl_Auto', '_Auto_', 'Familia', '', 'P');
INSERT INTO IUAttribute (idIU, idIUAttribute, IUAttributeName, IUAttributeAlias, IUAttributeDescription) VALUES ('Clas_1433842221056429UIPobCl_Auto', 'Clas_1433842221056429CjtoVis_AutoICtjoVis_1', 'NumFamilia', 'Nº familia', '');
INSERT INTO IUAttribute (idIU, idIUAttribute, IUAttributeName, IUAttributeAlias, IUAttributeDescription) VALUES ('Clas_1433842221056429UIPobCl_Auto', 'Clas_1433842221056429CjtoVis_AutoICtjoVis_2', 'TitularConBeneficios', 'Titular con beneficios', '');
INSERT INTO IUAttribute (idIU, idIUAttribute, IUAttributeName, IUAttributeAlias, IUAttributeDescription) VALUES ('Clas_1433842221056429UIPobCl_Auto', 'Clas_1433842221056429CjtoVis_AutoICtjoVis_3', 'EstadoTitularFamilia', 'Estado titular familia', '');
INSERT INTO IUAttribute (idIU, idIUAttribute, IUAttributeName, IUAttributeAlias, IUAttributeDescription) VALUES ('Clas_1433842221056429UIPobCl_Auto', 'Clas_1433842221056429CjtoVis_AutoICtjoVis_4', 'FechaFinVigencia', 'Fecha fin vigencia', '');
INSERT INTO IUAttribute (idIU, idIUAttribute, IUAttributeName, IUAttributeAlias, IUAttributeDescription) VALUES ('Clas_1433842221056429UIPobCl_Auto', 'Clas_1433842221056429CjtoVis_AutoICtjoVis_5', 'direccionCorrespondencia', 'Dirección', '');
INSERT INTO IUAttribute (idIU, idIUAttribute, IUAttributeName, IUAttributeAlias, IUAttributeDescription) VALUES ('Clas_1433842221056429UIPobCl_Auto', 'Clas_1433842221056429CjtoVis_AutoICtjoVis_6', 'ID', 'ID interno', '');
INSERT INTO IUAction (idIU, idIUAction, IUActionName, IUActionAlias, IUActionDescription) VALUES ('Clas_1433842221056429UIPobCl_Auto', 'Clas_1433842221056429AccOfer_AutoElemAcc_1', '_Auto_', 'Familia', '');
INSERT INTO IUNavigation (idIU, idIUNavigation, IUNavigationName, IUNavigationAlias, IUNavigationDescription) VALUES ('Clas_1433842221056429UIPobCl_Auto', 'Clas_1433842221056429NavOfer_AutoElemNav_1', '_Auto_', 'Titular', '');
INSERT INTO IUNavigation (idIU, idIUNavigation, IUNavigationName, IUNavigationAlias, IUNavigationDescription) VALUES ('Clas_1433842221056429UIPobCl_Auto', 'Clas_1433842221056429NavOfer_AutoElemNav_2', '_Auto_', 'Beneficiarios', '');
INSERT INTO IUNavigation (idIU, idIUNavigation, IUNavigationName, IUNavigationAlias, IUNavigationDescription) VALUES ('Clas_1433842221056429UIPobCl_Auto', 'Clas_1433842221056429NavOfer_AutoElemNav_3', '_Auto_', 'Contrato', '');
INSERT INTO IUNavigation (idIU, idIUNavigation, IUNavigationName, IUNavigationAlias, IUNavigationDescription) VALUES ('Clas_1433842221056429UIPobCl_Auto', 'Clas_1433842221056429NavOfer_AutoElemNav_4', '_Auto_', 'Municipio', '');

-- IIU: FamiliaC._Auto_
INSERT INTO IU (idIU, IUName, IUAlias, IUDescription, IUType) VALUES ('Clas_1433842221056429UIInst_0', '_Auto_', 'Familia', '', 'I');
INSERT INTO IUAction (idIU, idIUAction, IUActionName, IUActionAlias, IUActionDescription) VALUES ('Clas_1433842221056429UIInst_0', 'Clas_1433842221056429AccOfer_AutoElemAcc_1', '_Auto_', 'Familia', '');
INSERT INTO IUNavigation (idIU, idIUNavigation, IUNavigationName, IUNavigationAlias, IUNavigationDescription) VALUES ('Clas_1433842221056429UIInst_0', 'Clas_1433842221056429NavOfer_AutoElemNav_1', '_Auto_', 'Titular', '');
INSERT INTO IUNavigation (idIU, idIUNavigation, IUNavigationName, IUNavigationAlias, IUNavigationDescription) VALUES ('Clas_1433842221056429UIInst_0', 'Clas_1433842221056429NavOfer_AutoElemNav_2', '_Auto_', 'Beneficiarios', '');
INSERT INTO IUNavigation (idIU, idIUNavigation, IUNavigationName, IUNavigationAlias, IUNavigationDescription) VALUES ('Clas_1433842221056429UIInst_0', 'Clas_1433842221056429NavOfer_AutoElemNav_3', '_Auto_', 'Contrato', '');
INSERT INTO IUNavigation (idIU, idIUNavigation, IUNavigationName, IUNavigationAlias, IUNavigationDescription) VALUES ('Clas_1433842221056429UIInst_0', 'Clas_1433842221056429NavOfer_AutoElemNav_4', '_Auto_', 'Municipio', '');


---------------------------------------------
-- CLASS UsuarioReg
---------------------------------------------
-- PIU: UsuarioReg.PIUUsuarioReg
INSERT INTO IU (idIU, IUName, IUAlias, IUDescription, IUType) VALUES ('Clas_1433848250368895UIPobCl_1', 'PIUUsuarioReg', 'Usuarios registrados', '', 'P');
INSERT INTO IUAttribute (idIU, idIUAttribute, IUAttributeName, IUAttributeAlias, IUAttributeDescription) VALUES ('Clas_1433848250368895UIPobCl_1', 'Clas_1433848250368895CjtoVis_1ICtjoVis_9', 'NumUsuario', 'Nº', '');
INSERT INTO IUAttribute (idIU, idIUAttribute, IUAttributeName, IUAttributeAlias, IUAttributeDescription) VALUES ('Clas_1433848250368895UIPobCl_1', 'Clas_1433848250368895CjtoVis_1ICtjoVis_2', 'TipoYNumDoc', 'Tipo y Nº Doc', '');
INSERT INTO IUAttribute (idIU, idIUAttribute, IUAttributeName, IUAttributeAlias, IUAttributeDescription) VALUES ('Clas_1433848250368895UIPobCl_1', 'Clas_1433848250368895CjtoVis_1ICtjoVis_3', 'PrimerNombre', 'Primer nombre', '');
INSERT INTO IUAttribute (idIU, idIUAttribute, IUAttributeName, IUAttributeAlias, IUAttributeDescription) VALUES ('Clas_1433848250368895UIPobCl_1', 'Clas_1433848250368895CjtoVis_1ICtjoVis_4', 'SegundoNombre', 'Segundo nombre', '');
INSERT INTO IUAttribute (idIU, idIUAttribute, IUAttributeName, IUAttributeAlias, IUAttributeDescription) VALUES ('Clas_1433848250368895UIPobCl_1', 'Clas_1433848250368895CjtoVis_1ICtjoVis_5', 'PrimerApellido', 'Primer apellido', '');
INSERT INTO IUAttribute (idIU, idIUAttribute, IUAttributeName, IUAttributeAlias, IUAttributeDescription) VALUES ('Clas_1433848250368895UIPobCl_1', 'Clas_1433848250368895CjtoVis_1ICtjoVis_6', 'SegundoApellido', 'Segundo apellido', '');
INSERT INTO IUAttribute (idIU, idIUAttribute, IUAttributeName, IUAttributeAlias, IUAttributeDescription) VALUES ('Clas_1433848250368895UIPobCl_1', 'Clas_1433848250368895CjtoVis_1ICtjoVis_10', 'Parentesco.Descripcion', 'Parentesco con el titular', '');
INSERT INTO IUAttribute (idIU, idIUAttribute, IUAttributeName, IUAttributeAlias, IUAttributeDescription) VALUES ('Clas_1433848250368895UIPobCl_1', 'Clas_1433848250368895CjtoVis_1ICtjoVis_8', 'EstadoBeneficiario.Descripcion', 'Estado', '');
INSERT INTO IUAttribute (idIU, idIUAttribute, IUAttributeName, IUAttributeAlias, IUAttributeDescription) VALUES ('Clas_1433848250368895UIPobCl_1', 'Clas_1433848250368895CjtoVis_1ICtjoVis_11', 'FechaNacimiento', 'Fecha nacimiento', '');

-- PIU: UsuarioReg._Auto_
INSERT INTO IU (idIU, IUName, IUAlias, IUDescription, IUType) VALUES ('Clas_1433848250368895UIPobCl_Auto', '_Auto_', 'Usuario', '', 'P');
INSERT INTO IUAttribute (idIU, idIUAttribute, IUAttributeName, IUAttributeAlias, IUAttributeDescription) VALUES ('Clas_1433848250368895UIPobCl_Auto', 'Clas_1433848250368895CjtoVis_AutoICtjoVis_1', 'Identificador', 'Identificador', '');
INSERT INTO IUAttribute (idIU, idIUAttribute, IUAttributeName, IUAttributeAlias, IUAttributeDescription) VALUES ('Clas_1433848250368895UIPobCl_Auto', 'Clas_1433848250368895CjtoVis_AutoICtjoVis_2', 'TipoIdentificacion', 'Tipo identificación', '');
INSERT INTO IUAttribute (idIU, idIUAttribute, IUAttributeName, IUAttributeAlias, IUAttributeDescription) VALUES ('Clas_1433848250368895UIPobCl_Auto', 'Clas_1433848250368895CjtoVis_AutoICtjoVis_3', 'NumIdentificacion', 'Nº Identificación', '');
INSERT INTO IUAttribute (idIU, idIUAttribute, IUAttributeName, IUAttributeAlias, IUAttributeDescription) VALUES ('Clas_1433848250368895UIPobCl_Auto', 'Clas_1433848250368895CjtoVis_AutoICtjoVis_4', 'TipoYNumDoc', 'Tipo y Nº Doc', '');
INSERT INTO IUAttribute (idIU, idIUAttribute, IUAttributeName, IUAttributeAlias, IUAttributeDescription) VALUES ('Clas_1433848250368895UIPobCl_Auto', 'Clas_1433848250368895CjtoVis_AutoICtjoVis_5', 'PrimerNombre', 'Primer nombre', '');
INSERT INTO IUAttribute (idIU, idIUAttribute, IUAttributeName, IUAttributeAlias, IUAttributeDescription) VALUES ('Clas_1433848250368895UIPobCl_Auto', 'Clas_1433848250368895CjtoVis_AutoICtjoVis_6', 'SegundoNombre', 'Segundo nombre', '');
INSERT INTO IUAttribute (idIU, idIUAttribute, IUAttributeName, IUAttributeAlias, IUAttributeDescription) VALUES ('Clas_1433848250368895UIPobCl_Auto', 'Clas_1433848250368895CjtoVis_AutoICtjoVis_7', 'PrimerApellido', 'Primer apellido', '');
INSERT INTO IUAttribute (idIU, idIUAttribute, IUAttributeName, IUAttributeAlias, IUAttributeDescription) VALUES ('Clas_1433848250368895UIPobCl_Auto', 'Clas_1433848250368895CjtoVis_AutoICtjoVis_8', 'SegundoApellido', 'Segundo apellido', '');
INSERT INTO IUAttribute (idIU, idIUAttribute, IUAttributeName, IUAttributeAlias, IUAttributeDescription) VALUES ('Clas_1433848250368895UIPobCl_Auto', 'Clas_1433848250368895CjtoVis_AutoICtjoVis_9', 'NumUsuario', 'Nº', '');
INSERT INTO IUAttribute (idIU, idIUAttribute, IUAttributeName, IUAttributeAlias, IUAttributeDescription) VALUES ('Clas_1433848250368895UIPobCl_Auto', 'Clas_1433848250368895CjtoVis_AutoICtjoVis_10', 'FechaInicioVigencia', 'Fecha inicio vigencia', '');
INSERT INTO IUAttribute (idIU, idIUAttribute, IUAttributeName, IUAttributeAlias, IUAttributeDescription) VALUES ('Clas_1433848250368895UIPobCl_Auto', 'Clas_1433848250368895CjtoVis_AutoICtjoVis_11', 'FechaFinVigencia', 'Fecha fin vigencia', '');
INSERT INTO IUAttribute (idIU, idIUAttribute, IUAttributeName, IUAttributeAlias, IUAttributeDescription) VALUES ('Clas_1433848250368895UIPobCl_Auto', 'Clas_1433848250368895CjtoVis_AutoICtjoVis_12', 'Genero', 'Género', '');
INSERT INTO IUAttribute (idIU, idIUAttribute, IUAttributeName, IUAttributeAlias, IUAttributeDescription) VALUES ('Clas_1433848250368895UIPobCl_Auto', 'Clas_1433848250368895CjtoVis_AutoICtjoVis_13', 'FechaNacimiento', 'Fecha nacimiento', '');
INSERT INTO IUAttribute (idIU, idIUAttribute, IUAttributeName, IUAttributeAlias, IUAttributeDescription) VALUES ('Clas_1433848250368895UIPobCl_Auto', 'Clas_1433848250368895CjtoVis_AutoICtjoVis_14', 'drvEdad', 'Edad', '');
INSERT INTO IUAction (idIU, idIUAction, IUActionName, IUActionAlias, IUActionDescription) VALUES ('Clas_1433848250368895UIPobCl_Auto', 'Clas_1433848250368895AccOfer_AutoElemAcc_1', '_Auto_', 'Usuario', '');
INSERT INTO IUNavigation (idIU, idIUNavigation, IUNavigationName, IUNavigationAlias, IUNavigationDescription) VALUES ('Clas_1433848250368895UIPobCl_Auto', 'Clas_1433848250368895NavOfer_AutoElemNav_1', 'IIUSolicitudVacia', '', '');
INSERT INTO IUNavigation (idIU, idIUNavigation, IUNavigationName, IUNavigationAlias, IUNavigationDescription) VALUES ('Clas_1433848250368895UIPobCl_Auto', 'Clas_1433848250368895NavOfer_AutoElemNav_2', '_Auto_', 'Estado beneficiario', '');
INSERT INTO IUNavigation (idIU, idIUNavigation, IUNavigationName, IUNavigationAlias, IUNavigationDescription) VALUES ('Clas_1433848250368895UIPobCl_Auto', 'Clas_1433848250368895NavOfer_AutoElemNav_3', '_Auto_', 'Parentesco', '');

-- IIU: UsuarioReg._Auto_
INSERT INTO IU (idIU, IUName, IUAlias, IUDescription, IUType) VALUES ('Clas_1433848250368895UIInst_1', '_Auto_', 'Usuario', '', 'I');
INSERT INTO IUAction (idIU, idIUAction, IUActionName, IUActionAlias, IUActionDescription) VALUES ('Clas_1433848250368895UIInst_1', 'Clas_1433848250368895AccOfer_AutoElemAcc_1', '_Auto_', 'Usuario', '');
INSERT INTO IUNavigation (idIU, idIUNavigation, IUNavigationName, IUNavigationAlias, IUNavigationDescription) VALUES ('Clas_1433848250368895UIInst_1', 'Clas_1433848250368895NavOfer_AutoElemNav_1', 'IIUSolicitudVacia', '', '');
INSERT INTO IUNavigation (idIU, idIUNavigation, IUNavigationName, IUNavigationAlias, IUNavigationDescription) VALUES ('Clas_1433848250368895UIInst_1', 'Clas_1433848250368895NavOfer_AutoElemNav_2', '_Auto_', 'Estado beneficiario', '');
INSERT INTO IUNavigation (idIU, idIUNavigation, IUNavigationName, IUNavigationAlias, IUNavigationDescription) VALUES ('Clas_1433848250368895UIInst_1', 'Clas_1433848250368895NavOfer_AutoElemNav_3', '_Auto_', 'Parentesco', '');


---------------------------------------------
-- CLASS Titular
---------------------------------------------
-- PIU: Titular._Auto_
INSERT INTO IU (idIU, IUName, IUAlias, IUDescription, IUType) VALUES ('Clas_1433868697600571UIPobCl_Auto', '_Auto_', 'Titular', '', 'P');
INSERT INTO IUAttribute (idIU, idIUAttribute, IUAttributeName, IUAttributeAlias, IUAttributeDescription) VALUES ('Clas_1433868697600571UIPobCl_Auto', 'Clas_1433868697600571CjtoVis_AutoICtjoVis_1', 'Codigo', 'Código', '');
INSERT INTO IUAttribute (idIU, idIUAttribute, IUAttributeName, IUAttributeAlias, IUAttributeDescription) VALUES ('Clas_1433868697600571UIPobCl_Auto', 'Clas_1433868697600571CjtoVis_AutoICtjoVis_2', 'NumIdentificacion', 'Nº Identificación', '');
INSERT INTO IUAttribute (idIU, idIUAttribute, IUAttributeName, IUAttributeAlias, IUAttributeDescription) VALUES ('Clas_1433868697600571UIPobCl_Auto', 'Clas_1433868697600571CjtoVis_AutoICtjoVis_3', 'TipoPersona', 'Tipo persona', '');
INSERT INTO IUAttribute (idIU, idIUAttribute, IUAttributeName, IUAttributeAlias, IUAttributeDescription) VALUES ('Clas_1433868697600571UIPobCl_Auto', 'Clas_1433868697600571CjtoVis_AutoICtjoVis_4', 'PrimerNombre', 'Primer nombre', '');
INSERT INTO IUAttribute (idIU, idIUAttribute, IUAttributeName, IUAttributeAlias, IUAttributeDescription) VALUES ('Clas_1433868697600571UIPobCl_Auto', 'Clas_1433868697600571CjtoVis_AutoICtjoVis_5', 'SegundoNombre', 'Segundo nombre', '');
INSERT INTO IUAttribute (idIU, idIUAttribute, IUAttributeName, IUAttributeAlias, IUAttributeDescription) VALUES ('Clas_1433868697600571UIPobCl_Auto', 'Clas_1433868697600571CjtoVis_AutoICtjoVis_6', 'PrimerApellido', 'Primer apellido', '');
INSERT INTO IUAttribute (idIU, idIUAttribute, IUAttributeName, IUAttributeAlias, IUAttributeDescription) VALUES ('Clas_1433868697600571UIPobCl_Auto', 'Clas_1433868697600571CjtoVis_AutoICtjoVis_7', 'SegundoApellido', 'Segundo apellido', '');
INSERT INTO IUAttribute (idIU, idIUAttribute, IUAttributeName, IUAttributeAlias, IUAttributeDescription) VALUES ('Clas_1433868697600571UIPobCl_Auto', 'Clas_1433868697600571CjtoVis_AutoICtjoVis_8', 'FechaNacimiento', 'Fecha nacimiento', '');
INSERT INTO IUAttribute (idIU, idIUAttribute, IUAttributeName, IUAttributeAlias, IUAttributeDescription) VALUES ('Clas_1433868697600571UIPobCl_Auto', 'Clas_1433868697600571CjtoVis_AutoICtjoVis_9', 'Genero', 'Género', '');
INSERT INTO IUAttribute (idIU, idIUAttribute, IUAttributeName, IUAttributeAlias, IUAttributeDescription) VALUES ('Clas_1433868697600571UIPobCl_Auto', 'Clas_1433868697600571CjtoVis_AutoICtjoVis_10', 'IndicadorExtranjero', 'Indicador extranjero', '');
INSERT INTO IUAttribute (idIU, idIUAttribute, IUAttributeName, IUAttributeAlias, IUAttributeDescription) VALUES ('Clas_1433868697600571UIPobCl_Auto', 'Clas_1433868697600571CjtoVis_AutoICtjoVis_11', 'TelefonoFijo', 'Teléfono fijo', '');
INSERT INTO IUAttribute (idIU, idIUAttribute, IUAttributeName, IUAttributeAlias, IUAttributeDescription) VALUES ('Clas_1433868697600571UIPobCl_Auto', 'Clas_1433868697600571CjtoVis_AutoICtjoVis_12', 'TelefonoCelular', 'Teléfono celular', '');
INSERT INTO IUAttribute (idIU, idIUAttribute, IUAttributeName, IUAttributeAlias, IUAttributeDescription) VALUES ('Clas_1433868697600571UIPobCl_Auto', 'Clas_1433868697600571CjtoVis_AutoICtjoVis_13', 'CorreoElectronico', 'Correo electrónico', '');
INSERT INTO IUAttribute (idIU, idIUAttribute, IUAttributeName, IUAttributeAlias, IUAttributeDescription) VALUES ('Clas_1433868697600571UIPobCl_Auto', 'Clas_1433868697600571CjtoVis_AutoICtjoVis_14', 'TitularConBeneficios', 'Titular con beneficios', '');
INSERT INTO IUAttribute (idIU, idIUAttribute, IUAttributeName, IUAttributeAlias, IUAttributeDescription) VALUES ('Clas_1433868697600571UIPobCl_Auto', 'Clas_1433868697600571CjtoVis_AutoICtjoVis_15', 'drvIdentificacion', 'Tipo y Nº documento', '');
INSERT INTO IUAttribute (idIU, idIUAttribute, IUAttributeName, IUAttributeAlias, IUAttributeDescription) VALUES ('Clas_1433868697600571UIPobCl_Auto', 'Clas_1433868697600571CjtoVis_AutoICtjoVis_16', 'TitularRecuperadoInc', 'Recuperado inclusión', '');
INSERT INTO IUAttribute (idIU, idIUAttribute, IUAttributeName, IUAttributeAlias, IUAttributeDescription) VALUES ('Clas_1433868697600571UIPobCl_Auto', 'Clas_1433868697600571CjtoVis_AutoICtjoVis_17', 'drvNombreCompleto', 'Nombre completo', '');
INSERT INTO IUAttribute (idIU, idIUAttribute, IUAttributeName, IUAttributeAlias, IUAttributeDescription) VALUES ('Clas_1433868697600571UIPobCl_Auto', 'Clas_1433868697600571CjtoVis_AutoICtjoVis_18', 'TelefonoFijoDC', 'Teléfono fijo', '');
INSERT INTO IUAttribute (idIU, idIUAttribute, IUAttributeName, IUAttributeAlias, IUAttributeDescription) VALUES ('Clas_1433868697600571UIPobCl_Auto', 'Clas_1433868697600571CjtoVis_AutoICtjoVis_19', 'TelefonoCelularDC', 'Teléfono celular', '');
INSERT INTO IUAttribute (idIU, idIUAttribute, IUAttributeName, IUAttributeAlias, IUAttributeDescription) VALUES ('Clas_1433868697600571UIPobCl_Auto', 'Clas_1433868697600571CjtoVis_AutoICtjoVis_20', 'TitularConBeneficiosCORE', 'Titular con beneficios', '');
INSERT INTO IUAttribute (idIU, idIUAttribute, IUAttributeName, IUAttributeAlias, IUAttributeDescription) VALUES ('Clas_1433868697600571UIPobCl_Auto', 'Clas_1433868697600571CjtoVis_AutoICtjoVis_21', 'RazonSocial', 'Razón social', '');
INSERT INTO IUAttribute (idIU, idIUAttribute, IUAttributeName, IUAttributeAlias, IUAttributeDescription) VALUES ('Clas_1433868697600571UIPobCl_Auto', 'Clas_1433868697600571CjtoVis_AutoICtjoVis_22', 'drvBeneficiosActivo', 'Beneficios activo', '');
INSERT INTO IUAttribute (idIU, idIUAttribute, IUAttributeName, IUAttributeAlias, IUAttributeDescription) VALUES ('Clas_1433868697600571UIPobCl_Auto', 'Clas_1433868697600571CjtoVis_AutoICtjoVis_23', 'DireccionesModificadas', 'Dirs. Modificadas', '');
INSERT INTO IUAction (idIU, idIUAction, IUActionName, IUActionAlias, IUActionDescription) VALUES ('Clas_1433868697600571UIPobCl_Auto', 'Clas_1433868697600571AccOfer_AutoElemAcc_1', 'SIUactualizarCodigo', 'actualizarCodigo', '');
INSERT INTO IUAction (idIU, idIUAction, IUActionName, IUActionAlias, IUActionDescription) VALUES ('Clas_1433868697600571UIPobCl_Auto', 'Clas_1433868697600571AccOfer_AutoElemAcc_2', '_Auto_', 'Titular', '');
INSERT INTO IUNavigation (idIU, idIUNavigation, IUNavigationName, IUNavigationAlias, IUNavigationDescription) VALUES ('Clas_1433868697600571UIPobCl_Auto', 'Clas_1433868697600571NavOfer_AutoElemNav_1', '_Auto_', 'Dirección', '');
INSERT INTO IUNavigation (idIU, idIUNavigation, IUNavigationName, IUNavigationAlias, IUNavigationDescription) VALUES ('Clas_1433868697600571UIPobCl_Auto', 'Clas_1433868697600571NavOfer_AutoElemNav_2', 'IIUSolicitudVacia', '', '');
INSERT INTO IUNavigation (idIU, idIUNavigation, IUNavigationName, IUNavigationAlias, IUNavigationDescription) VALUES ('Clas_1433868697600571UIPobCl_Auto', 'Clas_1433868697600571NavOfer_AutoElemNav_3', '_Auto_', 'Tipo identificación', '');
INSERT INTO IUNavigation (idIU, idIUNavigation, IUNavigationName, IUNavigationAlias, IUNavigationDescription) VALUES ('Clas_1433868697600571UIPobCl_Auto', 'Clas_1433868697600571NavOfer_AutoElemNav_4', '_Auto_', 'Departamento nacimiento', '');
INSERT INTO IUNavigation (idIU, idIUNavigation, IUNavigationName, IUNavigationAlias, IUNavigationDescription) VALUES ('Clas_1433868697600571UIPobCl_Auto', 'Clas_1433868697600571NavOfer_AutoElemNav_5', '_Auto_', 'Municipio nacimiento', '');

-- IIU: Titular._Auto_
INSERT INTO IU (idIU, IUName, IUAlias, IUDescription, IUType) VALUES ('Clas_1433868697600571UIInst_0', '_Auto_', 'Titular', '', 'I');
INSERT INTO IUAction (idIU, idIUAction, IUActionName, IUActionAlias, IUActionDescription) VALUES ('Clas_1433868697600571UIInst_0', 'Clas_1433868697600571AccOfer_AutoElemAcc_1', 'SIUactualizarCodigo', 'actualizarCodigo', '');
INSERT INTO IUAction (idIU, idIUAction, IUActionName, IUActionAlias, IUActionDescription) VALUES ('Clas_1433868697600571UIInst_0', 'Clas_1433868697600571AccOfer_AutoElemAcc_2', '_Auto_', 'Titular', '');
INSERT INTO IUNavigation (idIU, idIUNavigation, IUNavigationName, IUNavigationAlias, IUNavigationDescription) VALUES ('Clas_1433868697600571UIInst_0', 'Clas_1433868697600571NavOfer_AutoElemNav_1', '_Auto_', 'Dirección', '');
INSERT INTO IUNavigation (idIU, idIUNavigation, IUNavigationName, IUNavigationAlias, IUNavigationDescription) VALUES ('Clas_1433868697600571UIInst_0', 'Clas_1433868697600571NavOfer_AutoElemNav_2', 'IIUSolicitudVacia', '', '');
INSERT INTO IUNavigation (idIU, idIUNavigation, IUNavigationName, IUNavigationAlias, IUNavigationDescription) VALUES ('Clas_1433868697600571UIInst_0', 'Clas_1433868697600571NavOfer_AutoElemNav_3', '_Auto_', 'Tipo identificación', '');
INSERT INTO IUNavigation (idIU, idIUNavigation, IUNavigationName, IUNavigationAlias, IUNavigationDescription) VALUES ('Clas_1433868697600571UIInst_0', 'Clas_1433868697600571NavOfer_AutoElemNav_4', '_Auto_', 'Departamento nacimiento', '');
INSERT INTO IUNavigation (idIU, idIUNavigation, IUNavigationName, IUNavigationAlias, IUNavigationDescription) VALUES ('Clas_1433868697600571UIInst_0', 'Clas_1433868697600571NavOfer_AutoElemNav_5', '_Auto_', 'Municipio nacimiento', '');

-- SIU: Titular.SIUactualizarCodigo
INSERT INTO IU (idIU, IUName, IUAlias, IUDescription, IUType) VALUES ('Clas_1433868697600571Ser_13UIServ_1', 'SIUactualizarCodigo', 'actualizarCodigo', '', 'S');

---------------------------------------------
-- CLASS PreexistenciaC
---------------------------------------------
-- PIU: PreexistenciaC._Auto_
INSERT INTO IU (idIU, IUName, IUAlias, IUDescription, IUType) VALUES ('Clas_1434049576960175UIPobCl_Auto', '_Auto_', 'Preexistencia', '', 'P');
INSERT INTO IUAttribute (idIU, idIUAttribute, IUAttributeName, IUAttributeAlias, IUAttributeDescription) VALUES ('Clas_1434049576960175UIPobCl_Auto', 'Clas_1434049576960175CjtoVis_AutoICtjoVis_1', 'Identificador', 'Identificador', '');
INSERT INTO IUAttribute (idIU, idIUAttribute, IUAttributeName, IUAttributeAlias, IUAttributeDescription) VALUES ('Clas_1434049576960175UIPobCl_Auto', 'Clas_1434049576960175CjtoVis_AutoICtjoVis_2', 'Descripcion', 'Descripción', '');
INSERT INTO IUAttribute (idIU, idIUAttribute, IUAttributeName, IUAttributeAlias, IUAttributeDescription) VALUES ('Clas_1434049576960175UIPobCl_Auto', 'Clas_1434049576960175CjtoVis_AutoICtjoVis_3', 'FecInicio', 'Fecha Inicio', '');
INSERT INTO IUAttribute (idIU, idIUAttribute, IUAttributeName, IUAttributeAlias, IUAttributeDescription) VALUES ('Clas_1434049576960175UIPobCl_Auto', 'Clas_1434049576960175CjtoVis_AutoICtjoVis_4', 'FecFin', 'Fecha Fin', '');
INSERT INTO IUAttribute (idIU, idIUAttribute, IUAttributeName, IUAttributeAlias, IUAttributeDescription) VALUES ('Clas_1434049576960175UIPobCl_Auto', 'Clas_1434049576960175CjtoVis_AutoICtjoVis_5', 'Observacion', 'Observación', '');
INSERT INTO IUAction (idIU, idIUAction, IUActionName, IUActionAlias, IUActionDescription) VALUES ('Clas_1434049576960175UIPobCl_Auto', 'Clas_1434049576960175AccOfer_AutoElemAcc_1', '_Auto_', 'Preexistencia', '');
INSERT INTO IUNavigation (idIU, idIUNavigation, IUNavigationName, IUNavigationAlias, IUNavigationDescription) VALUES ('Clas_1434049576960175UIPobCl_Auto', 'Clas_1434049576960175NavOfer_AutoElemNav_1', '_Auto_', 'Persona', '');

-- IIU: PreexistenciaC._Auto_
INSERT INTO IU (idIU, IUName, IUAlias, IUDescription, IUType) VALUES ('Clas_1434049576960175UIInst_0', '_Auto_', 'Preexistencia', '', 'I');
INSERT INTO IUAction (idIU, idIUAction, IUActionName, IUActionAlias, IUActionDescription) VALUES ('Clas_1434049576960175UIInst_0', 'Clas_1434049576960175AccOfer_AutoElemAcc_1', '_Auto_', 'Preexistencia', '');
INSERT INTO IUNavigation (idIU, idIUNavigation, IUNavigationName, IUNavigationAlias, IUNavigationDescription) VALUES ('Clas_1434049576960175UIInst_0', 'Clas_1434049576960175NavOfer_AutoElemNav_1', '_Auto_', 'Persona', '');


---------------------------------------------
-- CLASS Preexistencia
---------------------------------------------
-- PIU: Preexistencia.PIUPreexistencia
INSERT INTO IU (idIU, IUName, IUAlias, IUDescription, IUType) VALUES ('Clas_1434050494464197UIPobCl_1', 'PIUPreexistencia', 'Preexistencias', '', 'P');
INSERT INTO IUAttribute (idIU, idIUAttribute, IUAttributeName, IUAttributeAlias, IUAttributeDescription) VALUES ('Clas_1434050494464197UIPobCl_1', 'Clas_1434050494464197CjtoVis_1ICtjoVis_1', 'Usuario.drvNombreCompleto', 'Usuario', '');
INSERT INTO IUAttribute (idIU, idIUAttribute, IUAttributeName, IUAttributeAlias, IUAttributeDescription) VALUES ('Clas_1434050494464197UIPobCl_1', 'Clas_1434050494464197CjtoVis_1ICtjoVis_2', 'Usuario.drvIdentificacion', 'Tipo y Nº Doc', '');
INSERT INTO IUAttribute (idIU, idIUAttribute, IUAttributeName, IUAttributeAlias, IUAttributeDescription) VALUES ('Clas_1434050494464197UIPobCl_1', 'Clas_1434050494464197CjtoVis_1ICtjoVis_3', 'Descripcion', 'Preexistencia', '');
INSERT INTO IUAttribute (idIU, idIUAttribute, IUAttributeName, IUAttributeAlias, IUAttributeDescription) VALUES ('Clas_1434050494464197UIPobCl_1', 'Clas_1434050494464197CjtoVis_1ICtjoVis_4', 'FecInicio', 'Fecha Inicio', '');
INSERT INTO IUAttribute (idIU, idIUAttribute, IUAttributeName, IUAttributeAlias, IUAttributeDescription) VALUES ('Clas_1434050494464197UIPobCl_1', 'Clas_1434050494464197CjtoVis_1ICtjoVis_5', 'FecFin', 'Fecha fin', '');

-- PIU: Preexistencia._Auto_
INSERT INTO IU (idIU, IUName, IUAlias, IUDescription, IUType) VALUES ('Clas_1434050494464197UIPobCl_Auto', '_Auto_', 'Preexistencia', '', 'P');
INSERT INTO IUAttribute (idIU, idIUAttribute, IUAttributeName, IUAttributeAlias, IUAttributeDescription) VALUES ('Clas_1434050494464197UIPobCl_Auto', 'Clas_1434050494464197CjtoVis_AutoICtjoVis_1', 'Identificador', 'Identificador', '');
INSERT INTO IUAttribute (idIU, idIUAttribute, IUAttributeName, IUAttributeAlias, IUAttributeDescription) VALUES ('Clas_1434050494464197UIPobCl_Auto', 'Clas_1434050494464197CjtoVis_AutoICtjoVis_2', 'Descripcion', 'Descripción', '');
INSERT INTO IUAttribute (idIU, idIUAttribute, IUAttributeName, IUAttributeAlias, IUAttributeDescription) VALUES ('Clas_1434050494464197UIPobCl_Auto', 'Clas_1434050494464197CjtoVis_AutoICtjoVis_3', 'FecInicio', 'Fecha Inicio', '');
INSERT INTO IUAttribute (idIU, idIUAttribute, IUAttributeName, IUAttributeAlias, IUAttributeDescription) VALUES ('Clas_1434050494464197UIPobCl_Auto', 'Clas_1434050494464197CjtoVis_AutoICtjoVis_4', 'FecFin', 'Fecha fin', '');
INSERT INTO IUAttribute (idIU, idIUAttribute, IUAttributeName, IUAttributeAlias, IUAttributeDescription) VALUES ('Clas_1434050494464197UIPobCl_Auto', 'Clas_1434050494464197CjtoVis_AutoICtjoVis_5', 'Observacion', 'Observación', '');
INSERT INTO IUAction (idIU, idIUAction, IUActionName, IUActionAlias, IUActionDescription) VALUES ('Clas_1434050494464197UIPobCl_Auto', 'Clas_1434050494464197AccOfer_AutoElemAcc_1', '_Auto_', 'Preexistencia', '');
INSERT INTO IUNavigation (idIU, idIUNavigation, IUNavigationName, IUNavigationAlias, IUNavigationDescription) VALUES ('Clas_1434050494464197UIPobCl_Auto', 'Clas_1434050494464197NavOfer_AutoElemNav_1', '_Auto_', 'Usuario', '');

-- IIU: Preexistencia._Auto_
INSERT INTO IU (idIU, IUName, IUAlias, IUDescription, IUType) VALUES ('Clas_1434050494464197UIInst_1', '_Auto_', 'Preexistencia', '', 'I');
INSERT INTO IUAction (idIU, idIUAction, IUActionName, IUActionAlias, IUActionDescription) VALUES ('Clas_1434050494464197UIInst_1', 'Clas_1434050494464197AccOfer_AutoElemAcc_1', '_Auto_', 'Preexistencia', '');
INSERT INTO IUNavigation (idIU, idIUNavigation, IUNavigationName, IUNavigationAlias, IUNavigationDescription) VALUES ('Clas_1434050494464197UIInst_1', 'Clas_1434050494464197NavOfer_AutoElemNav_1', '_Auto_', 'Usuario', '');


---------------------------------------------
-- CLASS DocumentoG
---------------------------------------------
-- PIU: DocumentoG.PIUDocumentoG
INSERT INTO IU (idIU, IUName, IUAlias, IUDescription, IUType) VALUES ('Clas_1434446200832109UIPobCl_1', 'PIUDocumentoG', 'Documentos', '', 'P');
INSERT INTO IUAttribute (idIU, idIUAttribute, IUAttributeName, IUAttributeAlias, IUAttributeDescription) VALUES ('Clas_1434446200832109UIPobCl_1', 'Clas_1434446200832109CjtoVis_1ICtjoVis_7', 'Solicitud.AESOLICITUDES.NUMEROSOLICITUD', 'Nº Solicitud', '');
INSERT INTO IUAttribute (idIU, idIUAttribute, IUAttributeName, IUAttributeAlias, IUAttributeDescription) VALUES ('Clas_1434446200832109UIPobCl_1', 'Clas_1434446200832109CjtoVis_1ICtjoVis_2', 'Persona.drvTipoNumDoc', 'Persona', '');
INSERT INTO IUAttribute (idIU, idIUAttribute, IUAttributeName, IUAttributeAlias, IUAttributeDescription) VALUES ('Clas_1434446200832109UIPobCl_1', 'Clas_1434446200832109CjtoVis_1ICtjoVis_10', 'Persona.TieneEPSSanitas', 'Tiene EPS Sanitas', '');
INSERT INTO IUAttribute (idIU, idIUAttribute, IUAttributeName, IUAttributeAlias, IUAttributeDescription) VALUES ('Clas_1434446200832109UIPobCl_1', 'Clas_1434446200832109CjtoVis_1ICtjoVis_3', 'FechaSubida', 'Fecha subida', '');
INSERT INTO IUAttribute (idIU, idIUAttribute, IUAttributeName, IUAttributeAlias, IUAttributeDescription) VALUES ('Clas_1434446200832109UIPobCl_1', 'Clas_1434446200832109CjtoVis_1ICtjoVis_5', 'Tipo', 'Tipo', '');
INSERT INTO IUAttribute (idIU, idIUAttribute, IUAttributeName, IUAttributeAlias, IUAttributeDescription) VALUES ('Clas_1434446200832109UIPobCl_1', 'Clas_1434446200832109CjtoVis_1ICtjoVis_8', 'Nombre', 'Archivo adjunto', '');
INSERT INTO IUAttribute (idIU, idIUAttribute, IUAttributeName, IUAttributeAlias, IUAttributeDescription) VALUES ('Clas_1434446200832109UIPobCl_1', 'Clas_1434446200832109CjtoVis_1ICtjoVis_4', 'Estado', 'Estado', '');
INSERT INTO IUAttribute (idIU, idIUAttribute, IUAttributeName, IUAttributeAlias, IUAttributeDescription) VALUES ('Clas_1434446200832109UIPobCl_1', 'Clas_1434446200832109CjtoVis_1ICtjoVis_6', 'Descripcion', 'Descripción', '');
INSERT INTO IUAttribute (idIU, idIUAttribute, IUAttributeName, IUAttributeAlias, IUAttributeDescription) VALUES ('Clas_1434446200832109UIPobCl_1', 'Clas_1434446200832109CjtoVis_1ICtjoVis_9', 'Persona.DatosBasicosMod', 'Datos básicos mod.', '');
INSERT INTO IUAction (idIU, idIUAction, IUActionName, IUActionAlias, IUActionDescription) VALUES ('Clas_1434446200832109UIPobCl_1', 'Clas_1434446200832109AccOfer_1ElemAcc_9', 'SIUTSUBIRDOCUMENTO', 'Subir documento', '');
INSERT INTO IUAction (idIU, idIUAction, IUActionName, IUActionAlias, IUActionDescription) VALUES ('Clas_1434446200832109UIPobCl_1', 'Clas_1434446200832109AccOfer_1ElemAcc_15', 'SIUTSUBIRDOCUMENTOATO', 'Subir documento', '');
INSERT INTO IUAction (idIU, idIUAction, IUActionName, IUActionAlias, IUActionDescription) VALUES ('Clas_1434446200832109UIPobCl_1', 'Clas_1434446200832109AccOfer_1ElemAcc_12', 'SIUprevisualizar', 'Previsualizar', '');
INSERT INTO IUAction (idIU, idIUAction, IUActionName, IUActionAlias, IUActionDescription) VALUES ('Clas_1434446200832109UIPobCl_1', 'Clas_1434446200832109AccOfer_1ElemAcc_14', 'SIUprevisualizarATO', 'Previsualizar', '');
INSERT INTO IUAction (idIU, idIUAction, IUActionName, IUActionAlias, IUActionDescription) VALUES ('Clas_1434446200832109UIPobCl_1', 'Clas_1434446200832109AccOfer_1ElemAcc_3', 'SIUdescargarDocumento', 'Descargar', '');
INSERT INTO IUAction (idIU, idIUAction, IUActionName, IUActionAlias, IUActionDescription) VALUES ('Clas_1434446200832109UIPobCl_1', 'Clas_1434446200832109AccOfer_1ElemAcc_10', 'SIUTAPROBAR', 'Aprobar', '');
INSERT INTO IUAction (idIU, idIUAction, IUActionName, IUActionAlias, IUActionDescription) VALUES ('Clas_1434446200832109UIPobCl_1', 'Clas_1434446200832109AccOfer_1ElemAcc_11', 'SIUTDEVOLVER', 'Devolver', '');
INSERT INTO IUNavigation (idIU, idIUNavigation, IUNavigationName, IUNavigationAlias, IUNavigationDescription) VALUES ('Clas_1434446200832109UIPobCl_1', 'Clas_1434446200832109NavOfer_3ElemNav_1', 'MDIUDocumentoG', 'Detalles', '');

-- PIU: DocumentoG._Auto_
INSERT INTO IU (idIU, IUName, IUAlias, IUDescription, IUType) VALUES ('Clas_1434446200832109UIPobCl_Auto', '_Auto_', 'Documento gestor', '', 'P');
INSERT INTO IUAttribute (idIU, idIUAttribute, IUAttributeName, IUAttributeAlias, IUAttributeDescription) VALUES ('Clas_1434446200832109UIPobCl_Auto', 'Clas_1434446200832109CjtoVis_AutoICtjoVis_1', 'Identificador', 'Identificador', '');
INSERT INTO IUAttribute (idIU, idIUAttribute, IUAttributeName, IUAttributeAlias, IUAttributeDescription) VALUES ('Clas_1434446200832109UIPobCl_Auto', 'Clas_1434446200832109CjtoVis_AutoICtjoVis_2', 'Descripcion', 'Descripción', '');
INSERT INTO IUAttribute (idIU, idIUAttribute, IUAttributeName, IUAttributeAlias, IUAttributeDescription) VALUES ('Clas_1434446200832109UIPobCl_Auto', 'Clas_1434446200832109CjtoVis_AutoICtjoVis_3', 'Tipo', 'Tipo', '');
INSERT INTO IUAttribute (idIU, idIUAttribute, IUAttributeName, IUAttributeAlias, IUAttributeDescription) VALUES ('Clas_1434446200832109UIPobCl_Auto', 'Clas_1434446200832109CjtoVis_AutoICtjoVis_4', 'Estado', 'Estado', '');
INSERT INTO IUAttribute (idIU, idIUAttribute, IUAttributeName, IUAttributeAlias, IUAttributeDescription) VALUES ('Clas_1434446200832109UIPobCl_Auto', 'Clas_1434446200832109CjtoVis_AutoICtjoVis_5', 'FechaSubida', 'Fecha subida gestor', '');
INSERT INTO IUAttribute (idIU, idIUAttribute, IUAttributeName, IUAttributeAlias, IUAttributeDescription) VALUES ('Clas_1434446200832109UIPobCl_Auto', 'Clas_1434446200832109CjtoVis_AutoICtjoVis_6', 'PathCompleto', 'Path Completo', '');
INSERT INTO IUAttribute (idIU, idIUAttribute, IUAttributeName, IUAttributeAlias, IUAttributeDescription) VALUES ('Clas_1434446200832109UIPobCl_Auto', 'Clas_1434446200832109CjtoVis_AutoICtjoVis_7', 'Extension', 'Extensión', '');
INSERT INTO IUAttribute (idIU, idIUAttribute, IUAttributeName, IUAttributeAlias, IUAttributeDescription) VALUES ('Clas_1434446200832109UIPobCl_Auto', 'Clas_1434446200832109CjtoVis_AutoICtjoVis_8', 'NumDescargas', 'Nº Descargas', '');
INSERT INTO IUAttribute (idIU, idIUAttribute, IUAttributeName, IUAttributeAlias, IUAttributeDescription) VALUES ('Clas_1434446200832109UIPobCl_Auto', 'Clas_1434446200832109CjtoVis_AutoICtjoVis_9', 'EmailEnvioDevuelto', 'Envío email devuelto', '');
INSERT INTO IUAttribute (idIU, idIUAttribute, IUAttributeName, IUAttributeAlias, IUAttributeDescription) VALUES ('Clas_1434446200832109UIPobCl_Auto', 'Clas_1434446200832109CjtoVis_AutoICtjoVis_10', 'ResultadoSubida', 'Resultado', '');
INSERT INTO IUAttribute (idIU, idIUAttribute, IUAttributeName, IUAttributeAlias, IUAttributeDescription) VALUES ('Clas_1434446200832109UIPobCl_Auto', 'Clas_1434446200832109CjtoVis_AutoICtjoVis_11', 'IdDocEnGestor', 'Id. En Gestor', '');
INSERT INTO IUAttribute (idIU, idIUAttribute, IUAttributeName, IUAttributeAlias, IUAttributeDescription) VALUES ('Clas_1434446200832109UIPobCl_Auto', 'Clas_1434446200832109CjtoVis_AutoICtjoVis_12', 'Nombre', 'Archivo adjunto', '');
INSERT INTO IUAttribute (idIU, idIUAttribute, IUAttributeName, IUAttributeAlias, IUAttributeDescription) VALUES ('Clas_1434446200832109UIPobCl_Auto', 'Clas_1434446200832109CjtoVis_AutoICtjoVis_13', 'DrvNumContrato', 'Nº Contrato', '');
INSERT INTO IUAttribute (idIU, idIUAttribute, IUAttributeName, IUAttributeAlias, IUAttributeDescription) VALUES ('Clas_1434446200832109UIPobCl_Auto', 'Clas_1434446200832109CjtoVis_AutoICtjoVis_14', 'UsuarioCreador', 'Usuario', '');
INSERT INTO IUAction (idIU, idIUAction, IUActionName, IUActionAlias, IUActionDescription) VALUES ('Clas_1434446200832109UIPobCl_Auto', 'Clas_1434446200832109AccOfer_AutoElemAcc_1', 'SIUdescargarDocumento', 'Descargar', '');
INSERT INTO IUAction (idIU, idIUAction, IUActionName, IUActionAlias, IUActionDescription) VALUES ('Clas_1434446200832109UIPobCl_Auto', 'Clas_1434446200832109AccOfer_AutoElemAcc_2', 'SIUprevisualizar', 'Previsualizar', '');
INSERT INTO IUAction (idIU, idIUAction, IUActionName, IUActionAlias, IUActionDescription) VALUES ('Clas_1434446200832109UIPobCl_Auto', 'Clas_1434446200832109AccOfer_AutoElemAcc_3', 'SIUverDetalles', 'verDetalles', '');
INSERT INTO IUAction (idIU, idIUAction, IUActionName, IUActionAlias, IUActionDescription) VALUES ('Clas_1434446200832109UIPobCl_Auto', 'Clas_1434446200832109AccOfer_AutoElemAcc_4', 'SIUprevisualizarATO', 'Previsualizar', '');
INSERT INTO IUAction (idIU, idIUAction, IUActionName, IUActionAlias, IUActionDescription) VALUES ('Clas_1434446200832109UIPobCl_Auto', 'Clas_1434446200832109AccOfer_AutoElemAcc_5', 'SIUTAPROBAR', 'Aprobar documento', '');
INSERT INTO IUAction (idIU, idIUAction, IUActionName, IUActionAlias, IUActionDescription) VALUES ('Clas_1434446200832109UIPobCl_Auto', 'Clas_1434446200832109AccOfer_AutoElemAcc_6', 'SIUTDEVOLVER', 'Devolver documento', '');
INSERT INTO IUAction (idIU, idIUAction, IUActionName, IUActionAlias, IUActionDescription) VALUES ('Clas_1434446200832109UIPobCl_Auto', 'Clas_1434446200832109AccOfer_AutoElemAcc_7', 'IIUDocumentoGMaestro', 'Detalles', '');
INSERT INTO IUAction (idIU, idIUAction, IUActionName, IUActionAlias, IUActionDescription) VALUES ('Clas_1434446200832109UIPobCl_Auto', 'Clas_1434446200832109AccOfer_AutoElemAcc_8', 'MDIUDocumentoG', 'Detalles', '');
INSERT INTO IUNavigation (idIU, idIUNavigation, IUNavigationName, IUNavigationAlias, IUNavigationDescription) VALUES ('Clas_1434446200832109UIPobCl_Auto', 'Clas_1434446200832109NavOfer_AutoElemNav_1', 'PIUObsEstado', 'Observaciones', '');
INSERT INTO IUNavigation (idIU, idIUNavigation, IUNavigationName, IUNavigationAlias, IUNavigationDescription) VALUES ('Clas_1434446200832109UIPobCl_Auto', 'Clas_1434446200832109NavOfer_AutoElemNav_2', 'IIUSolicitudVacia', '', '');
INSERT INTO IUNavigation (idIU, idIUNavigation, IUNavigationName, IUNavigationAlias, IUNavigationDescription) VALUES ('Clas_1434446200832109UIPobCl_Auto', 'Clas_1434446200832109NavOfer_AutoElemNav_3', '_Auto_', 'Persona', '');

-- IIU: DocumentoG.IIUDocumentoGMaestro
INSERT INTO IU (idIU, IUName, IUAlias, IUDescription, IUType) VALUES ('Clas_1434446200832109UIInst_1', 'IIUDocumentoGMaestro', 'Detalles', '', 'I');
INSERT INTO IUAction (idIU, idIUAction, IUActionName, IUActionAlias, IUActionDescription) VALUES ('Clas_1434446200832109UIInst_1', 'Clas_1434446200832109AccOfer_2ElemAcc_2', 'SIUdescargarDocumento', 'Descargar', '');
INSERT INTO IUAction (idIU, idIUAction, IUActionName, IUActionAlias, IUActionDescription) VALUES ('Clas_1434446200832109UIInst_1', 'Clas_1434446200832109AccOfer_2ElemAcc_3', 'SIUprevisualizarATO', 'Previsualizar', '');

-- IIU: DocumentoG._Auto_
INSERT INTO IU (idIU, IUName, IUAlias, IUDescription, IUType) VALUES ('Clas_1434446200832109UIInst_3', '_Auto_', 'Documento gestor', '', 'I');
INSERT INTO IUAction (idIU, idIUAction, IUActionName, IUActionAlias, IUActionDescription) VALUES ('Clas_1434446200832109UIInst_3', 'Clas_1434446200832109AccOfer_AutoElemAcc_1', 'SIUdescargarDocumento', 'Descargar', '');
INSERT INTO IUAction (idIU, idIUAction, IUActionName, IUActionAlias, IUActionDescription) VALUES ('Clas_1434446200832109UIInst_3', 'Clas_1434446200832109AccOfer_AutoElemAcc_2', 'SIUprevisualizar', 'Previsualizar', '');
INSERT INTO IUAction (idIU, idIUAction, IUActionName, IUActionAlias, IUActionDescription) VALUES ('Clas_1434446200832109UIInst_3', 'Clas_1434446200832109AccOfer_AutoElemAcc_3', 'SIUverDetalles', 'verDetalles', '');
INSERT INTO IUAction (idIU, idIUAction, IUActionName, IUActionAlias, IUActionDescription) VALUES ('Clas_1434446200832109UIInst_3', 'Clas_1434446200832109AccOfer_AutoElemAcc_4', 'SIUprevisualizarATO', 'Previsualizar', '');
INSERT INTO IUAction (idIU, idIUAction, IUActionName, IUActionAlias, IUActionDescription) VALUES ('Clas_1434446200832109UIInst_3', 'Clas_1434446200832109AccOfer_AutoElemAcc_5', 'SIUTAPROBAR', 'Aprobar documento', '');
INSERT INTO IUAction (idIU, idIUAction, IUActionName, IUActionAlias, IUActionDescription) VALUES ('Clas_1434446200832109UIInst_3', 'Clas_1434446200832109AccOfer_AutoElemAcc_6', 'SIUTDEVOLVER', 'Devolver documento', '');
INSERT INTO IUAction (idIU, idIUAction, IUActionName, IUActionAlias, IUActionDescription) VALUES ('Clas_1434446200832109UIInst_3', 'Clas_1434446200832109AccOfer_AutoElemAcc_7', 'IIUDocumentoGMaestro', 'Detalles', '');
INSERT INTO IUAction (idIU, idIUAction, IUActionName, IUActionAlias, IUActionDescription) VALUES ('Clas_1434446200832109UIInst_3', 'Clas_1434446200832109AccOfer_AutoElemAcc_8', 'MDIUDocumentoG', 'Detalles', '');
INSERT INTO IUNavigation (idIU, idIUNavigation, IUNavigationName, IUNavigationAlias, IUNavigationDescription) VALUES ('Clas_1434446200832109UIInst_3', 'Clas_1434446200832109NavOfer_AutoElemNav_1', 'PIUObsEstado', 'Observaciones', '');
INSERT INTO IUNavigation (idIU, idIUNavigation, IUNavigationName, IUNavigationAlias, IUNavigationDescription) VALUES ('Clas_1434446200832109UIInst_3', 'Clas_1434446200832109NavOfer_AutoElemNav_2', 'IIUSolicitudVacia', '', '');
INSERT INTO IUNavigation (idIU, idIUNavigation, IUNavigationName, IUNavigationAlias, IUNavigationDescription) VALUES ('Clas_1434446200832109UIInst_3', 'Clas_1434446200832109NavOfer_AutoElemNav_3', '_Auto_', 'Persona', '');

-- MDIU: DocumentoG.MDIUDocumentoG
INSERT INTO IU (idIU, IUName, IUAlias, IUDescription, IUType) VALUES ('Clas_1434446200832109UIMaDet_1', 'MDIUDocumentoG', 'Detalles', '', 'M');
INSERT INTO IUDetail (idIU, idIUDetail, IUDetailName, IUDetailAlias, IUDetailDescription) VALUES ('Clas_1434446200832109UIMaDet_1', 'Clas_1434446200832109UIMaDet_1Det_1', 'PIUObsEstado', 'Observaciones', '');
-- SIU: DocumentoG.SIUdescargarDocumento
INSERT INTO IU (idIU, IUName, IUAlias, IUDescription, IUType) VALUES ('Clas_1434446200832109Ser_5UIServ_1', 'SIUdescargarDocumento', 'Descargar', '', 'S');
-- SIU: DocumentoG.SIUprevisualizar
INSERT INTO IU (idIU, IUName, IUAlias, IUDescription, IUType) VALUES ('Clas_1434446200832109Ser_15UIServ_1', 'SIUprevisualizar', 'Previsualizar', '', 'S');
-- SIU: DocumentoG.SIUverDetalles
INSERT INTO IU (idIU, IUName, IUAlias, IUDescription, IUType) VALUES ('Clas_1434446200832109Ser_19UIServ_1', 'SIUverDetalles', 'verDetalles', '', 'S');
-- SIU: DocumentoG.SIUprevisualizarATO
INSERT INTO IU (idIU, IUName, IUAlias, IUDescription, IUType) VALUES ('Clas_1434446200832109Ser_25UIServ_1', 'SIUprevisualizarATO', 'Previsualizar', '', 'S');
-- SIU: DocumentoG.SIUTAPROBAR
INSERT INTO IU (idIU, IUName, IUAlias, IUDescription, IUType) VALUES ('Clas_1434446200832109Ser_11UIServ_1', 'SIUTAPROBAR', 'Aprobar documento', '', 'S');
-- SIU: DocumentoG.SIUTDEVOLVER
INSERT INTO IU (idIU, IUName, IUAlias, IUDescription, IUType) VALUES ('Clas_1434446200832109Ser_12UIServ_1', 'SIUTDEVOLVER', 'Devolver documento', '', 'S');

---------------------------------------------
-- CLASS ObsEstado
---------------------------------------------
-- PIU: ObsEstado.PIUObsEstado
INSERT INTO IU (idIU, IUName, IUAlias, IUDescription, IUType) VALUES ('Clas_1434446856192292UIPobCl_1', 'PIUObsEstado', 'Observaciones', '', 'P');
INSERT INTO IUAttribute (idIU, idIUAttribute, IUAttributeName, IUAttributeAlias, IUAttributeDescription) VALUES ('Clas_1434446856192292UIPobCl_1', 'Clas_1434446856192292CjtoVis_1ICtjoVis_1', 'Fecha', 'Fecha', '');
INSERT INTO IUAttribute (idIU, idIUAttribute, IUAttributeName, IUAttributeAlias, IUAttributeDescription) VALUES ('Clas_1434446856192292UIPobCl_1', 'Clas_1434446856192292CjtoVis_1ICtjoVis_2', 'EstadoAnterior', 'Estado anterior', '');
INSERT INTO IUAttribute (idIU, idIUAttribute, IUAttributeName, IUAttributeAlias, IUAttributeDescription) VALUES ('Clas_1434446856192292UIPobCl_1', 'Clas_1434446856192292CjtoVis_1ICtjoVis_3', 'EstadoNuevo', 'Estado nuevo', '');
INSERT INTO IUAttribute (idIU, idIUAttribute, IUAttributeName, IUAttributeAlias, IUAttributeDescription) VALUES ('Clas_1434446856192292UIPobCl_1', 'Clas_1434446856192292CjtoVis_1ICtjoVis_4', 'Agente.drvNombreCompleto', 'Agente', '');
INSERT INTO IUAttribute (idIU, idIUAttribute, IUAttributeName, IUAttributeAlias, IUAttributeDescription) VALUES ('Clas_1434446856192292UIPobCl_1', 'Clas_1434446856192292CjtoVis_1ICtjoVis_5', 'Observacions', 'Observaciones', '');
INSERT INTO IUAction (idIU, idIUAction, IUActionName, IUActionAlias, IUActionDescription) VALUES ('Clas_1434446856192292UIPobCl_1', 'Clas_1434446856192292AccOfer_1ElemAcc_2', 'SIUmodificar', 'Modificar', '');

-- PIU: ObsEstado._Auto_
INSERT INTO IU (idIU, IUName, IUAlias, IUDescription, IUType) VALUES ('Clas_1434446856192292UIPobCl_Auto', '_Auto_', 'Observaciones', '', 'P');
INSERT INTO IUAttribute (idIU, idIUAttribute, IUAttributeName, IUAttributeAlias, IUAttributeDescription) VALUES ('Clas_1434446856192292UIPobCl_Auto', 'Clas_1434446856192292CjtoVis_AutoICtjoVis_1', 'Id', 'Identificador', '');
INSERT INTO IUAttribute (idIU, idIUAttribute, IUAttributeName, IUAttributeAlias, IUAttributeDescription) VALUES ('Clas_1434446856192292UIPobCl_Auto', 'Clas_1434446856192292CjtoVis_AutoICtjoVis_2', 'Observacions', 'Observaciones', '');
INSERT INTO IUAttribute (idIU, idIUAttribute, IUAttributeName, IUAttributeAlias, IUAttributeDescription) VALUES ('Clas_1434446856192292UIPobCl_Auto', 'Clas_1434446856192292CjtoVis_AutoICtjoVis_3', 'EstadoAnterior', 'Estado anterior', '');
INSERT INTO IUAttribute (idIU, idIUAttribute, IUAttributeName, IUAttributeAlias, IUAttributeDescription) VALUES ('Clas_1434446856192292UIPobCl_Auto', 'Clas_1434446856192292CjtoVis_AutoICtjoVis_4', 'Fecha', 'Fecha', '');
INSERT INTO IUAttribute (idIU, idIUAttribute, IUAttributeName, IUAttributeAlias, IUAttributeDescription) VALUES ('Clas_1434446856192292UIPobCl_Auto', 'Clas_1434446856192292CjtoVis_AutoICtjoVis_5', 'EstadoNuevo', 'Estado nuevo', '');
INSERT INTO IUAction (idIU, idIUAction, IUActionName, IUActionAlias, IUActionDescription) VALUES ('Clas_1434446856192292UIPobCl_Auto', 'Clas_1434446856192292AccOfer_AutoElemAcc_1', 'SIUmodificar', 'Modificar observaciones', '');
INSERT INTO IUAction (idIU, idIUAction, IUActionName, IUActionAlias, IUActionDescription) VALUES ('Clas_1434446856192292UIPobCl_Auto', 'Clas_1434446856192292AccOfer_AutoElemAcc_2', '_Auto_', 'Observaciones', '');
INSERT INTO IUNavigation (idIU, idIUNavigation, IUNavigationName, IUNavigationAlias, IUNavigationDescription) VALUES ('Clas_1434446856192292UIPobCl_Auto', 'Clas_1434446856192292NavOfer_AutoElemNav_1', 'IIUDocumentoGMaestro', 'Detalles', '');
INSERT INTO IUNavigation (idIU, idIUNavigation, IUNavigationName, IUNavigationAlias, IUNavigationDescription) VALUES ('Clas_1434446856192292UIPobCl_Auto', 'Clas_1434446856192292NavOfer_AutoElemNav_2', '_Auto_', 'Usuario', '');

-- IIU: ObsEstado._Auto_
INSERT INTO IU (idIU, IUName, IUAlias, IUDescription, IUType) VALUES ('Clas_1434446856192292UIInst_1', '_Auto_', 'Observaciones', '', 'I');
INSERT INTO IUAction (idIU, idIUAction, IUActionName, IUActionAlias, IUActionDescription) VALUES ('Clas_1434446856192292UIInst_1', 'Clas_1434446856192292AccOfer_AutoElemAcc_1', 'SIUmodificar', 'Modificar observaciones', '');
INSERT INTO IUAction (idIU, idIUAction, IUActionName, IUActionAlias, IUActionDescription) VALUES ('Clas_1434446856192292UIInst_1', 'Clas_1434446856192292AccOfer_AutoElemAcc_2', '_Auto_', 'Observaciones', '');
INSERT INTO IUNavigation (idIU, idIUNavigation, IUNavigationName, IUNavigationAlias, IUNavigationDescription) VALUES ('Clas_1434446856192292UIInst_1', 'Clas_1434446856192292NavOfer_AutoElemNav_1', 'IIUDocumentoGMaestro', 'Detalles', '');
INSERT INTO IUNavigation (idIU, idIUNavigation, IUNavigationName, IUNavigationAlias, IUNavigationDescription) VALUES ('Clas_1434446856192292UIInst_1', 'Clas_1434446856192292NavOfer_AutoElemNav_2', '_Auto_', 'Usuario', '');

-- SIU: ObsEstado.SIUmodificar
INSERT INTO IU (idIU, IUName, IUAlias, IUDescription, IUType) VALUES ('Clas_1434446856192292Ser_3UIServ_2', 'SIUmodificar', 'Modificar observaciones', '', 'S');

---------------------------------------------
-- CLASS ErrorWS
---------------------------------------------
-- PIU: ErrorWS.PIUErrorWS
INSERT INTO IU (idIU, IUName, IUAlias, IUDescription, IUType) VALUES ('Clas_1434561806336515UIPobCl_1', 'PIUErrorWS', 'Ver errores', '', 'P');
INSERT INTO IUAttribute (idIU, idIUAttribute, IUAttributeName, IUAttributeAlias, IUAttributeDescription) VALUES ('Clas_1434561806336515UIPobCl_1', 'Clas_1434561806336515CjtoVis_1ICtjoVis_1', 'Descripcion', 'Descripción', '');

-- PIU: ErrorWS._Auto_
INSERT INTO IU (idIU, IUName, IUAlias, IUDescription, IUType) VALUES ('Clas_1434561806336515UIPobCl_Auto', '_Auto_', 'Error', '', 'P');
INSERT INTO IUAttribute (idIU, idIUAttribute, IUAttributeName, IUAttributeAlias, IUAttributeDescription) VALUES ('Clas_1434561806336515UIPobCl_Auto', 'Clas_1434561806336515CjtoVis_AutoICtjoVis_1', 'Identificador', 'Identificador', '');
INSERT INTO IUAttribute (idIU, idIUAttribute, IUAttributeName, IUAttributeAlias, IUAttributeDescription) VALUES ('Clas_1434561806336515UIPobCl_Auto', 'Clas_1434561806336515CjtoVis_AutoICtjoVis_2', 'Descripcion', 'Descripción', '');
INSERT INTO IUAction (idIU, idIUAction, IUActionName, IUActionAlias, IUActionDescription) VALUES ('Clas_1434561806336515UIPobCl_Auto', 'Clas_1434561806336515AccOfer_AutoElemAcc_1', 'SIUcrear', 'Crear', '');
INSERT INTO IUAction (idIU, idIUAction, IUActionName, IUActionAlias, IUActionDescription) VALUES ('Clas_1434561806336515UIPobCl_Auto', 'Clas_1434561806336515AccOfer_AutoElemAcc_2', 'SIUeliminar', 'Eliminar', '');
INSERT INTO IUAction (idIU, idIUAction, IUActionName, IUActionAlias, IUActionDescription) VALUES ('Clas_1434561806336515UIPobCl_Auto', 'Clas_1434561806336515AccOfer_AutoElemAcc_3', '_Auto_', 'Error', '');
INSERT INTO IUNavigation (idIU, idIUNavigation, IUNavigationName, IUNavigationAlias, IUNavigationDescription) VALUES ('Clas_1434561806336515UIPobCl_Auto', 'Clas_1434561806336515NavOfer_AutoElemNav_1', 'IIUSolicitudVacia', '', '');

-- IIU: ErrorWS._Auto_
INSERT INTO IU (idIU, IUName, IUAlias, IUDescription, IUType) VALUES ('Clas_1434561806336515UIInst_1', '_Auto_', 'Error', '', 'I');
INSERT INTO IUAction (idIU, idIUAction, IUActionName, IUActionAlias, IUActionDescription) VALUES ('Clas_1434561806336515UIInst_1', 'Clas_1434561806336515AccOfer_AutoElemAcc_1', 'SIUcrear', 'Crear', '');
INSERT INTO IUAction (idIU, idIUAction, IUActionName, IUActionAlias, IUActionDescription) VALUES ('Clas_1434561806336515UIInst_1', 'Clas_1434561806336515AccOfer_AutoElemAcc_2', 'SIUeliminar', 'Eliminar', '');
INSERT INTO IUAction (idIU, idIUAction, IUActionName, IUActionAlias, IUActionDescription) VALUES ('Clas_1434561806336515UIInst_1', 'Clas_1434561806336515AccOfer_AutoElemAcc_3', '_Auto_', 'Error', '');
INSERT INTO IUNavigation (idIU, idIUNavigation, IUNavigationName, IUNavigationAlias, IUNavigationDescription) VALUES ('Clas_1434561806336515UIInst_1', 'Clas_1434561806336515NavOfer_AutoElemNav_1', 'IIUSolicitudVacia', '', '');

-- SIU: ErrorWS.SIUcrear
INSERT INTO IU (idIU, IUName, IUAlias, IUDescription, IUType) VALUES ('Clas_1434561806336515Ser_1UIServ_2', 'SIUcrear', 'Crear', '', 'S');
-- SIU: ErrorWS.SIUeliminar
INSERT INTO IU (idIU, IUName, IUAlias, IUDescription, IUType) VALUES ('Clas_1434561806336515Ser_2UIServ_2', 'SIUeliminar', 'Eliminar', '', 'S');

---------------------------------------------
-- CLASS ParentescoDom
---------------------------------------------
-- PIU: ParentescoDom.PIUParentescoDom
INSERT INTO IU (idIU, IUName, IUAlias, IUDescription, IUType) VALUES ('Clas_1434710704128231UIPobCl_1', 'PIUParentescoDom', 'Parentescos', '', 'P');
INSERT INTO IUAttribute (idIU, idIUAttribute, IUAttributeName, IUAttributeAlias, IUAttributeDescription) VALUES ('Clas_1434710704128231UIPobCl_1', 'Clas_1434710704128231CjtoVis_1ICtjoVis_1', 'Parentesco.Descripcion', 'Parentesco', '');
INSERT INTO IUAttribute (idIU, idIUAttribute, IUAttributeName, IUAttributeAlias, IUAttributeDescription) VALUES ('Clas_1434710704128231UIPobCl_1', 'Clas_1434710704128231CjtoVis_1ICtjoVis_2', 'EdadMinimaA', 'Edad mínima (años)', '');
INSERT INTO IUAttribute (idIU, idIUAttribute, IUAttributeName, IUAttributeAlias, IUAttributeDescription) VALUES ('Clas_1434710704128231UIPobCl_1', 'Clas_1434710704128231CjtoVis_1ICtjoVis_3', 'EdadMaximaA', 'Edad máxima (años)', '');
INSERT INTO IUAttribute (idIU, idIUAttribute, IUAttributeName, IUAttributeAlias, IUAttributeDescription) VALUES ('Clas_1434710704128231UIPobCl_1', 'Clas_1434710704128231CjtoVis_1ICtjoVis_4', 'EdadMinimaD', 'Edad mínima (días)', '');
INSERT INTO IUAttribute (idIU, idIUAttribute, IUAttributeName, IUAttributeAlias, IUAttributeDescription) VALUES ('Clas_1434710704128231UIPobCl_1', 'Clas_1434710704128231CjtoVis_1ICtjoVis_5', 'EdadMaximaP', 'Edad máxima (permanencia)', '');
INSERT INTO IUAction (idIU, idIUAction, IUActionName, IUActionAlias, IUActionDescription) VALUES ('Clas_1434710704128231UIPobCl_1', 'Clas_1434710704128231AccOfer_1ElemAcc_1', 'SIUcrear', 'Añadir', '');
INSERT INTO IUAction (idIU, idIUAction, IUActionName, IUActionAlias, IUActionDescription) VALUES ('Clas_1434710704128231UIPobCl_1', 'Clas_1434710704128231AccOfer_1ElemAcc_2', 'SIUmodificar', 'Modificar', '');
INSERT INTO IUAction (idIU, idIUAction, IUActionName, IUActionAlias, IUActionDescription) VALUES ('Clas_1434710704128231UIPobCl_1', 'Clas_1434710704128231AccOfer_1ElemAcc_3', 'SIUeliminar', 'Eliminar', '');

-- PIU: ParentescoDom._Auto_
INSERT INTO IU (idIU, IUName, IUAlias, IUDescription, IUType) VALUES ('Clas_1434710704128231UIPobCl_Auto', '_Auto_', 'Parentesco dominio', '', 'P');
INSERT INTO IUAttribute (idIU, idIUAttribute, IUAttributeName, IUAttributeAlias, IUAttributeDescription) VALUES ('Clas_1434710704128231UIPobCl_Auto', 'Clas_1434710704128231CjtoVis_AutoICtjoVis_1', 'Identificador', 'Identificador', '');
INSERT INTO IUAttribute (idIU, idIUAttribute, IUAttributeName, IUAttributeAlias, IUAttributeDescription) VALUES ('Clas_1434710704128231UIPobCl_Auto', 'Clas_1434710704128231CjtoVis_AutoICtjoVis_2', 'EdadMinimaA', 'Edad mínima (años)', '');
INSERT INTO IUAttribute (idIU, idIUAttribute, IUAttributeName, IUAttributeAlias, IUAttributeDescription) VALUES ('Clas_1434710704128231UIPobCl_Auto', 'Clas_1434710704128231CjtoVis_AutoICtjoVis_3', 'EdadMaximaA', 'Edad máxima (años)', '');
INSERT INTO IUAttribute (idIU, idIUAttribute, IUAttributeName, IUAttributeAlias, IUAttributeDescription) VALUES ('Clas_1434710704128231UIPobCl_Auto', 'Clas_1434710704128231CjtoVis_AutoICtjoVis_4', 'EdadMinimaD', 'Edad mínima (días)', '');
INSERT INTO IUAttribute (idIU, idIUAttribute, IUAttributeName, IUAttributeAlias, IUAttributeDescription) VALUES ('Clas_1434710704128231UIPobCl_Auto', 'Clas_1434710704128231CjtoVis_AutoICtjoVis_5', 'EdadMaximaP', 'Edad máxima (permanencia)', '');
INSERT INTO IUAction (idIU, idIUAction, IUActionName, IUActionAlias, IUActionDescription) VALUES ('Clas_1434710704128231UIPobCl_Auto', 'Clas_1434710704128231AccOfer_AutoElemAcc_1', 'SIUcrear', 'Crear parentesco de dominio', '');
INSERT INTO IUAction (idIU, idIUAction, IUActionName, IUActionAlias, IUActionDescription) VALUES ('Clas_1434710704128231UIPobCl_Auto', 'Clas_1434710704128231AccOfer_AutoElemAcc_2', 'SIUeliminar', 'Eliminar parentesco de dominio', '');
INSERT INTO IUAction (idIU, idIUAction, IUActionName, IUActionAlias, IUActionDescription) VALUES ('Clas_1434710704128231UIPobCl_Auto', 'Clas_1434710704128231AccOfer_AutoElemAcc_3', 'SIUmodificar', 'Modificar parentesco de dominio', '');
INSERT INTO IUAction (idIU, idIUAction, IUActionName, IUActionAlias, IUActionDescription) VALUES ('Clas_1434710704128231UIPobCl_Auto', 'Clas_1434710704128231AccOfer_AutoElemAcc_4', '_Auto_', 'Parentesco dominio', '');
INSERT INTO IUNavigation (idIU, idIUNavigation, IUNavigationName, IUNavigationAlias, IUNavigationDescription) VALUES ('Clas_1434710704128231UIPobCl_Auto', 'Clas_1434710704128231NavOfer_AutoElemNav_1', 'IIUDominio', 'Dominio', '');
INSERT INTO IUNavigation (idIU, idIUNavigation, IUNavigationName, IUNavigationAlias, IUNavigationDescription) VALUES ('Clas_1434710704128231UIPobCl_Auto', 'Clas_1434710704128231NavOfer_AutoElemNav_2', '_Auto_', 'Parentesco', '');

-- IIU: ParentescoDom._Auto_
INSERT INTO IU (idIU, IUName, IUAlias, IUDescription, IUType) VALUES ('Clas_1434710704128231UIInst_1', '_Auto_', 'Parentesco dominio', '', 'I');
INSERT INTO IUAction (idIU, idIUAction, IUActionName, IUActionAlias, IUActionDescription) VALUES ('Clas_1434710704128231UIInst_1', 'Clas_1434710704128231AccOfer_AutoElemAcc_1', 'SIUcrear', 'Crear parentesco de dominio', '');
INSERT INTO IUAction (idIU, idIUAction, IUActionName, IUActionAlias, IUActionDescription) VALUES ('Clas_1434710704128231UIInst_1', 'Clas_1434710704128231AccOfer_AutoElemAcc_2', 'SIUeliminar', 'Eliminar parentesco de dominio', '');
INSERT INTO IUAction (idIU, idIUAction, IUActionName, IUActionAlias, IUActionDescription) VALUES ('Clas_1434710704128231UIInst_1', 'Clas_1434710704128231AccOfer_AutoElemAcc_3', 'SIUmodificar', 'Modificar parentesco de dominio', '');
INSERT INTO IUAction (idIU, idIUAction, IUActionName, IUActionAlias, IUActionDescription) VALUES ('Clas_1434710704128231UIInst_1', 'Clas_1434710704128231AccOfer_AutoElemAcc_4', '_Auto_', 'Parentesco dominio', '');
INSERT INTO IUNavigation (idIU, idIUNavigation, IUNavigationName, IUNavigationAlias, IUNavigationDescription) VALUES ('Clas_1434710704128231UIInst_1', 'Clas_1434710704128231NavOfer_AutoElemNav_1', 'IIUDominio', 'Dominio', '');
INSERT INTO IUNavigation (idIU, idIUNavigation, IUNavigationName, IUNavigationAlias, IUNavigationDescription) VALUES ('Clas_1434710704128231UIInst_1', 'Clas_1434710704128231NavOfer_AutoElemNav_2', '_Auto_', 'Parentesco', '');

-- SIU: ParentescoDom.SIUcrear
INSERT INTO IU (idIU, IUName, IUAlias, IUDescription, IUType) VALUES ('Clas_1434710704128231Ser_1UIServ_1', 'SIUcrear', 'Crear parentesco de dominio', '', 'S');
-- SIU: ParentescoDom.SIUeliminar
INSERT INTO IU (idIU, IUName, IUAlias, IUDescription, IUType) VALUES ('Clas_1434710704128231Ser_2UIServ_1', 'SIUeliminar', 'Eliminar parentesco de dominio', '', 'S');
-- SIU: ParentescoDom.SIUmodificar
INSERT INTO IU (idIU, IUName, IUAlias, IUDescription, IUType) VALUES ('Clas_1434710704128231Ser_3UIServ_1', 'SIUmodificar', 'Modificar parentesco de dominio', '', 'S');

---------------------------------------------
-- CLASS MarcaMedicaC
---------------------------------------------
-- PIU: MarcaMedicaC._Auto_
INSERT INTO IU (idIU, IUName, IUAlias, IUDescription, IUType) VALUES ('Clas_1437649993728493UIPobCl_Auto', '_Auto_', 'Márca Médica', '', 'P');
INSERT INTO IUAttribute (idIU, idIUAttribute, IUAttributeName, IUAttributeAlias, IUAttributeDescription) VALUES ('Clas_1437649993728493UIPobCl_Auto', 'Clas_1437649993728493CjtoVis_AutoICtjoVis_1', 'Codigo', 'Código', '');
INSERT INTO IUAttribute (idIU, idIUAttribute, IUAttributeName, IUAttributeAlias, IUAttributeDescription) VALUES ('Clas_1437649993728493UIPobCl_Auto', 'Clas_1437649993728493CjtoVis_AutoICtjoVis_2', 'Descripcion', 'Descripción', '');
INSERT INTO IUAttribute (idIU, idIUAttribute, IUAttributeName, IUAttributeAlias, IUAttributeDescription) VALUES ('Clas_1437649993728493UIPobCl_Auto', 'Clas_1437649993728493CjtoVis_AutoICtjoVis_3', 'TipoMarcacion', 'Tipo Marcación', '');
INSERT INTO IUAttribute (idIU, idIUAttribute, IUAttributeName, IUAttributeAlias, IUAttributeDescription) VALUES ('Clas_1437649993728493UIPobCl_Auto', 'Clas_1437649993728493CjtoVis_AutoICtjoVis_4', 'EximePagoPrestacion', 'Exime Pago Prestación', '');
INSERT INTO IUAttribute (idIU, idIUAttribute, IUAttributeName, IUAttributeAlias, IUAttributeDescription) VALUES ('Clas_1437649993728493UIPobCl_Auto', 'Clas_1437649993728493CjtoVis_AutoICtjoVis_5', 'EstadoMarcacionMedica', 'Estado Marcación Médica', '');
INSERT INTO IUAttribute (idIU, idIUAttribute, IUAttributeName, IUAttributeAlias, IUAttributeDescription) VALUES ('Clas_1437649993728493UIPobCl_Auto', 'Clas_1437649993728493CjtoVis_AutoICtjoVis_6', 'FechaInicio', 'Fecha Inicio', '');
INSERT INTO IUAttribute (idIU, idIUAttribute, IUAttributeName, IUAttributeAlias, IUAttributeDescription) VALUES ('Clas_1437649993728493UIPobCl_Auto', 'Clas_1437649993728493CjtoVis_AutoICtjoVis_7', 'FechaFin', 'Fecha Fin', '');
INSERT INTO IUAction (idIU, idIUAction, IUActionName, IUActionAlias, IUActionDescription) VALUES ('Clas_1437649993728493UIPobCl_Auto', 'Clas_1437649993728493AccOfer_AutoElemAcc_1', '_Auto_', 'Márca Médica', '');
INSERT INTO IUNavigation (idIU, idIUNavigation, IUNavigationName, IUNavigationAlias, IUNavigationDescription) VALUES ('Clas_1437649993728493UIPobCl_Auto', 'Clas_1437649993728493NavOfer_AutoElemNav_1', '_Auto_', 'Persona', '');
INSERT INTO IUNavigation (idIU, idIUNavigation, IUNavigationName, IUNavigationAlias, IUNavigationDescription) VALUES ('Clas_1437649993728493UIPobCl_Auto', 'Clas_1437649993728493NavOfer_AutoElemNav_2', '_Auto_', 'Producto', '');

-- IIU: MarcaMedicaC._Auto_
INSERT INTO IU (idIU, IUName, IUAlias, IUDescription, IUType) VALUES ('Clas_1437649993728493UIInst_0', '_Auto_', 'Márca Médica', '', 'I');
INSERT INTO IUAction (idIU, idIUAction, IUActionName, IUActionAlias, IUActionDescription) VALUES ('Clas_1437649993728493UIInst_0', 'Clas_1437649993728493AccOfer_AutoElemAcc_1', '_Auto_', 'Márca Médica', '');
INSERT INTO IUNavigation (idIU, idIUNavigation, IUNavigationName, IUNavigationAlias, IUNavigationDescription) VALUES ('Clas_1437649993728493UIInst_0', 'Clas_1437649993728493NavOfer_AutoElemNav_1', '_Auto_', 'Persona', '');
INSERT INTO IUNavigation (idIU, idIUNavigation, IUNavigationName, IUNavigationAlias, IUNavigationDescription) VALUES ('Clas_1437649993728493UIInst_0', 'Clas_1437649993728493NavOfer_AutoElemNav_2', '_Auto_', 'Producto', '');


---------------------------------------------
-- CLASS TipoSucursalC
---------------------------------------------
-- PIU: TipoSucursalC.PIUTipoSucursalC
INSERT INTO IU (idIU, IUName, IUAlias, IUDescription, IUType) VALUES ('Clas_1437649993728293UIPobCl_1', 'PIUTipoSucursalC', 'Tipos de Sucursal', '', 'P');
INSERT INTO IUAttribute (idIU, idIUAttribute, IUAttributeName, IUAttributeAlias, IUAttributeDescription) VALUES ('Clas_1437649993728293UIPobCl_1', 'Clas_1437649993728293CjtoVis_AutoICtjoVis_1', 'Codigo', 'Código', '');
INSERT INTO IUAttribute (idIU, idIUAttribute, IUAttributeName, IUAttributeAlias, IUAttributeDescription) VALUES ('Clas_1437649993728293UIPobCl_1', 'Clas_1437649993728293CjtoVis_AutoICtjoVis_2', 'Descripcion', 'Descripción', '');
INSERT INTO IUAction (idIU, idIUAction, IUActionName, IUActionAlias, IUActionDescription) VALUES ('Clas_1437649993728293UIPobCl_1', 'Clas_1437649993728293AccOfer_1ElemAcc_5', 'SIUcrear', 'Crear', '');
INSERT INTO IUAction (idIU, idIUAction, IUActionName, IUActionAlias, IUActionDescription) VALUES ('Clas_1437649993728293UIPobCl_1', 'Clas_1437649993728293AccOfer_1ElemAcc_4', 'SIUTGSINCTIPOSSUCURSAL', 'Sincronizar', '');
INSERT INTO IUAction (idIU, idIUAction, IUActionName, IUActionAlias, IUActionDescription) VALUES ('Clas_1437649993728293UIPobCl_1', 'Clas_1437649993728293AccOfer_1ElemAcc_6', 'SIUeliminar', 'Eliminar', '');

-- PIU: TipoSucursalC._Auto_
INSERT INTO IU (idIU, IUName, IUAlias, IUDescription, IUType) VALUES ('Clas_1437649993728293UIPobCl_Auto', '_Auto_', 'Tipo Sucursal', '', 'P');
INSERT INTO IUAttribute (idIU, idIUAttribute, IUAttributeName, IUAttributeAlias, IUAttributeDescription) VALUES ('Clas_1437649993728293UIPobCl_Auto', 'Clas_1437649993728293CjtoVis_AutoICtjoVis_1', 'Codigo', 'Código', '');
INSERT INTO IUAttribute (idIU, idIUAttribute, IUAttributeName, IUAttributeAlias, IUAttributeDescription) VALUES ('Clas_1437649993728293UIPobCl_Auto', 'Clas_1437649993728293CjtoVis_AutoICtjoVis_2', 'Descripcion', 'Descripción', '');
INSERT INTO IUAction (idIU, idIUAction, IUActionName, IUActionAlias, IUActionDescription) VALUES ('Clas_1437649993728293UIPobCl_Auto', 'Clas_1437649993728293AccOfer_AutoElemAcc_1', 'SIUcrear', 'Crear tipo de sucursal', '');
INSERT INTO IUAction (idIU, idIUAction, IUActionName, IUActionAlias, IUActionDescription) VALUES ('Clas_1437649993728293UIPobCl_Auto', 'Clas_1437649993728293AccOfer_AutoElemAcc_2', 'SIUeliminar', 'Eliminar tipo de sucursal', '');
INSERT INTO IUAction (idIU, idIUAction, IUActionName, IUActionAlias, IUActionDescription) VALUES ('Clas_1437649993728293UIPobCl_Auto', 'Clas_1437649993728293AccOfer_AutoElemAcc_3', 'SIUmodificar', 'Modificar', '');
INSERT INTO IUAction (idIU, idIUAction, IUActionName, IUActionAlias, IUActionDescription) VALUES ('Clas_1437649993728293UIPobCl_Auto', 'Clas_1437649993728293AccOfer_AutoElemAcc_4', 'SIUInsTiposSucursalC', 'InsTiposSucursalC', '');
INSERT INTO IUAction (idIU, idIUAction, IUActionName, IUActionAlias, IUActionDescription) VALUES ('Clas_1437649993728293UIPobCl_Auto', 'Clas_1437649993728293AccOfer_AutoElemAcc_5', 'SIUDelTiposSucursalC', 'DelTiposSucursalC', '');
INSERT INTO IUAction (idIU, idIUAction, IUActionName, IUActionAlias, IUActionDescription) VALUES ('Clas_1437649993728293UIPobCl_Auto', 'Clas_1437649993728293AccOfer_AutoElemAcc_6', '_Auto_', 'Tipo Sucursal', '');
INSERT INTO IUNavigation (idIU, idIUNavigation, IUNavigationName, IUNavigationAlias, IUNavigationDescription) VALUES ('Clas_1437649993728293UIPobCl_Auto', 'Clas_1437649993728293NavOfer_AutoElemNav_1', '_Auto_', 'Sucursal', '');

-- IIU: TipoSucursalC._Auto_
INSERT INTO IU (idIU, IUName, IUAlias, IUDescription, IUType) VALUES ('Clas_1437649993728293UIInst_1', '_Auto_', 'Tipo Sucursal', '', 'I');
INSERT INTO IUAction (idIU, idIUAction, IUActionName, IUActionAlias, IUActionDescription) VALUES ('Clas_1437649993728293UIInst_1', 'Clas_1437649993728293AccOfer_AutoElemAcc_1', 'SIUcrear', 'Crear tipo de sucursal', '');
INSERT INTO IUAction (idIU, idIUAction, IUActionName, IUActionAlias, IUActionDescription) VALUES ('Clas_1437649993728293UIInst_1', 'Clas_1437649993728293AccOfer_AutoElemAcc_2', 'SIUeliminar', 'Eliminar tipo de sucursal', '');
INSERT INTO IUAction (idIU, idIUAction, IUActionName, IUActionAlias, IUActionDescription) VALUES ('Clas_1437649993728293UIInst_1', 'Clas_1437649993728293AccOfer_AutoElemAcc_3', 'SIUmodificar', 'Modificar', '');
INSERT INTO IUAction (idIU, idIUAction, IUActionName, IUActionAlias, IUActionDescription) VALUES ('Clas_1437649993728293UIInst_1', 'Clas_1437649993728293AccOfer_AutoElemAcc_4', 'SIUInsTiposSucursalC', 'InsTiposSucursalC', '');
INSERT INTO IUAction (idIU, idIUAction, IUActionName, IUActionAlias, IUActionDescription) VALUES ('Clas_1437649993728293UIInst_1', 'Clas_1437649993728293AccOfer_AutoElemAcc_5', 'SIUDelTiposSucursalC', 'DelTiposSucursalC', '');
INSERT INTO IUAction (idIU, idIUAction, IUActionName, IUActionAlias, IUActionDescription) VALUES ('Clas_1437649993728293UIInst_1', 'Clas_1437649993728293AccOfer_AutoElemAcc_6', '_Auto_', 'Tipo Sucursal', '');
INSERT INTO IUNavigation (idIU, idIUNavigation, IUNavigationName, IUNavigationAlias, IUNavigationDescription) VALUES ('Clas_1437649993728293UIInst_1', 'Clas_1437649993728293NavOfer_AutoElemNav_1', '_Auto_', 'Sucursal', '');

-- SIU: TipoSucursalC.SIUcrear
INSERT INTO IU (idIU, IUName, IUAlias, IUDescription, IUType) VALUES ('Clas_1437649993728293Ser_1UIServ_1', 'SIUcrear', 'Crear tipo de sucursal', '', 'S');
-- SIU: TipoSucursalC.SIUeliminar
INSERT INTO IU (idIU, IUName, IUAlias, IUDescription, IUType) VALUES ('Clas_1437649993728293Ser_2UIServ_1', 'SIUeliminar', 'Eliminar tipo de sucursal', '', 'S');
-- SIU: TipoSucursalC.SIUmodificar
INSERT INTO IU (idIU, IUName, IUAlias, IUDescription, IUType) VALUES ('Clas_1437649993728293Ser_3UIServ_1', 'SIUmodificar', 'Modificar', '', 'S');
-- SIU: TipoSucursalC.SIUInsTiposSucursalC
INSERT INTO IU (idIU, IUName, IUAlias, IUDescription, IUType) VALUES ('Clas_1437649993728293Ser_4UIServ_1', 'SIUInsTiposSucursalC', 'InsTiposSucursalC', '', 'S');
-- SIU: TipoSucursalC.SIUDelTiposSucursalC
INSERT INTO IU (idIU, IUName, IUAlias, IUDescription, IUType) VALUES ('Clas_1437649993728293Ser_5UIServ_1', 'SIUDelTiposSucursalC', 'DelTiposSucursalC', '', 'S');

---------------------------------------------
-- CLASS ConceptoC
---------------------------------------------
-- PIU: ConceptoC._Auto_
INSERT INTO IU (idIU, IUName, IUAlias, IUDescription, IUType) VALUES ('Clas_1438353850368460UIPobCl_Auto', '_Auto_', 'Concepto', '', 'P');
INSERT INTO IUAttribute (idIU, idIUAttribute, IUAttributeName, IUAttributeAlias, IUAttributeDescription) VALUES ('Clas_1438353850368460UIPobCl_Auto', 'Clas_1438353850368460CjtoVis_AutoICtjoVis_1', 'IdConcepto', 'ID', '');
INSERT INTO IUAttribute (idIU, idIUAttribute, IUAttributeName, IUAttributeAlias, IUAttributeDescription) VALUES ('Clas_1438353850368460UIPobCl_Auto', 'Clas_1438353850368460CjtoVis_AutoICtjoVis_2', 'codConceptoContrato', 'Código', '');
INSERT INTO IUAttribute (idIU, idIUAttribute, IUAttributeName, IUAttributeAlias, IUAttributeDescription) VALUES ('Clas_1438353850368460UIPobCl_Auto', 'Clas_1438353850368460CjtoVis_AutoICtjoVis_3', 'nombreConcepto', 'Nombre', '');
INSERT INTO IUAttribute (idIU, idIUAttribute, IUAttributeName, IUAttributeAlias, IUAttributeDescription) VALUES ('Clas_1438353850368460UIPobCl_Auto', 'Clas_1438353850368460CjtoVis_AutoICtjoVis_4', 'porcentajeConcepto', 'Porcentaje', '');
INSERT INTO IUAttribute (idIU, idIUAttribute, IUAttributeName, IUAttributeAlias, IUAttributeDescription) VALUES ('Clas_1438353850368460UIPobCl_Auto', 'Clas_1438353850368460CjtoVis_AutoICtjoVis_5', 'valorConcepto', 'Valor', '');
INSERT INTO IUAction (idIU, idIUAction, IUActionName, IUActionAlias, IUActionDescription) VALUES ('Clas_1438353850368460UIPobCl_Auto', 'Clas_1438353850368460AccOfer_AutoElemAcc_1', 'SIUeliminar', 'Eliminar', '');
INSERT INTO IUAction (idIU, idIUAction, IUActionName, IUActionAlias, IUActionDescription) VALUES ('Clas_1438353850368460UIPobCl_Auto', 'Clas_1438353850368460AccOfer_AutoElemAcc_2', '_Auto_', 'Concepto', '');
INSERT INTO IUNavigation (idIU, idIUNavigation, IUNavigationName, IUNavigationAlias, IUNavigationDescription) VALUES ('Clas_1438353850368460UIPobCl_Auto', 'Clas_1438353850368460NavOfer_AutoElemNav_1', '_Auto_', 'Beneficiario', '');

-- IIU: ConceptoC._Auto_
INSERT INTO IU (idIU, IUName, IUAlias, IUDescription, IUType) VALUES ('Clas_1438353850368460UIInst_0', '_Auto_', 'Concepto', '', 'I');
INSERT INTO IUAction (idIU, idIUAction, IUActionName, IUActionAlias, IUActionDescription) VALUES ('Clas_1438353850368460UIInst_0', 'Clas_1438353850368460AccOfer_AutoElemAcc_1', 'SIUeliminar', 'Eliminar', '');
INSERT INTO IUAction (idIU, idIUAction, IUActionName, IUActionAlias, IUActionDescription) VALUES ('Clas_1438353850368460UIInst_0', 'Clas_1438353850368460AccOfer_AutoElemAcc_2', '_Auto_', 'Concepto', '');
INSERT INTO IUNavigation (idIU, idIUNavigation, IUNavigationName, IUNavigationAlias, IUNavigationDescription) VALUES ('Clas_1438353850368460UIInst_0', 'Clas_1438353850368460NavOfer_AutoElemNav_1', '_Auto_', 'Beneficiario', '');

-- SIU: ConceptoC.SIUeliminar
INSERT INTO IU (idIU, IUName, IUAlias, IUDescription, IUType) VALUES ('Clas_1438353850368460Ser_2UIServ_2', 'SIUeliminar', 'Eliminar', '', 'S');

---------------------------------------------
-- CLASS Anonimo
---------------------------------------------
-- PIU: Anonimo._Auto_
INSERT INTO IU (idIU, IUName, IUAlias, IUDescription, IUType) VALUES ('Clas_1439802195968917UIPobCl_Auto', '_Auto_', 'Anonimo', '', 'P');

-- IIU: Anonimo._Auto_
INSERT INTO IU (idIU, IUName, IUAlias, IUDescription, IUType) VALUES ('Clas_1439802195968917UIInst_0', '_Auto_', 'Anonimo', '', 'I');


---------------------------------------------
-- CLASS DetalleTarifa
---------------------------------------------
-- PIU: DetalleTarifa.PIUDetallesTarifa
INSERT INTO IU (idIU, IUName, IUAlias, IUDescription, IUType) VALUES ('Clas_1445859950592289UIPobCl_1', 'PIUDetallesTarifa', 'Detalles de Tarifa', '', 'P');
INSERT INTO IUAttribute (idIU, idIUAttribute, IUAttributeName, IUAttributeAlias, IUAttributeDescription) VALUES ('Clas_1445859950592289UIPobCl_1', 'Clas_1445859950592289CjtoVis_1ICtjoVis_1', 'Anyo', 'Año', '');
INSERT INTO IUAttribute (idIU, idIUAttribute, IUAttributeName, IUAttributeAlias, IUAttributeDescription) VALUES ('Clas_1445859950592289UIPobCl_1', 'Clas_1445859950592289CjtoVis_1ICtjoVis_2', 'LimInferiorEdad', 'Lim. inferior edad', '');
INSERT INTO IUAttribute (idIU, idIUAttribute, IUAttributeName, IUAttributeAlias, IUAttributeDescription) VALUES ('Clas_1445859950592289UIPobCl_1', 'Clas_1445859950592289CjtoVis_1ICtjoVis_3', 'LimSuperiorEdad', 'Lim. superior edad', '');
INSERT INTO IUAttribute (idIU, idIUAttribute, IUAttributeName, IUAttributeAlias, IUAttributeDescription) VALUES ('Clas_1445859950592289UIPobCl_1', 'Clas_1445859950592289CjtoVis_1ICtjoVis_4', 'Valor', 'Valor', '');
INSERT INTO IUAction (idIU, idIUAction, IUActionName, IUActionAlias, IUActionDescription) VALUES ('Clas_1445859950592289UIPobCl_1', 'Clas_1445859950592289AccOfer_1ElemAcc_1', 'SIUTCREAR', 'Crear', '');
INSERT INTO IUAction (idIU, idIUAction, IUActionName, IUActionAlias, IUActionDescription) VALUES ('Clas_1445859950592289UIPobCl_1', 'Clas_1445859950592289AccOfer_1ElemAcc_2', 'SIUTMODIFICAR', 'Modificar', '');
INSERT INTO IUAction (idIU, idIUAction, IUActionName, IUActionAlias, IUActionDescription) VALUES ('Clas_1445859950592289UIPobCl_1', 'Clas_1445859950592289AccOfer_1ElemAcc_3', 'SIUTELIMINAR', 'Eliminar', '');

-- PIU: DetalleTarifa._Auto_
INSERT INTO IU (idIU, IUName, IUAlias, IUDescription, IUType) VALUES ('Clas_1445859950592289UIPobCl_Auto', '_Auto_', 'Detalle de Tarifa', '', 'P');
INSERT INTO IUAttribute (idIU, idIUAttribute, IUAttributeName, IUAttributeAlias, IUAttributeDescription) VALUES ('Clas_1445859950592289UIPobCl_Auto', 'Clas_1445859950592289CjtoVis_AutoICtjoVis_1', 'idDetalleTarifa', 'ID', '');
INSERT INTO IUAttribute (idIU, idIUAttribute, IUAttributeName, IUAttributeAlias, IUAttributeDescription) VALUES ('Clas_1445859950592289UIPobCl_Auto', 'Clas_1445859950592289CjtoVis_AutoICtjoVis_2', 'Anyo', 'Año', '');
INSERT INTO IUAttribute (idIU, idIUAttribute, IUAttributeName, IUAttributeAlias, IUAttributeDescription) VALUES ('Clas_1445859950592289UIPobCl_Auto', 'Clas_1445859950592289CjtoVis_AutoICtjoVis_3', 'LimInferiorEdad', 'Lim. inferior edad', '');
INSERT INTO IUAttribute (idIU, idIUAttribute, IUAttributeName, IUAttributeAlias, IUAttributeDescription) VALUES ('Clas_1445859950592289UIPobCl_Auto', 'Clas_1445859950592289CjtoVis_AutoICtjoVis_4', 'LimSuperiorEdad', 'Lim. superior edad', '');
INSERT INTO IUAttribute (idIU, idIUAttribute, IUAttributeName, IUAttributeAlias, IUAttributeDescription) VALUES ('Clas_1445859950592289UIPobCl_Auto', 'Clas_1445859950592289CjtoVis_AutoICtjoVis_5', 'Valor', 'Valor', '');
INSERT INTO IUAction (idIU, idIUAction, IUActionName, IUActionAlias, IUActionDescription) VALUES ('Clas_1445859950592289UIPobCl_Auto', 'Clas_1445859950592289AccOfer_AutoElemAcc_1', 'SIUTCREAR', 'Crear Detalle de Tarifa', '');
INSERT INTO IUAction (idIU, idIUAction, IUActionName, IUActionAlias, IUActionDescription) VALUES ('Clas_1445859950592289UIPobCl_Auto', 'Clas_1445859950592289AccOfer_AutoElemAcc_2', 'SIUTMODIFICAR', 'Modificar Detalle de Tarifa', '');
INSERT INTO IUAction (idIU, idIUAction, IUActionName, IUActionAlias, IUActionDescription) VALUES ('Clas_1445859950592289UIPobCl_Auto', 'Clas_1445859950592289AccOfer_AutoElemAcc_3', 'SIUTELIMINAR', 'Eliminar Detalle de Tarifa', '');
INSERT INTO IUAction (idIU, idIUAction, IUActionName, IUActionAlias, IUActionDescription) VALUES ('Clas_1445859950592289UIPobCl_Auto', 'Clas_1445859950592289AccOfer_AutoElemAcc_4', '_Auto_', 'Detalle de Tarifa', '');
INSERT INTO IUNavigation (idIU, idIUNavigation, IUNavigationName, IUNavigationAlias, IUNavigationDescription) VALUES ('Clas_1445859950592289UIPobCl_Auto', 'Clas_1445859950592289NavOfer_AutoElemNav_1', '_Auto_', 'Tarifa', '');

-- IIU: DetalleTarifa._Auto_
INSERT INTO IU (idIU, IUName, IUAlias, IUDescription, IUType) VALUES ('Clas_1445859950592289UIInst_1', '_Auto_', 'Detalle de Tarifa', '', 'I');
INSERT INTO IUAction (idIU, idIUAction, IUActionName, IUActionAlias, IUActionDescription) VALUES ('Clas_1445859950592289UIInst_1', 'Clas_1445859950592289AccOfer_AutoElemAcc_1', 'SIUTCREAR', 'Crear Detalle de Tarifa', '');
INSERT INTO IUAction (idIU, idIUAction, IUActionName, IUActionAlias, IUActionDescription) VALUES ('Clas_1445859950592289UIInst_1', 'Clas_1445859950592289AccOfer_AutoElemAcc_2', 'SIUTMODIFICAR', 'Modificar Detalle de Tarifa', '');
INSERT INTO IUAction (idIU, idIUAction, IUActionName, IUActionAlias, IUActionDescription) VALUES ('Clas_1445859950592289UIInst_1', 'Clas_1445859950592289AccOfer_AutoElemAcc_3', 'SIUTELIMINAR', 'Eliminar Detalle de Tarifa', '');
INSERT INTO IUAction (idIU, idIUAction, IUActionName, IUActionAlias, IUActionDescription) VALUES ('Clas_1445859950592289UIInst_1', 'Clas_1445859950592289AccOfer_AutoElemAcc_4', '_Auto_', 'Detalle de Tarifa', '');
INSERT INTO IUNavigation (idIU, idIUNavigation, IUNavigationName, IUNavigationAlias, IUNavigationDescription) VALUES ('Clas_1445859950592289UIInst_1', 'Clas_1445859950592289NavOfer_AutoElemNav_1', '_Auto_', 'Tarifa', '');

-- SIU: DetalleTarifa.SIUTCREAR
INSERT INTO IU (idIU, IUName, IUAlias, IUDescription, IUType) VALUES ('Clas_1445859950592289Ser_4UIServ_1', 'SIUTCREAR', 'Crear Detalle de Tarifa', '', 'S');
-- SIU: DetalleTarifa.SIUTMODIFICAR
INSERT INTO IU (idIU, IUName, IUAlias, IUDescription, IUType) VALUES ('Clas_1445859950592289Ser_5UIServ_1', 'SIUTMODIFICAR', 'Modificar Detalle de Tarifa', '', 'S');
-- SIU: DetalleTarifa.SIUTELIMINAR
INSERT INTO IU (idIU, IUName, IUAlias, IUDescription, IUType) VALUES ('Clas_1445859950592289Ser_6UIServ_1', 'SIUTELIMINAR', 'Eliminar Detalle de Tarifa', '', 'S');

---------------------------------------------
-- CLASS XClass
---------------------------------------------
-- PIU: XClass._Auto_
INSERT INTO IU (idIU, IUName, IUAlias, IUDescription, IUType) VALUES ('Clas_1458206408704152UIPobCl_Auto', '_Auto_', 'Clase', '', 'P');
INSERT INTO IUAttribute (idIU, idIUAttribute, IUAttributeName, IUAttributeAlias, IUAttributeDescription) VALUES ('Clas_1458206408704152UIPobCl_Auto', 'Clas_1458206408704152CjtoVis_AutoICtjoVis_1', 'xcodigo', 'Codigo', '');
INSERT INTO IUAttribute (idIU, idIUAttribute, IUAttributeName, IUAttributeAlias, IUAttributeDescription) VALUES ('Clas_1458206408704152UIPobCl_Auto', 'Clas_1458206408704152CjtoVis_AutoICtjoVis_2', 'xdescripcion', 'Descripción', '');
INSERT INTO IUAction (idIU, idIUAction, IUActionName, IUActionAlias, IUActionDescription) VALUES ('Clas_1458206408704152UIPobCl_Auto', 'Clas_1458206408704152AccOfer_AutoElemAcc_1', '_Auto_', 'Clase', '');

-- IIU: XClass._Auto_
INSERT INTO IU (idIU, IUName, IUAlias, IUDescription, IUType) VALUES ('Clas_1458206408704152UIInst_0', '_Auto_', 'Clase', '', 'I');
INSERT INTO IUAction (idIU, idIUAction, IUActionName, IUActionAlias, IUActionDescription) VALUES ('Clas_1458206408704152UIInst_0', 'Clas_1458206408704152AccOfer_AutoElemAcc_1', '_Auto_', 'Clase', '');


---------------------------------------------
-- CLASS AgentexProducto
---------------------------------------------
-- PIU: AgentexProducto.PIUAgentexProducto
INSERT INTO IU (idIU, IUName, IUAlias, IUDescription, IUType) VALUES ('Clas_1460560723968553UIPobCl_1', 'PIUAgentexProducto', 'Productos del asesor', '', 'P');
INSERT INTO IUAttribute (idIU, idIUAttribute, IUAttributeName, IUAttributeAlias, IUAttributeDescription) VALUES ('Clas_1460560723968553UIPobCl_1', 'Clas_1460560723968553CjtoVis_2ICtjoVis_2', 'ProductoT.CodigoLegal', 'Producto', '');
INSERT INTO IUAttribute (idIU, idIUAttribute, IUAttributeName, IUAttributeAlias, IUAttributeDescription) VALUES ('Clas_1460560723968553UIPobCl_1', 'Clas_1460560723968553CjtoVis_2ICtjoVis_3', 'ProductoT.Descripcion', 'Nombre', '');
INSERT INTO IUAttribute (idIU, idIUAttribute, IUAttributeName, IUAttributeAlias, IUAttributeDescription) VALUES ('Clas_1460560723968553UIPobCl_1', 'Clas_1460560723968553CjtoVis_2ICtjoVis_4', 'FechaInicio', 'Fecha Inicio', '');
INSERT INTO IUAttribute (idIU, idIUAttribute, IUAttributeName, IUAttributeAlias, IUAttributeDescription) VALUES ('Clas_1460560723968553UIPobCl_1', 'Clas_1460560723968553CjtoVis_2ICtjoVis_5', 'FechaFin', 'Fecha Fin', '');
INSERT INTO IUAttribute (idIU, idIUAttribute, IUAttributeName, IUAttributeAlias, IUAttributeDescription) VALUES ('Clas_1460560723968553UIPobCl_1', 'Clas_1460560723968553CjtoVis_2ICtjoVis_6', 'TodosDominios', 'Todos Dominios', '');
INSERT INTO IUAction (idIU, idIUAction, IUActionName, IUActionAlias, IUActionDescription) VALUES ('Clas_1460560723968553UIPobCl_1', 'Clas_1460560723968553AccOfer_1ElemAcc_3', 'SIUTCREAR', 'Crear', '');
INSERT INTO IUAction (idIU, idIUAction, IUActionName, IUActionAlias, IUActionDescription) VALUES ('Clas_1460560723968553UIPobCl_1', 'Clas_1460560723968553AccOfer_1ElemAcc_2', 'SIUeliminar', 'Eliminar', '');

-- PIU: AgentexProducto._Auto_
INSERT INTO IU (idIU, IUName, IUAlias, IUDescription, IUType) VALUES ('Clas_1460560723968553UIPobCl_Auto', '_Auto_', 'Agente x Producto', '', 'P');
INSERT INTO IUAttribute (idIU, idIUAttribute, IUAttributeName, IUAttributeAlias, IUAttributeDescription) VALUES ('Clas_1460560723968553UIPobCl_Auto', 'Clas_1460560723968553CjtoVis_AutoICtjoVis_1', 'Codigo', 'Código', '');
INSERT INTO IUAttribute (idIU, idIUAttribute, IUAttributeName, IUAttributeAlias, IUAttributeDescription) VALUES ('Clas_1460560723968553UIPobCl_Auto', 'Clas_1460560723968553CjtoVis_AutoICtjoVis_2', 'FechaInicio', 'Fecha Inicio', '');
INSERT INTO IUAttribute (idIU, idIUAttribute, IUAttributeName, IUAttributeAlias, IUAttributeDescription) VALUES ('Clas_1460560723968553UIPobCl_Auto', 'Clas_1460560723968553CjtoVis_AutoICtjoVis_3', 'FechaFin', 'Fecha Fin', '');
INSERT INTO IUAttribute (idIU, idIUAttribute, IUAttributeName, IUAttributeAlias, IUAttributeDescription) VALUES ('Clas_1460560723968553UIPobCl_Auto', 'Clas_1460560723968553CjtoVis_AutoICtjoVis_4', 'drvVigente', 'Vigente', '');
INSERT INTO IUAttribute (idIU, idIUAttribute, IUAttributeName, IUAttributeAlias, IUAttributeDescription) VALUES ('Clas_1460560723968553UIPobCl_Auto', 'Clas_1460560723968553CjtoVis_AutoICtjoVis_5', 'Id', 'Id.', '');
INSERT INTO IUAttribute (idIU, idIUAttribute, IUAttributeName, IUAttributeAlias, IUAttributeDescription) VALUES ('Clas_1460560723968553UIPobCl_Auto', 'Clas_1460560723968553CjtoVis_AutoICtjoVis_6', 'TodosDominios', 'Todos Dominios', '');
INSERT INTO IUAction (idIU, idIUAction, IUActionName, IUActionAlias, IUActionDescription) VALUES ('Clas_1460560723968553UIPobCl_Auto', 'Clas_1460560723968553AccOfer_AutoElemAcc_1', 'SIUeliminar', 'Eliminar', '');
INSERT INTO IUAction (idIU, idIUAction, IUActionName, IUActionAlias, IUActionDescription) VALUES ('Clas_1460560723968553UIPobCl_Auto', 'Clas_1460560723968553AccOfer_AutoElemAcc_2', 'SIUTCREAR', 'Crear', '');
INSERT INTO IUAction (idIU, idIUAction, IUActionName, IUActionAlias, IUActionDescription) VALUES ('Clas_1460560723968553UIPobCl_Auto', 'Clas_1460560723968553AccOfer_AutoElemAcc_3', 'SIUTADDDOMINIO', 'Añadir Dominio', '');
INSERT INTO IUAction (idIU, idIUAction, IUActionName, IUActionAlias, IUActionDescription) VALUES ('Clas_1460560723968553UIPobCl_Auto', 'Clas_1460560723968553AccOfer_AutoElemAcc_4', 'SIUTDELDOMINIO', 'Quitar Dominio', '');
INSERT INTO IUAction (idIU, idIUAction, IUActionName, IUActionAlias, IUActionDescription) VALUES ('Clas_1460560723968553UIPobCl_Auto', 'Clas_1460560723968553AccOfer_AutoElemAcc_5', '_Auto_', 'Agente x Producto', '');
INSERT INTO IUAction (idIU, idIUAction, IUActionName, IUActionAlias, IUActionDescription) VALUES ('Clas_1460560723968553UIPobCl_Auto', 'Clas_1460560723968553AccOfer_AutoElemAcc_6', 'MDIUAgentexProducto', 'Productos del asesor', '');
INSERT INTO IUNavigation (idIU, idIUNavigation, IUNavigationName, IUNavigationAlias, IUNavigationDescription) VALUES ('Clas_1460560723968553UIPobCl_Auto', 'Clas_1460560723968553NavOfer_AutoElemNav_1', '_Auto_', 'Producto', '');
INSERT INTO IUNavigation (idIU, idIUNavigation, IUNavigationName, IUNavigationAlias, IUNavigationDescription) VALUES ('Clas_1460560723968553UIPobCl_Auto', 'Clas_1460560723968553NavOfer_AutoElemNav_2', 'IIUAsesor', 'Asesor jefe', '');
INSERT INTO IUNavigation (idIU, idIUNavigation, IUNavigationName, IUNavigationAlias, IUNavigationDescription) VALUES ('Clas_1460560723968553UIPobCl_Auto', 'Clas_1460560723968553NavOfer_AutoElemNav_3', 'PIUDominioObs', 'Dominios', '');

-- IIU: AgentexProducto._Auto_
INSERT INTO IU (idIU, IUName, IUAlias, IUDescription, IUType) VALUES ('Clas_1460560723968553UIInst_2', '_Auto_', 'Agente x Producto', '', 'I');
INSERT INTO IUAction (idIU, idIUAction, IUActionName, IUActionAlias, IUActionDescription) VALUES ('Clas_1460560723968553UIInst_2', 'Clas_1460560723968553AccOfer_AutoElemAcc_1', 'SIUeliminar', 'Eliminar', '');
INSERT INTO IUAction (idIU, idIUAction, IUActionName, IUActionAlias, IUActionDescription) VALUES ('Clas_1460560723968553UIInst_2', 'Clas_1460560723968553AccOfer_AutoElemAcc_2', 'SIUTCREAR', 'Crear', '');
INSERT INTO IUAction (idIU, idIUAction, IUActionName, IUActionAlias, IUActionDescription) VALUES ('Clas_1460560723968553UIInst_2', 'Clas_1460560723968553AccOfer_AutoElemAcc_3', 'SIUTADDDOMINIO', 'Añadir Dominio', '');
INSERT INTO IUAction (idIU, idIUAction, IUActionName, IUActionAlias, IUActionDescription) VALUES ('Clas_1460560723968553UIInst_2', 'Clas_1460560723968553AccOfer_AutoElemAcc_4', 'SIUTDELDOMINIO', 'Quitar Dominio', '');
INSERT INTO IUAction (idIU, idIUAction, IUActionName, IUActionAlias, IUActionDescription) VALUES ('Clas_1460560723968553UIInst_2', 'Clas_1460560723968553AccOfer_AutoElemAcc_5', '_Auto_', 'Agente x Producto', '');
INSERT INTO IUAction (idIU, idIUAction, IUActionName, IUActionAlias, IUActionDescription) VALUES ('Clas_1460560723968553UIInst_2', 'Clas_1460560723968553AccOfer_AutoElemAcc_6', 'MDIUAgentexProducto', 'Productos del asesor', '');
INSERT INTO IUNavigation (idIU, idIUNavigation, IUNavigationName, IUNavigationAlias, IUNavigationDescription) VALUES ('Clas_1460560723968553UIInst_2', 'Clas_1460560723968553NavOfer_AutoElemNav_1', '_Auto_', 'Producto', '');
INSERT INTO IUNavigation (idIU, idIUNavigation, IUNavigationName, IUNavigationAlias, IUNavigationDescription) VALUES ('Clas_1460560723968553UIInst_2', 'Clas_1460560723968553NavOfer_AutoElemNav_2', 'IIUAsesor', 'Asesor jefe', '');
INSERT INTO IUNavigation (idIU, idIUNavigation, IUNavigationName, IUNavigationAlias, IUNavigationDescription) VALUES ('Clas_1460560723968553UIInst_2', 'Clas_1460560723968553NavOfer_AutoElemNav_3', 'PIUDominioObs', 'Dominios', '');

-- MDIU: AgentexProducto.MDIUAgentexProducto
INSERT INTO IU (idIU, IUName, IUAlias, IUDescription, IUType) VALUES ('Clas_1460560723968553UIMaDet_1', 'MDIUAgentexProducto', 'Productos del asesor', '', 'M');
INSERT INTO IUDetail (idIU, idIUDetail, IUDetailName, IUDetailAlias, IUDetailDescription) VALUES ('Clas_1460560723968553UIMaDet_1', 'Clas_1460560723968553UIMaDet_1Det_1', 'PIUDominiosPorAsesor', 'Dominios', '');
-- SIU: AgentexProducto.SIUeliminar
INSERT INTO IU (idIU, IUName, IUAlias, IUDescription, IUType) VALUES ('Clas_1460560723968553Ser_2UIServ_2', 'SIUeliminar', 'Eliminar', '', 'S');
-- SIU: AgentexProducto.SIUTCREAR
INSERT INTO IU (idIU, IUName, IUAlias, IUDescription, IUType) VALUES ('Clas_1460560723968553Ser_8UIServ_1', 'SIUTCREAR', 'Crear', '', 'S');
-- SIU: AgentexProducto.SIUTADDDOMINIO
INSERT INTO IU (idIU, IUName, IUAlias, IUDescription, IUType) VALUES ('Clas_1460560723968553Ser_11UIServ_1', 'SIUTADDDOMINIO', 'Añadir Dominio', '', 'S');
-- SIU: AgentexProducto.SIUTDELDOMINIO
INSERT INTO IU (idIU, IUName, IUAlias, IUDescription, IUType) VALUES ('Clas_1460560723968553Ser_12UIServ_1', 'SIUTDELDOMINIO', 'Quitar Dominio', '', 'S');

---------------------------------------------
-- CLASS InstitucionMatNeo
---------------------------------------------
-- PIU: InstitucionMatNeo.PIUInstitucionMatNeo
INSERT INTO IU (idIU, IUName, IUAlias, IUDescription, IUType) VALUES ('Clas_1463993499648846UIPobCl_1', 'PIUInstitucionMatNeo', 'Instituciones Maternal/Neonatal', '', 'P');
INSERT INTO IUAttribute (idIU, idIUAttribute, IUAttributeName, IUAttributeAlias, IUAttributeDescription) VALUES ('Clas_1463993499648846UIPobCl_1', 'Clas_1463993499648846CjtoVis_1ICtjoVis_1', 'Tarifa.ProductoT.Descripcion', 'Producto', '');
INSERT INTO IUAttribute (idIU, idIUAttribute, IUAttributeName, IUAttributeAlias, IUAttributeDescription) VALUES ('Clas_1463993499648846UIPobCl_1', 'Clas_1463993499648846CjtoVis_1ICtjoVis_2', 'Tarifa.Codigo', 'Tarifa', '');
INSERT INTO IUAttribute (idIU, idIUAttribute, IUAttributeName, IUAttributeAlias, IUAttributeDescription) VALUES ('Clas_1463993499648846UIPobCl_1', 'Clas_1463993499648846CjtoVis_1ICtjoVis_3', 'Codigo', 'Código', '');
INSERT INTO IUAttribute (idIU, idIUAttribute, IUAttributeName, IUAttributeAlias, IUAttributeDescription) VALUES ('Clas_1463993499648846UIPobCl_1', 'Clas_1463993499648846CjtoVis_1ICtjoVis_4', 'TipoIdentificacion.NombreCorto', 'Tipo Doc.', '');
INSERT INTO IUAttribute (idIU, idIUAttribute, IUAttributeName, IUAttributeAlias, IUAttributeDescription) VALUES ('Clas_1463993499648846UIPobCl_1', 'Clas_1463993499648846CjtoVis_1ICtjoVis_5', 'NumIdentificacion', 'Nº Identificación', '');
INSERT INTO IUAttribute (idIU, idIUAttribute, IUAttributeName, IUAttributeAlias, IUAttributeDescription) VALUES ('Clas_1463993499648846UIPobCl_1', 'Clas_1463993499648846CjtoVis_1ICtjoVis_6', 'Nombre', 'Nombre de la Sucursal', '');
INSERT INTO IUAttribute (idIU, idIUAttribute, IUAttributeName, IUAttributeAlias, IUAttributeDescription) VALUES ('Clas_1463993499648846UIPobCl_1', 'Clas_1463993499648846CjtoVis_1ICtjoVis_7', 'ParaMaternidad', 'Maternidad', '');
INSERT INTO IUAttribute (idIU, idIUAttribute, IUAttributeName, IUAttributeAlias, IUAttributeDescription) VALUES ('Clas_1463993499648846UIPobCl_1', 'Clas_1463993499648846CjtoVis_1ICtjoVis_8', 'ParaNeonatal', 'Neonatal', '');
INSERT INTO IUAttribute (idIU, idIUAttribute, IUAttributeName, IUAttributeAlias, IUAttributeDescription) VALUES ('Clas_1463993499648846UIPobCl_1', 'Clas_1463993499648846CjtoVis_1ICtjoVis_9', 'FechaInicial', 'Fecha inicial', '');
INSERT INTO IUAttribute (idIU, idIUAttribute, IUAttributeName, IUAttributeAlias, IUAttributeDescription) VALUES ('Clas_1463993499648846UIPobCl_1', 'Clas_1463993499648846CjtoVis_1ICtjoVis_10', 'FechaFinal', 'Fecha final', '');
INSERT INTO IUAction (idIU, idIUAction, IUActionName, IUActionAlias, IUActionDescription) VALUES ('Clas_1463993499648846UIPobCl_1', 'Clas_1463993499648846AccOfer_1ElemAcc_1', 'SIUcrear', 'Crear', '');
INSERT INTO IUAction (idIU, idIUAction, IUActionName, IUActionAlias, IUActionDescription) VALUES ('Clas_1463993499648846UIPobCl_1', 'Clas_1463993499648846AccOfer_1ElemAcc_3', 'SIUTMODIFICAR', 'Modificar', '');
INSERT INTO IUAction (idIU, idIUAction, IUActionName, IUActionAlias, IUActionDescription) VALUES ('Clas_1463993499648846UIPobCl_1', 'Clas_1463993499648846AccOfer_1ElemAcc_2', 'SIUeliminar', 'Eliminar', '');

-- PIU: InstitucionMatNeo._Auto_
INSERT INTO IU (idIU, IUName, IUAlias, IUDescription, IUType) VALUES ('Clas_1463993499648846UIPobCl_Auto', '_Auto_', 'Institución Maternal/Neonatal', '', 'P');
INSERT INTO IUAttribute (idIU, idIUAttribute, IUAttributeName, IUAttributeAlias, IUAttributeDescription) VALUES ('Clas_1463993499648846UIPobCl_Auto', 'Clas_1463993499648846CjtoVis_AutoICtjoVis_1', 'Codigo', 'Código', '');
INSERT INTO IUAttribute (idIU, idIUAttribute, IUAttributeName, IUAttributeAlias, IUAttributeDescription) VALUES ('Clas_1463993499648846UIPobCl_Auto', 'Clas_1463993499648846CjtoVis_AutoICtjoVis_2', 'NumIdentificacion', 'Nº Identificación', '');
INSERT INTO IUAttribute (idIU, idIUAttribute, IUAttributeName, IUAttributeAlias, IUAttributeDescription) VALUES ('Clas_1463993499648846UIPobCl_Auto', 'Clas_1463993499648846CjtoVis_AutoICtjoVis_3', 'Nombre', 'Nombre de la Sucursal', '');
INSERT INTO IUAttribute (idIU, idIUAttribute, IUAttributeName, IUAttributeAlias, IUAttributeDescription) VALUES ('Clas_1463993499648846UIPobCl_Auto', 'Clas_1463993499648846CjtoVis_AutoICtjoVis_4', 'ParaMaternidad', 'Maternidad', '');
INSERT INTO IUAttribute (idIU, idIUAttribute, IUAttributeName, IUAttributeAlias, IUAttributeDescription) VALUES ('Clas_1463993499648846UIPobCl_Auto', 'Clas_1463993499648846CjtoVis_AutoICtjoVis_5', 'ParaNeonatal', 'Neonatal', '');
INSERT INTO IUAttribute (idIU, idIUAttribute, IUAttributeName, IUAttributeAlias, IUAttributeDescription) VALUES ('Clas_1463993499648846UIPobCl_Auto', 'Clas_1463993499648846CjtoVis_AutoICtjoVis_6', 'FechaInicial', 'Fecha inicial', '');
INSERT INTO IUAttribute (idIU, idIUAttribute, IUAttributeName, IUAttributeAlias, IUAttributeDescription) VALUES ('Clas_1463993499648846UIPobCl_Auto', 'Clas_1463993499648846CjtoVis_AutoICtjoVis_7', 'FechaFinal', 'Fecha final', '');
INSERT INTO IUAction (idIU, idIUAction, IUActionName, IUActionAlias, IUActionDescription) VALUES ('Clas_1463993499648846UIPobCl_Auto', 'Clas_1463993499648846AccOfer_AutoElemAcc_1', 'SIUcrear', 'Crear', '');
INSERT INTO IUAction (idIU, idIUAction, IUActionName, IUActionAlias, IUActionDescription) VALUES ('Clas_1463993499648846UIPobCl_Auto', 'Clas_1463993499648846AccOfer_AutoElemAcc_2', 'SIUeliminar', 'Eliminar', '');
INSERT INTO IUAction (idIU, idIUAction, IUActionName, IUActionAlias, IUActionDescription) VALUES ('Clas_1463993499648846UIPobCl_Auto', 'Clas_1463993499648846AccOfer_AutoElemAcc_3', 'SIUTMODIFICAR', 'Modificar', '');
INSERT INTO IUAction (idIU, idIUAction, IUActionName, IUActionAlias, IUActionDescription) VALUES ('Clas_1463993499648846UIPobCl_Auto', 'Clas_1463993499648846AccOfer_AutoElemAcc_4', '_Auto_', 'Institución Maternal/Neonatal', '');
INSERT INTO IUNavigation (idIU, idIUNavigation, IUNavigationName, IUNavigationAlias, IUNavigationDescription) VALUES ('Clas_1463993499648846UIPobCl_Auto', 'Clas_1463993499648846NavOfer_AutoElemNav_1', '_Auto_', 'Anexos', '');
INSERT INTO IUNavigation (idIU, idIUNavigation, IUNavigationName, IUNavigationAlias, IUNavigationDescription) VALUES ('Clas_1463993499648846UIPobCl_Auto', 'Clas_1463993499648846NavOfer_AutoElemNav_2', '_Auto_', 'Anexos', '');
INSERT INTO IUNavigation (idIU, idIUNavigation, IUNavigationName, IUNavigationAlias, IUNavigationDescription) VALUES ('Clas_1463993499648846UIPobCl_Auto', 'Clas_1463993499648846NavOfer_AutoElemNav_3', '_Auto_', 'Tipo Identificacion', '');
INSERT INTO IUNavigation (idIU, idIUNavigation, IUNavigationName, IUNavigationAlias, IUNavigationDescription) VALUES ('Clas_1463993499648846UIPobCl_Auto', 'Clas_1463993499648846NavOfer_AutoElemNav_4', '_Auto_', 'Tarifa', '');
INSERT INTO IUNavigation (idIU, idIUNavigation, IUNavigationName, IUNavigationAlias, IUNavigationDescription) VALUES ('Clas_1463993499648846UIPobCl_Auto', 'Clas_1463993499648846NavOfer_AutoElemNav_5', '_Auto_', 'Municipio', '');

-- IIU: InstitucionMatNeo._Auto_
INSERT INTO IU (idIU, IUName, IUAlias, IUDescription, IUType) VALUES ('Clas_1463993499648846UIInst_1', '_Auto_', 'Institución Maternal/Neonatal', '', 'I');
INSERT INTO IUAction (idIU, idIUAction, IUActionName, IUActionAlias, IUActionDescription) VALUES ('Clas_1463993499648846UIInst_1', 'Clas_1463993499648846AccOfer_AutoElemAcc_1', 'SIUcrear', 'Crear', '');
INSERT INTO IUAction (idIU, idIUAction, IUActionName, IUActionAlias, IUActionDescription) VALUES ('Clas_1463993499648846UIInst_1', 'Clas_1463993499648846AccOfer_AutoElemAcc_2', 'SIUeliminar', 'Eliminar', '');
INSERT INTO IUAction (idIU, idIUAction, IUActionName, IUActionAlias, IUActionDescription) VALUES ('Clas_1463993499648846UIInst_1', 'Clas_1463993499648846AccOfer_AutoElemAcc_3', 'SIUTMODIFICAR', 'Modificar', '');
INSERT INTO IUAction (idIU, idIUAction, IUActionName, IUActionAlias, IUActionDescription) VALUES ('Clas_1463993499648846UIInst_1', 'Clas_1463993499648846AccOfer_AutoElemAcc_4', '_Auto_', 'Institución Maternal/Neonatal', '');
INSERT INTO IUNavigation (idIU, idIUNavigation, IUNavigationName, IUNavigationAlias, IUNavigationDescription) VALUES ('Clas_1463993499648846UIInst_1', 'Clas_1463993499648846NavOfer_AutoElemNav_1', '_Auto_', 'Anexos', '');
INSERT INTO IUNavigation (idIU, idIUNavigation, IUNavigationName, IUNavigationAlias, IUNavigationDescription) VALUES ('Clas_1463993499648846UIInst_1', 'Clas_1463993499648846NavOfer_AutoElemNav_2', '_Auto_', 'Anexos', '');
INSERT INTO IUNavigation (idIU, idIUNavigation, IUNavigationName, IUNavigationAlias, IUNavigationDescription) VALUES ('Clas_1463993499648846UIInst_1', 'Clas_1463993499648846NavOfer_AutoElemNav_3', '_Auto_', 'Tipo Identificacion', '');
INSERT INTO IUNavigation (idIU, idIUNavigation, IUNavigationName, IUNavigationAlias, IUNavigationDescription) VALUES ('Clas_1463993499648846UIInst_1', 'Clas_1463993499648846NavOfer_AutoElemNav_4', '_Auto_', 'Tarifa', '');
INSERT INTO IUNavigation (idIU, idIUNavigation, IUNavigationName, IUNavigationAlias, IUNavigationDescription) VALUES ('Clas_1463993499648846UIInst_1', 'Clas_1463993499648846NavOfer_AutoElemNav_5', '_Auto_', 'Municipio', '');

-- SIU: InstitucionMatNeo.SIUcrear
INSERT INTO IU (idIU, IUName, IUAlias, IUDescription, IUType) VALUES ('Clas_1463993499648846Ser_1UIServ_1', 'SIUcrear', 'Crear', '', 'S');
-- SIU: InstitucionMatNeo.SIUeliminar
INSERT INTO IU (idIU, IUName, IUAlias, IUDescription, IUType) VALUES ('Clas_1463993499648846Ser_2UIServ_1', 'SIUeliminar', 'Eliminar', '', 'S');
-- SIU: InstitucionMatNeo.SIUTMODIFICAR
INSERT INTO IU (idIU, IUName, IUAlias, IUDescription, IUType) VALUES ('Clas_1463993499648846Ser_9UIServ_1', 'SIUTMODIFICAR', 'Modificar', '', 'S');

---------------------------------------------
-- CLASS LogEstado
---------------------------------------------
-- PIU: LogEstado.PIULogEstado
INSERT INTO IU (idIU, IUName, IUAlias, IUDescription, IUType) VALUES ('Clas_1497625133056309UIPobCl_1', 'PIULogEstado', 'Historico Estados', '', 'P');
INSERT INTO IUAttribute (idIU, idIUAttribute, IUAttributeName, IUAttributeAlias, IUAttributeDescription) VALUES ('Clas_1497625133056309UIPobCl_1', 'Clas_1497625133056309CjtoVis_1ICtjoVis_1', 'LoginFuncionario', 'Funcionario', '');
INSERT INTO IUAttribute (idIU, idIUAttribute, IUAttributeName, IUAttributeAlias, IUAttributeDescription) VALUES ('Clas_1497625133056309UIPobCl_1', 'Clas_1497625133056309CjtoVis_1ICtjoVis_2', 'Fecha', 'Fecha', '');
INSERT INTO IUAttribute (idIU, idIUAttribute, IUAttributeName, IUAttributeAlias, IUAttributeDescription) VALUES ('Clas_1497625133056309UIPobCl_1', 'Clas_1497625133056309CjtoVis_1ICtjoVis_5', 'Estado', 'Estado', '');
INSERT INTO IUAttribute (idIU, idIUAttribute, IUAttributeName, IUAttributeAlias, IUAttributeDescription) VALUES ('Clas_1497625133056309UIPobCl_1', 'Clas_1497625133056309CjtoVis_1ICtjoVis_6', 'EstadoDoc', 'Estado Documentación', '');
INSERT INTO IUAttribute (idIU, idIUAttribute, IUAttributeName, IUAttributeAlias, IUAttributeDescription) VALUES ('Clas_1497625133056309UIPobCl_1', 'Clas_1497625133056309CjtoVis_1ICtjoVis_3', 'Observacion', 'Observaciones', '');
INSERT INTO IUAttribute (idIU, idIUAttribute, IUAttributeName, IUAttributeAlias, IUAttributeDescription) VALUES ('Clas_1497625133056309UIPobCl_1', 'Clas_1497625133056309CjtoVis_1ICtjoVis_4', 'MotDevolucion', 'Motivo devolución', '');

-- PIU: LogEstado._Auto_
INSERT INTO IU (idIU, IUName, IUAlias, IUDescription, IUType) VALUES ('Clas_1497625133056309UIPobCl_Auto', '_Auto_', 'Historico Estados', '', 'P');
INSERT INTO IUAttribute (idIU, idIUAttribute, IUAttributeName, IUAttributeAlias, IUAttributeDescription) VALUES ('Clas_1497625133056309UIPobCl_Auto', 'Clas_1497625133056309CjtoVis_AutoICtjoVis_1', 'Id', 'Id.', '');
INSERT INTO IUAttribute (idIU, idIUAttribute, IUAttributeName, IUAttributeAlias, IUAttributeDescription) VALUES ('Clas_1497625133056309UIPobCl_Auto', 'Clas_1497625133056309CjtoVis_AutoICtjoVis_2', 'LoginFuncionario', 'Funcionario', '');
INSERT INTO IUAttribute (idIU, idIUAttribute, IUAttributeName, IUAttributeAlias, IUAttributeDescription) VALUES ('Clas_1497625133056309UIPobCl_Auto', 'Clas_1497625133056309CjtoVis_AutoICtjoVis_3', 'Fecha', 'Fecha', '');
INSERT INTO IUAttribute (idIU, idIUAttribute, IUAttributeName, IUAttributeAlias, IUAttributeDescription) VALUES ('Clas_1497625133056309UIPobCl_Auto', 'Clas_1497625133056309CjtoVis_AutoICtjoVis_4', 'Observacion', 'Observaciones', '');
INSERT INTO IUAttribute (idIU, idIUAttribute, IUAttributeName, IUAttributeAlias, IUAttributeDescription) VALUES ('Clas_1497625133056309UIPobCl_Auto', 'Clas_1497625133056309CjtoVis_AutoICtjoVis_5', 'MotDevolucion', 'Motivo devolución', '');
INSERT INTO IUAttribute (idIU, idIUAttribute, IUAttributeName, IUAttributeAlias, IUAttributeDescription) VALUES ('Clas_1497625133056309UIPobCl_Auto', 'Clas_1497625133056309CjtoVis_AutoICtjoVis_6', 'Estado', 'Estado', '');
INSERT INTO IUAttribute (idIU, idIUAttribute, IUAttributeName, IUAttributeAlias, IUAttributeDescription) VALUES ('Clas_1497625133056309UIPobCl_Auto', 'Clas_1497625133056309CjtoVis_AutoICtjoVis_7', 'EstadoDoc', 'Estado Documentación', '');
INSERT INTO IUAction (idIU, idIUAction, IUActionName, IUActionAlias, IUActionDescription) VALUES ('Clas_1497625133056309UIPobCl_Auto', 'Clas_1497625133056309AccOfer_AutoElemAcc_1', '_Auto_', 'Historico Estados', '');
INSERT INTO IUNavigation (idIU, idIUNavigation, IUNavigationName, IUNavigationAlias, IUNavigationDescription) VALUES ('Clas_1497625133056309UIPobCl_Auto', 'Clas_1497625133056309NavOfer_AutoElemNav_1', 'IIUSolicitudVacia', '', '');

-- IIU: LogEstado._Auto_
INSERT INTO IU (idIU, IUName, IUAlias, IUDescription, IUType) VALUES ('Clas_1497625133056309UIInst_1', '_Auto_', 'Historico Estados', '', 'I');
INSERT INTO IUAction (idIU, idIUAction, IUActionName, IUActionAlias, IUActionDescription) VALUES ('Clas_1497625133056309UIInst_1', 'Clas_1497625133056309AccOfer_AutoElemAcc_1', '_Auto_', 'Historico Estados', '');
INSERT INTO IUNavigation (idIU, idIUNavigation, IUNavigationName, IUNavigationAlias, IUNavigationDescription) VALUES ('Clas_1497625133056309UIInst_1', 'Clas_1497625133056309NavOfer_AutoElemNav_1', 'IIUSolicitudVacia', '', '');


---------------------------------------------
-- CLASS MotDevAreaMedica
---------------------------------------------
-- PIU: MotDevAreaMedica.PIUMotDevAreaMedica
INSERT INTO IU (idIU, IUName, IUAlias, IUDescription, IUType) VALUES ('Clas_1497629065216447UIPobCl_1', 'PIUMotDevAreaMedica', 'Motivos de devolución', '', 'P');
INSERT INTO IUAttribute (idIU, idIUAttribute, IUAttributeName, IUAttributeAlias, IUAttributeDescription) VALUES ('Clas_1497629065216447UIPobCl_1', 'Clas_1497629065216447CjtoVis_1ICtjoVis_1', 'Id', 'Id', '');
INSERT INTO IUAttribute (idIU, idIUAttribute, IUAttributeName, IUAttributeAlias, IUAttributeDescription) VALUES ('Clas_1497629065216447UIPobCl_1', 'Clas_1497629065216447CjtoVis_1ICtjoVis_2', 'Descripcion', 'Descripción', '');
INSERT INTO IUAction (idIU, idIUAction, IUActionName, IUActionAlias, IUActionDescription) VALUES ('Clas_1497629065216447UIPobCl_1', 'Clas_1497629065216447AccOfer_1ElemAcc_1', 'SIUcrear', 'Crear', '');
INSERT INTO IUAction (idIU, idIUAction, IUActionName, IUActionAlias, IUActionDescription) VALUES ('Clas_1497629065216447UIPobCl_1', 'Clas_1497629065216447AccOfer_1ElemAcc_2', 'SIUmodificar', 'Modificar', '');
INSERT INTO IUAction (idIU, idIUAction, IUActionName, IUActionAlias, IUActionDescription) VALUES ('Clas_1497629065216447UIPobCl_1', 'Clas_1497629065216447AccOfer_1ElemAcc_3', 'SIUeliminar', 'Eliminar', '');

-- PIU: MotDevAreaMedica._Auto_
INSERT INTO IU (idIU, IUName, IUAlias, IUDescription, IUType) VALUES ('Clas_1497629065216447UIPobCl_Auto', '_Auto_', 'Motivo devolución', '', 'P');
INSERT INTO IUAttribute (idIU, idIUAttribute, IUAttributeName, IUAttributeAlias, IUAttributeDescription) VALUES ('Clas_1497629065216447UIPobCl_Auto', 'Clas_1497629065216447CjtoVis_AutoICtjoVis_1', 'Id', 'Id', '');
INSERT INTO IUAttribute (idIU, idIUAttribute, IUAttributeName, IUAttributeAlias, IUAttributeDescription) VALUES ('Clas_1497629065216447UIPobCl_Auto', 'Clas_1497629065216447CjtoVis_AutoICtjoVis_2', 'Descripcion', 'Descripción', '');
INSERT INTO IUAction (idIU, idIUAction, IUActionName, IUActionAlias, IUActionDescription) VALUES ('Clas_1497629065216447UIPobCl_Auto', 'Clas_1497629065216447AccOfer_AutoElemAcc_1', 'SIUcrear', 'Crear', '');
INSERT INTO IUAction (idIU, idIUAction, IUActionName, IUActionAlias, IUActionDescription) VALUES ('Clas_1497629065216447UIPobCl_Auto', 'Clas_1497629065216447AccOfer_AutoElemAcc_2', 'SIUeliminar', 'Eliminar', '');
INSERT INTO IUAction (idIU, idIUAction, IUActionName, IUActionAlias, IUActionDescription) VALUES ('Clas_1497629065216447UIPobCl_Auto', 'Clas_1497629065216447AccOfer_AutoElemAcc_3', 'SIUmodificar', 'Modificar', '');
INSERT INTO IUAction (idIU, idIUAction, IUActionName, IUActionAlias, IUActionDescription) VALUES ('Clas_1497629065216447UIPobCl_Auto', 'Clas_1497629065216447AccOfer_AutoElemAcc_4', '_Auto_', 'Motivo devolución', '');

-- IIU: MotDevAreaMedica._Auto_
INSERT INTO IU (idIU, IUName, IUAlias, IUDescription, IUType) VALUES ('Clas_1497629065216447UIInst_1', '_Auto_', 'Motivo devolución', '', 'I');
INSERT INTO IUAction (idIU, idIUAction, IUActionName, IUActionAlias, IUActionDescription) VALUES ('Clas_1497629065216447UIInst_1', 'Clas_1497629065216447AccOfer_AutoElemAcc_1', 'SIUcrear', 'Crear', '');
INSERT INTO IUAction (idIU, idIUAction, IUActionName, IUActionAlias, IUActionDescription) VALUES ('Clas_1497629065216447UIInst_1', 'Clas_1497629065216447AccOfer_AutoElemAcc_2', 'SIUeliminar', 'Eliminar', '');
INSERT INTO IUAction (idIU, idIUAction, IUActionName, IUActionAlias, IUActionDescription) VALUES ('Clas_1497629065216447UIInst_1', 'Clas_1497629065216447AccOfer_AutoElemAcc_3', 'SIUmodificar', 'Modificar', '');
INSERT INTO IUAction (idIU, idIUAction, IUActionName, IUActionAlias, IUActionDescription) VALUES ('Clas_1497629065216447UIInst_1', 'Clas_1497629065216447AccOfer_AutoElemAcc_4', '_Auto_', 'Motivo devolución', '');

-- SIU: MotDevAreaMedica.SIUcrear
INSERT INTO IU (idIU, IUName, IUAlias, IUDescription, IUType) VALUES ('Clas_1497629065216447Ser_1UIServ_1', 'SIUcrear', 'Crear', '', 'S');
-- SIU: MotDevAreaMedica.SIUeliminar
INSERT INTO IU (idIU, IUName, IUAlias, IUDescription, IUType) VALUES ('Clas_1497629065216447Ser_2UIServ_1', 'SIUeliminar', 'Eliminar', '', 'S');
-- SIU: MotDevAreaMedica.SIUmodificar
INSERT INTO IU (idIU, IUName, IUAlias, IUDescription, IUType) VALUES ('Clas_1497629065216447Ser_3UIServ_1', 'SIUmodificar', 'Modificar', '', 'S');

---------------------------------------------
-- CLASS ContSinDocSol
---------------------------------------------
-- PIU: ContSinDocSol.PIUContSinDocSol
INSERT INTO IU (idIU, IUName, IUAlias, IUDescription, IUType) VALUES ('Clas_1517844955136648UIPobCl_1', 'PIUContSinDocSol', 'Contratos exentos doc. Solicitud', '', 'P');
INSERT INTO IUAttribute (idIU, idIUAttribute, IUAttributeName, IUAttributeAlias, IUAttributeDescription) VALUES ('Clas_1517844955136648UIPobCl_1', 'Clas_1517844955136648CjtoVis_1ICtjoVis_1', 'NumContrato', 'Nº Contrato', '');
INSERT INTO IUAction (idIU, idIUAction, IUActionName, IUActionAlias, IUActionDescription) VALUES ('Clas_1517844955136648UIPobCl_1', 'Clas_1517844955136648AccOfer_1ElemAcc_1', 'SIUcrear', 'Crear', '');
INSERT INTO IUAction (idIU, idIUAction, IUActionName, IUActionAlias, IUActionDescription) VALUES ('Clas_1517844955136648UIPobCl_1', 'Clas_1517844955136648AccOfer_1ElemAcc_2', 'SIUtdelcontsindocsol', 'Eliminar', '');

-- PIU: ContSinDocSol._Auto_
INSERT INTO IU (idIU, IUName, IUAlias, IUDescription, IUType) VALUES ('Clas_1517844955136648UIPobCl_Auto', '_Auto_', 'Contratos exentos doc. Solicitud', '', 'P');
INSERT INTO IUAttribute (idIU, idIUAttribute, IUAttributeName, IUAttributeAlias, IUAttributeDescription) VALUES ('Clas_1517844955136648UIPobCl_Auto', 'Clas_1517844955136648CjtoVis_AutoICtjoVis_1', 'idContSinDocSol', 'Id.', '');
INSERT INTO IUAttribute (idIU, idIUAttribute, IUAttributeName, IUAttributeAlias, IUAttributeDescription) VALUES ('Clas_1517844955136648UIPobCl_Auto', 'Clas_1517844955136648CjtoVis_AutoICtjoVis_2', 'NumContrato', 'Nº Contrato', '');
INSERT INTO IUAction (idIU, idIUAction, IUActionName, IUActionAlias, IUActionDescription) VALUES ('Clas_1517844955136648UIPobCl_Auto', 'Clas_1517844955136648AccOfer_AutoElemAcc_1', 'SIUcrear', 'Crear', '');
INSERT INTO IUAction (idIU, idIUAction, IUActionName, IUActionAlias, IUActionDescription) VALUES ('Clas_1517844955136648UIPobCl_Auto', 'Clas_1517844955136648AccOfer_AutoElemAcc_2', '_Auto_', 'Contratos exentos doc. Solicitud', '');

-- IIU: ContSinDocSol._Auto_
INSERT INTO IU (idIU, IUName, IUAlias, IUDescription, IUType) VALUES ('Clas_1517844955136648UIInst_1', '_Auto_', 'Contratos exentos doc. Solicitud', '', 'I');
INSERT INTO IUAction (idIU, idIUAction, IUActionName, IUActionAlias, IUActionDescription) VALUES ('Clas_1517844955136648UIInst_1', 'Clas_1517844955136648AccOfer_AutoElemAcc_1', 'SIUcrear', 'Crear', '');
INSERT INTO IUAction (idIU, idIUAction, IUActionName, IUActionAlias, IUActionDescription) VALUES ('Clas_1517844955136648UIInst_1', 'Clas_1517844955136648AccOfer_AutoElemAcc_2', '_Auto_', 'Contratos exentos doc. Solicitud', '');

-- SIU: ContSinDocSol.SIUcrear
INSERT INTO IU (idIU, IUName, IUAlias, IUDescription, IUType) VALUES ('Clas_1517844955136648Ser_1UIServ_1', 'SIUcrear', 'Crear', '', 'S');

---------------------------------------------
-- CLASS LogContSinDocSol
---------------------------------------------
-- PIU: LogContSinDocSol.PIULogContSinDocSol
INSERT INTO IU (idIU, IUName, IUAlias, IUDescription, IUType) VALUES ('Clas_1517847052288825UIPobCl_1', 'PIULogContSinDocSol', 'Log Contratos exentos', '', 'P');
INSERT INTO IUAttribute (idIU, idIUAttribute, IUAttributeName, IUAttributeAlias, IUAttributeDescription) VALUES ('Clas_1517847052288825UIPobCl_1', 'Clas_1517847052288825CjtoVis_1ICtjoVis_1', 'Fecha', 'Fecha', '');
INSERT INTO IUAttribute (idIU, idIUAttribute, IUAttributeName, IUAttributeAlias, IUAttributeDescription) VALUES ('Clas_1517847052288825UIPobCl_1', 'Clas_1517847052288825CjtoVis_1ICtjoVis_2', 'NumContrato', 'Nº Contrato', '');
INSERT INTO IUAttribute (idIU, idIUAttribute, IUAttributeName, IUAttributeAlias, IUAttributeDescription) VALUES ('Clas_1517847052288825UIPobCl_1', 'Clas_1517847052288825CjtoVis_1ICtjoVis_3', 'Usuario', 'Usuario', '');

-- PIU: LogContSinDocSol._Auto_
INSERT INTO IU (idIU, IUName, IUAlias, IUDescription, IUType) VALUES ('Clas_1517847052288825UIPobCl_Auto', '_Auto_', 'Log Contratos exentos', '', 'P');
INSERT INTO IUAttribute (idIU, idIUAttribute, IUAttributeName, IUAttributeAlias, IUAttributeDescription) VALUES ('Clas_1517847052288825UIPobCl_Auto', 'Clas_1517847052288825CjtoVis_AutoICtjoVis_1', 'idLogContSinDocSol', 'Id.', '');
INSERT INTO IUAttribute (idIU, idIUAttribute, IUAttributeName, IUAttributeAlias, IUAttributeDescription) VALUES ('Clas_1517847052288825UIPobCl_Auto', 'Clas_1517847052288825CjtoVis_AutoICtjoVis_2', 'NumContrato', 'Nº Contrato', '');
INSERT INTO IUAttribute (idIU, idIUAttribute, IUAttributeName, IUAttributeAlias, IUAttributeDescription) VALUES ('Clas_1517847052288825UIPobCl_Auto', 'Clas_1517847052288825CjtoVis_AutoICtjoVis_3', 'Fecha', 'Fecha', '');
INSERT INTO IUAttribute (idIU, idIUAttribute, IUAttributeName, IUAttributeAlias, IUAttributeDescription) VALUES ('Clas_1517847052288825UIPobCl_Auto', 'Clas_1517847052288825CjtoVis_AutoICtjoVis_4', 'Usuario', 'Usuario', '');
INSERT INTO IUAction (idIU, idIUAction, IUActionName, IUActionAlias, IUActionDescription) VALUES ('Clas_1517847052288825UIPobCl_Auto', 'Clas_1517847052288825AccOfer_AutoElemAcc_1', 'SIUeliminar', 'Eliminar', '');
INSERT INTO IUAction (idIU, idIUAction, IUActionName, IUActionAlias, IUActionDescription) VALUES ('Clas_1517847052288825UIPobCl_Auto', 'Clas_1517847052288825AccOfer_AutoElemAcc_2', '_Auto_', 'Log Contratos exentos', '');

-- IIU: LogContSinDocSol._Auto_
INSERT INTO IU (idIU, IUName, IUAlias, IUDescription, IUType) VALUES ('Clas_1517847052288825UIInst_1', '_Auto_', 'Log Contratos exentos', '', 'I');
INSERT INTO IUAction (idIU, idIUAction, IUActionName, IUActionAlias, IUActionDescription) VALUES ('Clas_1517847052288825UIInst_1', 'Clas_1517847052288825AccOfer_AutoElemAcc_1', 'SIUeliminar', 'Eliminar', '');
INSERT INTO IUAction (idIU, idIUAction, IUActionName, IUActionAlias, IUActionDescription) VALUES ('Clas_1517847052288825UIInst_1', 'Clas_1517847052288825AccOfer_AutoElemAcc_2', '_Auto_', 'Log Contratos exentos', '');

-- SIU: LogContSinDocSol.SIUeliminar
INSERT INTO IU (idIU, IUName, IUAlias, IUDescription, IUType) VALUES ('Clas_1517847052288825Ser_2UIServ_1', 'SIUeliminar', 'Eliminar', '', 'S');

---------------------------------------------
-- CLASS LogAsignaciones
---------------------------------------------
-- PIU: LogAsignaciones.PIULogAsignaciones
INSERT INTO IU (idIU, IUName, IUAlias, IUDescription, IUType) VALUES ('Clas_1517848231936265UIPobCl_1', 'PIULogAsignaciones', 'Log Asignaciones', '', 'P');
INSERT INTO IUAttribute (idIU, idIUAttribute, IUAttributeName, IUAttributeAlias, IUAttributeDescription) VALUES ('Clas_1517848231936265UIPobCl_1', 'Clas_1517848231936265CjtoVis_1ICtjoVis_1', 'FechaHora', 'Fecha', '');
INSERT INTO IUAttribute (idIU, idIUAttribute, IUAttributeName, IUAttributeAlias, IUAttributeDescription) VALUES ('Clas_1517848231936265UIPobCl_1', 'Clas_1517848231936265CjtoVis_1ICtjoVis_2', 'Quien', 'Quien', '');
INSERT INTO IUAttribute (idIU, idIUAttribute, IUAttributeName, IUAttributeAlias, IUAttributeDescription) VALUES ('Clas_1517848231936265UIPobCl_1', 'Clas_1517848231936265CjtoVis_1ICtjoVis_3', 'Tipo', 'Tipo', '');
INSERT INTO IUAttribute (idIU, idIUAttribute, IUAttributeName, IUAttributeAlias, IUAttributeDescription) VALUES ('Clas_1517848231936265UIPobCl_1', 'Clas_1517848231936265CjtoVis_1ICtjoVis_4', 'Usuario', 'Usuario asociado/desasociado', '');

-- PIU: LogAsignaciones._Auto_
INSERT INTO IU (idIU, IUName, IUAlias, IUDescription, IUType) VALUES ('Clas_1517848231936265UIPobCl_Auto', '_Auto_', 'Log Asignaciones', '', 'P');
INSERT INTO IUAttribute (idIU, idIUAttribute, IUAttributeName, IUAttributeAlias, IUAttributeDescription) VALUES ('Clas_1517848231936265UIPobCl_Auto', 'Clas_1517848231936265CjtoVis_AutoICtjoVis_1', 'idLogAsignaciones', 'Id.', '');
INSERT INTO IUAttribute (idIU, idIUAttribute, IUAttributeName, IUAttributeAlias, IUAttributeDescription) VALUES ('Clas_1517848231936265UIPobCl_Auto', 'Clas_1517848231936265CjtoVis_AutoICtjoVis_2', 'Tipo', 'Tipo', '');
INSERT INTO IUAttribute (idIU, idIUAttribute, IUAttributeName, IUAttributeAlias, IUAttributeDescription) VALUES ('Clas_1517848231936265UIPobCl_Auto', 'Clas_1517848231936265CjtoVis_AutoICtjoVis_3', 'FechaHora', 'Fecha', '');
INSERT INTO IUAttribute (idIU, idIUAttribute, IUAttributeName, IUAttributeAlias, IUAttributeDescription) VALUES ('Clas_1517848231936265UIPobCl_Auto', 'Clas_1517848231936265CjtoVis_AutoICtjoVis_4', 'Usuario', 'Usuario asociado/desasociado', '');
INSERT INTO IUAttribute (idIU, idIUAttribute, IUAttributeName, IUAttributeAlias, IUAttributeDescription) VALUES ('Clas_1517848231936265UIPobCl_Auto', 'Clas_1517848231936265CjtoVis_AutoICtjoVis_5', 'Quien', 'Quien', '');
INSERT INTO IUAction (idIU, idIUAction, IUActionName, IUActionAlias, IUActionDescription) VALUES ('Clas_1517848231936265UIPobCl_Auto', 'Clas_1517848231936265AccOfer_AutoElemAcc_1', '_Auto_', 'Log Asignaciones', '');
INSERT INTO IUNavigation (idIU, idIUNavigation, IUNavigationName, IUNavigationAlias, IUNavigationDescription) VALUES ('Clas_1517848231936265UIPobCl_Auto', 'Clas_1517848231936265NavOfer_AutoElemNav_1', 'IIUSolicitudVacia', '', '');

-- IIU: LogAsignaciones._Auto_
INSERT INTO IU (idIU, IUName, IUAlias, IUDescription, IUType) VALUES ('Clas_1517848231936265UIInst_1', '_Auto_', 'Log Asignaciones', '', 'I');
INSERT INTO IUAction (idIU, idIUAction, IUActionName, IUActionAlias, IUActionDescription) VALUES ('Clas_1517848231936265UIInst_1', 'Clas_1517848231936265AccOfer_AutoElemAcc_1', '_Auto_', 'Log Asignaciones', '');
INSERT INTO IUNavigation (idIU, idIUNavigation, IUNavigationName, IUNavigationAlias, IUNavigationDescription) VALUES ('Clas_1517848231936265UIInst_1', 'Clas_1517848231936265NavOfer_AutoElemNav_1', 'IIUSolicitudVacia', '', '');


---------------------------------------------
-- CLASS ReportesProcAlm
---------------------------------------------
-- PIU: ReportesProcAlm.PIUReportesProcAlm
INSERT INTO IU (idIU, IUName, IUAlias, IUDescription, IUType) VALUES ('Clas_1547029184512775UIPobCl_1', 'PIUReportesProcAlm', 'Reportes en base de datos', '', 'P');
INSERT INTO IUAttribute (idIU, idIUAttribute, IUAttributeName, IUAttributeAlias, IUAttributeDescription) VALUES ('Clas_1547029184512775UIPobCl_1', 'Clas_1547029184512775CjtoVis_2ICtjoVis_1', 'Descripcion', 'Descripción', '');
INSERT INTO IUAttribute (idIU, idIUAttribute, IUAttributeName, IUAttributeAlias, IUAttributeDescription) VALUES ('Clas_1547029184512775UIPobCl_1', 'Clas_1547029184512775CjtoVis_2ICtjoVis_3', 'NombreProc', 'Nombre procedimiento', '');
INSERT INTO IUAttribute (idIU, idIUAttribute, IUAttributeName, IUAttributeAlias, IUAttributeDescription) VALUES ('Clas_1547029184512775UIPobCl_1', 'Clas_1547029184512775CjtoVis_2ICtjoVis_2', 'NombreFichero', 'Nombre fichero', '');
INSERT INTO IUAction (idIU, idIUAction, IUActionName, IUActionAlias, IUActionDescription) VALUES ('Clas_1547029184512775UIPobCl_1', 'Clas_1547029184512775AccOfer_1ElemAcc_1', 'SIUcrear', 'Crear', '');
INSERT INTO IUAction (idIU, idIUAction, IUActionName, IUActionAlias, IUActionDescription) VALUES ('Clas_1547029184512775UIPobCl_1', 'Clas_1547029184512775AccOfer_1ElemAcc_5', 'MDIUReportesProcAlm', 'Detalles', '');
INSERT INTO IUAction (idIU, idIUAction, IUActionName, IUActionAlias, IUActionDescription) VALUES ('Clas_1547029184512775UIPobCl_1', 'Clas_1547029184512775AccOfer_1ElemAcc_2', 'SIUmodificar', 'Modificar', '');
INSERT INTO IUAction (idIU, idIUAction, IUActionName, IUActionAlias, IUActionDescription) VALUES ('Clas_1547029184512775UIPobCl_1', 'Clas_1547029184512775AccOfer_1ElemAcc_4', 'SIUevGenerar', 'Generar', '');
INSERT INTO IUAction (idIU, idIUAction, IUActionName, IUActionAlias, IUActionDescription) VALUES ('Clas_1547029184512775UIPobCl_1', 'Clas_1547029184512775AccOfer_1ElemAcc_3', 'SIUeliminar', 'Eliminar', '');

-- PIU: ReportesProcAlm._Auto_
INSERT INTO IU (idIU, IUName, IUAlias, IUDescription, IUType) VALUES ('Clas_1547029184512775UIPobCl_Auto', '_Auto_', 'Info Reporte', '', 'P');
INSERT INTO IUAttribute (idIU, idIUAttribute, IUAttributeName, IUAttributeAlias, IUAttributeDescription) VALUES ('Clas_1547029184512775UIPobCl_Auto', 'Clas_1547029184512775CjtoVis_AutoICtjoVis_1', 'idReporte', 'Id.', '');
INSERT INTO IUAttribute (idIU, idIUAttribute, IUAttributeName, IUAttributeAlias, IUAttributeDescription) VALUES ('Clas_1547029184512775UIPobCl_Auto', 'Clas_1547029184512775CjtoVis_AutoICtjoVis_2', 'Descripcion', 'Descripción', '');
INSERT INTO IUAttribute (idIU, idIUAttribute, IUAttributeName, IUAttributeAlias, IUAttributeDescription) VALUES ('Clas_1547029184512775UIPobCl_Auto', 'Clas_1547029184512775CjtoVis_AutoICtjoVis_3', 'NombreProc', 'Nombre procedimiento', '');
INSERT INTO IUAttribute (idIU, idIUAttribute, IUAttributeName, IUAttributeAlias, IUAttributeDescription) VALUES ('Clas_1547029184512775UIPobCl_Auto', 'Clas_1547029184512775CjtoVis_AutoICtjoVis_4', 'NombreFichero', 'Nombre fichero', '');
INSERT INTO IUAction (idIU, idIUAction, IUActionName, IUActionAlias, IUActionDescription) VALUES ('Clas_1547029184512775UIPobCl_Auto', 'Clas_1547029184512775AccOfer_AutoElemAcc_1', 'SIUcrear', 'Crear', '');
INSERT INTO IUAction (idIU, idIUAction, IUActionName, IUActionAlias, IUActionDescription) VALUES ('Clas_1547029184512775UIPobCl_Auto', 'Clas_1547029184512775AccOfer_AutoElemAcc_2', 'SIUeliminar', 'Eliminar', '');
INSERT INTO IUAction (idIU, idIUAction, IUActionName, IUActionAlias, IUActionDescription) VALUES ('Clas_1547029184512775UIPobCl_Auto', 'Clas_1547029184512775AccOfer_AutoElemAcc_3', 'SIUmodificar', 'Modificar', '');
INSERT INTO IUAction (idIU, idIUAction, IUActionName, IUActionAlias, IUActionDescription) VALUES ('Clas_1547029184512775UIPobCl_Auto', 'Clas_1547029184512775AccOfer_AutoElemAcc_4', 'SIUevGenerar', 'Generar', '');
INSERT INTO IUAction (idIU, idIUAction, IUActionName, IUActionAlias, IUActionDescription) VALUES ('Clas_1547029184512775UIPobCl_Auto', 'Clas_1547029184512775AccOfer_AutoElemAcc_5', 'IIUReportesProcAlm', 'Info Reporte', '');
INSERT INTO IUAction (idIU, idIUAction, IUActionName, IUActionAlias, IUActionDescription) VALUES ('Clas_1547029184512775UIPobCl_Auto', 'Clas_1547029184512775AccOfer_AutoElemAcc_6', 'MDIUReportesProcAlm', 'Info Reporte', '');
INSERT INTO IUNavigation (idIU, idIUNavigation, IUNavigationName, IUNavigationAlias, IUNavigationDescription) VALUES ('Clas_1547029184512775UIPobCl_Auto', 'Clas_1547029184512775NavOfer_AutoElemNav_1', 'PIUDParametros', 'Parámetros', '');
INSERT INTO IUNavigation (idIU, idIUNavigation, IUNavigationName, IUNavigationAlias, IUNavigationDescription) VALUES ('Clas_1547029184512775UIPobCl_Auto', 'Clas_1547029184512775NavOfer_AutoElemNav_2', 'PIUAgente', 'Usuarios', '');

-- IIU: ReportesProcAlm.IIUReportesProcAlm
INSERT INTO IU (idIU, IUName, IUAlias, IUDescription, IUType) VALUES ('Clas_1547029184512775UIInst_1', 'IIUReportesProcAlm', 'Info Reporte', '', 'I');
INSERT INTO IUAction (idIU, idIUAction, IUActionName, IUActionAlias, IUActionDescription) VALUES ('Clas_1547029184512775UIInst_1', 'Clas_1547029184512775AccOfer_2ElemAcc_1', 'SIUmodificar', 'Modificar', '');
INSERT INTO IUAction (idIU, idIUAction, IUActionName, IUActionAlias, IUActionDescription) VALUES ('Clas_1547029184512775UIInst_1', 'Clas_1547029184512775AccOfer_2ElemAcc_2', 'SIUevGenerar', 'Generar', '');

-- IIU: ReportesProcAlm._Auto_
INSERT INTO IU (idIU, IUName, IUAlias, IUDescription, IUType) VALUES ('Clas_1547029184512775UIInst_3', '_Auto_', 'Info Reporte', '', 'I');
INSERT INTO IUAction (idIU, idIUAction, IUActionName, IUActionAlias, IUActionDescription) VALUES ('Clas_1547029184512775UIInst_3', 'Clas_1547029184512775AccOfer_AutoElemAcc_1', 'SIUcrear', 'Crear', '');
INSERT INTO IUAction (idIU, idIUAction, IUActionName, IUActionAlias, IUActionDescription) VALUES ('Clas_1547029184512775UIInst_3', 'Clas_1547029184512775AccOfer_AutoElemAcc_2', 'SIUeliminar', 'Eliminar', '');
INSERT INTO IUAction (idIU, idIUAction, IUActionName, IUActionAlias, IUActionDescription) VALUES ('Clas_1547029184512775UIInst_3', 'Clas_1547029184512775AccOfer_AutoElemAcc_3', 'SIUmodificar', 'Modificar', '');
INSERT INTO IUAction (idIU, idIUAction, IUActionName, IUActionAlias, IUActionDescription) VALUES ('Clas_1547029184512775UIInst_3', 'Clas_1547029184512775AccOfer_AutoElemAcc_4', 'SIUevGenerar', 'Generar', '');
INSERT INTO IUAction (idIU, idIUAction, IUActionName, IUActionAlias, IUActionDescription) VALUES ('Clas_1547029184512775UIInst_3', 'Clas_1547029184512775AccOfer_AutoElemAcc_5', 'IIUReportesProcAlm', 'Info Reporte', '');
INSERT INTO IUAction (idIU, idIUAction, IUActionName, IUActionAlias, IUActionDescription) VALUES ('Clas_1547029184512775UIInst_3', 'Clas_1547029184512775AccOfer_AutoElemAcc_6', 'MDIUReportesProcAlm', 'Info Reporte', '');
INSERT INTO IUNavigation (idIU, idIUNavigation, IUNavigationName, IUNavigationAlias, IUNavigationDescription) VALUES ('Clas_1547029184512775UIInst_3', 'Clas_1547029184512775NavOfer_AutoElemNav_1', 'PIUDParametros', 'Parámetros', '');
INSERT INTO IUNavigation (idIU, idIUNavigation, IUNavigationName, IUNavigationAlias, IUNavigationDescription) VALUES ('Clas_1547029184512775UIInst_3', 'Clas_1547029184512775NavOfer_AutoElemNav_2', 'PIUAgente', 'Usuarios', '');

-- MDIU: ReportesProcAlm.MDIUReportesProcAlm
INSERT INTO IU (idIU, IUName, IUAlias, IUDescription, IUType) VALUES ('Clas_1547029184512775UIMaDet_1', 'MDIUReportesProcAlm', 'Info Reporte', '', 'M');
INSERT INTO IUDetail (idIU, idIUDetail, IUDetailName, IUDetailAlias, IUDetailDescription) VALUES ('Clas_1547029184512775UIMaDet_1', 'Clas_1547029184512775UIMaDet_1Det_1', 'PIUDParametros', 'Parámetros', '');
INSERT INTO IUDetail (idIU, idIUDetail, IUDetailName, IUDetailAlias, IUDetailDescription) VALUES ('Clas_1547029184512775UIMaDet_1', 'Clas_1547029184512775UIMaDet_1Det_2', 'PIUDFuncionariosReporte', 'Usuarios autorizados', '');
-- SIU: ReportesProcAlm.SIUcrear
INSERT INTO IU (idIU, IUName, IUAlias, IUDescription, IUType) VALUES ('Clas_1547029184512775Ser_1UIServ_1', 'SIUcrear', 'Crear', '', 'S');
-- SIU: ReportesProcAlm.SIUeliminar
INSERT INTO IU (idIU, IUName, IUAlias, IUDescription, IUType) VALUES ('Clas_1547029184512775Ser_2UIServ_1', 'SIUeliminar', 'Eliminar', '', 'S');
-- SIU: ReportesProcAlm.SIUmodificar
INSERT INTO IU (idIU, IUName, IUAlias, IUDescription, IUType) VALUES ('Clas_1547029184512775Ser_3UIServ_1', 'SIUmodificar', 'Modificar', '', 'S');
-- SIU: ReportesProcAlm.SIUevGenerar
INSERT INTO IU (idIU, IUName, IUAlias, IUDescription, IUType) VALUES ('Clas_1547029184512775Ser_4UIServ_1', 'SIUevGenerar', 'Generar', '', 'S');

---------------------------------------------
-- CLASS Prorrateo
---------------------------------------------
-- PIU: Prorrateo.PIUProrrateo
INSERT INTO IU (idIU, IUName, IUAlias, IUDescription, IUType) VALUES ('Clas_1547053432832527UIPobCl_1', 'PIUProrrateo', 'Prorrateos', '', 'P');
INSERT INTO IUAttribute (idIU, idIUAttribute, IUAttributeName, IUAttributeAlias, IUAttributeDescription) VALUES ('Clas_1547053432832527UIPobCl_1', 'Clas_1547053432832527CjtoVis_2ICtjoVis_1', 'Dia', 'Día del mes', '');
INSERT INTO IUAttribute (idIU, idIUAttribute, IUAttributeName, IUAttributeAlias, IUAttributeDescription) VALUES ('Clas_1547053432832527UIPobCl_1', 'Clas_1547053432832527CjtoVis_2ICtjoVis_2', 'Porcentaje', 'Porcentaje', '');
INSERT INTO IUAction (idIU, idIUAction, IUActionName, IUActionAlias, IUActionDescription) VALUES ('Clas_1547053432832527UIPobCl_1', 'Clas_1547053432832527AccOfer_1ElemAcc_1', 'SIUcrear', 'Crear', '');
INSERT INTO IUAction (idIU, idIUAction, IUActionName, IUActionAlias, IUActionDescription) VALUES ('Clas_1547053432832527UIPobCl_1', 'Clas_1547053432832527AccOfer_1ElemAcc_2', 'SIUmodificar', 'Modificar', '');
INSERT INTO IUAction (idIU, idIUAction, IUActionName, IUActionAlias, IUActionDescription) VALUES ('Clas_1547053432832527UIPobCl_1', 'Clas_1547053432832527AccOfer_1ElemAcc_3', 'SIUeliminar', 'Eliminar', '');

-- PIU: Prorrateo._Auto_
INSERT INTO IU (idIU, IUName, IUAlias, IUDescription, IUType) VALUES ('Clas_1547053432832527UIPobCl_Auto', '_Auto_', 'Prorrateo', '', 'P');
INSERT INTO IUAttribute (idIU, idIUAttribute, IUAttributeName, IUAttributeAlias, IUAttributeDescription) VALUES ('Clas_1547053432832527UIPobCl_Auto', 'Clas_1547053432832527CjtoVis_AutoICtjoVis_1', 'idProrrateo', 'id_Prorrateo', '');
INSERT INTO IUAttribute (idIU, idIUAttribute, IUAttributeName, IUAttributeAlias, IUAttributeDescription) VALUES ('Clas_1547053432832527UIPobCl_Auto', 'Clas_1547053432832527CjtoVis_AutoICtjoVis_2', 'Dia', 'Día del mes', '');
INSERT INTO IUAttribute (idIU, idIUAttribute, IUAttributeName, IUAttributeAlias, IUAttributeDescription) VALUES ('Clas_1547053432832527UIPobCl_Auto', 'Clas_1547053432832527CjtoVis_AutoICtjoVis_3', 'Porcentaje', 'Porcentaje', '');
INSERT INTO IUAction (idIU, idIUAction, IUActionName, IUActionAlias, IUActionDescription) VALUES ('Clas_1547053432832527UIPobCl_Auto', 'Clas_1547053432832527AccOfer_AutoElemAcc_1', 'SIUcrear', 'Crear', '');
INSERT INTO IUAction (idIU, idIUAction, IUActionName, IUActionAlias, IUActionDescription) VALUES ('Clas_1547053432832527UIPobCl_Auto', 'Clas_1547053432832527AccOfer_AutoElemAcc_2', 'SIUeliminar', 'Eliminar', '');
INSERT INTO IUAction (idIU, idIUAction, IUActionName, IUActionAlias, IUActionDescription) VALUES ('Clas_1547053432832527UIPobCl_Auto', 'Clas_1547053432832527AccOfer_AutoElemAcc_3', 'SIUmodificar', 'Modificar', '');
INSERT INTO IUAction (idIU, idIUAction, IUActionName, IUActionAlias, IUActionDescription) VALUES ('Clas_1547053432832527UIPobCl_Auto', 'Clas_1547053432832527AccOfer_AutoElemAcc_4', '_Auto_', 'Prorrateo', '');
INSERT INTO IUNavigation (idIU, idIUNavigation, IUNavigationName, IUNavigationAlias, IUNavigationDescription) VALUES ('Clas_1547053432832527UIPobCl_Auto', 'Clas_1547053432832527NavOfer_AutoElemNav_1', 'IIUDominio', 'Dominio', '');

-- IIU: Prorrateo._Auto_
INSERT INTO IU (idIU, IUName, IUAlias, IUDescription, IUType) VALUES ('Clas_1547053432832527UIInst_1', '_Auto_', 'Prorrateo', '', 'I');
INSERT INTO IUAction (idIU, idIUAction, IUActionName, IUActionAlias, IUActionDescription) VALUES ('Clas_1547053432832527UIInst_1', 'Clas_1547053432832527AccOfer_AutoElemAcc_1', 'SIUcrear', 'Crear', '');
INSERT INTO IUAction (idIU, idIUAction, IUActionName, IUActionAlias, IUActionDescription) VALUES ('Clas_1547053432832527UIInst_1', 'Clas_1547053432832527AccOfer_AutoElemAcc_2', 'SIUeliminar', 'Eliminar', '');
INSERT INTO IUAction (idIU, idIUAction, IUActionName, IUActionAlias, IUActionDescription) VALUES ('Clas_1547053432832527UIInst_1', 'Clas_1547053432832527AccOfer_AutoElemAcc_3', 'SIUmodificar', 'Modificar', '');
INSERT INTO IUAction (idIU, idIUAction, IUActionName, IUActionAlias, IUActionDescription) VALUES ('Clas_1547053432832527UIInst_1', 'Clas_1547053432832527AccOfer_AutoElemAcc_4', '_Auto_', 'Prorrateo', '');
INSERT INTO IUNavigation (idIU, idIUNavigation, IUNavigationName, IUNavigationAlias, IUNavigationDescription) VALUES ('Clas_1547053432832527UIInst_1', 'Clas_1547053432832527NavOfer_AutoElemNav_1', 'IIUDominio', 'Dominio', '');

-- SIU: Prorrateo.SIUcrear
INSERT INTO IU (idIU, IUName, IUAlias, IUDescription, IUType) VALUES ('Clas_1547053432832527Ser_1UIServ_1', 'SIUcrear', 'Crear', '', 'S');
-- SIU: Prorrateo.SIUeliminar
INSERT INTO IU (idIU, IUName, IUAlias, IUDescription, IUType) VALUES ('Clas_1547053432832527Ser_2UIServ_1', 'SIUeliminar', 'Eliminar', '', 'S');
-- SIU: Prorrateo.SIUmodificar
INSERT INTO IU (idIU, IUName, IUAlias, IUDescription, IUType) VALUES ('Clas_1547053432832527Ser_3UIServ_1', 'SIUmodificar', 'Modificar', '', 'S');

---------------------------------------------
-- CLASS TipoFactura
---------------------------------------------
-- PIU: TipoFactura.PIUTipoFactura
INSERT INTO IU (idIU, IUName, IUAlias, IUDescription, IUType) VALUES ('Clas_1547132600320261UIPobCl_1', 'PIUTipoFactura', 'Tipos de Factura', '', 'P');
INSERT INTO IUAttribute (idIU, idIUAttribute, IUAttributeName, IUAttributeAlias, IUAttributeDescription) VALUES ('Clas_1547132600320261UIPobCl_1', 'Clas_1547132600320261CjtoVis_2ICtjoVis_1', 'Codigo', 'Código', '');
INSERT INTO IUAttribute (idIU, idIUAttribute, IUAttributeName, IUAttributeAlias, IUAttributeDescription) VALUES ('Clas_1547132600320261UIPobCl_1', 'Clas_1547132600320261CjtoVis_2ICtjoVis_2', 'Descripcion', 'Descripción', '');
INSERT INTO IUAttribute (idIU, idIUAttribute, IUAttributeName, IUAttributeAlias, IUAttributeDescription) VALUES ('Clas_1547132600320261UIPobCl_1', 'Clas_1547132600320261CjtoVis_2ICtjoVis_4', 'EsEmail', 'Es email', '');
INSERT INTO IUAttribute (idIU, idIUAttribute, IUAttributeName, IUAttributeAlias, IUAttributeDescription) VALUES ('Clas_1547132600320261UIPobCl_1', 'Clas_1547132600320261CjtoVis_2ICtjoVis_3', 'EsCelular', 'Es celular', '');
INSERT INTO IUAttribute (idIU, idIUAttribute, IUAttributeName, IUAttributeAlias, IUAttributeDescription) VALUES ('Clas_1547132600320261UIPobCl_1', 'Clas_1547132600320261CjtoVis_2ICtjoVis_5', 'Activo', 'Activo', '');
INSERT INTO IUAction (idIU, idIUAction, IUActionName, IUActionAlias, IUActionDescription) VALUES ('Clas_1547132600320261UIPobCl_1', 'Clas_1547132600320261AccOfer_1ElemAcc_1', 'SIUcrear', 'Crear', '');
INSERT INTO IUAction (idIU, idIUAction, IUActionName, IUActionAlias, IUActionDescription) VALUES ('Clas_1547132600320261UIPobCl_1', 'Clas_1547132600320261AccOfer_1ElemAcc_2', 'SIUmodificar', 'Modificar', '');
INSERT INTO IUAction (idIU, idIUAction, IUActionName, IUActionAlias, IUActionDescription) VALUES ('Clas_1547132600320261UIPobCl_1', 'Clas_1547132600320261AccOfer_1ElemAcc_3', 'SIUeliminar', 'Eliminar', '');

-- PIU: TipoFactura._Auto_
INSERT INTO IU (idIU, IUName, IUAlias, IUDescription, IUType) VALUES ('Clas_1547132600320261UIPobCl_Auto', '_Auto_', 'Tipo Factura', '', 'P');
INSERT INTO IUAttribute (idIU, idIUAttribute, IUAttributeName, IUAttributeAlias, IUAttributeDescription) VALUES ('Clas_1547132600320261UIPobCl_Auto', 'Clas_1547132600320261CjtoVis_AutoICtjoVis_1', 'Codigo', 'Código', '');
INSERT INTO IUAttribute (idIU, idIUAttribute, IUAttributeName, IUAttributeAlias, IUAttributeDescription) VALUES ('Clas_1547132600320261UIPobCl_Auto', 'Clas_1547132600320261CjtoVis_AutoICtjoVis_2', 'Descripcion', 'Descripción', '');
INSERT INTO IUAttribute (idIU, idIUAttribute, IUAttributeName, IUAttributeAlias, IUAttributeDescription) VALUES ('Clas_1547132600320261UIPobCl_Auto', 'Clas_1547132600320261CjtoVis_AutoICtjoVis_3', 'EsEmail', 'Es email', '');
INSERT INTO IUAttribute (idIU, idIUAttribute, IUAttributeName, IUAttributeAlias, IUAttributeDescription) VALUES ('Clas_1547132600320261UIPobCl_Auto', 'Clas_1547132600320261CjtoVis_AutoICtjoVis_4', 'EsCelular', 'Es celular', '');
INSERT INTO IUAttribute (idIU, idIUAttribute, IUAttributeName, IUAttributeAlias, IUAttributeDescription) VALUES ('Clas_1547132600320261UIPobCl_Auto', 'Clas_1547132600320261CjtoVis_AutoICtjoVis_5', 'Activo', 'Activo', '');
INSERT INTO IUAction (idIU, idIUAction, IUActionName, IUActionAlias, IUActionDescription) VALUES ('Clas_1547132600320261UIPobCl_Auto', 'Clas_1547132600320261AccOfer_AutoElemAcc_1', 'SIUcrear', 'Crear', '');
INSERT INTO IUAction (idIU, idIUAction, IUActionName, IUActionAlias, IUActionDescription) VALUES ('Clas_1547132600320261UIPobCl_Auto', 'Clas_1547132600320261AccOfer_AutoElemAcc_2', 'SIUeliminar', 'Eliminar', '');
INSERT INTO IUAction (idIU, idIUAction, IUActionName, IUActionAlias, IUActionDescription) VALUES ('Clas_1547132600320261UIPobCl_Auto', 'Clas_1547132600320261AccOfer_AutoElemAcc_3', 'SIUmodificar', 'Modificar', '');
INSERT INTO IUAction (idIU, idIUAction, IUActionName, IUActionAlias, IUActionDescription) VALUES ('Clas_1547132600320261UIPobCl_Auto', 'Clas_1547132600320261AccOfer_AutoElemAcc_4', '_Auto_', 'Tipo Factura', '');
INSERT INTO IUNavigation (idIU, idIUNavigation, IUNavigationName, IUNavigationAlias, IUNavigationDescription) VALUES ('Clas_1547132600320261UIPobCl_Auto', 'Clas_1547132600320261NavOfer_AutoElemNav_1', 'PIURadicados', 'Radicados', '');

-- IIU: TipoFactura._Auto_
INSERT INTO IU (idIU, IUName, IUAlias, IUDescription, IUType) VALUES ('Clas_1547132600320261UIInst_1', '_Auto_', 'Tipo Factura', '', 'I');
INSERT INTO IUAction (idIU, idIUAction, IUActionName, IUActionAlias, IUActionDescription) VALUES ('Clas_1547132600320261UIInst_1', 'Clas_1547132600320261AccOfer_AutoElemAcc_1', 'SIUcrear', 'Crear', '');
INSERT INTO IUAction (idIU, idIUAction, IUActionName, IUActionAlias, IUActionDescription) VALUES ('Clas_1547132600320261UIInst_1', 'Clas_1547132600320261AccOfer_AutoElemAcc_2', 'SIUeliminar', 'Eliminar', '');
INSERT INTO IUAction (idIU, idIUAction, IUActionName, IUActionAlias, IUActionDescription) VALUES ('Clas_1547132600320261UIInst_1', 'Clas_1547132600320261AccOfer_AutoElemAcc_3', 'SIUmodificar', 'Modificar', '');
INSERT INTO IUAction (idIU, idIUAction, IUActionName, IUActionAlias, IUActionDescription) VALUES ('Clas_1547132600320261UIInst_1', 'Clas_1547132600320261AccOfer_AutoElemAcc_4', '_Auto_', 'Tipo Factura', '');
INSERT INTO IUNavigation (idIU, idIUNavigation, IUNavigationName, IUNavigationAlias, IUNavigationDescription) VALUES ('Clas_1547132600320261UIInst_1', 'Clas_1547132600320261NavOfer_AutoElemNav_1', 'PIURadicados', 'Radicados', '');

-- SIU: TipoFactura.SIUcrear
INSERT INTO IU (idIU, IUName, IUAlias, IUDescription, IUType) VALUES ('Clas_1547132600320261Ser_1UIServ_1', 'SIUcrear', 'Crear', '', 'S');
-- SIU: TipoFactura.SIUeliminar
INSERT INTO IU (idIU, IUName, IUAlias, IUDescription, IUType) VALUES ('Clas_1547132600320261Ser_2UIServ_1', 'SIUeliminar', 'Eliminar', '', 'S');
-- SIU: TipoFactura.SIUmodificar
INSERT INTO IU (idIU, IUName, IUAlias, IUDescription, IUType) VALUES ('Clas_1547132600320261Ser_3UIServ_1', 'SIUmodificar', 'Modificar', '', 'S');

---------------------------------------------
-- CLASS ParamReporte
---------------------------------------------
-- PIU: ParamReporte.PIUDParametros
INSERT INTO IU (idIU, IUName, IUAlias, IUDescription, IUType) VALUES ('Clas_1580739854336044UIPobCl_1', 'PIUDParametros', 'Parámetros', '', 'P');
INSERT INTO IUAttribute (idIU, idIUAttribute, IUAttributeName, IUAttributeAlias, IUAttributeDescription) VALUES ('Clas_1580739854336044UIPobCl_1', 'Clas_1580739854336044CjtoVis_1ICtjoVis_4', 'Titulo', 'Titulo', '');
INSERT INTO IUAttribute (idIU, idIUAttribute, IUAttributeName, IUAttributeAlias, IUAttributeDescription) VALUES ('Clas_1580739854336044UIPobCl_1', 'Clas_1580739854336044CjtoVis_1ICtjoVis_1', 'EsNumerico', 'Es numérico', '');
INSERT INTO IUAttribute (idIU, idIUAttribute, IUAttributeName, IUAttributeAlias, IUAttributeDescription) VALUES ('Clas_1580739854336044UIPobCl_1', 'Clas_1580739854336044CjtoVis_1ICtjoVis_3', 'Descripcion', 'Descripción', '');
INSERT INTO IUAction (idIU, idIUAction, IUActionName, IUActionAlias, IUActionDescription) VALUES ('Clas_1580739854336044UIPobCl_1', 'Clas_1580739854336044AccOfer_1ElemAcc_1', 'SIUTNEW', 'Nuevo', '');
INSERT INTO IUAction (idIU, idIUAction, IUActionName, IUActionAlias, IUActionDescription) VALUES ('Clas_1580739854336044UIPobCl_1', 'Clas_1580739854336044AccOfer_1ElemAcc_5', 'SIUmodificar', 'Modificar', '');
INSERT INTO IUAction (idIU, idIUAction, IUActionName, IUActionAlias, IUActionDescription) VALUES ('Clas_1580739854336044UIPobCl_1', 'Clas_1580739854336044AccOfer_1ElemAcc_2', 'SIUTSUBIR', 'Subir', '');
INSERT INTO IUAction (idIU, idIUAction, IUActionName, IUActionAlias, IUActionDescription) VALUES ('Clas_1580739854336044UIPobCl_1', 'Clas_1580739854336044AccOfer_1ElemAcc_3', 'SIUTBAJAR', 'Bajar', '');
INSERT INTO IUAction (idIU, idIUAction, IUActionName, IUActionAlias, IUActionDescription) VALUES ('Clas_1580739854336044UIPobCl_1', 'Clas_1580739854336044AccOfer_1ElemAcc_4', 'SIUTDELETE', 'Eliminar', '');

-- PIU: ParamReporte._Auto_
INSERT INTO IU (idIU, IUName, IUAlias, IUDescription, IUType) VALUES ('Clas_1580739854336044UIPobCl_Auto', '_Auto_', 'Parámetro de reporte', '', 'P');
INSERT INTO IUAttribute (idIU, idIUAttribute, IUAttributeName, IUAttributeAlias, IUAttributeDescription) VALUES ('Clas_1580739854336044UIPobCl_Auto', 'Clas_1580739854336044CjtoVis_AutoICtjoVis_1', 'idParamReporte', 'iD.', '');
INSERT INTO IUAttribute (idIU, idIUAttribute, IUAttributeName, IUAttributeAlias, IUAttributeDescription) VALUES ('Clas_1580739854336044UIPobCl_Auto', 'Clas_1580739854336044CjtoVis_AutoICtjoVis_2', 'EsNumerico', 'Es numérico', '');
INSERT INTO IUAttribute (idIU, idIUAttribute, IUAttributeName, IUAttributeAlias, IUAttributeDescription) VALUES ('Clas_1580739854336044UIPobCl_Auto', 'Clas_1580739854336044CjtoVis_AutoICtjoVis_3', 'Orden', 'Orden', '');
INSERT INTO IUAttribute (idIU, idIUAttribute, IUAttributeName, IUAttributeAlias, IUAttributeDescription) VALUES ('Clas_1580739854336044UIPobCl_Auto', 'Clas_1580739854336044CjtoVis_AutoICtjoVis_4', 'Descripcion', 'Descripción', '');
INSERT INTO IUAttribute (idIU, idIUAttribute, IUAttributeName, IUAttributeAlias, IUAttributeDescription) VALUES ('Clas_1580739854336044UIPobCl_Auto', 'Clas_1580739854336044CjtoVis_AutoICtjoVis_5', 'Titulo', 'Titulo', '');
INSERT INTO IUAction (idIU, idIUAction, IUActionName, IUActionAlias, IUActionDescription) VALUES ('Clas_1580739854336044UIPobCl_Auto', 'Clas_1580739854336044AccOfer_AutoElemAcc_1', 'SIUmodificar', 'Modificar', '');
INSERT INTO IUAction (idIU, idIUAction, IUActionName, IUActionAlias, IUActionDescription) VALUES ('Clas_1580739854336044UIPobCl_Auto', 'Clas_1580739854336044AccOfer_AutoElemAcc_2', 'SIUTNEW', 'Nuevo', '');
INSERT INTO IUAction (idIU, idIUAction, IUActionName, IUActionAlias, IUActionDescription) VALUES ('Clas_1580739854336044UIPobCl_Auto', 'Clas_1580739854336044AccOfer_AutoElemAcc_3', 'SIUTDELETE', 'Eliminar', '');
INSERT INTO IUAction (idIU, idIUAction, IUActionName, IUActionAlias, IUActionDescription) VALUES ('Clas_1580739854336044UIPobCl_Auto', 'Clas_1580739854336044AccOfer_AutoElemAcc_4', 'SIUTSUBIR', 'Subir', '');
INSERT INTO IUAction (idIU, idIUAction, IUActionName, IUActionAlias, IUActionDescription) VALUES ('Clas_1580739854336044UIPobCl_Auto', 'Clas_1580739854336044AccOfer_AutoElemAcc_5', 'SIUTBAJAR', 'Bajar', '');
INSERT INTO IUAction (idIU, idIUAction, IUActionName, IUActionAlias, IUActionDescription) VALUES ('Clas_1580739854336044UIPobCl_Auto', 'Clas_1580739854336044AccOfer_AutoElemAcc_6', '_Auto_', 'Parámetro de reporte', '');
INSERT INTO IUNavigation (idIU, idIUNavigation, IUNavigationName, IUNavigationAlias, IUNavigationDescription) VALUES ('Clas_1580739854336044UIPobCl_Auto', 'Clas_1580739854336044NavOfer_AutoElemNav_1', 'IIUReportesProcAlm', 'Reporte', '');

-- IIU: ParamReporte._Auto_
INSERT INTO IU (idIU, IUName, IUAlias, IUDescription, IUType) VALUES ('Clas_1580739854336044UIInst_1', '_Auto_', 'Parámetro de reporte', '', 'I');
INSERT INTO IUAction (idIU, idIUAction, IUActionName, IUActionAlias, IUActionDescription) VALUES ('Clas_1580739854336044UIInst_1', 'Clas_1580739854336044AccOfer_AutoElemAcc_1', 'SIUmodificar', 'Modificar', '');
INSERT INTO IUAction (idIU, idIUAction, IUActionName, IUActionAlias, IUActionDescription) VALUES ('Clas_1580739854336044UIInst_1', 'Clas_1580739854336044AccOfer_AutoElemAcc_2', 'SIUTNEW', 'Nuevo', '');
INSERT INTO IUAction (idIU, idIUAction, IUActionName, IUActionAlias, IUActionDescription) VALUES ('Clas_1580739854336044UIInst_1', 'Clas_1580739854336044AccOfer_AutoElemAcc_3', 'SIUTDELETE', 'Eliminar', '');
INSERT INTO IUAction (idIU, idIUAction, IUActionName, IUActionAlias, IUActionDescription) VALUES ('Clas_1580739854336044UIInst_1', 'Clas_1580739854336044AccOfer_AutoElemAcc_4', 'SIUTSUBIR', 'Subir', '');
INSERT INTO IUAction (idIU, idIUAction, IUActionName, IUActionAlias, IUActionDescription) VALUES ('Clas_1580739854336044UIInst_1', 'Clas_1580739854336044AccOfer_AutoElemAcc_5', 'SIUTBAJAR', 'Bajar', '');
INSERT INTO IUAction (idIU, idIUAction, IUActionName, IUActionAlias, IUActionDescription) VALUES ('Clas_1580739854336044UIInst_1', 'Clas_1580739854336044AccOfer_AutoElemAcc_6', '_Auto_', 'Parámetro de reporte', '');
INSERT INTO IUNavigation (idIU, idIUNavigation, IUNavigationName, IUNavigationAlias, IUNavigationDescription) VALUES ('Clas_1580739854336044UIInst_1', 'Clas_1580739854336044NavOfer_AutoElemNav_1', 'IIUReportesProcAlm', 'Reporte', '');

-- SIU: ParamReporte.SIUmodificar
INSERT INTO IU (idIU, IUName, IUAlias, IUDescription, IUType) VALUES ('Clas_1580739854336044Ser_3UIServ_1', 'SIUmodificar', 'Modificar', '', 'S');
-- SIU: ParamReporte.SIUTNEW
INSERT INTO IU (idIU, IUName, IUAlias, IUDescription, IUType) VALUES ('Clas_1580739854336044Ser_4UIServ_1', 'SIUTNEW', 'Nuevo', '', 'S');
-- SIU: ParamReporte.SIUTDELETE
INSERT INTO IU (idIU, IUName, IUAlias, IUDescription, IUType) VALUES ('Clas_1580739854336044Ser_5UIServ_1', 'SIUTDELETE', 'Eliminar', '', 'S');
-- SIU: ParamReporte.SIUTSUBIR
INSERT INTO IU (idIU, IUName, IUAlias, IUDescription, IUType) VALUES ('Clas_1580739854336044Ser_7UIServ_1', 'SIUTSUBIR', 'Subir', '', 'S');
-- SIU: ParamReporte.SIUTBAJAR
INSERT INTO IU (idIU, IUName, IUAlias, IUDescription, IUType) VALUES ('Clas_1580739854336044Ser_8UIServ_1', 'SIUTBAJAR', 'Bajar', '', 'S');

---------------------------------------------
-- CLASS TipoNovedad
---------------------------------------------
-- PIU: TipoNovedad.PIUTipoNovedad
INSERT INTO IU (idIU, IUName, IUAlias, IUDescription, IUType) VALUES ('Clas_1581411467264384UIPobCl_1', 'PIUTipoNovedad', 'Tipos de Novedad', '', 'P');
INSERT INTO IUAttribute (idIU, idIUAttribute, IUAttributeName, IUAttributeAlias, IUAttributeDescription) VALUES ('Clas_1581411467264384UIPobCl_1', 'Clas_1581411467264384CjtoVis_1ICtjoVis_1', 'Nombre', 'Nombre', '');
INSERT INTO IUAttribute (idIU, idIUAttribute, IUAttributeName, IUAttributeAlias, IUAttributeDescription) VALUES ('Clas_1581411467264384UIPobCl_1', 'Clas_1581411467264384CjtoVis_1ICtjoVis_2', 'AliasTipo', 'Alias', '');
INSERT INTO IUAttribute (idIU, idIUAttribute, IUAttributeName, IUAttributeAlias, IUAttributeDescription) VALUES ('Clas_1581411467264384UIPobCl_1', 'Clas_1581411467264384CjtoVis_1ICtjoVis_3', 'Descripcion', 'Descripción', '');
INSERT INTO IUAttribute (idIU, idIUAttribute, IUAttributeName, IUAttributeAlias, IUAttributeDescription) VALUES ('Clas_1581411467264384UIPobCl_1', 'Clas_1581411467264384CjtoVis_1ICtjoVis_4', 'CodigoLegal', 'Código Legal', '');
INSERT INTO IUAction (idIU, idIUAction, IUActionName, IUActionAlias, IUActionDescription) VALUES ('Clas_1581411467264384UIPobCl_1', 'Clas_1581411467264384AccOfer_1ElemAcc_1', 'SIUcrear', 'Crear', '');
INSERT INTO IUAction (idIU, idIUAction, IUActionName, IUActionAlias, IUActionDescription) VALUES ('Clas_1581411467264384UIPobCl_1', 'Clas_1581411467264384AccOfer_1ElemAcc_2', 'SIUmodificar', 'Modificar', '');
INSERT INTO IUAction (idIU, idIUAction, IUActionName, IUActionAlias, IUActionDescription) VALUES ('Clas_1581411467264384UIPobCl_1', 'Clas_1581411467264384AccOfer_1ElemAcc_3', 'SIUeliminar', 'Eliminar', '');

-- PIU: TipoNovedad._Auto_
INSERT INTO IU (idIU, IUName, IUAlias, IUDescription, IUType) VALUES ('Clas_1581411467264384UIPobCl_Auto', '_Auto_', 'Tipo Novedad', '', 'P');
INSERT INTO IUAttribute (idIU, idIUAttribute, IUAttributeName, IUAttributeAlias, IUAttributeDescription) VALUES ('Clas_1581411467264384UIPobCl_Auto', 'Clas_1581411467264384CjtoVis_AutoICtjoVis_1', 'Tipo', 'Tipo', '');
INSERT INTO IUAttribute (idIU, idIUAttribute, IUAttributeName, IUAttributeAlias, IUAttributeDescription) VALUES ('Clas_1581411467264384UIPobCl_Auto', 'Clas_1581411467264384CjtoVis_AutoICtjoVis_2', 'AliasTipo', 'Alias', '');
INSERT INTO IUAttribute (idIU, idIUAttribute, IUAttributeName, IUAttributeAlias, IUAttributeDescription) VALUES ('Clas_1581411467264384UIPobCl_Auto', 'Clas_1581411467264384CjtoVis_AutoICtjoVis_3', 'Nombre', 'Nombre', '');
INSERT INTO IUAttribute (idIU, idIUAttribute, IUAttributeName, IUAttributeAlias, IUAttributeDescription) VALUES ('Clas_1581411467264384UIPobCl_Auto', 'Clas_1581411467264384CjtoVis_AutoICtjoVis_4', 'Descripcion', 'Descripción', '');
INSERT INTO IUAttribute (idIU, idIUAttribute, IUAttributeName, IUAttributeAlias, IUAttributeDescription) VALUES ('Clas_1581411467264384UIPobCl_Auto', 'Clas_1581411467264384CjtoVis_AutoICtjoVis_5', 'CodigoLegal', 'Código Legal', '');
INSERT INTO IUAction (idIU, idIUAction, IUActionName, IUActionAlias, IUActionDescription) VALUES ('Clas_1581411467264384UIPobCl_Auto', 'Clas_1581411467264384AccOfer_AutoElemAcc_1', 'SIUcrear', 'Crear', '');
INSERT INTO IUAction (idIU, idIUAction, IUActionName, IUActionAlias, IUActionDescription) VALUES ('Clas_1581411467264384UIPobCl_Auto', 'Clas_1581411467264384AccOfer_AutoElemAcc_2', 'SIUeliminar', 'Eliminar', '');
INSERT INTO IUAction (idIU, idIUAction, IUActionName, IUActionAlias, IUActionDescription) VALUES ('Clas_1581411467264384UIPobCl_Auto', 'Clas_1581411467264384AccOfer_AutoElemAcc_3', 'SIUmodificar', 'Modificar', '');
INSERT INTO IUAction (idIU, idIUAction, IUActionName, IUActionAlias, IUActionDescription) VALUES ('Clas_1581411467264384UIPobCl_Auto', 'Clas_1581411467264384AccOfer_AutoElemAcc_4', '_Auto_', 'Tipo Novedad', '');
INSERT INTO IUNavigation (idIU, idIUNavigation, IUNavigationName, IUNavigationAlias, IUNavigationDescription) VALUES ('Clas_1581411467264384UIPobCl_Auto', 'Clas_1581411467264384NavOfer_AutoElemNav_1', 'PIUNovedad', 'Novedades', '');

-- IIU: TipoNovedad._Auto_
INSERT INTO IU (idIU, IUName, IUAlias, IUDescription, IUType) VALUES ('Clas_1581411467264384UIInst_1', '_Auto_', 'Tipo Novedad', '', 'I');
INSERT INTO IUAction (idIU, idIUAction, IUActionName, IUActionAlias, IUActionDescription) VALUES ('Clas_1581411467264384UIInst_1', 'Clas_1581411467264384AccOfer_AutoElemAcc_1', 'SIUcrear', 'Crear', '');
INSERT INTO IUAction (idIU, idIUAction, IUActionName, IUActionAlias, IUActionDescription) VALUES ('Clas_1581411467264384UIInst_1', 'Clas_1581411467264384AccOfer_AutoElemAcc_2', 'SIUeliminar', 'Eliminar', '');
INSERT INTO IUAction (idIU, idIUAction, IUActionName, IUActionAlias, IUActionDescription) VALUES ('Clas_1581411467264384UIInst_1', 'Clas_1581411467264384AccOfer_AutoElemAcc_3', 'SIUmodificar', 'Modificar', '');
INSERT INTO IUAction (idIU, idIUAction, IUActionName, IUActionAlias, IUActionDescription) VALUES ('Clas_1581411467264384UIInst_1', 'Clas_1581411467264384AccOfer_AutoElemAcc_4', '_Auto_', 'Tipo Novedad', '');
INSERT INTO IUNavigation (idIU, idIUNavigation, IUNavigationName, IUNavigationAlias, IUNavigationDescription) VALUES ('Clas_1581411467264384UIInst_1', 'Clas_1581411467264384NavOfer_AutoElemNav_1', 'PIUNovedad', 'Novedades', '');

-- SIU: TipoNovedad.SIUcrear
INSERT INTO IU (idIU, IUName, IUAlias, IUDescription, IUType) VALUES ('Clas_1581411467264384Ser_1UIServ_1', 'SIUcrear', 'Crear', '', 'S');
-- SIU: TipoNovedad.SIUeliminar
INSERT INTO IU (idIU, IUName, IUAlias, IUDescription, IUType) VALUES ('Clas_1581411467264384Ser_2UIServ_1', 'SIUeliminar', 'Eliminar', '', 'S');
-- SIU: TipoNovedad.SIUmodificar
INSERT INTO IU (idIU, IUName, IUAlias, IUDescription, IUType) VALUES ('Clas_1581411467264384Ser_3UIServ_1', 'SIUmodificar', 'Modificar', '', 'S');

---------------------------------------------
-- CLASS Novedad
---------------------------------------------
-- PIU: Novedad.PIUNovedad
INSERT INTO IU (idIU, IUName, IUAlias, IUDescription, IUType) VALUES ('Clas_1581412253696713UIPobCl_1', 'PIUNovedad', 'Novedades', '', 'P');
INSERT INTO IUAttribute (idIU, idIUAttribute, IUAttributeName, IUAttributeAlias, IUAttributeDescription) VALUES ('Clas_1581412253696713UIPobCl_1', 'Clas_1581412253696713CjtoVis_2ICtjoVis_1', 'TipoNovedad.Nombre', 'Tipo', '');
INSERT INTO IUAttribute (idIU, idIUAttribute, IUAttributeName, IUAttributeAlias, IUAttributeDescription) VALUES ('Clas_1581412253696713UIPobCl_1', 'Clas_1581412253696713CjtoVis_2ICtjoVis_2', 'Nombre', 'Nombre', '');
INSERT INTO IUAttribute (idIU, idIUAttribute, IUAttributeName, IUAttributeAlias, IUAttributeDescription) VALUES ('Clas_1581412253696713UIPobCl_1', 'Clas_1581412253696713CjtoVis_2ICtjoVis_3', 'AliasNovedad', 'Alias', '');
INSERT INTO IUAttribute (idIU, idIUAttribute, IUAttributeName, IUAttributeAlias, IUAttributeDescription) VALUES ('Clas_1581412253696713UIPobCl_1', 'Clas_1581412253696713CjtoVis_2ICtjoVis_4', 'Descripcion', 'Descripción', '');
INSERT INTO IUAttribute (idIU, idIUAttribute, IUAttributeName, IUAttributeAlias, IUAttributeDescription) VALUES ('Clas_1581412253696713UIPobCl_1', 'Clas_1581412253696713CjtoVis_2ICtjoVis_5', 'CodigoLegal', 'Código Legal', '');
INSERT INTO IUAttribute (idIU, idIUAttribute, IUAttributeName, IUAttributeAlias, IUAttributeDescription) VALUES ('Clas_1581412253696713UIPobCl_1', 'Clas_1581412253696713CjtoVis_2ICtjoVis_6', 'ReqDocPersona', 'Requiere doc. persona', '');
INSERT INTO IUAttribute (idIU, idIUAttribute, IUAttributeName, IUAttributeAlias, IUAttributeDescription) VALUES ('Clas_1581412253696713UIPobCl_1', 'Clas_1581412253696713CjtoVis_2ICtjoVis_7', 'ReqDocSolicitud', 'Requiere doc. solicitud', '');
INSERT INTO IUAttribute (idIU, idIUAttribute, IUAttributeName, IUAttributeAlias, IUAttributeDescription) VALUES ('Clas_1581412253696713UIPobCl_1', 'Clas_1581412253696713CjtoVis_2ICtjoVis_8', 'VariasFamilias', 'Varias familias', '');
INSERT INTO IUAttribute (idIU, idIUAttribute, IUAttributeName, IUAttributeAlias, IUAttributeDescription) VALUES ('Clas_1581412253696713UIPobCl_1', 'Clas_1581412253696713CjtoVis_2ICtjoVis_9', 'MinValorMeses', 'Valor mínimo meses', '');
INSERT INTO IUAttribute (idIU, idIUAttribute, IUAttributeName, IUAttributeAlias, IUAttributeDescription) VALUES ('Clas_1581412253696713UIPobCl_1', 'Clas_1581412253696713CjtoVis_2ICtjoVis_10', 'MaxValorMeses', 'Valor máximo meses', '');
INSERT INTO IUAction (idIU, idIUAction, IUActionName, IUActionAlias, IUActionDescription) VALUES ('Clas_1581412253696713UIPobCl_1', 'Clas_1581412253696713AccOfer_2ElemAcc_6', 'SIUTCREAR', 'Crear', '');
INSERT INTO IUAction (idIU, idIUAction, IUActionName, IUActionAlias, IUActionDescription) VALUES ('Clas_1581412253696713UIPobCl_1', 'Clas_1581412253696713AccOfer_2ElemAcc_2', 'SIUmodificar', 'Modificar', '');
INSERT INTO IUAction (idIU, idIUAction, IUActionName, IUActionAlias, IUActionDescription) VALUES ('Clas_1581412253696713UIPobCl_1', 'Clas_1581412253696713AccOfer_2ElemAcc_3', 'MDIUNovedadCausales', 'Detalles Novedad', '');
INSERT INTO IUAction (idIU, idIUAction, IUActionName, IUActionAlias, IUActionDescription) VALUES ('Clas_1581412253696713UIPobCl_1', 'Clas_1581412253696713AccOfer_2ElemAcc_5', 'SIUTELIMINAR', 'Eliminar', '');

-- PIU: Novedad.PIUNovedadDDominio
INSERT INTO IU (idIU, IUName, IUAlias, IUDescription, IUType) VALUES ('Clas_1581412253696713UIPobCl_2', 'PIUNovedadDDominio', 'Novedades', '', 'P');
INSERT INTO IUAttribute (idIU, idIUAttribute, IUAttributeName, IUAttributeAlias, IUAttributeDescription) VALUES ('Clas_1581412253696713UIPobCl_2', 'Clas_1581412253696713CjtoVis_3ICtjoVis_1', 'TipoNovedad.Nombre', 'Tipo', '');
INSERT INTO IUAttribute (idIU, idIUAttribute, IUAttributeName, IUAttributeAlias, IUAttributeDescription) VALUES ('Clas_1581412253696713UIPobCl_2', 'Clas_1581412253696713CjtoVis_3ICtjoVis_2', 'Nombre', 'Nombre', '');
INSERT INTO IUAttribute (idIU, idIUAttribute, IUAttributeName, IUAttributeAlias, IUAttributeDescription) VALUES ('Clas_1581412253696713UIPobCl_2', 'Clas_1581412253696713CjtoVis_3ICtjoVis_3', 'AliasNovedad', 'Alias', '');
INSERT INTO IUAttribute (idIU, idIUAttribute, IUAttributeName, IUAttributeAlias, IUAttributeDescription) VALUES ('Clas_1581412253696713UIPobCl_2', 'Clas_1581412253696713CjtoVis_3ICtjoVis_4', 'Descripcion', 'Descripción', '');
INSERT INTO IUAttribute (idIU, idIUAttribute, IUAttributeName, IUAttributeAlias, IUAttributeDescription) VALUES ('Clas_1581412253696713UIPobCl_2', 'Clas_1581412253696713CjtoVis_3ICtjoVis_5', 'ReqDocPersona', 'Requiere doc. persona', '');
INSERT INTO IUAttribute (idIU, idIUAttribute, IUAttributeName, IUAttributeAlias, IUAttributeDescription) VALUES ('Clas_1581412253696713UIPobCl_2', 'Clas_1581412253696713CjtoVis_3ICtjoVis_6', 'ReqDocSolicitud', 'Requiere doc. solicitud', '');
INSERT INTO IUAttribute (idIU, idIUAttribute, IUAttributeName, IUAttributeAlias, IUAttributeDescription) VALUES ('Clas_1581412253696713UIPobCl_2', 'Clas_1581412253696713CjtoVis_3ICtjoVis_7', 'VariasFamilias', 'Varias familias', '');
INSERT INTO IUAction (idIU, idIUAction, IUActionName, IUActionAlias, IUActionDescription) VALUES ('Clas_1581412253696713UIPobCl_2', 'Clas_1581412253696713AccOfer_3ElemAcc_3', 'SIUTINSNOVEDAD', 'Asignar Novedad', '');
INSERT INTO IUAction (idIU, idIUAction, IUActionName, IUActionAlias, IUActionDescription) VALUES ('Clas_1581412253696713UIPobCl_2', 'Clas_1581412253696713AccOfer_3ElemAcc_1', 'SIUDelNovedad', 'Quitar Novedad', '');

-- PIU: Novedad._Auto_
INSERT INTO IU (idIU, IUName, IUAlias, IUDescription, IUType) VALUES ('Clas_1581412253696713UIPobCl_Auto', '_Auto_', 'Novedad', '', 'P');
INSERT INTO IUAttribute (idIU, idIUAttribute, IUAttributeName, IUAttributeAlias, IUAttributeDescription) VALUES ('Clas_1581412253696713UIPobCl_Auto', 'Clas_1581412253696713CjtoVis_AutoICtjoVis_1', 'idNovedad', 'id_Novedad', '');
INSERT INTO IUAttribute (idIU, idIUAttribute, IUAttributeName, IUAttributeAlias, IUAttributeDescription) VALUES ('Clas_1581412253696713UIPobCl_Auto', 'Clas_1581412253696713CjtoVis_AutoICtjoVis_2', 'AliasNovedad', 'Alias', '');
INSERT INTO IUAttribute (idIU, idIUAttribute, IUAttributeName, IUAttributeAlias, IUAttributeDescription) VALUES ('Clas_1581412253696713UIPobCl_Auto', 'Clas_1581412253696713CjtoVis_AutoICtjoVis_3', 'Nombre', 'Nombre', '');
INSERT INTO IUAttribute (idIU, idIUAttribute, IUAttributeName, IUAttributeAlias, IUAttributeDescription) VALUES ('Clas_1581412253696713UIPobCl_Auto', 'Clas_1581412253696713CjtoVis_AutoICtjoVis_4', 'Descripcion', 'Descripción', '');
INSERT INTO IUAttribute (idIU, idIUAttribute, IUAttributeName, IUAttributeAlias, IUAttributeDescription) VALUES ('Clas_1581412253696713UIPobCl_Auto', 'Clas_1581412253696713CjtoVis_AutoICtjoVis_5', 'CodigoLegal', 'Código Legal', '');
INSERT INTO IUAttribute (idIU, idIUAttribute, IUAttributeName, IUAttributeAlias, IUAttributeDescription) VALUES ('Clas_1581412253696713UIPobCl_Auto', 'Clas_1581412253696713CjtoVis_AutoICtjoVis_6', 'ReqDocPersona', 'Requiere doc. persona', '');
INSERT INTO IUAttribute (idIU, idIUAttribute, IUAttributeName, IUAttributeAlias, IUAttributeDescription) VALUES ('Clas_1581412253696713UIPobCl_Auto', 'Clas_1581412253696713CjtoVis_AutoICtjoVis_7', 'ReqDocSolicitud', 'Requiere doc. solicitud', '');
INSERT INTO IUAttribute (idIU, idIUAttribute, IUAttributeName, IUAttributeAlias, IUAttributeDescription) VALUES ('Clas_1581412253696713UIPobCl_Auto', 'Clas_1581412253696713CjtoVis_AutoICtjoVis_8', 'VariasFamilias', 'Varias familias', '');
INSERT INTO IUAttribute (idIU, idIUAttribute, IUAttributeName, IUAttributeAlias, IUAttributeDescription) VALUES ('Clas_1581412253696713UIPobCl_Auto', 'Clas_1581412253696713CjtoVis_AutoICtjoVis_9', 'drvTieneCausales', 'Tiene Causales', '');
INSERT INTO IUAttribute (idIU, idIUAttribute, IUAttributeName, IUAttributeAlias, IUAttributeDescription) VALUES ('Clas_1581412253696713UIPobCl_Auto', 'Clas_1581412253696713CjtoVis_AutoICtjoVis_10', 'drvTieneCausasExcepcion', 'Tiene Causas Excepción', '');
INSERT INTO IUAttribute (idIU, idIUAttribute, IUAttributeName, IUAttributeAlias, IUAttributeDescription) VALUES ('Clas_1581412253696713UIPobCl_Auto', 'Clas_1581412253696713CjtoVis_AutoICtjoVis_11', 'MinValorMeses', 'Valor mínimo meses', '');
INSERT INTO IUAttribute (idIU, idIUAttribute, IUAttributeName, IUAttributeAlias, IUAttributeDescription) VALUES ('Clas_1581412253696713UIPobCl_Auto', 'Clas_1581412253696713CjtoVis_AutoICtjoVis_12', 'MaxValorMeses', 'Valor máximo meses', '');
INSERT INTO IUAttribute (idIU, idIUAttribute, IUAttributeName, IUAttributeAlias, IUAttributeDescription) VALUES ('Clas_1581412253696713UIPobCl_Auto', 'Clas_1581412253696713CjtoVis_AutoICtjoVis_13', 'DrvTextoMostrar', 'Descripción', '');
INSERT INTO IUAction (idIU, idIUAction, IUActionName, IUActionAlias, IUActionDescription) VALUES ('Clas_1581412253696713UIPobCl_Auto', 'Clas_1581412253696713AccOfer_AutoElemAcc_1', 'SIUmodificar', 'Modificar', '');
INSERT INTO IUAction (idIU, idIUAction, IUActionName, IUActionAlias, IUActionDescription) VALUES ('Clas_1581412253696713UIPobCl_Auto', 'Clas_1581412253696713AccOfer_AutoElemAcc_2', 'SIUDelNovedad', 'Quitar Novedad', '');
INSERT INTO IUAction (idIU, idIUAction, IUActionName, IUActionAlias, IUActionDescription) VALUES ('Clas_1581412253696713UIPobCl_Auto', 'Clas_1581412253696713AccOfer_AutoElemAcc_3', 'SIUTELIMINAR', 'Eliminar', '');
INSERT INTO IUAction (idIU, idIUAction, IUActionName, IUActionAlias, IUActionDescription) VALUES ('Clas_1581412253696713UIPobCl_Auto', 'Clas_1581412253696713AccOfer_AutoElemAcc_4', 'SIUTCREAR', 'Crear', '');
INSERT INTO IUAction (idIU, idIUAction, IUActionName, IUActionAlias, IUActionDescription) VALUES ('Clas_1581412253696713UIPobCl_Auto', 'Clas_1581412253696713AccOfer_AutoElemAcc_5', 'IIUNovedad', 'Novedad', '');
INSERT INTO IUAction (idIU, idIUAction, IUActionName, IUActionAlias, IUActionDescription) VALUES ('Clas_1581412253696713UIPobCl_Auto', 'Clas_1581412253696713AccOfer_AutoElemAcc_6', 'MDIUNovedadCausales', 'Detalles Novedad', '');
INSERT INTO IUNavigation (idIU, idIUNavigation, IUNavigationName, IUNavigationAlias, IUNavigationDescription) VALUES ('Clas_1581412253696713UIPobCl_Auto', 'Clas_1581412253696713NavOfer_AutoElemNav_1', 'PIUDominioObs', 'Dominios', '');
INSERT INTO IUNavigation (idIU, idIUNavigation, IUNavigationName, IUNavigationAlias, IUNavigationDescription) VALUES ('Clas_1581412253696713UIPobCl_Auto', 'Clas_1581412253696713NavOfer_AutoElemNav_2', 'PIUCausalDMDNovedad', 'Causales', '');
INSERT INTO IUNavigation (idIU, idIUNavigation, IUNavigationName, IUNavigationAlias, IUNavigationDescription) VALUES ('Clas_1581412253696713UIPobCl_Auto', 'Clas_1581412253696713NavOfer_AutoElemNav_3', 'PIUConsultaSolicitudNovedad', 'Consultar Novedades', '');
INSERT INTO IUNavigation (idIU, idIUNavigation, IUNavigationName, IUNavigationAlias, IUNavigationDescription) VALUES ('Clas_1581412253696713UIPobCl_Auto', 'Clas_1581412253696713NavOfer_AutoElemNav_4', 'PIUCausaExclusion', 'Causas de Exclusion', '');
INSERT INTO IUNavigation (idIU, idIUNavigation, IUNavigationName, IUNavigationAlias, IUNavigationDescription) VALUES ('Clas_1581412253696713UIPobCl_Auto', 'Clas_1581412253696713NavOfer_AutoElemNav_5', 'PIUConfiguracionANS', 'Acuerdo nivel de servicio', '');
INSERT INTO IUNavigation (idIU, idIUNavigation, IUNavigationName, IUNavigationAlias, IUNavigationDescription) VALUES ('Clas_1581412253696713UIPobCl_Auto', 'Clas_1581412253696713NavOfer_AutoElemNav_6', '_Auto_', 'Tipo', '');

-- IIU: Novedad.IIUNovedad
INSERT INTO IU (idIU, IUName, IUAlias, IUDescription, IUType) VALUES ('Clas_1581412253696713UIInst_1', 'IIUNovedad', 'Novedad', '', 'I');
INSERT INTO IUAction (idIU, idIUAction, IUActionName, IUActionAlias, IUActionDescription) VALUES ('Clas_1581412253696713UIInst_1', 'Clas_1581412253696713AccOfer_1ElemAcc_1', 'SIUmodificar', 'Modificar', '');

-- IIU: Novedad._Auto_
INSERT INTO IU (idIU, IUName, IUAlias, IUDescription, IUType) VALUES ('Clas_1581412253696713UIInst_4', '_Auto_', 'Novedad', '', 'I');
INSERT INTO IUAction (idIU, idIUAction, IUActionName, IUActionAlias, IUActionDescription) VALUES ('Clas_1581412253696713UIInst_4', 'Clas_1581412253696713AccOfer_AutoElemAcc_1', 'SIUmodificar', 'Modificar', '');
INSERT INTO IUAction (idIU, idIUAction, IUActionName, IUActionAlias, IUActionDescription) VALUES ('Clas_1581412253696713UIInst_4', 'Clas_1581412253696713AccOfer_AutoElemAcc_2', 'SIUDelNovedad', 'Quitar Novedad', '');
INSERT INTO IUAction (idIU, idIUAction, IUActionName, IUActionAlias, IUActionDescription) VALUES ('Clas_1581412253696713UIInst_4', 'Clas_1581412253696713AccOfer_AutoElemAcc_3', 'SIUTELIMINAR', 'Eliminar', '');
INSERT INTO IUAction (idIU, idIUAction, IUActionName, IUActionAlias, IUActionDescription) VALUES ('Clas_1581412253696713UIInst_4', 'Clas_1581412253696713AccOfer_AutoElemAcc_4', 'SIUTCREAR', 'Crear', '');
INSERT INTO IUAction (idIU, idIUAction, IUActionName, IUActionAlias, IUActionDescription) VALUES ('Clas_1581412253696713UIInst_4', 'Clas_1581412253696713AccOfer_AutoElemAcc_5', 'IIUNovedad', 'Novedad', '');
INSERT INTO IUAction (idIU, idIUAction, IUActionName, IUActionAlias, IUActionDescription) VALUES ('Clas_1581412253696713UIInst_4', 'Clas_1581412253696713AccOfer_AutoElemAcc_6', 'MDIUNovedadCausales', 'Detalles Novedad', '');
INSERT INTO IUNavigation (idIU, idIUNavigation, IUNavigationName, IUNavigationAlias, IUNavigationDescription) VALUES ('Clas_1581412253696713UIInst_4', 'Clas_1581412253696713NavOfer_AutoElemNav_1', 'PIUDominioObs', 'Dominios', '');
INSERT INTO IUNavigation (idIU, idIUNavigation, IUNavigationName, IUNavigationAlias, IUNavigationDescription) VALUES ('Clas_1581412253696713UIInst_4', 'Clas_1581412253696713NavOfer_AutoElemNav_2', 'PIUCausalDMDNovedad', 'Causales', '');
INSERT INTO IUNavigation (idIU, idIUNavigation, IUNavigationName, IUNavigationAlias, IUNavigationDescription) VALUES ('Clas_1581412253696713UIInst_4', 'Clas_1581412253696713NavOfer_AutoElemNav_3', 'PIUConsultaSolicitudNovedad', 'Consultar Novedades', '');
INSERT INTO IUNavigation (idIU, idIUNavigation, IUNavigationName, IUNavigationAlias, IUNavigationDescription) VALUES ('Clas_1581412253696713UIInst_4', 'Clas_1581412253696713NavOfer_AutoElemNav_4', 'PIUCausaExclusion', 'Causas de Exclusion', '');
INSERT INTO IUNavigation (idIU, idIUNavigation, IUNavigationName, IUNavigationAlias, IUNavigationDescription) VALUES ('Clas_1581412253696713UIInst_4', 'Clas_1581412253696713NavOfer_AutoElemNav_5', 'PIUConfiguracionANS', 'Acuerdo nivel de servicio', '');
INSERT INTO IUNavigation (idIU, idIUNavigation, IUNavigationName, IUNavigationAlias, IUNavigationDescription) VALUES ('Clas_1581412253696713UIInst_4', 'Clas_1581412253696713NavOfer_AutoElemNav_6', '_Auto_', 'Tipo', '');

-- MDIU: Novedad.MDIUNovedadCausales
INSERT INTO IU (idIU, IUName, IUAlias, IUDescription, IUType) VALUES ('Clas_1581412253696713UIMaDet_1', 'MDIUNovedadCausales', 'Detalles Novedad', '', 'M');
INSERT INTO IUDetail (idIU, idIUDetail, IUDetailName, IUDetailAlias, IUDetailDescription) VALUES ('Clas_1581412253696713UIMaDet_1', 'Clas_1581412253696713UIMaDet_1Det_1', 'PIUCausalDMDNovedad', 'Causales', '');
INSERT INTO IUDetail (idIU, idIUDetail, IUDetailName, IUDetailAlias, IUDetailDescription) VALUES ('Clas_1581412253696713UIMaDet_1', 'Clas_1581412253696713UIMaDet_1Det_2', 'PIUCausaExclusion', 'Causas de Exclusion', '');
-- SIU: Novedad.SIUmodificar
INSERT INTO IU (idIU, IUName, IUAlias, IUDescription, IUType) VALUES ('Clas_1581412253696713Ser_3UIServ_1', 'SIUmodificar', 'Modificar', '', 'S');
-- SIU: Novedad.SIUDelNovedad
INSERT INTO IU (idIU, IUName, IUAlias, IUDescription, IUType) VALUES ('Clas_1581412253696713Ser_6UIServ_1', 'SIUDelNovedad', 'Quitar Novedad', '', 'S');
-- SIU: Novedad.SIUTELIMINAR
INSERT INTO IU (idIU, IUName, IUAlias, IUDescription, IUType) VALUES ('Clas_1581412253696713Ser_4UIServ_1', 'SIUTELIMINAR', 'Eliminar', '', 'S');
-- SIU: Novedad.SIUTCREAR
INSERT INTO IU (idIU, IUName, IUAlias, IUDescription, IUType) VALUES ('Clas_1581412253696713Ser_7UIServ_1', 'SIUTCREAR', 'Crear', '', 'S');

---------------------------------------------
-- CLASS Causal
---------------------------------------------
-- PIU: Causal.PIUCausalDMDNovedad
INSERT INTO IU (idIU, IUName, IUAlias, IUDescription, IUType) VALUES ('Clas_1581414219776993UIPobCl_1', 'PIUCausalDMDNovedad', 'Causales', '', 'P');
INSERT INTO IUAttribute (idIU, idIUAttribute, IUAttributeName, IUAttributeAlias, IUAttributeDescription) VALUES ('Clas_1581414219776993UIPobCl_1', 'Clas_1581414219776993CjtoVis_1ICtjoVis_1', 'AliasCausal', 'Alias', '');
INSERT INTO IUAttribute (idIU, idIUAttribute, IUAttributeName, IUAttributeAlias, IUAttributeDescription) VALUES ('Clas_1581414219776993UIPobCl_1', 'Clas_1581414219776993CjtoVis_1ICtjoVis_2', 'Nombre', 'Nombre', '');
INSERT INTO IUAttribute (idIU, idIUAttribute, IUAttributeName, IUAttributeAlias, IUAttributeDescription) VALUES ('Clas_1581414219776993UIPobCl_1', 'Clas_1581414219776993CjtoVis_1ICtjoVis_3', 'Descripcion', 'Descripción', '');
INSERT INTO IUAttribute (idIU, idIUAttribute, IUAttributeName, IUAttributeAlias, IUAttributeDescription) VALUES ('Clas_1581414219776993UIPobCl_1', 'Clas_1581414219776993CjtoVis_1ICtjoVis_4', 'CodigoLegal', 'Código Legal', '');
INSERT INTO IUAttribute (idIU, idIUAttribute, IUAttributeName, IUAttributeAlias, IUAttributeDescription) VALUES ('Clas_1581414219776993UIPobCl_1', 'Clas_1581414219776993CjtoVis_1ICtjoVis_5', 'ReqDocPersona', 'Requiere doc. persona', '');
INSERT INTO IUAttribute (idIU, idIUAttribute, IUAttributeName, IUAttributeAlias, IUAttributeDescription) VALUES ('Clas_1581414219776993UIPobCl_1', 'Clas_1581414219776993CjtoVis_1ICtjoVis_6', 'ReqDocSolicitud', 'Requiere doc. solicitud', '');
INSERT INTO IUAction (idIU, idIUAction, IUActionName, IUActionAlias, IUActionDescription) VALUES ('Clas_1581414219776993UIPobCl_1', 'Clas_1581414219776993AccOfer_1ElemAcc_1', 'SIUcrear', 'Crear', '');
INSERT INTO IUAction (idIU, idIUAction, IUActionName, IUActionAlias, IUActionDescription) VALUES ('Clas_1581414219776993UIPobCl_1', 'Clas_1581414219776993AccOfer_1ElemAcc_2', 'SIUmodificar', 'Modificar', '');
INSERT INTO IUAction (idIU, idIUAction, IUActionName, IUActionAlias, IUActionDescription) VALUES ('Clas_1581414219776993UIPobCl_1', 'Clas_1581414219776993AccOfer_1ElemAcc_3', 'SIUeliminar', 'Eliminar', '');

-- PIU: Causal._Auto_
INSERT INTO IU (idIU, IUName, IUAlias, IUDescription, IUType) VALUES ('Clas_1581414219776993UIPobCl_Auto', '_Auto_', 'Causal', '', 'P');
INSERT INTO IUAttribute (idIU, idIUAttribute, IUAttributeName, IUAttributeAlias, IUAttributeDescription) VALUES ('Clas_1581414219776993UIPobCl_Auto', 'Clas_1581414219776993CjtoVis_AutoICtjoVis_1', 'idCausal', 'Id.', '');
INSERT INTO IUAttribute (idIU, idIUAttribute, IUAttributeName, IUAttributeAlias, IUAttributeDescription) VALUES ('Clas_1581414219776993UIPobCl_Auto', 'Clas_1581414219776993CjtoVis_AutoICtjoVis_2', 'AliasCausal', 'Alias', '');
INSERT INTO IUAttribute (idIU, idIUAttribute, IUAttributeName, IUAttributeAlias, IUAttributeDescription) VALUES ('Clas_1581414219776993UIPobCl_Auto', 'Clas_1581414219776993CjtoVis_AutoICtjoVis_3', 'Nombre', 'Nombre', '');
INSERT INTO IUAttribute (idIU, idIUAttribute, IUAttributeName, IUAttributeAlias, IUAttributeDescription) VALUES ('Clas_1581414219776993UIPobCl_Auto', 'Clas_1581414219776993CjtoVis_AutoICtjoVis_4', 'Descripcion', 'Descripción', '');
INSERT INTO IUAttribute (idIU, idIUAttribute, IUAttributeName, IUAttributeAlias, IUAttributeDescription) VALUES ('Clas_1581414219776993UIPobCl_Auto', 'Clas_1581414219776993CjtoVis_AutoICtjoVis_5', 'CodigoLegal', 'Código Legal', '');
INSERT INTO IUAttribute (idIU, idIUAttribute, IUAttributeName, IUAttributeAlias, IUAttributeDescription) VALUES ('Clas_1581414219776993UIPobCl_Auto', 'Clas_1581414219776993CjtoVis_AutoICtjoVis_6', 'ReqDocPersona', 'Requiere doc. persona', '');
INSERT INTO IUAttribute (idIU, idIUAttribute, IUAttributeName, IUAttributeAlias, IUAttributeDescription) VALUES ('Clas_1581414219776993UIPobCl_Auto', 'Clas_1581414219776993CjtoVis_AutoICtjoVis_7', 'ReqDocSolicitud', 'Requiere doc. solicitud', '');
INSERT INTO IUAttribute (idIU, idIUAttribute, IUAttributeName, IUAttributeAlias, IUAttributeDescription) VALUES ('Clas_1581414219776993UIPobCl_Auto', 'Clas_1581414219776993CjtoVis_AutoICtjoVis_8', 'DrvTextoMostrar', 'Descripción', '');
INSERT INTO IUAction (idIU, idIUAction, IUActionName, IUActionAlias, IUActionDescription) VALUES ('Clas_1581414219776993UIPobCl_Auto', 'Clas_1581414219776993AccOfer_AutoElemAcc_1', 'SIUcrear', 'Crear', '');
INSERT INTO IUAction (idIU, idIUAction, IUActionName, IUActionAlias, IUActionDescription) VALUES ('Clas_1581414219776993UIPobCl_Auto', 'Clas_1581414219776993AccOfer_AutoElemAcc_2', 'SIUeliminar', 'Eliminar', '');
INSERT INTO IUAction (idIU, idIUAction, IUActionName, IUActionAlias, IUActionDescription) VALUES ('Clas_1581414219776993UIPobCl_Auto', 'Clas_1581414219776993AccOfer_AutoElemAcc_3', 'SIUmodificar', 'Modificar', '');
INSERT INTO IUAction (idIU, idIUAction, IUActionName, IUActionAlias, IUActionDescription) VALUES ('Clas_1581414219776993UIPobCl_Auto', 'Clas_1581414219776993AccOfer_AutoElemAcc_4', '_Auto_', 'Causal', '');
INSERT INTO IUNavigation (idIU, idIUNavigation, IUNavigationName, IUNavigationAlias, IUNavigationDescription) VALUES ('Clas_1581414219776993UIPobCl_Auto', 'Clas_1581414219776993NavOfer_AutoElemNav_1', 'PIUConsultaSolicitudNovedad', 'Consultar Novedades', '');
INSERT INTO IUNavigation (idIU, idIUNavigation, IUNavigationName, IUNavigationAlias, IUNavigationDescription) VALUES ('Clas_1581414219776993UIPobCl_Auto', 'Clas_1581414219776993NavOfer_AutoElemNav_2', 'PIUGrpAsigNovedadDDominio', 'Grupos Novedades', '');
INSERT INTO IUNavigation (idIU, idIUNavigation, IUNavigationName, IUNavigationAlias, IUNavigationDescription) VALUES ('Clas_1581414219776993UIPobCl_Auto', 'Clas_1581414219776993NavOfer_AutoElemNav_3', 'PIUConfiguracionANS', 'Acuerdo nivel de servicio', '');
INSERT INTO IUNavigation (idIU, idIUNavigation, IUNavigationName, IUNavigationAlias, IUNavigationDescription) VALUES ('Clas_1581414219776993UIPobCl_Auto', 'Clas_1581414219776993NavOfer_AutoElemNav_4', 'IIUNovedad', 'Novedad', '');

-- IIU: Causal._Auto_
INSERT INTO IU (idIU, IUName, IUAlias, IUDescription, IUType) VALUES ('Clas_1581414219776993UIInst_1', '_Auto_', 'Causal', '', 'I');
INSERT INTO IUAction (idIU, idIUAction, IUActionName, IUActionAlias, IUActionDescription) VALUES ('Clas_1581414219776993UIInst_1', 'Clas_1581414219776993AccOfer_AutoElemAcc_1', 'SIUcrear', 'Crear', '');
INSERT INTO IUAction (idIU, idIUAction, IUActionName, IUActionAlias, IUActionDescription) VALUES ('Clas_1581414219776993UIInst_1', 'Clas_1581414219776993AccOfer_AutoElemAcc_2', 'SIUeliminar', 'Eliminar', '');
INSERT INTO IUAction (idIU, idIUAction, IUActionName, IUActionAlias, IUActionDescription) VALUES ('Clas_1581414219776993UIInst_1', 'Clas_1581414219776993AccOfer_AutoElemAcc_3', 'SIUmodificar', 'Modificar', '');
INSERT INTO IUAction (idIU, idIUAction, IUActionName, IUActionAlias, IUActionDescription) VALUES ('Clas_1581414219776993UIInst_1', 'Clas_1581414219776993AccOfer_AutoElemAcc_4', '_Auto_', 'Causal', '');
INSERT INTO IUNavigation (idIU, idIUNavigation, IUNavigationName, IUNavigationAlias, IUNavigationDescription) VALUES ('Clas_1581414219776993UIInst_1', 'Clas_1581414219776993NavOfer_AutoElemNav_1', 'PIUConsultaSolicitudNovedad', 'Consultar Novedades', '');
INSERT INTO IUNavigation (idIU, idIUNavigation, IUNavigationName, IUNavigationAlias, IUNavigationDescription) VALUES ('Clas_1581414219776993UIInst_1', 'Clas_1581414219776993NavOfer_AutoElemNav_2', 'PIUGrpAsigNovedadDDominio', 'Grupos Novedades', '');
INSERT INTO IUNavigation (idIU, idIUNavigation, IUNavigationName, IUNavigationAlias, IUNavigationDescription) VALUES ('Clas_1581414219776993UIInst_1', 'Clas_1581414219776993NavOfer_AutoElemNav_3', 'PIUConfiguracionANS', 'Acuerdo nivel de servicio', '');
INSERT INTO IUNavigation (idIU, idIUNavigation, IUNavigationName, IUNavigationAlias, IUNavigationDescription) VALUES ('Clas_1581414219776993UIInst_1', 'Clas_1581414219776993NavOfer_AutoElemNav_4', 'IIUNovedad', 'Novedad', '');

-- SIU: Causal.SIUcrear
INSERT INTO IU (idIU, IUName, IUAlias, IUDescription, IUType) VALUES ('Clas_1581414219776993Ser_1UIServ_1', 'SIUcrear', 'Crear', '', 'S');
-- SIU: Causal.SIUeliminar
INSERT INTO IU (idIU, IUName, IUAlias, IUDescription, IUType) VALUES ('Clas_1581414219776993Ser_2UIServ_1', 'SIUeliminar', 'Eliminar', '', 'S');
-- SIU: Causal.SIUmodificar
INSERT INTO IU (idIU, IUName, IUAlias, IUDescription, IUType) VALUES ('Clas_1581414219776993Ser_3UIServ_1', 'SIUmodificar', 'Modificar', '', 'S');

---------------------------------------------
-- CLASS SolicitudNovedad
---------------------------------------------
-- PIU: SolicitudNovedad.PIUConsultaSolicitudNovedad
INSERT INTO IU (idIU, IUName, IUAlias, IUDescription, IUType) VALUES ('Clas_1581421428736234UIPobCl_1', 'PIUConsultaSolicitudNovedad', 'Consultar Novedades', '', 'P');
INSERT INTO IUAttribute (idIU, idIUAttribute, IUAttributeName, IUAttributeAlias, IUAttributeDescription) VALUES ('Clas_1581421428736234UIPobCl_1', 'Clas_1581421428736234CjtoVis_1ICtjoVis_14', 'DrvNumRadicadoStr', 'Nº Solicitud', '');
INSERT INTO IUAttribute (idIU, idIUAttribute, IUAttributeName, IUAttributeAlias, IUAttributeDescription) VALUES ('Clas_1581421428736234UIPobCl_1', 'Clas_1581421428736234CjtoVis_1ICtjoVis_9', 'FechaCreacion', 'Fecha Creación', '');
INSERT INTO IUAttribute (idIU, idIUAttribute, IUAttributeName, IUAttributeAlias, IUAttributeDescription) VALUES ('Clas_1581421428736234UIPobCl_1', 'Clas_1581421428736234CjtoVis_1ICtjoVis_1', 'PlanT.ProductoT.Descripcion', 'Producto', '');
INSERT INTO IUAttribute (idIU, idIUAttribute, IUAttributeName, IUAttributeAlias, IUAttributeDescription) VALUES ('Clas_1581421428736234UIPobCl_1', 'Clas_1581421428736234CjtoVis_1ICtjoVis_2', 'PlanT.Nombre', 'Plan', '');
INSERT INTO IUAttribute (idIU, idIUAttribute, IUAttributeName, IUAttributeAlias, IUAttributeDescription) VALUES ('Clas_1581421428736234UIPobCl_1', 'Clas_1581421428736234CjtoVis_1ICtjoVis_4', 'NumContrato', 'Nº Contrato', '');
INSERT INTO IUAttribute (idIU, idIUAttribute, IUAttributeName, IUAttributeAlias, IUAttributeDescription) VALUES ('Clas_1581421428736234UIPobCl_1', 'Clas_1581421428736234CjtoVis_1ICtjoVis_10', 'Excepcion', 'Excepción', '');
INSERT INTO IUAttribute (idIU, idIUAttribute, IUAttributeName, IUAttributeAlias, IUAttributeDescription) VALUES ('Clas_1581421428736234UIPobCl_1', 'Clas_1581421428736234CjtoVis_1ICtjoVis_11', 'Novedad.TipoNovedad.Nombre', 'Tipo', '');
INSERT INTO IUAttribute (idIU, idIUAttribute, IUAttributeName, IUAttributeAlias, IUAttributeDescription) VALUES ('Clas_1581421428736234UIPobCl_1', 'Clas_1581421428736234CjtoVis_1ICtjoVis_12', 'Novedad.Nombre', 'Novedad', '');
INSERT INTO IUAttribute (idIU, idIUAttribute, IUAttributeName, IUAttributeAlias, IUAttributeDescription) VALUES ('Clas_1581421428736234UIPobCl_1', 'Clas_1581421428736234CjtoVis_1ICtjoVis_13', 'Causal.Nombre', 'Causal', '');
INSERT INTO IUAction (idIU, idIUAction, IUActionName, IUActionAlias, IUActionDescription) VALUES ('Clas_1581421428736234UIPobCl_1', 'Clas_1581421428736234AccOfer_5ElemAcc_1', 'SIUdummyNavegarAModificar', 'Modificar', '');

-- PIU: SolicitudNovedad.PIUEstatusSolNov
INSERT INTO IU (idIU, IUName, IUAlias, IUDescription, IUType) VALUES ('Clas_1581421428736234UIPobCl_2', 'PIUEstatusSolNov', 'Estatus de Solicitudes de Novedad', '', 'P');
INSERT INTO IUAttribute (idIU, idIUAttribute, IUAttributeName, IUAttributeAlias, IUAttributeDescription) VALUES ('Clas_1581421428736234UIPobCl_2', 'Clas_1581421428736234CjtoVis_6ICtjoVis_20', 'DrvNumRadicadoStr', 'Nº Solicitud', '');
INSERT INTO IUAttribute (idIU, idIUAttribute, IUAttributeName, IUAttributeAlias, IUAttributeDescription) VALUES ('Clas_1581421428736234UIPobCl_2', 'Clas_1581421428736234CjtoVis_6ICtjoVis_2', 'FechaCreacion', 'Fecha Creación', '');
INSERT INTO IUAttribute (idIU, idIUAttribute, IUAttributeName, IUAttributeAlias, IUAttributeDescription) VALUES ('Clas_1581421428736234UIPobCl_2', 'Clas_1581421428736234CjtoVis_6ICtjoVis_10', 'Estado', 'Estado', '');
INSERT INTO IUAttribute (idIU, idIUAttribute, IUAttributeName, IUAttributeAlias, IUAttributeDescription) VALUES ('Clas_1581421428736234UIPobCl_2', 'Clas_1581421428736234CjtoVis_6ICtjoVis_3', 'PlanT.ProductoT.Descripcion', 'Producto', '');
INSERT INTO IUAttribute (idIU, idIUAttribute, IUAttributeName, IUAttributeAlias, IUAttributeDescription) VALUES ('Clas_1581421428736234UIPobCl_2', 'Clas_1581421428736234CjtoVis_6ICtjoVis_4', 'PlanT.Nombre', 'Plan', '');
INSERT INTO IUAttribute (idIU, idIUAttribute, IUAttributeName, IUAttributeAlias, IUAttributeDescription) VALUES ('Clas_1581421428736234UIPobCl_2', 'Clas_1581421428736234CjtoVis_6ICtjoVis_5', 'NumContrato', 'Nº Contrato', '');
INSERT INTO IUAttribute (idIU, idIUAttribute, IUAttributeName, IUAttributeAlias, IUAttributeDescription) VALUES ('Clas_1581421428736234UIPobCl_2', 'Clas_1581421428736234CjtoVis_6ICtjoVis_6', 'Excepcion', 'Excepción', '');
INSERT INTO IUAttribute (idIU, idIUAttribute, IUAttributeName, IUAttributeAlias, IUAttributeDescription) VALUES ('Clas_1581421428736234UIPobCl_2', 'Clas_1581421428736234CjtoVis_6ICtjoVis_17', 'Novedad.TipoNovedad.Nombre', 'Tipo', '');
INSERT INTO IUAttribute (idIU, idIUAttribute, IUAttributeName, IUAttributeAlias, IUAttributeDescription) VALUES ('Clas_1581421428736234UIPobCl_2', 'Clas_1581421428736234CjtoVis_6ICtjoVis_18', 'Novedad.Nombre', 'Novedad', '');
INSERT INTO IUAttribute (idIU, idIUAttribute, IUAttributeName, IUAttributeAlias, IUAttributeDescription) VALUES ('Clas_1581421428736234UIPobCl_2', 'Clas_1581421428736234CjtoVis_6ICtjoVis_19', 'Causal.Nombre', 'Causal', '');
INSERT INTO IUAttribute (idIU, idIUAttribute, IUAttributeName, IUAttributeAlias, IUAttributeDescription) VALUES ('Clas_1581421428736234UIPobCl_2', 'Clas_1581421428736234CjtoVis_6ICtjoVis_11', 'FechaCompletada', 'Fecha Completada', '');
INSERT INTO IUAttribute (idIU, idIUAttribute, IUAttributeName, IUAttributeAlias, IUAttributeDescription) VALUES ('Clas_1581421428736234UIPobCl_2', 'Clas_1581421428736234CjtoVis_6ICtjoVis_12', 'FechaUltimoDoc', 'Fecha último documento', '');
INSERT INTO IUAttribute (idIU, idIUAttribute, IUAttributeName, IUAttributeAlias, IUAttributeDescription) VALUES ('Clas_1581421428736234UIPobCl_2', 'Clas_1581421428736234CjtoVis_6ICtjoVis_13', 'EstadoDocumentacion', 'Estado documentación', '');
INSERT INTO IUAttribute (idIU, idIUAttribute, IUAttributeName, IUAttributeAlias, IUAttributeDescription) VALUES ('Clas_1581421428736234UIPobCl_2', 'Clas_1581421428736234CjtoVis_6ICtjoVis_16', 'Prioridad', 'Prioridad', '');
INSERT INTO IUAttribute (idIU, idIUAttribute, IUAttributeName, IUAttributeAlias, IUAttributeDescription) VALUES ('Clas_1581421428736234UIPobCl_2', 'Clas_1581421428736234CjtoVis_6ICtjoVis_15', 'drvSemaforoGrabAse', 'Semáforo Gra. Afiliaciones/Asesor', '');
INSERT INTO IUAttribute (idIU, idIUAttribute, IUAttributeName, IUAttributeAlias, IUAttributeDescription) VALUES ('Clas_1581421428736234UIPobCl_2', 'Clas_1581421428736234CjtoVis_6ICtjoVis_14', 'UsrAfiliacion.drvNombreCompleto', 'Afiliación', '');
INSERT INTO IUAction (idIU, idIUAction, IUActionName, IUActionAlias, IUActionDescription) VALUES ('Clas_1581421428736234UIPobCl_2', 'Clas_1581421428736234AccOfer_6ElemAcc_9', 'SIUdummyNavegarAConsultar', 'Ver detalles', '');
INSERT INTO IUAction (idIU, idIUAction, IUActionName, IUActionAlias, IUActionDescription) VALUES ('Clas_1581421428736234UIPobCl_2', 'Clas_1581421428736234AccOfer_6ElemAcc_2', 'SIUdummyVerPDF', 'Ver PDF', '');
INSERT INTO IUAction (idIU, idIUAction, IUActionName, IUActionAlias, IUActionDescription) VALUES ('Clas_1581421428736234UIPobCl_2', 'Clas_1581421428736234AccOfer_6ElemAcc_7', 'SIUTCAMBIARESTADODOC', 'Cambiar estado documentación', '');
INSERT INTO IUAction (idIU, idIUAction, IUActionName, IUActionAlias, IUActionDescription) VALUES ('Clas_1581421428736234UIPobCl_2', 'Clas_1581421428736234AccOfer_6ElemAcc_8', 'SIUTREASIGNARUSUARIOS', 'Reasignación de solicitud', '');
INSERT INTO IUAction (idIU, idIUAction, IUActionName, IUActionAlias, IUActionDescription) VALUES ('Clas_1581421428736234UIPobCl_2', 'Clas_1581421428736234AccOfer_6ElemAcc_4', 'SIUTMARCARTRAMITADA', 'Marcar Tramitada', '');
INSERT INTO IUAction (idIU, idIUAction, IUActionName, IUActionAlias, IUActionDescription) VALUES ('Clas_1581421428736234UIPobCl_2', 'Clas_1581421428736234AccOfer_6ElemAcc_5', 'SIUTMARCARANULADA', 'Marcar Anulada', '');
INSERT INTO IUNavigation (idIU, idIUNavigation, IUNavigationName, IUNavigationAlias, IUNavigationDescription) VALUES ('Clas_1581421428736234UIPobCl_2', 'Clas_1581421428736234NavOfer_4ElemNav_2', 'PIUDocumentoNovedad', 'Documentos', '');
INSERT INTO IUNavigation (idIU, idIUNavigation, IUNavigationName, IUNavigationAlias, IUNavigationDescription) VALUES ('Clas_1581421428736234UIPobCl_2', 'Clas_1581421428736234NavOfer_4ElemNav_1', 'PIULogEstadoSN', 'Histórico estados', '');
INSERT INTO IUNavigation (idIU, idIUNavigation, IUNavigationName, IUNavigationAlias, IUNavigationDescription) VALUES ('Clas_1581421428736234UIPobCl_2', 'Clas_1581421428736234NavOfer_4ElemNav_3', 'PIULogUsrSolNov', 'Log Asignaciones', '');

-- PIU: SolicitudNovedad.PIUEstatusSolNovAfiliacion
INSERT INTO IU (idIU, IUName, IUAlias, IUDescription, IUType) VALUES ('Clas_1581421428736234UIPobCl_3', 'PIUEstatusSolNovAfiliacion', 'Estatus de Solicitudes de Novedad', '', 'P');
INSERT INTO IUAttribute (idIU, idIUAttribute, IUAttributeName, IUAttributeAlias, IUAttributeDescription) VALUES ('Clas_1581421428736234UIPobCl_3', 'Clas_1581421428736234CjtoVis_10ICtjoVis_4', 'PlanT.ProductoT.Descripcion', 'Producto', '');
INSERT INTO IUAttribute (idIU, idIUAttribute, IUAttributeName, IUAttributeAlias, IUAttributeDescription) VALUES ('Clas_1581421428736234UIPobCl_3', 'Clas_1581421428736234CjtoVis_10ICtjoVis_5', 'PlanT.Nombre', 'Plan', '');
INSERT INTO IUAttribute (idIU, idIUAttribute, IUAttributeName, IUAttributeAlias, IUAttributeDescription) VALUES ('Clas_1581421428736234UIPobCl_3', 'Clas_1581421428736234CjtoVis_10ICtjoVis_13', 'EstadoDocumentacion', 'Estado documentación', '');
INSERT INTO IUAttribute (idIU, idIUAttribute, IUAttributeName, IUAttributeAlias, IUAttributeDescription) VALUES ('Clas_1581421428736234UIPobCl_3', 'Clas_1581421428736234CjtoVis_10ICtjoVis_3', 'Estado', 'Estado', '');
INSERT INTO IUAttribute (idIU, idIUAttribute, IUAttributeName, IUAttributeAlias, IUAttributeDescription) VALUES ('Clas_1581421428736234UIPobCl_3', 'Clas_1581421428736234CjtoVis_10ICtjoVis_21', 'FechaFA', 'Fecha FA', '');
INSERT INTO IUAttribute (idIU, idIUAttribute, IUAttributeName, IUAttributeAlias, IUAttributeDescription) VALUES ('Clas_1581421428736234UIPobCl_3', 'Clas_1581421428736234CjtoVis_10ICtjoVis_22', 'FechaVigencia', 'Fecha de vigencia', '');
INSERT INTO IUAttribute (idIU, idIUAttribute, IUAttributeName, IUAttributeAlias, IUAttributeDescription) VALUES ('Clas_1581421428736234UIPobCl_3', 'Clas_1581421428736234CjtoVis_10ICtjoVis_20', 'DrvNumRadicadoStr', 'Nº Solicitud', '');
INSERT INTO IUAttribute (idIU, idIUAttribute, IUAttributeName, IUAttributeAlias, IUAttributeDescription) VALUES ('Clas_1581421428736234UIPobCl_3', 'Clas_1581421428736234CjtoVis_10ICtjoVis_17', 'Novedad.TipoNovedad.Nombre', 'Tipo', '');
INSERT INTO IUAttribute (idIU, idIUAttribute, IUAttributeName, IUAttributeAlias, IUAttributeDescription) VALUES ('Clas_1581421428736234UIPobCl_3', 'Clas_1581421428736234CjtoVis_10ICtjoVis_18', 'Novedad.Nombre', 'Novedad', '');
INSERT INTO IUAttribute (idIU, idIUAttribute, IUAttributeName, IUAttributeAlias, IUAttributeDescription) VALUES ('Clas_1581421428736234UIPobCl_3', 'Clas_1581421428736234CjtoVis_10ICtjoVis_19', 'Causal.Nombre', 'Causal', '');
INSERT INTO IUAttribute (idIU, idIUAttribute, IUAttributeName, IUAttributeAlias, IUAttributeDescription) VALUES ('Clas_1581421428736234UIPobCl_3', 'Clas_1581421428736234CjtoVis_10ICtjoVis_14', 'Prioridad', 'Prioridad', '');
INSERT INTO IUAttribute (idIU, idIUAttribute, IUAttributeName, IUAttributeAlias, IUAttributeDescription) VALUES ('Clas_1581421428736234UIPobCl_3', 'Clas_1581421428736234CjtoVis_10ICtjoVis_16', 'drvSemaforoGrabAse', 'Semáforo Gra. Afiliaciones/Asesor', '');
INSERT INTO IUAttribute (idIU, idIUAttribute, IUAttributeName, IUAttributeAlias, IUAttributeDescription) VALUES ('Clas_1581421428736234UIPobCl_3', 'Clas_1581421428736234CjtoVis_10ICtjoVis_23', 'Agente.drvNombreCompleto', 'Asesor', '');
INSERT INTO IUAction (idIU, idIUAction, IUActionName, IUActionAlias, IUActionDescription) VALUES ('Clas_1581421428736234UIPobCl_3', 'Clas_1581421428736234AccOfer_6ElemAcc_9', 'SIUdummyNavegarAConsultar', 'Ver detalles', '');
INSERT INTO IUAction (idIU, idIUAction, IUActionName, IUActionAlias, IUActionDescription) VALUES ('Clas_1581421428736234UIPobCl_3', 'Clas_1581421428736234AccOfer_6ElemAcc_2', 'SIUdummyVerPDF', 'Ver PDF', '');
INSERT INTO IUAction (idIU, idIUAction, IUActionName, IUActionAlias, IUActionDescription) VALUES ('Clas_1581421428736234UIPobCl_3', 'Clas_1581421428736234AccOfer_6ElemAcc_7', 'SIUTCAMBIARESTADODOC', 'Cambiar estado documentación', '');
INSERT INTO IUAction (idIU, idIUAction, IUActionName, IUActionAlias, IUActionDescription) VALUES ('Clas_1581421428736234UIPobCl_3', 'Clas_1581421428736234AccOfer_6ElemAcc_8', 'SIUTREASIGNARUSUARIOS', 'Reasignación de solicitud', '');
INSERT INTO IUAction (idIU, idIUAction, IUActionName, IUActionAlias, IUActionDescription) VALUES ('Clas_1581421428736234UIPobCl_3', 'Clas_1581421428736234AccOfer_6ElemAcc_4', 'SIUTMARCARTRAMITADA', 'Marcar Tramitada', '');
INSERT INTO IUAction (idIU, idIUAction, IUActionName, IUActionAlias, IUActionDescription) VALUES ('Clas_1581421428736234UIPobCl_3', 'Clas_1581421428736234AccOfer_6ElemAcc_5', 'SIUTMARCARANULADA', 'Marcar Anulada', '');
INSERT INTO IUNavigation (idIU, idIUNavigation, IUNavigationName, IUNavigationAlias, IUNavigationDescription) VALUES ('Clas_1581421428736234UIPobCl_3', 'Clas_1581421428736234NavOfer_4ElemNav_2', 'PIUDocumentoNovedad', 'Documentos', '');
INSERT INTO IUNavigation (idIU, idIUNavigation, IUNavigationName, IUNavigationAlias, IUNavigationDescription) VALUES ('Clas_1581421428736234UIPobCl_3', 'Clas_1581421428736234NavOfer_4ElemNav_1', 'PIULogEstadoSN', 'Histórico estados', '');
INSERT INTO IUNavigation (idIU, idIUNavigation, IUNavigationName, IUNavigationAlias, IUNavigationDescription) VALUES ('Clas_1581421428736234UIPobCl_3', 'Clas_1581421428736234NavOfer_4ElemNav_3', 'PIULogUsrSolNov', 'Log Asignaciones', '');

-- PIU: SolicitudNovedad.PIUEstatusSolNovAsesor
INSERT INTO IU (idIU, IUName, IUAlias, IUDescription, IUType) VALUES ('Clas_1581421428736234UIPobCl_6', 'PIUEstatusSolNovAsesor', 'Estatus de Solicitudes de Novedad', '', 'P');
INSERT INTO IUAttribute (idIU, idIUAttribute, IUAttributeName, IUAttributeAlias, IUAttributeDescription) VALUES ('Clas_1581421428736234UIPobCl_6', 'Clas_1581421428736234CjtoVis_13ICtjoVis_17', 'DrvNumRadicadoStr', 'Nº Solicitud', '');
INSERT INTO IUAttribute (idIU, idIUAttribute, IUAttributeName, IUAttributeAlias, IUAttributeDescription) VALUES ('Clas_1581421428736234UIPobCl_6', 'Clas_1581421428736234CjtoVis_13ICtjoVis_2', 'FechaCreacion', 'Fecha Creación', '');
INSERT INTO IUAttribute (idIU, idIUAttribute, IUAttributeName, IUAttributeAlias, IUAttributeDescription) VALUES ('Clas_1581421428736234UIPobCl_6', 'Clas_1581421428736234CjtoVis_13ICtjoVis_3', 'Estado', 'Estado', '');
INSERT INTO IUAttribute (idIU, idIUAttribute, IUAttributeName, IUAttributeAlias, IUAttributeDescription) VALUES ('Clas_1581421428736234UIPobCl_6', 'Clas_1581421428736234CjtoVis_13ICtjoVis_4', 'PlanT.ProductoT.Descripcion', 'Producto', '');
INSERT INTO IUAttribute (idIU, idIUAttribute, IUAttributeName, IUAttributeAlias, IUAttributeDescription) VALUES ('Clas_1581421428736234UIPobCl_6', 'Clas_1581421428736234CjtoVis_13ICtjoVis_5', 'PlanT.Nombre', 'Plan', '');
INSERT INTO IUAttribute (idIU, idIUAttribute, IUAttributeName, IUAttributeAlias, IUAttributeDescription) VALUES ('Clas_1581421428736234UIPobCl_6', 'Clas_1581421428736234CjtoVis_13ICtjoVis_6', 'NumContrato', 'Nº Contrato', '');
INSERT INTO IUAttribute (idIU, idIUAttribute, IUAttributeName, IUAttributeAlias, IUAttributeDescription) VALUES ('Clas_1581421428736234UIPobCl_6', 'Clas_1581421428736234CjtoVis_13ICtjoVis_7', 'Excepcion', 'Excepción', '');
INSERT INTO IUAttribute (idIU, idIUAttribute, IUAttributeName, IUAttributeAlias, IUAttributeDescription) VALUES ('Clas_1581421428736234UIPobCl_6', 'Clas_1581421428736234CjtoVis_13ICtjoVis_8', 'Novedad.TipoNovedad.Nombre', 'Tipo', '');
INSERT INTO IUAttribute (idIU, idIUAttribute, IUAttributeName, IUAttributeAlias, IUAttributeDescription) VALUES ('Clas_1581421428736234UIPobCl_6', 'Clas_1581421428736234CjtoVis_13ICtjoVis_9', 'Novedad.Nombre', 'Novedad', '');
INSERT INTO IUAttribute (idIU, idIUAttribute, IUAttributeName, IUAttributeAlias, IUAttributeDescription) VALUES ('Clas_1581421428736234UIPobCl_6', 'Clas_1581421428736234CjtoVis_13ICtjoVis_10', 'Causal.Nombre', 'Causal', '');
INSERT INTO IUAttribute (idIU, idIUAttribute, IUAttributeName, IUAttributeAlias, IUAttributeDescription) VALUES ('Clas_1581421428736234UIPobCl_6', 'Clas_1581421428736234CjtoVis_13ICtjoVis_11', 'FechaCompletada', 'Fecha Completada', '');
INSERT INTO IUAttribute (idIU, idIUAttribute, IUAttributeName, IUAttributeAlias, IUAttributeDescription) VALUES ('Clas_1581421428736234UIPobCl_6', 'Clas_1581421428736234CjtoVis_13ICtjoVis_12', 'FechaUltimoDoc', 'Fecha último documento', '');
INSERT INTO IUAttribute (idIU, idIUAttribute, IUAttributeName, IUAttributeAlias, IUAttributeDescription) VALUES ('Clas_1581421428736234UIPobCl_6', 'Clas_1581421428736234CjtoVis_13ICtjoVis_13', 'EstadoDocumentacion', 'Estado documentación', '');
INSERT INTO IUAttribute (idIU, idIUAttribute, IUAttributeName, IUAttributeAlias, IUAttributeDescription) VALUES ('Clas_1581421428736234UIPobCl_6', 'Clas_1581421428736234CjtoVis_13ICtjoVis_14', 'Prioridad', 'Prioridad', '');
INSERT INTO IUAction (idIU, idIUAction, IUActionName, IUActionAlias, IUActionDescription) VALUES ('Clas_1581421428736234UIPobCl_6', 'Clas_1581421428736234AccOfer_6ElemAcc_9', 'SIUdummyNavegarAConsultar', 'Ver detalles', '');
INSERT INTO IUAction (idIU, idIUAction, IUActionName, IUActionAlias, IUActionDescription) VALUES ('Clas_1581421428736234UIPobCl_6', 'Clas_1581421428736234AccOfer_6ElemAcc_2', 'SIUdummyVerPDF', 'Ver PDF', '');
INSERT INTO IUAction (idIU, idIUAction, IUActionName, IUActionAlias, IUActionDescription) VALUES ('Clas_1581421428736234UIPobCl_6', 'Clas_1581421428736234AccOfer_6ElemAcc_7', 'SIUTCAMBIARESTADODOC', 'Cambiar estado documentación', '');
INSERT INTO IUAction (idIU, idIUAction, IUActionName, IUActionAlias, IUActionDescription) VALUES ('Clas_1581421428736234UIPobCl_6', 'Clas_1581421428736234AccOfer_6ElemAcc_8', 'SIUTREASIGNARUSUARIOS', 'Reasignación de solicitud', '');
INSERT INTO IUAction (idIU, idIUAction, IUActionName, IUActionAlias, IUActionDescription) VALUES ('Clas_1581421428736234UIPobCl_6', 'Clas_1581421428736234AccOfer_6ElemAcc_4', 'SIUTMARCARTRAMITADA', 'Marcar Tramitada', '');
INSERT INTO IUAction (idIU, idIUAction, IUActionName, IUActionAlias, IUActionDescription) VALUES ('Clas_1581421428736234UIPobCl_6', 'Clas_1581421428736234AccOfer_6ElemAcc_5', 'SIUTMARCARANULADA', 'Marcar Anulada', '');
INSERT INTO IUNavigation (idIU, idIUNavigation, IUNavigationName, IUNavigationAlias, IUNavigationDescription) VALUES ('Clas_1581421428736234UIPobCl_6', 'Clas_1581421428736234NavOfer_4ElemNav_2', 'PIUDocumentoNovedad', 'Documentos', '');
INSERT INTO IUNavigation (idIU, idIUNavigation, IUNavigationName, IUNavigationAlias, IUNavigationDescription) VALUES ('Clas_1581421428736234UIPobCl_6', 'Clas_1581421428736234NavOfer_4ElemNav_1', 'PIULogEstadoSN', 'Histórico estados', '');
INSERT INTO IUNavigation (idIU, idIUNavigation, IUNavigationName, IUNavigationAlias, IUNavigationDescription) VALUES ('Clas_1581421428736234UIPobCl_6', 'Clas_1581421428736234NavOfer_4ElemNav_3', 'PIULogUsrSolNov', 'Log Asignaciones', '');

-- PIU: SolicitudNovedad._Auto_
INSERT INTO IU (idIU, IUName, IUAlias, IUDescription, IUType) VALUES ('Clas_1581421428736234UIPobCl_Auto', '_Auto_', 'Solicitud de Novedad', '', 'P');
INSERT INTO IUAttribute (idIU, idIUAttribute, IUAttributeName, IUAttributeAlias, IUAttributeDescription) VALUES ('Clas_1581421428736234UIPobCl_Auto', 'Clas_1581421428736234CjtoVis_AutoICtjoVis_1', 'NumRadicado', 'Nº Solicitud', '');
INSERT INTO IUAttribute (idIU, idIUAttribute, IUAttributeName, IUAttributeAlias, IUAttributeDescription) VALUES ('Clas_1581421428736234UIPobCl_Auto', 'Clas_1581421428736234CjtoVis_AutoICtjoVis_2', 'Id', 'Id.', '');
INSERT INTO IUAttribute (idIU, idIUAttribute, IUAttributeName, IUAttributeAlias, IUAttributeDescription) VALUES ('Clas_1581421428736234UIPobCl_Auto', 'Clas_1581421428736234CjtoVis_AutoICtjoVis_3', 'FechaVigencia', 'Fecha de vigencia', '');
INSERT INTO IUAttribute (idIU, idIUAttribute, IUAttributeName, IUAttributeAlias, IUAttributeDescription) VALUES ('Clas_1581421428736234UIPobCl_Auto', 'Clas_1581421428736234CjtoVis_AutoICtjoVis_4', 'NumContrato', 'Nº Contrato', '');
INSERT INTO IUAttribute (idIU, idIUAttribute, IUAttributeName, IUAttributeAlias, IUAttributeDescription) VALUES ('Clas_1581421428736234UIPobCl_Auto', 'Clas_1581421428736234CjtoVis_AutoICtjoVis_5', 'CtrCodigoTarifa', 'Código Tarifa', '');
INSERT INTO IUAttribute (idIU, idIUAttribute, IUAttributeName, IUAttributeAlias, IUAttributeDescription) VALUES ('Clas_1581421428736234UIPobCl_Auto', 'Clas_1581421428736234CjtoVis_AutoICtjoVis_6', 'CtrDescTarifa', 'Descripción Tarifa', '');
INSERT INTO IUAttribute (idIU, idIUAttribute, IUAttributeName, IUAttributeAlias, IUAttributeDescription) VALUES ('Clas_1581421428736234UIPobCl_Auto', 'Clas_1581421428736234CjtoVis_AutoICtjoVis_7', 'CtrCodigoConvenio', 'Código Convenio', '');
INSERT INTO IUAttribute (idIU, idIUAttribute, IUAttributeName, IUAttributeAlias, IUAttributeDescription) VALUES ('Clas_1581421428736234UIPobCl_Auto', 'Clas_1581421428736234CjtoVis_AutoICtjoVis_8', 'CtrDescConvenio', 'Descripción Convenio', '');
INSERT INTO IUAttribute (idIU, idIUAttribute, IUAttributeName, IUAttributeAlias, IUAttributeDescription) VALUES ('Clas_1581421428736234UIPobCl_Auto', 'Clas_1581421428736234CjtoVis_AutoICtjoVis_9', 'ContraNumIden', 'Nº Identifiación', '');
INSERT INTO IUAttribute (idIU, idIUAttribute, IUAttributeName, IUAttributeAlias, IUAttributeDescription) VALUES ('Clas_1581421428736234UIPobCl_Auto', 'Clas_1581421428736234CjtoVis_AutoICtjoVis_10', 'ContraPrimerNombre', 'Primer Nombre', '');
INSERT INTO IUAttribute (idIU, idIUAttribute, IUAttributeName, IUAttributeAlias, IUAttributeDescription) VALUES ('Clas_1581421428736234UIPobCl_Auto', 'Clas_1581421428736234CjtoVis_AutoICtjoVis_11', 'FechaCompletada', 'Fecha Completada', '');
INSERT INTO IUAttribute (idIU, idIUAttribute, IUAttributeName, IUAttributeAlias, IUAttributeDescription) VALUES ('Clas_1581421428736234UIPobCl_Auto', 'Clas_1581421428736234CjtoVis_AutoICtjoVis_12', 'FechaUltimoDoc', 'Fecha último documento', '');
INSERT INTO IUAttribute (idIU, idIUAttribute, IUAttributeName, IUAttributeAlias, IUAttributeDescription) VALUES ('Clas_1581421428736234UIPobCl_Auto', 'Clas_1581421428736234CjtoVis_AutoICtjoVis_13', 'Observacions', 'Observaciones', '');
INSERT INTO IUAttribute (idIU, idIUAttribute, IUAttributeName, IUAttributeAlias, IUAttributeDescription) VALUES ('Clas_1581421428736234UIPobCl_Auto', 'Clas_1581421428736234CjtoVis_AutoICtjoVis_14', 'Estado', 'Estado', '');
INSERT INTO IUAttribute (idIU, idIUAttribute, IUAttributeName, IUAttributeAlias, IUAttributeDescription) VALUES ('Clas_1581421428736234UIPobCl_Auto', 'Clas_1581421428736234CjtoVis_AutoICtjoVis_15', 'CtrEsColectivo', 'Contrato colectivo', '');
INSERT INTO IUAttribute (idIU, idIUAttribute, IUAttributeName, IUAttributeAlias, IUAttributeDescription) VALUES ('Clas_1581421428736234UIPobCl_Auto', 'Clas_1581421428736234CjtoVis_AutoICtjoVis_16', 'Completada', 'Completada', '');
INSERT INTO IUAttribute (idIU, idIUAttribute, IUAttributeName, IUAttributeAlias, IUAttributeDescription) VALUES ('Clas_1581421428736234UIPobCl_Auto', 'Clas_1581421428736234CjtoVis_AutoICtjoVis_17', 'EstadoDocumentacion', 'Estado documentación', '');
INSERT INTO IUAttribute (idIU, idIUAttribute, IUAttributeName, IUAttributeAlias, IUAttributeDescription) VALUES ('Clas_1581421428736234UIPobCl_Auto', 'Clas_1581421428736234CjtoVis_AutoICtjoVis_18', 'ContraSegundoNombre', 'Segundo Nombre', '');
INSERT INTO IUAttribute (idIU, idIUAttribute, IUAttributeName, IUAttributeAlias, IUAttributeDescription) VALUES ('Clas_1581421428736234UIPobCl_Auto', 'Clas_1581421428736234CjtoVis_AutoICtjoVis_19', 'ContraPrimerApellido', 'Primer Apellido', '');
INSERT INTO IUAttribute (idIU, idIUAttribute, IUAttributeName, IUAttributeAlias, IUAttributeDescription) VALUES ('Clas_1581421428736234UIPobCl_Auto', 'Clas_1581421428736234CjtoVis_AutoICtjoVis_20', 'ContraSegundoApellido', 'Segundo Apellido', '');
INSERT INTO IUAttribute (idIU, idIUAttribute, IUAttributeName, IUAttributeAlias, IUAttributeDescription) VALUES ('Clas_1581421428736234UIPobCl_Auto', 'Clas_1581421428736234CjtoVis_AutoICtjoVis_21', 'CtrTagCausaExclusion', 'Motivo Estado', '');
INSERT INTO IUAttribute (idIU, idIUAttribute, IUAttributeName, IUAttributeAlias, IUAttributeDescription) VALUES ('Clas_1581421428736234UIPobCl_Auto', 'Clas_1581421428736234CjtoVis_AutoICtjoVis_22', 'CtrActivo', 'Contrato activo', '');
INSERT INTO IUAttribute (idIU, idIUAttribute, IUAttributeName, IUAttributeAlias, IUAttributeDescription) VALUES ('Clas_1581421428736234UIPobCl_Auto', 'Clas_1581421428736234CjtoVis_AutoICtjoVis_23', 'FechaCreacion', 'Fecha Creación', '');
INSERT INTO IUAttribute (idIU, idIUAttribute, IUAttributeName, IUAttributeAlias, IUAttributeDescription) VALUES ('Clas_1581421428736234UIPobCl_Auto', 'Clas_1581421428736234CjtoVis_AutoICtjoVis_24', 'ContraRazonSocial', 'Razón Social', '');
INSERT INTO IUAttribute (idIU, idIUAttribute, IUAttributeName, IUAttributeAlias, IUAttributeDescription) VALUES ('Clas_1581421428736234UIPobCl_Auto', 'Clas_1581421428736234CjtoVis_AutoICtjoVis_25', 'SCNumMeses', 'Nº Meses', '');
INSERT INTO IUAttribute (idIU, idIUAttribute, IUAttributeName, IUAttributeAlias, IUAttributeDescription) VALUES ('Clas_1581421428736234UIPobCl_Auto', 'Clas_1581421428736234CjtoVis_AutoICtjoVis_26', 'ContraNuevaRazonSocial', 'Nueva Razón Social', '');
INSERT INTO IUAttribute (idIU, idIUAttribute, IUAttributeName, IUAttributeAlias, IUAttributeDescription) VALUES ('Clas_1581421428736234UIPobCl_Auto', 'Clas_1581421428736234CjtoVis_AutoICtjoVis_27', 'ContraTipoPersona', 'Tipo Persona', '');
INSERT INTO IUAttribute (idIU, idIUAttribute, IUAttributeName, IUAttributeAlias, IUAttributeDescription) VALUES ('Clas_1581421428736234UIPobCl_Auto', 'Clas_1581421428736234CjtoVis_AutoICtjoVis_28', 'CtrFInicioContrato', 'F. Inicio Contrato', '');
INSERT INTO IUAttribute (idIU, idIUAttribute, IUAttributeName, IUAttributeAlias, IUAttributeDescription) VALUES ('Clas_1581421428736234UIPobCl_Auto', 'Clas_1581421428736234CjtoVis_AutoICtjoVis_29', 'CtrTipoContrato', 'Tipo Contrato', '');
INSERT INTO IUAttribute (idIU, idIUAttribute, IUAttributeName, IUAttributeAlias, IUAttributeDescription) VALUES ('Clas_1581421428736234UIPobCl_Auto', 'Clas_1581421428736234CjtoVis_AutoICtjoVis_30', 'DrvExigeContratoActivo', 'DrvExigeContratoActivo', '');
INSERT INTO IUAttribute (idIU, idIUAttribute, IUAttributeName, IUAttributeAlias, IUAttributeDescription) VALUES ('Clas_1581421428736234UIPobCl_Auto', 'Clas_1581421428736234CjtoVis_AutoICtjoVis_31', 'DrvExigeFamiliaActiva', 'DrvExigeFamiliaActiva', '');
INSERT INTO IUAttribute (idIU, idIUAttribute, IUAttributeName, IUAttributeAlias, IUAttributeDescription) VALUES ('Clas_1581421428736234UIPobCl_Auto', 'Clas_1581421428736234CjtoVis_AutoICtjoVis_32', 'ContraDrvNombreCompleto', 'Nombre completo', '');
INSERT INTO IUAttribute (idIU, idIUAttribute, IUAttributeName, IUAttributeAlias, IUAttributeDescription) VALUES ('Clas_1581421428736234UIPobCl_Auto', 'Clas_1581421428736234CjtoVis_AutoICtjoVis_33', 'DrvTarifa', 'Tarifa', '');
INSERT INTO IUAttribute (idIU, idIUAttribute, IUAttributeName, IUAttributeAlias, IUAttributeDescription) VALUES ('Clas_1581421428736234UIPobCl_Auto', 'Clas_1581421428736234CjtoVis_AutoICtjoVis_34', 'DrvConvenio', 'Convenio', '');
INSERT INTO IUAttribute (idIU, idIUAttribute, IUAttributeName, IUAttributeAlias, IUAttributeDescription) VALUES ('Clas_1581421428736234UIPobCl_Auto', 'Clas_1581421428736234CjtoVis_AutoICtjoVis_35', 'ContraDrvIdentificacion', 'Identificación', '');
INSERT INTO IUAttribute (idIU, idIUAttribute, IUAttributeName, IUAttributeAlias, IUAttributeDescription) VALUES ('Clas_1581421428736234UIPobCl_Auto', 'Clas_1581421428736234CjtoVis_AutoICtjoVis_36', 'Excepcion', 'Excepción', '');
INSERT INTO IUAttribute (idIU, idIUAttribute, IUAttributeName, IUAttributeAlias, IUAttributeDescription) VALUES ('Clas_1581421428736234UIPobCl_Auto', 'Clas_1581421428736234CjtoVis_AutoICtjoVis_37', 'FechaIniExcepcion', 'Fecha Inicio', '');
INSERT INTO IUAttribute (idIU, idIUAttribute, IUAttributeName, IUAttributeAlias, IUAttributeDescription) VALUES ('Clas_1581421428736234UIPobCl_Auto', 'Clas_1581421428736234CjtoVis_AutoICtjoVis_38', 'FechaFinExcepcion', 'Fecha Fin', '');
INSERT INTO IUAttribute (idIU, idIUAttribute, IUAttributeName, IUAttributeAlias, IUAttributeDescription) VALUES ('Clas_1581421428736234UIPobCl_Auto', 'Clas_1581421428736234CjtoVis_AutoICtjoVis_39', 'DrvGrupoAsociado', 'Grupo Asociado', '');
INSERT INTO IUAttribute (idIU, idIUAttribute, IUAttributeName, IUAttributeAlias, IUAttributeDescription) VALUES ('Clas_1581421428736234UIPobCl_Auto', 'Clas_1581421428736234CjtoVis_AutoICtjoVis_40', 'DrvPeriodicidad', 'Periodicidad', '');
INSERT INTO IUAttribute (idIU, idIUAttribute, IUAttributeName, IUAttributeAlias, IUAttributeDescription) VALUES ('Clas_1581421428736234UIPobCl_Auto', 'Clas_1581421428736234CjtoVis_AutoICtjoVis_41', 'DrvPermiteAddFam', 'Permite añadir familia', '');
INSERT INTO IUAttribute (idIU, idIUAttribute, IUAttributeName, IUAttributeAlias, IUAttributeDescription) VALUES ('Clas_1581421428736234UIPobCl_Auto', 'Clas_1581421428736234CjtoVis_AutoICtjoVis_42', 'DrvPermiteDelFam', 'Permite quitar familia', '');
INSERT INTO IUAttribute (idIU, idIUAttribute, IUAttributeName, IUAttributeAlias, IUAttributeDescription) VALUES ('Clas_1581421428736234UIPobCl_Auto', 'Clas_1581421428736234CjtoVis_AutoICtjoVis_43', 'DrvExigeDocSolicitud', 'Exige Doc. Solicitud', '');
INSERT INTO IUAttribute (idIU, idIUAttribute, IUAttributeName, IUAttributeAlias, IUAttributeDescription) VALUES ('Clas_1581421428736234UIPobCl_Auto', 'Clas_1581421428736234CjtoVis_AutoICtjoVis_44', 'DrvExigeDocPersona', 'Exige Doc. Persona', '');
INSERT INTO IUAttribute (idIU, idIUAttribute, IUAttributeName, IUAttributeAlias, IUAttributeDescription) VALUES ('Clas_1581421428736234UIPobCl_Auto', 'Clas_1581421428736234CjtoVis_AutoICtjoVis_45', 'DrvReportColOscuro', 'Report Color Oscuro', '');
INSERT INTO IUAttribute (idIU, idIUAttribute, IUAttributeName, IUAttributeAlias, IUAttributeDescription) VALUES ('Clas_1581421428736234UIPobCl_Auto', 'Clas_1581421428736234CjtoVis_AutoICtjoVis_46', 'DrvReportColClaro', 'Report Color Claro', '');
INSERT INTO IUAttribute (idIU, idIUAttribute, IUAttributeName, IUAttributeAlias, IUAttributeDescription) VALUES ('Clas_1581421428736234UIPobCl_Auto', 'Clas_1581421428736234CjtoVis_AutoICtjoVis_47', 'DrvReportLogo', 'Report Logo', '');
INSERT INTO IUAttribute (idIU, idIUAttribute, IUAttributeName, IUAttributeAlias, IUAttributeDescription) VALUES ('Clas_1581421428736234UIPobCl_Auto', 'Clas_1581421428736234CjtoVis_AutoICtjoVis_48', 'DrvNuevaPeriodicidad', 'Nueva Periodicidad', '');
INSERT INTO IUAttribute (idIU, idIUAttribute, IUAttributeName, IUAttributeAlias, IUAttributeDescription) VALUES ('Clas_1581421428736234UIPobCl_Auto', 'Clas_1581421428736234CjtoVis_AutoICtjoVis_49', 'Prioridad', 'Prioridad', '');
INSERT INTO IUAttribute (idIU, idIUAttribute, IUAttributeName, IUAttributeAlias, IUAttributeDescription) VALUES ('Clas_1581421428736234UIPobCl_Auto', 'Clas_1581421428736234CjtoVis_AutoICtjoVis_50', 'FechaTerminada', 'Fecha Terminada', '');
INSERT INTO IUAttribute (idIU, idIUAttribute, IUAttributeName, IUAttributeAlias, IUAttributeDescription) VALUES ('Clas_1581421428736234UIPobCl_Auto', 'Clas_1581421428736234CjtoVis_AutoICtjoVis_51', 'FechaFUG', 'Fecha Última Gestión', '');
INSERT INTO IUAttribute (idIU, idIUAttribute, IUAttributeName, IUAttributeAlias, IUAttributeDescription) VALUES ('Clas_1581421428736234UIPobCl_Auto', 'Clas_1581421428736234CjtoVis_AutoICtjoVis_52', 'FechaFA', 'Fecha FA', '');
INSERT INTO IUAttribute (idIU, idIUAttribute, IUAttributeName, IUAttributeAlias, IUAttributeDescription) VALUES ('Clas_1581421428736234UIPobCl_Auto', 'Clas_1581421428736234CjtoVis_AutoICtjoVis_53', 'SemaforoGrabAse', 'Semáforo Gra. Afiliaciones/Asesor', '');
INSERT INTO IUAttribute (idIU, idIUAttribute, IUAttributeName, IUAttributeAlias, IUAttributeDescription) VALUES ('Clas_1581421428736234UIPobCl_Auto', 'Clas_1581421428736234CjtoVis_AutoICtjoVis_54', 'drvSemaforoGrabAse', 'Semáforo Gra. Afiliaciones/Asesor', '');
INSERT INTO IUAttribute (idIU, idIUAttribute, IUAttributeName, IUAttributeAlias, IUAttributeDescription) VALUES ('Clas_1581421428736234UIPobCl_Auto', 'Clas_1581421428736234CjtoVis_AutoICtjoVis_55', 'DrvNumRadicadoStr', 'Nº Solicitud', '');
INSERT INTO IUAttribute (idIU, idIUAttribute, IUAttributeName, IUAttributeAlias, IUAttributeDescription) VALUES ('Clas_1581421428736234UIPobCl_Auto', 'Clas_1581421428736234CjtoVis_AutoICtjoVis_56', 'DrvValidarPS1', 'DrvValidarPS1', '');
INSERT INTO IUAttribute (idIU, idIUAttribute, IUAttributeName, IUAttributeAlias, IUAttributeDescription) VALUES ('Clas_1581421428736234UIPobCl_Auto', 'Clas_1581421428736234CjtoVis_AutoICtjoVis_57', 'DrvValidarPS2', 'DrvValidarPS2', '');
INSERT INTO IUAction (idIU, idIUAction, IUActionName, IUActionAlias, IUActionDescription) VALUES ('Clas_1581421428736234UIPobCl_Auto', 'Clas_1581421428736234AccOfer_AutoElemAcc_1', 'SIUmodificarNumMeses', 'Indicar número de meses de suspensión', '');
INSERT INTO IUAction (idIU, idIUAction, IUActionName, IUActionAlias, IUActionDescription) VALUES ('Clas_1581421428736234UIPobCl_Auto', 'Clas_1581421428736234AccOfer_AutoElemAcc_2', 'SIUmodificarNuevoNombre', 'Nueva razón social', '');
INSERT INTO IUAction (idIU, idIUAction, IUActionName, IUActionAlias, IUActionDescription) VALUES ('Clas_1581421428736234UIPobCl_Auto', 'Clas_1581421428736234AccOfer_AutoElemAcc_3', 'SIUregistrarObservaciones', 'Registrar observaciones', '');
INSERT INTO IUAction (idIU, idIUAction, IUActionName, IUActionAlias, IUActionDescription) VALUES ('Clas_1581421428736234UIPobCl_Auto', 'Clas_1581421428736234AccOfer_AutoElemAcc_4', 'SIUdummyNavegarAModificar', 'Modificar', '');
INSERT INTO IUAction (idIU, idIUAction, IUActionName, IUActionAlias, IUActionDescription) VALUES ('Clas_1581421428736234UIPobCl_Auto', 'Clas_1581421428736234AccOfer_AutoElemAcc_5', 'SIUdummyVerPDF', 'Ver PDF', '');
INSERT INTO IUAction (idIU, idIUAction, IUActionName, IUActionAlias, IUActionDescription) VALUES ('Clas_1581421428736234UIPobCl_Auto', 'Clas_1581421428736234AccOfer_AutoElemAcc_6', 'SIUanotarObservaciones', 'Anotar observaciones', '');
INSERT INTO IUAction (idIU, idIUAction, IUActionName, IUActionAlias, IUActionDescription) VALUES ('Clas_1581421428736234UIPobCl_Auto', 'Clas_1581421428736234AccOfer_AutoElemAcc_7', 'SIUdummyEstatusSolicitudes', 'Estatus Solicitudes', '');
INSERT INTO IUAction (idIU, idIUAction, IUActionName, IUActionAlias, IUActionDescription) VALUES ('Clas_1581421428736234UIPobCl_Auto', 'Clas_1581421428736234AccOfer_AutoElemAcc_8', 'SIUdummyNavegarAConsultar', 'Consultar', '');
INSERT INTO IUAction (idIU, idIUAction, IUActionName, IUActionAlias, IUActionDescription) VALUES ('Clas_1581421428736234UIPobCl_Auto', 'Clas_1581421428736234AccOfer_AutoElemAcc_9', 'SIUTCREAR', 'Crear', '');
INSERT INTO IUAction (idIU, idIUAction, IUActionName, IUActionAlias, IUActionDescription) VALUES ('Clas_1581421428736234UIPobCl_Auto', 'Clas_1581421428736234AccOfer_AutoElemAcc_10', 'SIUTADDFAMILIA', 'Añadir Familia', '');
INSERT INTO IUAction (idIU, idIUAction, IUActionName, IUActionAlias, IUActionDescription) VALUES ('Clas_1581421428736234UIPobCl_Auto', 'Clas_1581421428736234AccOfer_AutoElemAcc_11', 'SIUTMARCARCOMPLETADA', 'Marcar Completada', '');
INSERT INTO IUAction (idIU, idIUAction, IUActionName, IUActionAlias, IUActionDescription) VALUES ('Clas_1581421428736234UIPobCl_Auto', 'Clas_1581421428736234AccOfer_AutoElemAcc_12', 'SIUTCHGNUEVAPERIODICIDAD', 'Cambiar periodicidad', '');
INSERT INTO IUAction (idIU, idIUAction, IUActionName, IUActionAlias, IUActionDescription) VALUES ('Clas_1581421428736234UIPobCl_Auto', 'Clas_1581421428736234AccOfer_AutoElemAcc_13', 'SIUTMARCARTRAMITADA', 'Marcar Tramitada', '');
INSERT INTO IUAction (idIU, idIUAction, IUActionName, IUActionAlias, IUActionDescription) VALUES ('Clas_1581421428736234UIPobCl_Auto', 'Clas_1581421428736234AccOfer_AutoElemAcc_14', 'SIUTMARCARANULADA', 'Marcar Anulada', '');
INSERT INTO IUAction (idIU, idIUAction, IUActionName, IUActionAlias, IUActionDescription) VALUES ('Clas_1581421428736234UIPobCl_Auto', 'Clas_1581421428736234AccOfer_AutoElemAcc_15', 'SIUTCREAREXCEPCION', 'Nueva solicitud novedad excepción', '');
INSERT INTO IUAction (idIU, idIUAction, IUActionName, IUActionAlias, IUActionDescription) VALUES ('Clas_1581421428736234UIPobCl_Auto', 'Clas_1581421428736234AccOfer_AutoElemAcc_16', 'SIUTCAMBIARESTADODOC', 'Cambiar estado documentación', '');
INSERT INTO IUAction (idIU, idIUAction, IUActionName, IUActionAlias, IUActionDescription) VALUES ('Clas_1581421428736234UIPobCl_Auto', 'Clas_1581421428736234AccOfer_AutoElemAcc_17', 'SIUTREASIGNARUSUARIOS', 'Reasignación de solicitud', '');
INSERT INTO IUAction (idIU, idIUAction, IUActionName, IUActionAlias, IUActionDescription) VALUES ('Clas_1581421428736234UIPobCl_Auto', 'Clas_1581421428736234AccOfer_AutoElemAcc_18', 'SIUTFIRMAR', 'Firma', '');
INSERT INTO IUAction (idIU, idIUAction, IUActionName, IUActionAlias, IUActionDescription) VALUES ('Clas_1581421428736234UIPobCl_Auto', 'Clas_1581421428736234AccOfer_AutoElemAcc_19', 'IIUSolNovTipoContrato', 'Solicitud de Novedad', '');
INSERT INTO IUAction (idIU, idIUAction, IUActionName, IUActionAlias, IUActionDescription) VALUES ('Clas_1581421428736234UIPobCl_Auto', 'Clas_1581421428736234AccOfer_AutoElemAcc_20', 'IIUSolNovContratante', 'Contratante', '');
INSERT INTO IUAction (idIU, idIUAction, IUActionName, IUActionAlias, IUActionDescription) VALUES ('Clas_1581421428736234UIPobCl_Auto', 'Clas_1581421428736234AccOfer_AutoElemAcc_21', 'IIUSolNovObservaciones', 'Observaciones', '');
INSERT INTO IUAction (idIU, idIUAction, IUActionName, IUActionAlias, IUActionDescription) VALUES ('Clas_1581421428736234UIPobCl_Auto', 'Clas_1581421428736234AccOfer_AutoElemAcc_22', 'IIUSolNovTipoTitular', 'Solicitud de Novedad', '');
INSERT INTO IUAction (idIU, idIUAction, IUActionName, IUActionAlias, IUActionDescription) VALUES ('Clas_1581421428736234UIPobCl_Auto', 'Clas_1581421428736234AccOfer_AutoElemAcc_23', 'IIUSolNovTipoUsuario', 'Solicitud de Novedad', '');
INSERT INTO IUAction (idIU, idIUAction, IUActionName, IUActionAlias, IUActionDescription) VALUES ('Clas_1581421428736234UIPobCl_Auto', 'Clas_1581421428736234AccOfer_AutoElemAcc_24', 'IIUSolNovContratanteSL', 'Contratante', '');
INSERT INTO IUAction (idIU, idIUAction, IUActionName, IUActionAlias, IUActionDescription) VALUES ('Clas_1581421428736234UIPobCl_Auto', 'Clas_1581421428736234AccOfer_AutoElemAcc_25', 'IIUSolNovContraTipoTitular', 'Contratante', '');
INSERT INTO IUAction (idIU, idIUAction, IUActionName, IUActionAlias, IUActionDescription) VALUES ('Clas_1581421428736234UIPobCl_Auto', 'Clas_1581421428736234AccOfer_AutoElemAcc_26', 'MDIUSolNovTipoContrato', 'Solicitud de Novedad Tipo Contrato', '');
INSERT INTO IUAction (idIU, idIUAction, IUActionName, IUActionAlias, IUActionDescription) VALUES ('Clas_1581421428736234UIPobCl_Auto', 'Clas_1581421428736234AccOfer_AutoElemAcc_27', 'MDIUSolNovTipoTitular', 'Solicitud de Novedad TipoTitular', '');
INSERT INTO IUAction (idIU, idIUAction, IUActionName, IUActionAlias, IUActionDescription) VALUES ('Clas_1581421428736234UIPobCl_Auto', 'Clas_1581421428736234AccOfer_AutoElemAcc_28', 'MDIUSolNovTipoUsuario', 'Solicitud de Novedad Tipo Usuario', '');
INSERT INTO IUNavigation (idIU, idIUNavigation, IUNavigationName, IUNavigationAlias, IUNavigationDescription) VALUES ('Clas_1581421428736234UIPobCl_Auto', 'Clas_1581421428736234NavOfer_AutoElemNav_1', 'PIUFamNovMTipoTitular', 'Familias', '');
INSERT INTO IUNavigation (idIU, idIUNavigation, IUNavigationName, IUNavigationAlias, IUNavigationDescription) VALUES ('Clas_1581421428736234UIPobCl_Auto', 'Clas_1581421428736234NavOfer_AutoElemNav_2', 'PIUDocumentoNovedad', 'Documentos', '');
INSERT INTO IUNavigation (idIU, idIUNavigation, IUNavigationName, IUNavigationAlias, IUNavigationDescription) VALUES ('Clas_1581421428736234UIPobCl_Auto', 'Clas_1581421428736234NavOfer_AutoElemNav_3', 'PIULogEstadoSN', 'Histórico estados', '');
INSERT INTO IUNavigation (idIU, idIUNavigation, IUNavigationName, IUNavigationAlias, IUNavigationDescription) VALUES ('Clas_1581421428736234UIPobCl_Auto', 'Clas_1581421428736234NavOfer_AutoElemNav_4', 'PIULogUsrSolNov', 'Log Asignaciones', '');
INSERT INTO IUNavigation (idIU, idIUNavigation, IUNavigationName, IUNavigationAlias, IUNavigationDescription) VALUES ('Clas_1581421428736234UIPobCl_Auto', 'Clas_1581421428736234NavOfer_AutoElemNav_5', '_Auto_', 'Plan', '');
INSERT INTO IUNavigation (idIU, idIUNavigation, IUNavigationName, IUNavigationAlias, IUNavigationDescription) VALUES ('Clas_1581421428736234UIPobCl_Auto', 'Clas_1581421428736234NavOfer_AutoElemNav_6', 'IIUNovedad', 'Novedad', '');
INSERT INTO IUNavigation (idIU, idIUNavigation, IUNavigationName, IUNavigationAlias, IUNavigationDescription) VALUES ('Clas_1581421428736234UIPobCl_Auto', 'Clas_1581421428736234NavOfer_AutoElemNav_7', '_Auto_', 'Causal', '');
INSERT INTO IUNavigation (idIU, idIUNavigation, IUNavigationName, IUNavigationAlias, IUNavigationDescription) VALUES ('Clas_1581421428736234UIPobCl_Auto', 'Clas_1581421428736234NavOfer_AutoElemNav_8', '_Auto_', 'ProteccionDatos', '');
INSERT INTO IUNavigation (idIU, idIUNavigation, IUNavigationName, IUNavigationAlias, IUNavigationDescription) VALUES ('Clas_1581421428736234UIPobCl_Auto', 'Clas_1581421428736234NavOfer_AutoElemNav_9', '_Auto_', 'TipoIdentContratante', '');
INSERT INTO IUNavigation (idIU, idIUNavigation, IUNavigationName, IUNavigationAlias, IUNavigationDescription) VALUES ('Clas_1581421428736234UIPobCl_Auto', 'Clas_1581421428736234NavOfer_AutoElemNav_10', '_Auto_', 'EstadoContrato', '');
INSERT INTO IUNavigation (idIU, idIUNavigation, IUNavigationName, IUNavigationAlias, IUNavigationDescription) VALUES ('Clas_1581421428736234UIPobCl_Auto', 'Clas_1581421428736234NavOfer_AutoElemNav_11', '_Auto_', 'GrupoAsociado', '');
INSERT INTO IUNavigation (idIU, idIUNavigation, IUNavigationName, IUNavigationAlias, IUNavigationDescription) VALUES ('Clas_1581421428736234UIPobCl_Auto', 'Clas_1581421428736234NavOfer_AutoElemNav_12', '_Auto_', 'Periodicidad', '');
INSERT INTO IUNavigation (idIU, idIUNavigation, IUNavigationName, IUNavigationAlias, IUNavigationDescription) VALUES ('Clas_1581421428736234UIPobCl_Auto', 'Clas_1581421428736234NavOfer_AutoElemNav_13', '_Auto_', 'Agente', '');
INSERT INTO IUNavigation (idIU, idIUNavigation, IUNavigationName, IUNavigationAlias, IUNavigationDescription) VALUES ('Clas_1581421428736234UIPobCl_Auto', 'Clas_1581421428736234NavOfer_AutoElemNav_14', '_Auto_', 'Nueva Periodicidad', '');
INSERT INTO IUNavigation (idIU, idIUNavigation, IUNavigationName, IUNavigationAlias, IUNavigationDescription) VALUES ('Clas_1581421428736234UIPobCl_Auto', 'Clas_1581421428736234NavOfer_AutoElemNav_15', '_Auto_', 'Motivo Excepción', '');
INSERT INTO IUNavigation (idIU, idIUNavigation, IUNavigationName, IUNavigationAlias, IUNavigationDescription) VALUES ('Clas_1581421428736234UIPobCl_Auto', 'Clas_1581421428736234NavOfer_AutoElemNav_16', '_Auto_', 'Afiliación', '');
INSERT INTO IUNavigation (idIU, idIUNavigation, IUNavigationName, IUNavigationAlias, IUNavigationDescription) VALUES ('Clas_1581421428736234UIPobCl_Auto', 'Clas_1581421428736234NavOfer_AutoElemNav_17', '_Auto_', 'Firma', '');

-- IIU: SolicitudNovedad.IIUSolNovTipoContrato
INSERT INTO IU (idIU, IUName, IUAlias, IUDescription, IUType) VALUES ('Clas_1581421428736234UIInst_1', 'IIUSolNovTipoContrato', 'Solicitud de Novedad', '', 'I');
INSERT INTO IUAction (idIU, idIUAction, IUActionName, IUActionAlias, IUActionDescription) VALUES ('Clas_1581421428736234UIInst_1', 'Clas_1581421428736234AccOfer_2ElemAcc_2', 'SIUTMARCARCOMPLETADA', 'Marcar Completada', '');
INSERT INTO IUAction (idIU, idIUAction, IUActionName, IUActionAlias, IUActionDescription) VALUES ('Clas_1581421428736234UIInst_1', 'Clas_1581421428736234AccOfer_2ElemAcc_1', 'SIUTCHGNUEVAPERIODICIDAD', 'Cambiar periodicidad', '');
INSERT INTO IUAction (idIU, idIUAction, IUActionName, IUActionAlias, IUActionDescription) VALUES ('Clas_1581421428736234UIInst_1', 'Clas_1581421428736234AccOfer_2ElemAcc_3', 'SIUmodificarNumMeses', 'Indicar número de meses de suspensión', '');
INSERT INTO IUAction (idIU, idIUAction, IUActionName, IUActionAlias, IUActionDescription) VALUES ('Clas_1581421428736234UIInst_1', 'Clas_1581421428736234AccOfer_2ElemAcc_5', 'SIUTCREARSOLNOVEDAD', 'Nueva Novedad para contrato', '');
INSERT INTO IUAction (idIU, idIUAction, IUActionName, IUActionAlias, IUActionDescription) VALUES ('Clas_1581421428736234UIInst_1', 'Clas_1581421428736234AccOfer_2ElemAcc_9', 'SIUTFIRMAR', 'Firma', '');
INSERT INTO IUAction (idIU, idIUAction, IUActionName, IUActionAlias, IUActionDescription) VALUES ('Clas_1581421428736234UIInst_1', 'Clas_1581421428736234AccOfer_2ElemAcc_8', 'SIUdummyVerPDF', 'Ver PDF', '');
INSERT INTO IUNavigation (idIU, idIUNavigation, IUNavigationName, IUNavigationAlias, IUNavigationDescription) VALUES ('Clas_1581421428736234UIInst_1', 'Clas_1581421428736234NavOfer_1ElemNav_1', 'PIUDocumentoNovedad', 'Documentos', '');

-- IIU: SolicitudNovedad.IIUSolNovContratante
INSERT INTO IU (idIU, IUName, IUAlias, IUDescription, IUType) VALUES ('Clas_1581421428736234UIInst_2', 'IIUSolNovContratante', 'Contratante', '', 'I');
INSERT INTO IUAction (idIU, idIUAction, IUActionName, IUActionAlias, IUActionDescription) VALUES ('Clas_1581421428736234UIInst_2', 'Clas_1581421428736234AccOfer_1ElemAcc_1', 'SIUmodificarNuevoNombre', 'Nueva razón social', '');

-- IIU: SolicitudNovedad.IIUSolNovObservaciones
INSERT INTO IU (idIU, IUName, IUAlias, IUDescription, IUType) VALUES ('Clas_1581421428736234UIInst_3', 'IIUSolNovObservaciones', 'Observaciones', '', 'I');

-- IIU: SolicitudNovedad.IIUSolNovTipoTitular
INSERT INTO IU (idIU, IUName, IUAlias, IUDescription, IUType) VALUES ('Clas_1581421428736234UIInst_4', 'IIUSolNovTipoTitular', 'Solicitud de Novedad', '', 'I');
INSERT INTO IUAction (idIU, idIUAction, IUActionName, IUActionAlias, IUActionDescription) VALUES ('Clas_1581421428736234UIInst_4', 'Clas_1581421428736234AccOfer_3ElemAcc_1', 'SIUTMARCARCOMPLETADA', 'Marcar Completada', '');
INSERT INTO IUAction (idIU, idIUAction, IUActionName, IUActionAlias, IUActionDescription) VALUES ('Clas_1581421428736234UIInst_4', 'Clas_1581421428736234AccOfer_3ElemAcc_2', 'SIUTCREARSOLNOVEDAD', 'Nueva solicitud novedad', '');
INSERT INTO IUAction (idIU, idIUAction, IUActionName, IUActionAlias, IUActionDescription) VALUES ('Clas_1581421428736234UIInst_4', 'Clas_1581421428736234AccOfer_3ElemAcc_8', 'SIUTFIRMAR', 'Firma', '');
INSERT INTO IUAction (idIU, idIUAction, IUActionName, IUActionAlias, IUActionDescription) VALUES ('Clas_1581421428736234UIInst_4', 'Clas_1581421428736234AccOfer_3ElemAcc_7', 'SIUdummyVerPDF', 'Ver PDF', '');
INSERT INTO IUNavigation (idIU, idIUNavigation, IUNavigationName, IUNavigationAlias, IUNavigationDescription) VALUES ('Clas_1581421428736234UIInst_4', 'Clas_1581421428736234NavOfer_2ElemNav_1', 'PIUDocumentoNovedad', 'Documentos', '');

-- IIU: SolicitudNovedad.IIUSolNovTipoUsuario
INSERT INTO IU (idIU, IUName, IUAlias, IUDescription, IUType) VALUES ('Clas_1581421428736234UIInst_5', 'IIUSolNovTipoUsuario', 'Solicitud de Novedad', '', 'I');
INSERT INTO IUAction (idIU, idIUAction, IUActionName, IUActionAlias, IUActionDescription) VALUES ('Clas_1581421428736234UIInst_5', 'Clas_1581421428736234AccOfer_4ElemAcc_1', 'SIUTMARCARCOMPLETADA', 'Marcar Completada', '');
INSERT INTO IUAction (idIU, idIUAction, IUActionName, IUActionAlias, IUActionDescription) VALUES ('Clas_1581421428736234UIInst_5', 'Clas_1581421428736234AccOfer_4ElemAcc_2', 'SIUTCREARSOLNOVEDAD', 'Nueva solicitud novedad', '');
INSERT INTO IUAction (idIU, idIUAction, IUActionName, IUActionAlias, IUActionDescription) VALUES ('Clas_1581421428736234UIInst_5', 'Clas_1581421428736234AccOfer_4ElemAcc_6', 'SIUTFIRMAR', 'Firma', '');
INSERT INTO IUAction (idIU, idIUAction, IUActionName, IUActionAlias, IUActionDescription) VALUES ('Clas_1581421428736234UIInst_5', 'Clas_1581421428736234AccOfer_4ElemAcc_5', 'SIUdummyVerPDF', 'Ver PDF', '');
INSERT INTO IUNavigation (idIU, idIUNavigation, IUNavigationName, IUNavigationAlias, IUNavigationDescription) VALUES ('Clas_1581421428736234UIInst_5', 'Clas_1581421428736234NavOfer_3ElemNav_1', 'PIUDocumentoNovedad', 'Documentos', '');

-- IIU: SolicitudNovedad.IIUSolNovContratanteSL
INSERT INTO IU (idIU, IUName, IUAlias, IUDescription, IUType) VALUES ('Clas_1581421428736234UIInst_6', 'IIUSolNovContratanteSL', 'Contratante', '', 'I');

-- IIU: SolicitudNovedad.IIUSolNovContraTipoTitular
INSERT INTO IU (idIU, IUName, IUAlias, IUDescription, IUType) VALUES ('Clas_1581421428736234UIInst_7', 'IIUSolNovContraTipoTitular', 'Contratante', '', 'I');

-- IIU: SolicitudNovedad._Auto_
INSERT INTO IU (idIU, IUName, IUAlias, IUDescription, IUType) VALUES ('Clas_1581421428736234UIInst_14', '_Auto_', 'Solicitud de Novedad', '', 'I');
INSERT INTO IUAction (idIU, idIUAction, IUActionName, IUActionAlias, IUActionDescription) VALUES ('Clas_1581421428736234UIInst_14', 'Clas_1581421428736234AccOfer_AutoElemAcc_1', 'SIUmodificarNumMeses', 'Indicar número de meses de suspensión', '');
INSERT INTO IUAction (idIU, idIUAction, IUActionName, IUActionAlias, IUActionDescription) VALUES ('Clas_1581421428736234UIInst_14', 'Clas_1581421428736234AccOfer_AutoElemAcc_2', 'SIUmodificarNuevoNombre', 'Nueva razón social', '');
INSERT INTO IUAction (idIU, idIUAction, IUActionName, IUActionAlias, IUActionDescription) VALUES ('Clas_1581421428736234UIInst_14', 'Clas_1581421428736234AccOfer_AutoElemAcc_3', 'SIUregistrarObservaciones', 'Registrar observaciones', '');
INSERT INTO IUAction (idIU, idIUAction, IUActionName, IUActionAlias, IUActionDescription) VALUES ('Clas_1581421428736234UIInst_14', 'Clas_1581421428736234AccOfer_AutoElemAcc_4', 'SIUdummyNavegarAModificar', 'Modificar', '');
INSERT INTO IUAction (idIU, idIUAction, IUActionName, IUActionAlias, IUActionDescription) VALUES ('Clas_1581421428736234UIInst_14', 'Clas_1581421428736234AccOfer_AutoElemAcc_5', 'SIUdummyVerPDF', 'Ver PDF', '');
INSERT INTO IUAction (idIU, idIUAction, IUActionName, IUActionAlias, IUActionDescription) VALUES ('Clas_1581421428736234UIInst_14', 'Clas_1581421428736234AccOfer_AutoElemAcc_6', 'SIUanotarObservaciones', 'Anotar observaciones', '');
INSERT INTO IUAction (idIU, idIUAction, IUActionName, IUActionAlias, IUActionDescription) VALUES ('Clas_1581421428736234UIInst_14', 'Clas_1581421428736234AccOfer_AutoElemAcc_7', 'SIUdummyEstatusSolicitudes', 'Estatus Solicitudes', '');
INSERT INTO IUAction (idIU, idIUAction, IUActionName, IUActionAlias, IUActionDescription) VALUES ('Clas_1581421428736234UIInst_14', 'Clas_1581421428736234AccOfer_AutoElemAcc_8', 'SIUdummyNavegarAConsultar', 'Consultar', '');
INSERT INTO IUAction (idIU, idIUAction, IUActionName, IUActionAlias, IUActionDescription) VALUES ('Clas_1581421428736234UIInst_14', 'Clas_1581421428736234AccOfer_AutoElemAcc_9', 'SIUTCREAR', 'Crear', '');
INSERT INTO IUAction (idIU, idIUAction, IUActionName, IUActionAlias, IUActionDescription) VALUES ('Clas_1581421428736234UIInst_14', 'Clas_1581421428736234AccOfer_AutoElemAcc_10', 'SIUTADDFAMILIA', 'Añadir Familia', '');
INSERT INTO IUAction (idIU, idIUAction, IUActionName, IUActionAlias, IUActionDescription) VALUES ('Clas_1581421428736234UIInst_14', 'Clas_1581421428736234AccOfer_AutoElemAcc_11', 'SIUTMARCARCOMPLETADA', 'Marcar Completada', '');
INSERT INTO IUAction (idIU, idIUAction, IUActionName, IUActionAlias, IUActionDescription) VALUES ('Clas_1581421428736234UIInst_14', 'Clas_1581421428736234AccOfer_AutoElemAcc_12', 'SIUTCHGNUEVAPERIODICIDAD', 'Cambiar periodicidad', '');
INSERT INTO IUAction (idIU, idIUAction, IUActionName, IUActionAlias, IUActionDescription) VALUES ('Clas_1581421428736234UIInst_14', 'Clas_1581421428736234AccOfer_AutoElemAcc_13', 'SIUTMARCARTRAMITADA', 'Marcar Tramitada', '');
INSERT INTO IUAction (idIU, idIUAction, IUActionName, IUActionAlias, IUActionDescription) VALUES ('Clas_1581421428736234UIInst_14', 'Clas_1581421428736234AccOfer_AutoElemAcc_14', 'SIUTMARCARANULADA', 'Marcar Anulada', '');
INSERT INTO IUAction (idIU, idIUAction, IUActionName, IUActionAlias, IUActionDescription) VALUES ('Clas_1581421428736234UIInst_14', 'Clas_1581421428736234AccOfer_AutoElemAcc_15', 'SIUTCREAREXCEPCION', 'Nueva solicitud novedad excepción', '');
INSERT INTO IUAction (idIU, idIUAction, IUActionName, IUActionAlias, IUActionDescription) VALUES ('Clas_1581421428736234UIInst_14', 'Clas_1581421428736234AccOfer_AutoElemAcc_16', 'SIUTCAMBIARESTADODOC', 'Cambiar estado documentación', '');
INSERT INTO IUAction (idIU, idIUAction, IUActionName, IUActionAlias, IUActionDescription) VALUES ('Clas_1581421428736234UIInst_14', 'Clas_1581421428736234AccOfer_AutoElemAcc_17', 'SIUTREASIGNARUSUARIOS', 'Reasignación de solicitud', '');
INSERT INTO IUAction (idIU, idIUAction, IUActionName, IUActionAlias, IUActionDescription) VALUES ('Clas_1581421428736234UIInst_14', 'Clas_1581421428736234AccOfer_AutoElemAcc_18', 'SIUTFIRMAR', 'Firma', '');
INSERT INTO IUAction (idIU, idIUAction, IUActionName, IUActionAlias, IUActionDescription) VALUES ('Clas_1581421428736234UIInst_14', 'Clas_1581421428736234AccOfer_AutoElemAcc_19', 'IIUSolNovTipoContrato', 'Solicitud de Novedad', '');
INSERT INTO IUAction (idIU, idIUAction, IUActionName, IUActionAlias, IUActionDescription) VALUES ('Clas_1581421428736234UIInst_14', 'Clas_1581421428736234AccOfer_AutoElemAcc_20', 'IIUSolNovContratante', 'Contratante', '');
INSERT INTO IUAction (idIU, idIUAction, IUActionName, IUActionAlias, IUActionDescription) VALUES ('Clas_1581421428736234UIInst_14', 'Clas_1581421428736234AccOfer_AutoElemAcc_21', 'IIUSolNovObservaciones', 'Observaciones', '');
INSERT INTO IUAction (idIU, idIUAction, IUActionName, IUActionAlias, IUActionDescription) VALUES ('Clas_1581421428736234UIInst_14', 'Clas_1581421428736234AccOfer_AutoElemAcc_22', 'IIUSolNovTipoTitular', 'Solicitud de Novedad', '');
INSERT INTO IUAction (idIU, idIUAction, IUActionName, IUActionAlias, IUActionDescription) VALUES ('Clas_1581421428736234UIInst_14', 'Clas_1581421428736234AccOfer_AutoElemAcc_23', 'IIUSolNovTipoUsuario', 'Solicitud de Novedad', '');
INSERT INTO IUAction (idIU, idIUAction, IUActionName, IUActionAlias, IUActionDescription) VALUES ('Clas_1581421428736234UIInst_14', 'Clas_1581421428736234AccOfer_AutoElemAcc_24', 'IIUSolNovContratanteSL', 'Contratante', '');
INSERT INTO IUAction (idIU, idIUAction, IUActionName, IUActionAlias, IUActionDescription) VALUES ('Clas_1581421428736234UIInst_14', 'Clas_1581421428736234AccOfer_AutoElemAcc_25', 'IIUSolNovContraTipoTitular', 'Contratante', '');
INSERT INTO IUAction (idIU, idIUAction, IUActionName, IUActionAlias, IUActionDescription) VALUES ('Clas_1581421428736234UIInst_14', 'Clas_1581421428736234AccOfer_AutoElemAcc_26', 'MDIUSolNovTipoContrato', 'Solicitud de Novedad Tipo Contrato', '');
INSERT INTO IUAction (idIU, idIUAction, IUActionName, IUActionAlias, IUActionDescription) VALUES ('Clas_1581421428736234UIInst_14', 'Clas_1581421428736234AccOfer_AutoElemAcc_27', 'MDIUSolNovTipoTitular', 'Solicitud de Novedad TipoTitular', '');
INSERT INTO IUAction (idIU, idIUAction, IUActionName, IUActionAlias, IUActionDescription) VALUES ('Clas_1581421428736234UIInst_14', 'Clas_1581421428736234AccOfer_AutoElemAcc_28', 'MDIUSolNovTipoUsuario', 'Solicitud de Novedad Tipo Usuario', '');
INSERT INTO IUNavigation (idIU, idIUNavigation, IUNavigationName, IUNavigationAlias, IUNavigationDescription) VALUES ('Clas_1581421428736234UIInst_14', 'Clas_1581421428736234NavOfer_AutoElemNav_1', 'PIUFamNovMTipoTitular', 'Familias', '');
INSERT INTO IUNavigation (idIU, idIUNavigation, IUNavigationName, IUNavigationAlias, IUNavigationDescription) VALUES ('Clas_1581421428736234UIInst_14', 'Clas_1581421428736234NavOfer_AutoElemNav_2', 'PIUDocumentoNovedad', 'Documentos', '');
INSERT INTO IUNavigation (idIU, idIUNavigation, IUNavigationName, IUNavigationAlias, IUNavigationDescription) VALUES ('Clas_1581421428736234UIInst_14', 'Clas_1581421428736234NavOfer_AutoElemNav_3', 'PIULogEstadoSN', 'Histórico estados', '');
INSERT INTO IUNavigation (idIU, idIUNavigation, IUNavigationName, IUNavigationAlias, IUNavigationDescription) VALUES ('Clas_1581421428736234UIInst_14', 'Clas_1581421428736234NavOfer_AutoElemNav_4', 'PIULogUsrSolNov', 'Log Asignaciones', '');
INSERT INTO IUNavigation (idIU, idIUNavigation, IUNavigationName, IUNavigationAlias, IUNavigationDescription) VALUES ('Clas_1581421428736234UIInst_14', 'Clas_1581421428736234NavOfer_AutoElemNav_5', '_Auto_', 'Plan', '');
INSERT INTO IUNavigation (idIU, idIUNavigation, IUNavigationName, IUNavigationAlias, IUNavigationDescription) VALUES ('Clas_1581421428736234UIInst_14', 'Clas_1581421428736234NavOfer_AutoElemNav_6', 'IIUNovedad', 'Novedad', '');
INSERT INTO IUNavigation (idIU, idIUNavigation, IUNavigationName, IUNavigationAlias, IUNavigationDescription) VALUES ('Clas_1581421428736234UIInst_14', 'Clas_1581421428736234NavOfer_AutoElemNav_7', '_Auto_', 'Causal', '');
INSERT INTO IUNavigation (idIU, idIUNavigation, IUNavigationName, IUNavigationAlias, IUNavigationDescription) VALUES ('Clas_1581421428736234UIInst_14', 'Clas_1581421428736234NavOfer_AutoElemNav_8', '_Auto_', 'ProteccionDatos', '');
INSERT INTO IUNavigation (idIU, idIUNavigation, IUNavigationName, IUNavigationAlias, IUNavigationDescription) VALUES ('Clas_1581421428736234UIInst_14', 'Clas_1581421428736234NavOfer_AutoElemNav_9', '_Auto_', 'TipoIdentContratante', '');
INSERT INTO IUNavigation (idIU, idIUNavigation, IUNavigationName, IUNavigationAlias, IUNavigationDescription) VALUES ('Clas_1581421428736234UIInst_14', 'Clas_1581421428736234NavOfer_AutoElemNav_10', '_Auto_', 'EstadoContrato', '');
INSERT INTO IUNavigation (idIU, idIUNavigation, IUNavigationName, IUNavigationAlias, IUNavigationDescription) VALUES ('Clas_1581421428736234UIInst_14', 'Clas_1581421428736234NavOfer_AutoElemNav_11', '_Auto_', 'GrupoAsociado', '');
INSERT INTO IUNavigation (idIU, idIUNavigation, IUNavigationName, IUNavigationAlias, IUNavigationDescription) VALUES ('Clas_1581421428736234UIInst_14', 'Clas_1581421428736234NavOfer_AutoElemNav_12', '_Auto_', 'Periodicidad', '');
INSERT INTO IUNavigation (idIU, idIUNavigation, IUNavigationName, IUNavigationAlias, IUNavigationDescription) VALUES ('Clas_1581421428736234UIInst_14', 'Clas_1581421428736234NavOfer_AutoElemNav_13', '_Auto_', 'Agente', '');
INSERT INTO IUNavigation (idIU, idIUNavigation, IUNavigationName, IUNavigationAlias, IUNavigationDescription) VALUES ('Clas_1581421428736234UIInst_14', 'Clas_1581421428736234NavOfer_AutoElemNav_14', '_Auto_', 'Nueva Periodicidad', '');
INSERT INTO IUNavigation (idIU, idIUNavigation, IUNavigationName, IUNavigationAlias, IUNavigationDescription) VALUES ('Clas_1581421428736234UIInst_14', 'Clas_1581421428736234NavOfer_AutoElemNav_15', '_Auto_', 'Motivo Excepción', '');
INSERT INTO IUNavigation (idIU, idIUNavigation, IUNavigationName, IUNavigationAlias, IUNavigationDescription) VALUES ('Clas_1581421428736234UIInst_14', 'Clas_1581421428736234NavOfer_AutoElemNav_16', '_Auto_', 'Afiliación', '');
INSERT INTO IUNavigation (idIU, idIUNavigation, IUNavigationName, IUNavigationAlias, IUNavigationDescription) VALUES ('Clas_1581421428736234UIInst_14', 'Clas_1581421428736234NavOfer_AutoElemNav_17', '_Auto_', 'Firma', '');

-- MDIU: SolicitudNovedad.MDIUSolNovTipoContrato
INSERT INTO IU (idIU, IUName, IUAlias, IUDescription, IUType) VALUES ('Clas_1581421428736234UIMaDet_1', 'MDIUSolNovTipoContrato', 'Solicitud de Novedad Tipo Contrato', '', 'M');
INSERT INTO IUDetail (idIU, idIUDetail, IUDetailName, IUDetailAlias, IUDetailDescription) VALUES ('Clas_1581421428736234UIMaDet_1', 'Clas_1581421428736234UIMaDet_1Det_1', 'IIUSolNovContratante', 'Contratante', '');
INSERT INTO IUDetail (idIU, idIUDetail, IUDetailName, IUDetailAlias, IUDetailDescription) VALUES ('Clas_1581421428736234UIMaDet_1', 'Clas_1581421428736234UIMaDet_1Det_2', 'IIUSolNovObservaciones', 'Observaciones', '');
-- MDIU: SolicitudNovedad.MDIUSolNovTipoTitular
INSERT INTO IU (idIU, IUName, IUAlias, IUDescription, IUType) VALUES ('Clas_1581421428736234UIMaDet_2', 'MDIUSolNovTipoTitular', 'Solicitud de Novedad TipoTitular', '', 'M');
INSERT INTO IUDetail (idIU, idIUDetail, IUDetailName, IUDetailAlias, IUDetailDescription) VALUES ('Clas_1581421428736234UIMaDet_2', 'Clas_1581421428736234UIMaDet_2Det_1', 'MDIUFamNovDTipoTitular', 'Familias', '');
INSERT INTO IUDetail (idIU, idIUDetail, IUDetailName, IUDetailAlias, IUDetailDescription) VALUES ('Clas_1581421428736234UIMaDet_2', 'Clas_1581421428736234UIMaDet_2Det_4', 'IIUSolNovContraTipoTitular', 'Contratante', '');
INSERT INTO IUDetail (idIU, idIUDetail, IUDetailName, IUDetailAlias, IUDetailDescription) VALUES ('Clas_1581421428736234UIMaDet_2', 'Clas_1581421428736234UIMaDet_2Det_3', 'IIUSolNovObservaciones', 'Observaciones', '');
-- MDIU: SolicitudNovedad.MDIUSolNovTipoUsuario
INSERT INTO IU (idIU, IUName, IUAlias, IUDescription, IUType) VALUES ('Clas_1581421428736234UIMaDet_3', 'MDIUSolNovTipoUsuario', 'Solicitud de Novedad Tipo Usuario', '', 'M');
INSERT INTO IUDetail (idIU, idIUDetail, IUDetailName, IUDetailAlias, IUDetailDescription) VALUES ('Clas_1581421428736234UIMaDet_3', 'Clas_1581421428736234UIMaDet_3Det_2', 'MDIUFamNovDTipoUsuario', 'Familias', '');
INSERT INTO IUDetail (idIU, idIUDetail, IUDetailName, IUDetailAlias, IUDetailDescription) VALUES ('Clas_1581421428736234UIMaDet_3', 'Clas_1581421428736234UIMaDet_3Det_4', 'IIUSolNovContraTipoTitular', 'Contratante', '');
INSERT INTO IUDetail (idIU, idIUDetail, IUDetailName, IUDetailAlias, IUDetailDescription) VALUES ('Clas_1581421428736234UIMaDet_3', 'Clas_1581421428736234UIMaDet_3Det_3', 'IIUSolNovObservaciones', 'Observaciones', '');
-- SIU: SolicitudNovedad.SIUmodificarNumMeses
INSERT INTO IU (idIU, IUName, IUAlias, IUDescription, IUType) VALUES ('Clas_1581421428736234Ser_22UIServ_2', 'SIUmodificarNumMeses', 'Indicar número de meses de suspensión', '', 'S');
-- SIU: SolicitudNovedad.SIUmodificarNuevoNombre
INSERT INTO IU (idIU, IUName, IUAlias, IUDescription, IUType) VALUES ('Clas_1581421428736234Ser_27UIServ_2', 'SIUmodificarNuevoNombre', 'Nueva razón social', '', 'S');
-- SIU: SolicitudNovedad.SIUregistrarObservaciones
INSERT INTO IU (idIU, IUName, IUAlias, IUDescription, IUType) VALUES ('Clas_1581421428736234Ser_38UIServ_1', 'SIUregistrarObservaciones', 'Registrar observaciones', '', 'S');
-- SIU: SolicitudNovedad.SIUdummyNavegarAModificar
INSERT INTO IU (idIU, IUName, IUAlias, IUDescription, IUType) VALUES ('Clas_1581421428736234Ser_52UIServ_1', 'SIUdummyNavegarAModificar', 'Modificar', '', 'S');
-- SIU: SolicitudNovedad.SIUdummyVerPDF
INSERT INTO IU (idIU, IUName, IUAlias, IUDescription, IUType) VALUES ('Clas_1581421428736234Ser_53UIServ_1', 'SIUdummyVerPDF', 'Ver PDF', '', 'S');
-- SIU: SolicitudNovedad.SIUanotarObservaciones
INSERT INTO IU (idIU, IUName, IUAlias, IUDescription, IUType) VALUES ('Clas_1581421428736234Ser_65UIServ_1', 'SIUanotarObservaciones', 'Anotar observaciones', '', 'S');
-- SIU: SolicitudNovedad.SIUdummyEstatusSolicitudes
INSERT INTO IU (idIU, IUName, IUAlias, IUDescription, IUType) VALUES ('Clas_1581421428736234Ser_68UIServ_1', 'SIUdummyEstatusSolicitudes', 'Estatus Solicitudes', '', 'S');
-- SIU: SolicitudNovedad.SIUdummyNavegarAConsultar
INSERT INTO IU (idIU, IUName, IUAlias, IUDescription, IUType) VALUES ('Clas_1581421428736234Ser_76UIServ_1', 'SIUdummyNavegarAConsultar', 'Consultar', '', 'S');
-- SIU: SolicitudNovedad.SIUTCREAR
INSERT INTO IU (idIU, IUName, IUAlias, IUDescription, IUType) VALUES ('Clas_1581421428736234Ser_5UIServ_1', 'SIUTCREAR', 'Crear', '', 'S');
-- SIU: SolicitudNovedad.SIUTADDFAMILIA
INSERT INTO IU (idIU, IUName, IUAlias, IUDescription, IUType) VALUES ('Clas_1581421428736234Ser_15UIServ_1', 'SIUTADDFAMILIA', 'Añadir Familia', '', 'S');
-- SIU: SolicitudNovedad.SIUTMARCARCOMPLETADA
INSERT INTO IU (idIU, IUName, IUAlias, IUDescription, IUType) VALUES ('Clas_1581421428736234Ser_20UIServ_1', 'SIUTMARCARCOMPLETADA', 'Marcar Completada', '', 'S');
-- SIU: SolicitudNovedad.SIUTCHGNUEVAPERIODICIDAD
INSERT INTO IU (idIU, IUName, IUAlias, IUDescription, IUType) VALUES ('Clas_1581421428736234Ser_41UIServ_1', 'SIUTCHGNUEVAPERIODICIDAD', 'Cambiar periodicidad', '', 'S');
-- SIU: SolicitudNovedad.SIUTMARCARTRAMITADA
INSERT INTO IU (idIU, IUName, IUAlias, IUDescription, IUType) VALUES ('Clas_1581421428736234Ser_44UIServ_1', 'SIUTMARCARTRAMITADA', 'Marcar Tramitada', '', 'S');
-- SIU: SolicitudNovedad.SIUTMARCARANULADA
INSERT INTO IU (idIU, IUName, IUAlias, IUDescription, IUType) VALUES ('Clas_1581421428736234Ser_45UIServ_1', 'SIUTMARCARANULADA', 'Marcar Anulada', '', 'S');
-- SIU: SolicitudNovedad.SIUTCREAREXCEPCION
INSERT INTO IU (idIU, IUName, IUAlias, IUDescription, IUType) VALUES ('Clas_1581421428736234Ser_49UIServ_1', 'SIUTCREAREXCEPCION', 'Nueva solicitud novedad excepción', '', 'S');
-- SIU: SolicitudNovedad.SIUTCAMBIARESTADODOC
INSERT INTO IU (idIU, IUName, IUAlias, IUDescription, IUType) VALUES ('Clas_1581421428736234Ser_60UIServ_1', 'SIUTCAMBIARESTADODOC', 'Cambiar estado documentación', '', 'S');
-- SIU: SolicitudNovedad.SIUTREASIGNARUSUARIOS
INSERT INTO IU (idIU, IUName, IUAlias, IUDescription, IUType) VALUES ('Clas_1581421428736234Ser_70UIServ_1', 'SIUTREASIGNARUSUARIOS', 'Reasignación de solicitud', '', 'S');
-- SIU: SolicitudNovedad.SIUTFIRMAR
INSERT INTO IU (idIU, IUName, IUAlias, IUDescription, IUType) VALUES ('Clas_1581421428736234Ser_75UIServ_1', 'SIUTFIRMAR', 'Firma', '', 'S');

---------------------------------------------
-- CLASS FamiliaNovedad
---------------------------------------------
-- PIU: FamiliaNovedad.PIUFamNovMTipoTitular
INSERT INTO IU (idIU, IUName, IUAlias, IUDescription, IUType) VALUES ('Clas_1581424574464890UIPobCl_1', 'PIUFamNovMTipoTitular', 'Familias', '', 'P');
INSERT INTO IUAttribute (idIU, idIUAttribute, IUAttributeName, IUAttributeAlias, IUAttributeDescription) VALUES ('Clas_1581424574464890UIPobCl_1', 'Clas_1581424574464890CjtoVis_1ICtjoVis_3', 'NumFamilia', 'Nº Familia', '');
INSERT INTO IUAttribute (idIU, idIUAttribute, IUAttributeName, IUAttributeAlias, IUAttributeDescription) VALUES ('Clas_1581424574464890UIPobCl_1', 'Clas_1581424574464890CjtoVis_1ICtjoVis_4', 'FamActiva', 'Familia Activa', '');
INSERT INTO IUAttribute (idIU, idIUAttribute, IUAttributeName, IUAttributeAlias, IUAttributeDescription) VALUES ('Clas_1581424574464890UIPobCl_1', 'Clas_1581424574464890CjtoVis_1ICtjoVis_5', 'TitDrvIdentificacion', 'Identificación Titular', '');
INSERT INTO IUAttribute (idIU, idIUAttribute, IUAttributeName, IUAttributeAlias, IUAttributeDescription) VALUES ('Clas_1581424574464890UIPobCl_1', 'Clas_1581424574464890CjtoVis_1ICtjoVis_6', 'TitDrvNombreCompleto', 'Nombre Titular', '');
INSERT INTO IUAttribute (idIU, idIUAttribute, IUAttributeName, IUAttributeAlias, IUAttributeDescription) VALUES ('Clas_1581424574464890UIPobCl_1', 'Clas_1581424574464890CjtoVis_1ICtjoVis_9', 'TitDrvNombreAnterior', 'Titular anterior', '');
INSERT INTO IUAttribute (idIU, idIUAttribute, IUAttributeName, IUAttributeAlias, IUAttributeDescription) VALUES ('Clas_1581424574464890UIPobCl_1', 'Clas_1581424574464890CjtoVis_1ICtjoVis_10', 'DrvTieneNuevaDir', 'Nueva dirección', '');
INSERT INTO IUAttribute (idIU, idIUAttribute, IUAttributeName, IUAttributeAlias, IUAttributeDescription) VALUES ('Clas_1581424574464890UIPobCl_1', 'Clas_1581424574464890CjtoVis_1ICtjoVis_11', 'DrvTieneFirmaTit', 'Firma Titular', '');
INSERT INTO IUAttribute (idIU, idIUAttribute, IUAttributeName, IUAttributeAlias, IUAttributeDescription) VALUES ('Clas_1581424574464890UIPobCl_1', 'Clas_1581424574464890CjtoVis_1ICtjoVis_12', 'DrvTieneFirmaNuevoTit', 'Firma Nuevo Titular', '');
INSERT INTO IUAction (idIU, idIUAction, IUActionName, IUActionAlias, IUActionDescription) VALUES ('Clas_1581424574464890UIPobCl_1', 'Clas_1581424574464890AccOfer_1ElemAcc_6', 'SIUTADDFAMILIA', 'Añadir Familia', '');
INSERT INTO IUAction (idIU, idIUAction, IUActionName, IUActionAlias, IUActionDescription) VALUES ('Clas_1581424574464890UIPobCl_1', 'Clas_1581424574464890AccOfer_1ElemAcc_7', 'SIUTCREARMANUAL', 'Añadir familia', '');
INSERT INTO IUAction (idIU, idIUAction, IUActionName, IUActionAlias, IUActionDescription) VALUES ('Clas_1581424574464890UIPobCl_1', 'Clas_1581424574464890AccOfer_1ElemAcc_9', 'SIUTCREARUSUMANUAL', 'Añadir usuario', '');
INSERT INTO IUAction (idIU, idIUAction, IUActionName, IUActionAlias, IUActionDescription) VALUES ('Clas_1581424574464890UIPobCl_1', 'Clas_1581424574464890AccOfer_1ElemAcc_8', 'SIUTMODIFICARMANUAL', 'Modificar', '');
INSERT INTO IUAction (idIU, idIUAction, IUActionName, IUActionAlias, IUActionDescription) VALUES ('Clas_1581424574464890UIPobCl_1', 'Clas_1581424574464890AccOfer_1ElemAcc_3', 'SIUTFIRMARTITULAR', 'Firma titular', '');
INSERT INTO IUAction (idIU, idIUAction, IUActionName, IUActionAlias, IUActionDescription) VALUES ('Clas_1581424574464890UIPobCl_1', 'Clas_1581424574464890AccOfer_1ElemAcc_1', 'SIUTADDTITULAR', 'Indicar nuevo titular', '');
INSERT INTO IUAction (idIU, idIUAction, IUActionName, IUActionAlias, IUActionDescription) VALUES ('Clas_1581424574464890UIPobCl_1', 'Clas_1581424574464890AccOfer_1ElemAcc_2', 'SIUTFIRMARNUEVOTITULAR', 'Firma nuevo titular', '');
INSERT INTO IUAction (idIU, idIUAction, IUActionName, IUActionAlias, IUActionDescription) VALUES ('Clas_1581424574464890UIPobCl_1', 'Clas_1581424574464890AccOfer_1ElemAcc_5', 'SIUTSETDIRCORR', 'Indicar nueva dirección de correspondencia', '');
INSERT INTO IUAction (idIU, idIUAction, IUActionName, IUActionAlias, IUActionDescription) VALUES ('Clas_1581424574464890UIPobCl_1', 'Clas_1581424574464890AccOfer_1ElemAcc_4', 'SIUTDELETE', 'Quitar familia', '');

-- PIU: FamiliaNovedad.PIUFamNovMTipoUsuario
INSERT INTO IU (idIU, IUName, IUAlias, IUDescription, IUType) VALUES ('Clas_1581424574464890UIPobCl_2', 'PIUFamNovMTipoUsuario', 'Familias', '', 'P');
INSERT INTO IUAttribute (idIU, idIUAttribute, IUAttributeName, IUAttributeAlias, IUAttributeDescription) VALUES ('Clas_1581424574464890UIPobCl_2', 'Clas_1581424574464890CjtoVis_1ICtjoVis_3', 'NumFamilia', 'Nº Familia', '');
INSERT INTO IUAttribute (idIU, idIUAttribute, IUAttributeName, IUAttributeAlias, IUAttributeDescription) VALUES ('Clas_1581424574464890UIPobCl_2', 'Clas_1581424574464890CjtoVis_1ICtjoVis_4', 'FamActiva', 'Familia Activa', '');
INSERT INTO IUAttribute (idIU, idIUAttribute, IUAttributeName, IUAttributeAlias, IUAttributeDescription) VALUES ('Clas_1581424574464890UIPobCl_2', 'Clas_1581424574464890CjtoVis_1ICtjoVis_5', 'TitDrvIdentificacion', 'Identificación Titular', '');
INSERT INTO IUAttribute (idIU, idIUAttribute, IUAttributeName, IUAttributeAlias, IUAttributeDescription) VALUES ('Clas_1581424574464890UIPobCl_2', 'Clas_1581424574464890CjtoVis_1ICtjoVis_6', 'TitDrvNombreCompleto', 'Nombre Titular', '');
INSERT INTO IUAttribute (idIU, idIUAttribute, IUAttributeName, IUAttributeAlias, IUAttributeDescription) VALUES ('Clas_1581424574464890UIPobCl_2', 'Clas_1581424574464890CjtoVis_1ICtjoVis_9', 'TitDrvNombreAnterior', 'Titular anterior', '');
INSERT INTO IUAttribute (idIU, idIUAttribute, IUAttributeName, IUAttributeAlias, IUAttributeDescription) VALUES ('Clas_1581424574464890UIPobCl_2', 'Clas_1581424574464890CjtoVis_1ICtjoVis_10', 'DrvTieneNuevaDir', 'Nueva dirección', '');
INSERT INTO IUAttribute (idIU, idIUAttribute, IUAttributeName, IUAttributeAlias, IUAttributeDescription) VALUES ('Clas_1581424574464890UIPobCl_2', 'Clas_1581424574464890CjtoVis_1ICtjoVis_11', 'DrvTieneFirmaTit', 'Firma Titular', '');
INSERT INTO IUAttribute (idIU, idIUAttribute, IUAttributeName, IUAttributeAlias, IUAttributeDescription) VALUES ('Clas_1581424574464890UIPobCl_2', 'Clas_1581424574464890CjtoVis_1ICtjoVis_12', 'DrvTieneFirmaNuevoTit', 'Firma Nuevo Titular', '');
INSERT INTO IUAction (idIU, idIUAction, IUActionName, IUActionAlias, IUActionDescription) VALUES ('Clas_1581424574464890UIPobCl_2', 'Clas_1581424574464890AccOfer_2ElemAcc_1', 'SIUTADDFAMILIA', 'Añadir Familia', '');
INSERT INTO IUAction (idIU, idIUAction, IUActionName, IUActionAlias, IUActionDescription) VALUES ('Clas_1581424574464890UIPobCl_2', 'Clas_1581424574464890AccOfer_2ElemAcc_5', 'SIUTCREARMANUAL', 'Añadir familia', '');
INSERT INTO IUAction (idIU, idIUAction, IUActionName, IUActionAlias, IUActionDescription) VALUES ('Clas_1581424574464890UIPobCl_2', 'Clas_1581424574464890AccOfer_2ElemAcc_7', 'SIUTCREARUSUMANUAL', 'Añadir usuario', '');
INSERT INTO IUAction (idIU, idIUAction, IUActionName, IUActionAlias, IUActionDescription) VALUES ('Clas_1581424574464890UIPobCl_2', 'Clas_1581424574464890AccOfer_2ElemAcc_6', 'SIUTMODIFICARMANUAL', 'Modificar', '');
INSERT INTO IUAction (idIU, idIUAction, IUActionName, IUActionAlias, IUActionDescription) VALUES ('Clas_1581424574464890UIPobCl_2', 'Clas_1581424574464890AccOfer_2ElemAcc_4', 'SIUTFIRMARTITULAR', 'Firma titular', '');
INSERT INTO IUAction (idIU, idIUAction, IUActionName, IUActionAlias, IUActionDescription) VALUES ('Clas_1581424574464890UIPobCl_2', 'Clas_1581424574464890AccOfer_2ElemAcc_2', 'SIUTDELETE', 'Quitar familia', '');

-- PIU: FamiliaNovedad._Auto_
INSERT INTO IU (idIU, IUName, IUAlias, IUDescription, IUType) VALUES ('Clas_1581424574464890UIPobCl_Auto', '_Auto_', 'Familia', '', 'P');
INSERT INTO IUAttribute (idIU, idIUAttribute, IUAttributeName, IUAttributeAlias, IUAttributeDescription) VALUES ('Clas_1581424574464890UIPobCl_Auto', 'Clas_1581424574464890CjtoVis_AutoICtjoVis_1', 'idFamiliaNovedad', 'Id.', '');
INSERT INTO IUAttribute (idIU, idIUAttribute, IUAttributeName, IUAttributeAlias, IUAttributeDescription) VALUES ('Clas_1581424574464890UIPobCl_Auto', 'Clas_1581424574464890CjtoVis_AutoICtjoVis_2', 'TitNumidentificacion', 'Nº Identificación', '');
INSERT INTO IUAttribute (idIU, idIUAttribute, IUAttributeName, IUAttributeAlias, IUAttributeDescription) VALUES ('Clas_1581424574464890UIPobCl_Auto', 'Clas_1581424574464890CjtoVis_AutoICtjoVis_3', 'TitPrimerNombre', 'Primer Nombre', '');
INSERT INTO IUAttribute (idIU, idIUAttribute, IUAttributeName, IUAttributeAlias, IUAttributeDescription) VALUES ('Clas_1581424574464890UIPobCl_Auto', 'Clas_1581424574464890CjtoVis_AutoICtjoVis_4', 'TitTieneBeneficios', 'Tiene beneficios', '');
INSERT INTO IUAttribute (idIU, idIUAttribute, IUAttributeName, IUAttributeAlias, IUAttributeDescription) VALUES ('Clas_1581424574464890UIPobCl_Auto', 'Clas_1581424574464890CjtoVis_AutoICtjoVis_5', 'TitSegundoNombre', 'Segundo Nombre', '');
INSERT INTO IUAttribute (idIU, idIUAttribute, IUAttributeName, IUAttributeAlias, IUAttributeDescription) VALUES ('Clas_1581424574464890UIPobCl_Auto', 'Clas_1581424574464890CjtoVis_AutoICtjoVis_6', 'TitPrimerApellido', 'Primer Apellido', '');
INSERT INTO IUAttribute (idIU, idIUAttribute, IUAttributeName, IUAttributeAlias, IUAttributeDescription) VALUES ('Clas_1581424574464890UIPobCl_Auto', 'Clas_1581424574464890CjtoVis_AutoICtjoVis_7', 'TitSegundoApellido', 'Segundo Apellido', '');
INSERT INTO IUAttribute (idIU, idIUAttribute, IUAttributeName, IUAttributeAlias, IUAttributeDescription) VALUES ('Clas_1581424574464890UIPobCl_Auto', 'Clas_1581424574464890CjtoVis_AutoICtjoVis_8', 'NumFamilia', 'Nº Familia', '');
INSERT INTO IUAttribute (idIU, idIUAttribute, IUAttributeName, IUAttributeAlias, IUAttributeDescription) VALUES ('Clas_1581424574464890UIPobCl_Auto', 'Clas_1581424574464890CjtoVis_AutoICtjoVis_9', 'TitRazonSocial', 'Razón Social', '');
INSERT INTO IUAttribute (idIU, idIUAttribute, IUAttributeName, IUAttributeAlias, IUAttributeDescription) VALUES ('Clas_1581424574464890UIPobCl_Auto', 'Clas_1581424574464890CjtoVis_AutoICtjoVis_10', 'FamActiva', 'Familia Activa', '');
INSERT INTO IUAttribute (idIU, idIUAttribute, IUAttributeName, IUAttributeAlias, IUAttributeDescription) VALUES ('Clas_1581424574464890UIPobCl_Auto', 'Clas_1581424574464890CjtoVis_AutoICtjoVis_11', 'drvTieneUsuarioActivo', 'Tiene usuario activo', '');
INSERT INTO IUAttribute (idIU, idIUAttribute, IUAttributeName, IUAttributeAlias, IUAttributeDescription) VALUES ('Clas_1581424574464890UIPobCl_Auto', 'Clas_1581424574464890CjtoVis_AutoICtjoVis_12', 'drvNumTitulares', 'Nº Titulares', '');
INSERT INTO IUAttribute (idIU, idIUAttribute, IUAttributeName, IUAttributeAlias, IUAttributeDescription) VALUES ('Clas_1581424574464890UIPobCl_Auto', 'Clas_1581424574464890CjtoVis_AutoICtjoVis_13', 'drvTieneNuevoTitular', 'Nuevo titular', '');
INSERT INTO IUAttribute (idIU, idIUAttribute, IUAttributeName, IUAttributeAlias, IUAttributeDescription) VALUES ('Clas_1581424574464890UIPobCl_Auto', 'Clas_1581424574464890CjtoVis_AutoICtjoVis_14', 'TitDrvNombreCompleto', 'Nombre completo', '');
INSERT INTO IUAttribute (idIU, idIUAttribute, IUAttributeName, IUAttributeAlias, IUAttributeDescription) VALUES ('Clas_1581424574464890UIPobCl_Auto', 'Clas_1581424574464890CjtoVis_AutoICtjoVis_15', 'TitDrvIdentificacion', 'Identificación', '');
INSERT INTO IUAttribute (idIU, idIUAttribute, IUAttributeName, IUAttributeAlias, IUAttributeDescription) VALUES ('Clas_1581424574464890UIPobCl_Auto', 'Clas_1581424574464890CjtoVis_AutoICtjoVis_16', 'TitDrvNombreAnterior', 'Titular anterior', '');
INSERT INTO IUAttribute (idIU, idIUAttribute, IUAttributeName, IUAttributeAlias, IUAttributeDescription) VALUES ('Clas_1581424574464890UIPobCl_Auto', 'Clas_1581424574464890CjtoVis_AutoICtjoVis_17', 'DrvTieneNuevaDir', 'Nueva dirección', '');
INSERT INTO IUAttribute (idIU, idIUAttribute, IUAttributeName, IUAttributeAlias, IUAttributeDescription) VALUES ('Clas_1581424574464890UIPobCl_Auto', 'Clas_1581424574464890CjtoVis_AutoICtjoVis_18', 'DrvTieneFirmaTit', 'Firma Titular', '');
INSERT INTO IUAttribute (idIU, idIUAttribute, IUAttributeName, IUAttributeAlias, IUAttributeDescription) VALUES ('Clas_1581424574464890UIPobCl_Auto', 'Clas_1581424574464890CjtoVis_AutoICtjoVis_19', 'DrvTieneFirmaNuevoTit', 'Firma Nuevo Titular', '');
INSERT INTO IUAttribute (idIU, idIUAttribute, IUAttributeName, IUAttributeAlias, IUAttributeDescription) VALUES ('Clas_1581424574464890UIPobCl_Auto', 'Clas_1581424574464890CjtoVis_AutoICtjoVis_20', 'DrvValidarCP1', 'DrvValidarCF1', '');
INSERT INTO IUAttribute (idIU, idIUAttribute, IUAttributeName, IUAttributeAlias, IUAttributeDescription) VALUES ('Clas_1581424574464890UIPobCl_Auto', 'Clas_1581424574464890CjtoVis_AutoICtjoVis_21', 'DrvValidarCT1', 'DrvValidarCT1', '');
INSERT INTO IUAction (idIU, idIUAction, IUActionName, IUActionAlias, IUActionDescription) VALUES ('Clas_1581424574464890UIPobCl_Auto', 'Clas_1581424574464890AccOfer_AutoElemAcc_1', 'SIUTFIRMARTITULAR', 'Firma titular', '');
INSERT INTO IUAction (idIU, idIUAction, IUActionName, IUActionAlias, IUActionDescription) VALUES ('Clas_1581424574464890UIPobCl_Auto', 'Clas_1581424574464890AccOfer_AutoElemAcc_2', 'SIUTSETDIRCORR', 'Indicar nueva dirección de correspondencia', '');
INSERT INTO IUAction (idIU, idIUAction, IUActionName, IUActionAlias, IUActionDescription) VALUES ('Clas_1581424574464890UIPobCl_Auto', 'Clas_1581424574464890AccOfer_AutoElemAcc_3', 'SIUTADDTITULAR', 'Indicar nuevo titular', '');
INSERT INTO IUAction (idIU, idIUAction, IUActionName, IUActionAlias, IUActionDescription) VALUES ('Clas_1581424574464890UIPobCl_Auto', 'Clas_1581424574464890AccOfer_AutoElemAcc_4', 'SIUTFIRMARNUEVOTITULAR', 'Firma nuevo titular', '');
INSERT INTO IUAction (idIU, idIUAction, IUActionName, IUActionAlias, IUActionDescription) VALUES ('Clas_1581424574464890UIPobCl_Auto', 'Clas_1581424574464890AccOfer_AutoElemAcc_5', 'SIUTDELETE', '¿Está seguro de que desea eliminar la familia?', '');
INSERT INTO IUAction (idIU, idIUAction, IUActionName, IUActionAlias, IUActionDescription) VALUES ('Clas_1581424574464890UIPobCl_Auto', 'Clas_1581424574464890AccOfer_AutoElemAcc_6', 'SIUTCREARMANUAL', 'Añadir familia', '');
INSERT INTO IUAction (idIU, idIUAction, IUActionName, IUActionAlias, IUActionDescription) VALUES ('Clas_1581424574464890UIPobCl_Auto', 'Clas_1581424574464890AccOfer_AutoElemAcc_7', 'SIUTMODIFICARMANUAL', 'Modificar', '');
INSERT INTO IUAction (idIU, idIUAction, IUActionName, IUActionAlias, IUActionDescription) VALUES ('Clas_1581424574464890UIPobCl_Auto', 'Clas_1581424574464890AccOfer_AutoElemAcc_8', 'SIUTCREARUSUMANUAL', 'Añadir usuario', '');
INSERT INTO IUAction (idIU, idIUAction, IUActionName, IUActionAlias, IUActionDescription) VALUES ('Clas_1581424574464890UIPobCl_Auto', 'Clas_1581424574464890AccOfer_AutoElemAcc_9', '_Auto_', 'Familia', '');
INSERT INTO IUAction (idIU, idIUAction, IUActionName, IUActionAlias, IUActionDescription) VALUES ('Clas_1581424574464890UIPobCl_Auto', 'Clas_1581424574464890AccOfer_AutoElemAcc_10', 'MDIUFamNovDTipoTitular', 'Familia', '');
INSERT INTO IUAction (idIU, idIUAction, IUActionName, IUActionAlias, IUActionDescription) VALUES ('Clas_1581424574464890UIPobCl_Auto', 'Clas_1581424574464890AccOfer_AutoElemAcc_11', 'MDIUFamNovDTipoUsuario', 'Familia', '');
INSERT INTO IUNavigation (idIU, idIUNavigation, IUNavigationName, IUNavigationAlias, IUNavigationDescription) VALUES ('Clas_1581424574464890UIPobCl_Auto', 'Clas_1581424574464890NavOfer_AutoElemNav_1', 'PIUUsuNovTipoTitular', 'Usuarios', '');
INSERT INTO IUNavigation (idIU, idIUNavigation, IUNavigationName, IUNavigationAlias, IUNavigationDescription) VALUES ('Clas_1581424574464890UIPobCl_Auto', 'Clas_1581424574464890NavOfer_AutoElemNav_2', '_Auto_', 'Nuevo Titular', '');
INSERT INTO IUNavigation (idIU, idIUNavigation, IUNavigationName, IUNavigationAlias, IUNavigationDescription) VALUES ('Clas_1581424574464890UIPobCl_Auto', 'Clas_1581424574464890NavOfer_AutoElemNav_3', '_Auto_', 'Nueva dirección', '');
INSERT INTO IUNavigation (idIU, idIUNavigation, IUNavigationName, IUNavigationAlias, IUNavigationDescription) VALUES ('Clas_1581424574464890UIPobCl_Auto', 'Clas_1581424574464890NavOfer_AutoElemNav_4', 'IIUSolNovTipoContrato', 'Solicitud', '');
INSERT INTO IUNavigation (idIU, idIUNavigation, IUNavigationName, IUNavigationAlias, IUNavigationDescription) VALUES ('Clas_1581424574464890UIPobCl_Auto', 'Clas_1581424574464890NavOfer_AutoElemNav_5', '_Auto_', 'Tipo Identificacion', '');
INSERT INTO IUNavigation (idIU, idIUNavigation, IUNavigationName, IUNavigationAlias, IUNavigationDescription) VALUES ('Clas_1581424574464890UIPobCl_Auto', 'Clas_1581424574464890NavOfer_AutoElemNav_6', '_Auto_', 'Firma', '');

-- IIU: FamiliaNovedad._Auto_
INSERT INTO IU (idIU, IUName, IUAlias, IUDescription, IUType) VALUES ('Clas_1581424574464890UIInst_4', '_Auto_', 'Familia', '', 'I');
INSERT INTO IUAction (idIU, idIUAction, IUActionName, IUActionAlias, IUActionDescription) VALUES ('Clas_1581424574464890UIInst_4', 'Clas_1581424574464890AccOfer_AutoElemAcc_1', 'SIUTFIRMARTITULAR', 'Firma titular', '');
INSERT INTO IUAction (idIU, idIUAction, IUActionName, IUActionAlias, IUActionDescription) VALUES ('Clas_1581424574464890UIInst_4', 'Clas_1581424574464890AccOfer_AutoElemAcc_2', 'SIUTSETDIRCORR', 'Indicar nueva dirección de correspondencia', '');
INSERT INTO IUAction (idIU, idIUAction, IUActionName, IUActionAlias, IUActionDescription) VALUES ('Clas_1581424574464890UIInst_4', 'Clas_1581424574464890AccOfer_AutoElemAcc_3', 'SIUTADDTITULAR', 'Indicar nuevo titular', '');
INSERT INTO IUAction (idIU, idIUAction, IUActionName, IUActionAlias, IUActionDescription) VALUES ('Clas_1581424574464890UIInst_4', 'Clas_1581424574464890AccOfer_AutoElemAcc_4', 'SIUTFIRMARNUEVOTITULAR', 'Firma nuevo titular', '');
INSERT INTO IUAction (idIU, idIUAction, IUActionName, IUActionAlias, IUActionDescription) VALUES ('Clas_1581424574464890UIInst_4', 'Clas_1581424574464890AccOfer_AutoElemAcc_5', 'SIUTDELETE', '¿Está seguro de que desea eliminar la familia?', '');
INSERT INTO IUAction (idIU, idIUAction, IUActionName, IUActionAlias, IUActionDescription) VALUES ('Clas_1581424574464890UIInst_4', 'Clas_1581424574464890AccOfer_AutoElemAcc_6', 'SIUTCREARMANUAL', 'Añadir familia', '');
INSERT INTO IUAction (idIU, idIUAction, IUActionName, IUActionAlias, IUActionDescription) VALUES ('Clas_1581424574464890UIInst_4', 'Clas_1581424574464890AccOfer_AutoElemAcc_7', 'SIUTMODIFICARMANUAL', 'Modificar', '');
INSERT INTO IUAction (idIU, idIUAction, IUActionName, IUActionAlias, IUActionDescription) VALUES ('Clas_1581424574464890UIInst_4', 'Clas_1581424574464890AccOfer_AutoElemAcc_8', 'SIUTCREARUSUMANUAL', 'Añadir usuario', '');
INSERT INTO IUAction (idIU, idIUAction, IUActionName, IUActionAlias, IUActionDescription) VALUES ('Clas_1581424574464890UIInst_4', 'Clas_1581424574464890AccOfer_AutoElemAcc_9', '_Auto_', 'Familia', '');
INSERT INTO IUAction (idIU, idIUAction, IUActionName, IUActionAlias, IUActionDescription) VALUES ('Clas_1581424574464890UIInst_4', 'Clas_1581424574464890AccOfer_AutoElemAcc_10', 'MDIUFamNovDTipoTitular', 'Familia', '');
INSERT INTO IUAction (idIU, idIUAction, IUActionName, IUActionAlias, IUActionDescription) VALUES ('Clas_1581424574464890UIInst_4', 'Clas_1581424574464890AccOfer_AutoElemAcc_11', 'MDIUFamNovDTipoUsuario', 'Familia', '');
INSERT INTO IUNavigation (idIU, idIUNavigation, IUNavigationName, IUNavigationAlias, IUNavigationDescription) VALUES ('Clas_1581424574464890UIInst_4', 'Clas_1581424574464890NavOfer_AutoElemNav_1', 'PIUUsuNovTipoTitular', 'Usuarios', '');
INSERT INTO IUNavigation (idIU, idIUNavigation, IUNavigationName, IUNavigationAlias, IUNavigationDescription) VALUES ('Clas_1581424574464890UIInst_4', 'Clas_1581424574464890NavOfer_AutoElemNav_2', '_Auto_', 'Nuevo Titular', '');
INSERT INTO IUNavigation (idIU, idIUNavigation, IUNavigationName, IUNavigationAlias, IUNavigationDescription) VALUES ('Clas_1581424574464890UIInst_4', 'Clas_1581424574464890NavOfer_AutoElemNav_3', '_Auto_', 'Nueva dirección', '');
INSERT INTO IUNavigation (idIU, idIUNavigation, IUNavigationName, IUNavigationAlias, IUNavigationDescription) VALUES ('Clas_1581424574464890UIInst_4', 'Clas_1581424574464890NavOfer_AutoElemNav_4', 'IIUSolNovTipoContrato', 'Solicitud', '');
INSERT INTO IUNavigation (idIU, idIUNavigation, IUNavigationName, IUNavigationAlias, IUNavigationDescription) VALUES ('Clas_1581424574464890UIInst_4', 'Clas_1581424574464890NavOfer_AutoElemNav_5', '_Auto_', 'Tipo Identificacion', '');
INSERT INTO IUNavigation (idIU, idIUNavigation, IUNavigationName, IUNavigationAlias, IUNavigationDescription) VALUES ('Clas_1581424574464890UIInst_4', 'Clas_1581424574464890NavOfer_AutoElemNav_6', '_Auto_', 'Firma', '');

-- MDIU: FamiliaNovedad.MDIUFamNovDTipoTitular
INSERT INTO IU (idIU, IUName, IUAlias, IUDescription, IUType) VALUES ('Clas_1581424574464890UIMaDet_1', 'MDIUFamNovDTipoTitular', 'Familia', '', 'M');
INSERT INTO IUDetail (idIU, idIUDetail, IUDetailName, IUDetailAlias, IUDetailDescription) VALUES ('Clas_1581424574464890UIMaDet_1', 'Clas_1581424574464890UIMaDet_1Det_1', 'PIUUsuNovTipoTitular', 'Usuarios', '');
-- MDIU: FamiliaNovedad.MDIUFamNovDTipoUsuario
INSERT INTO IU (idIU, IUName, IUAlias, IUDescription, IUType) VALUES ('Clas_1581424574464890UIMaDet_2', 'MDIUFamNovDTipoUsuario', 'Familia', '', 'M');
INSERT INTO IUDetail (idIU, idIUDetail, IUDetailName, IUDetailAlias, IUDetailDescription) VALUES ('Clas_1581424574464890UIMaDet_2', 'Clas_1581424574464890UIMaDet_2Det_2', 'PIUUsuNovTipoUsuario', 'Usuarios', '');
-- SIU: FamiliaNovedad.SIUTFIRMARTITULAR
INSERT INTO IU (idIU, IUName, IUAlias, IUDescription, IUType) VALUES ('Clas_1581424574464890Ser_9UIServ_1', 'SIUTFIRMARTITULAR', 'Firma titular', '', 'S');
-- SIU: FamiliaNovedad.SIUTSETDIRCORR
INSERT INTO IU (idIU, IUName, IUAlias, IUDescription, IUType) VALUES ('Clas_1581424574464890Ser_19UIServ_1', 'SIUTSETDIRCORR', 'Indicar nueva dirección de correspondencia', '', 'S');
-- SIU: FamiliaNovedad.SIUTADDTITULAR
INSERT INTO IU (idIU, IUName, IUAlias, IUDescription, IUType) VALUES ('Clas_1581424574464890Ser_20UIServ_1', 'SIUTADDTITULAR', 'Indicar nuevo titular', '', 'S');
-- SIU: FamiliaNovedad.SIUTFIRMARNUEVOTITULAR
INSERT INTO IU (idIU, IUName, IUAlias, IUDescription, IUType) VALUES ('Clas_1581424574464890Ser_21UIServ_1', 'SIUTFIRMARNUEVOTITULAR', 'Firma nuevo titular', '', 'S');
-- SIU: FamiliaNovedad.SIUTDELETE
INSERT INTO IU (idIU, IUName, IUAlias, IUDescription, IUType) VALUES ('Clas_1581424574464890Ser_22UIServ_1', 'SIUTDELETE', '¿Está seguro de que desea eliminar la familia?', '', 'S');
-- SIU: FamiliaNovedad.SIUTCREARMANUAL
INSERT INTO IU (idIU, IUName, IUAlias, IUDescription, IUType) VALUES ('Clas_1581424574464890Ser_25UIServ_1', 'SIUTCREARMANUAL', 'Añadir familia', '', 'S');
-- SIU: FamiliaNovedad.SIUTMODIFICARMANUAL
INSERT INTO IU (idIU, IUName, IUAlias, IUDescription, IUType) VALUES ('Clas_1581424574464890Ser_27UIServ_1', 'SIUTMODIFICARMANUAL', 'Modificar', '', 'S');
-- SIU: FamiliaNovedad.SIUTCREARUSUMANUAL
INSERT INTO IU (idIU, IUName, IUAlias, IUDescription, IUType) VALUES ('Clas_1581424574464890Ser_28UIServ_1', 'SIUTCREARUSUMANUAL', 'Añadir usuario', '', 'S');

---------------------------------------------
-- CLASS UsuarioNovedad
---------------------------------------------
-- PIU: UsuarioNovedad.PIUUsuNovTipoTitular
INSERT INTO IU (idIU, IUName, IUAlias, IUDescription, IUType) VALUES ('Clas_1581442138112529UIPobCl_1', 'PIUUsuNovTipoTitular', 'Usuarios', '', 'P');
INSERT INTO IUAttribute (idIU, idIUAttribute, IUAttributeName, IUAttributeAlias, IUAttributeDescription) VALUES ('Clas_1581442138112529UIPobCl_1', 'Clas_1581442138112529CjtoVis_2ICtjoVis_1', 'NumUsuario', 'Nº Usuario', '');
INSERT INTO IUAttribute (idIU, idIUAttribute, IUAttributeName, IUAttributeAlias, IUAttributeDescription) VALUES ('Clas_1581442138112529UIPobCl_1', 'Clas_1581442138112529CjtoVis_2ICtjoVis_2', 'DrvIdentificacion', 'Identificación', '');
INSERT INTO IUAttribute (idIU, idIUAttribute, IUAttributeName, IUAttributeAlias, IUAttributeDescription) VALUES ('Clas_1581442138112529UIPobCl_1', 'Clas_1581442138112529CjtoVis_2ICtjoVis_3', 'DrvNombreCompleto', 'Nombre Completo', '');
INSERT INTO IUAttribute (idIU, idIUAttribute, IUAttributeName, IUAttributeAlias, IUAttributeDescription) VALUES ('Clas_1581442138112529UIPobCl_1', 'Clas_1581442138112529CjtoVis_2ICtjoVis_4', 'EstadoBeneficiario.Descripcion', 'Estado', '');
INSERT INTO IUAttribute (idIU, idIUAttribute, IUAttributeName, IUAttributeAlias, IUAttributeDescription) VALUES ('Clas_1581442138112529UIPobCl_1', 'Clas_1581442138112529CjtoVis_2ICtjoVis_9', 'Parentesco.Descripcion', 'Parentesco', '');
INSERT INTO IUAttribute (idIU, idIUAttribute, IUAttributeName, IUAttributeAlias, IUAttributeDescription) VALUES ('Clas_1581442138112529UIPobCl_1', 'Clas_1581442138112529CjtoVis_2ICtjoVis_10', 'ParentescoNuevo.Descripcion', 'Nuevo Parentesco', '');
INSERT INTO IUAttribute (idIU, idIUAttribute, IUAttributeName, IUAttributeAlias, IUAttributeDescription) VALUES ('Clas_1581442138112529UIPobCl_1', 'Clas_1581442138112529CjtoVis_2ICtjoVis_6', 'MotivoEstado', 'Motivo', '');
INSERT INTO IUAttribute (idIU, idIUAttribute, IUAttributeName, IUAttributeAlias, IUAttributeDescription) VALUES ('Clas_1581442138112529UIPobCl_1', 'Clas_1581442138112529CjtoVis_2ICtjoVis_7', 'FechaIniVigencia', 'Fecha Inicio Vigencia', '');
INSERT INTO IUAttribute (idIU, idIUAttribute, IUAttributeName, IUAttributeAlias, IUAttributeDescription) VALUES ('Clas_1581442138112529UIPobCl_1', 'Clas_1581442138112529CjtoVis_2ICtjoVis_8', 'FechaAntiguedad', 'Fecha Antiguedad', '');
INSERT INTO IUAction (idIU, idIUAction, IUActionName, IUActionAlias, IUActionDescription) VALUES ('Clas_1581442138112529UIPobCl_1', 'Clas_1581442138112529AccOfer_2ElemAcc_3', 'SIUTMODIFICARMANUAL', 'Modificar', '');
INSERT INTO IUAction (idIU, idIUAction, IUActionName, IUActionAlias, IUActionDescription) VALUES ('Clas_1581442138112529UIPobCl_1', 'Clas_1581442138112529AccOfer_2ElemAcc_1', 'SIUTCAMBIARPARENTESCO', 'Cambiar Parentesco', '');
INSERT INTO IUAction (idIU, idIUAction, IUActionName, IUActionAlias, IUActionDescription) VALUES ('Clas_1581442138112529UIPobCl_1', 'Clas_1581442138112529AccOfer_2ElemAcc_4', 'SIUTDELETE', 'Quitar Usuario', '');

-- PIU: UsuarioNovedad.PIUUsuNovTipoUsuario
INSERT INTO IU (idIU, IUName, IUAlias, IUDescription, IUType) VALUES ('Clas_1581442138112529UIPobCl_2', 'PIUUsuNovTipoUsuario', 'Usuarios', '', 'P');
INSERT INTO IUAttribute (idIU, idIUAttribute, IUAttributeName, IUAttributeAlias, IUAttributeDescription) VALUES ('Clas_1581442138112529UIPobCl_2', 'Clas_1581442138112529CjtoVis_4ICtjoVis_12', 'ContratacionRO', 'Contratación rehabilitación oral', '');
INSERT INTO IUAttribute (idIU, idIUAttribute, IUAttributeName, IUAttributeAlias, IUAttributeDescription) VALUES ('Clas_1581442138112529UIPobCl_2', 'Clas_1581442138112529CjtoVis_4ICtjoVis_13', 'Excluido', 'Excluido', '');
INSERT INTO IUAttribute (idIU, idIUAttribute, IUAttributeName, IUAttributeAlias, IUAttributeDescription) VALUES ('Clas_1581442138112529UIPobCl_2', 'Clas_1581442138112529CjtoVis_4ICtjoVis_15', 'SUNumMeses', 'Nº Meses', '');
INSERT INTO IUAttribute (idIU, idIUAttribute, IUAttributeName, IUAttributeAlias, IUAttributeDescription) VALUES ('Clas_1581442138112529UIPobCl_2', 'Clas_1581442138112529CjtoVis_4ICtjoVis_14', 'ProrrogaSuspension', 'Prorroga Suspension', '');
INSERT INTO IUAttribute (idIU, idIUAttribute, IUAttributeName, IUAttributeAlias, IUAttributeDescription) VALUES ('Clas_1581442138112529UIPobCl_2', 'Clas_1581442138112529CjtoVis_4ICtjoVis_11', 'ActivacionSuspension', 'Activación Suspension', '');
INSERT INTO IUAttribute (idIU, idIUAttribute, IUAttributeName, IUAttributeAlias, IUAttributeDescription) VALUES ('Clas_1581442138112529UIPobCl_2', 'Clas_1581442138112529CjtoVis_4ICtjoVis_1', 'NumUsuario', 'Nº Usuario', '');
INSERT INTO IUAttribute (idIU, idIUAttribute, IUAttributeName, IUAttributeAlias, IUAttributeDescription) VALUES ('Clas_1581442138112529UIPobCl_2', 'Clas_1581442138112529CjtoVis_4ICtjoVis_2', 'DrvIdentificacion', 'Identificación', '');
INSERT INTO IUAttribute (idIU, idIUAttribute, IUAttributeName, IUAttributeAlias, IUAttributeDescription) VALUES ('Clas_1581442138112529UIPobCl_2', 'Clas_1581442138112529CjtoVis_4ICtjoVis_16', 'DrvNuevaIdentificacion', 'Nueva Identificación', '');
INSERT INTO IUAttribute (idIU, idIUAttribute, IUAttributeName, IUAttributeAlias, IUAttributeDescription) VALUES ('Clas_1581442138112529UIPobCl_2', 'Clas_1581442138112529CjtoVis_4ICtjoVis_3', 'DrvNombreCompleto', 'Nombre Completo', '');
INSERT INTO IUAttribute (idIU, idIUAttribute, IUAttributeName, IUAttributeAlias, IUAttributeDescription) VALUES ('Clas_1581442138112529UIPobCl_2', 'Clas_1581442138112529CjtoVis_4ICtjoVis_17', 'Parentesco.Descripcion', 'Parentesco', '');
INSERT INTO IUAttribute (idIU, idIUAttribute, IUAttributeName, IUAttributeAlias, IUAttributeDescription) VALUES ('Clas_1581442138112529UIPobCl_2', 'Clas_1581442138112529CjtoVis_4ICtjoVis_18', 'ParentescoNuevo.Descripcion', 'Nuevo Parentesco', '');
INSERT INTO IUAttribute (idIU, idIUAttribute, IUAttributeName, IUAttributeAlias, IUAttributeDescription) VALUES ('Clas_1581442138112529UIPobCl_2', 'Clas_1581442138112529CjtoVis_4ICtjoVis_4', 'EstadoBeneficiario.Descripcion', 'Estado', '');
INSERT INTO IUAttribute (idIU, idIUAttribute, IUAttributeName, IUAttributeAlias, IUAttributeDescription) VALUES ('Clas_1581442138112529UIPobCl_2', 'Clas_1581442138112529CjtoVis_4ICtjoVis_5', 'MotivoEstado', 'Motivo', '');
INSERT INTO IUAttribute (idIU, idIUAttribute, IUAttributeName, IUAttributeAlias, IUAttributeDescription) VALUES ('Clas_1581442138112529UIPobCl_2', 'Clas_1581442138112529CjtoVis_4ICtjoVis_7', 'FechaIniVigencia', 'Fecha Inicio Vigencia', '');
INSERT INTO IUAttribute (idIU, idIUAttribute, IUAttributeName, IUAttributeAlias, IUAttributeDescription) VALUES ('Clas_1581442138112529UIPobCl_2', 'Clas_1581442138112529CjtoVis_4ICtjoVis_8', 'FechaAntiguedad', 'Fecha Antiguedad', '');
INSERT INTO IUAttribute (idIU, idIUAttribute, IUAttributeName, IUAttributeAlias, IUAttributeDescription) VALUES ('Clas_1581442138112529UIPobCl_2', 'Clas_1581442138112529CjtoVis_4ICtjoVis_10', 'drvEstaSuspendido', 'Usuario Suspendido', '');
INSERT INTO IUAction (idIU, idIUAction, IUActionName, IUActionAlias, IUActionDescription) VALUES ('Clas_1581442138112529UIPobCl_2', 'Clas_1581442138112529AccOfer_1ElemAcc_9', 'SIUTMODIFICARMANUAL', 'Modificar', '');
INSERT INTO IUAction (idIU, idIUAction, IUActionName, IUActionAlias, IUActionDescription) VALUES ('Clas_1581442138112529UIPobCl_2', 'Clas_1581442138112529AccOfer_1ElemAcc_7', 'SIUTCAMBIARTIPOIDENT', 'Cambiar Identificación', '');
INSERT INTO IUAction (idIU, idIUAction, IUActionName, IUActionAlias, IUActionDescription) VALUES ('Clas_1581442138112529UIPobCl_2', 'Clas_1581442138112529AccOfer_1ElemAcc_6', 'SIUTCAMBIARPARENTESCO', 'Cambiar Parentesco', '');
INSERT INTO IUAction (idIU, idIUAction, IUActionName, IUActionAlias, IUActionDescription) VALUES ('Clas_1581442138112529UIPobCl_2', 'Clas_1581442138112529AccOfer_1ElemAcc_2', 'SIUcambiarExcluido', 'Cambiar Excluido', '');
INSERT INTO IUAction (idIU, idIUAction, IUActionName, IUActionAlias, IUActionDescription) VALUES ('Clas_1581442138112529UIPobCl_2', 'Clas_1581442138112529AccOfer_1ElemAcc_1', 'SIUcambiarAS', 'Activar Suspensión', '');
INSERT INTO IUAction (idIU, idIUAction, IUActionName, IUActionAlias, IUActionDescription) VALUES ('Clas_1581442138112529UIPobCl_2', 'Clas_1581442138112529AccOfer_1ElemAcc_3', 'SIUcambiarPS', 'Prorrogar Suspensión', '');
INSERT INTO IUAction (idIU, idIUAction, IUActionName, IUActionAlias, IUActionDescription) VALUES ('Clas_1581442138112529UIPobCl_2', 'Clas_1581442138112529AccOfer_1ElemAcc_4', 'SIUcambiarRO', 'Contratación rehabilitación oral', '');
INSERT INTO IUAction (idIU, idIUAction, IUActionName, IUActionAlias, IUActionDescription) VALUES ('Clas_1581442138112529UIPobCl_2', 'Clas_1581442138112529AccOfer_1ElemAcc_5', 'SIUmodificarSUNumMeses', 'Suspender Usuario', '');
INSERT INTO IUAction (idIU, idIUAction, IUActionName, IUActionAlias, IUActionDescription) VALUES ('Clas_1581442138112529UIPobCl_2', 'Clas_1581442138112529AccOfer_1ElemAcc_10', 'SIUTDELETE', 'Quitar Usuario', '');

-- PIU: UsuarioNovedad._Auto_
INSERT INTO IU (idIU, IUName, IUAlias, IUDescription, IUType) VALUES ('Clas_1581442138112529UIPobCl_Auto', '_Auto_', 'Usuario', '', 'P');
INSERT INTO IUAttribute (idIU, idIUAttribute, IUAttributeName, IUAttributeAlias, IUAttributeDescription) VALUES ('Clas_1581442138112529UIPobCl_Auto', 'Clas_1581442138112529CjtoVis_AutoICtjoVis_1', 'idUsuarioNovedad', 'Id.', '');
INSERT INTO IUAttribute (idIU, idIUAttribute, IUAttributeName, IUAttributeAlias, IUAttributeDescription) VALUES ('Clas_1581442138112529UIPobCl_Auto', 'Clas_1581442138112529CjtoVis_AutoICtjoVis_2', 'NumIdentificacion', 'Nº Identificación', '');
INSERT INTO IUAttribute (idIU, idIUAttribute, IUAttributeName, IUAttributeAlias, IUAttributeDescription) VALUES ('Clas_1581442138112529UIPobCl_Auto', 'Clas_1581442138112529CjtoVis_AutoICtjoVis_3', 'PrimerNombre', 'Primer Nombre', '');
INSERT INTO IUAttribute (idIU, idIUAttribute, IUAttributeName, IUAttributeAlias, IUAttributeDescription) VALUES ('Clas_1581442138112529UIPobCl_Auto', 'Clas_1581442138112529CjtoVis_AutoICtjoVis_4', 'MotivoEstado', 'Motivo', '');
INSERT INTO IUAttribute (idIU, idIUAttribute, IUAttributeName, IUAttributeAlias, IUAttributeDescription) VALUES ('Clas_1581442138112529UIPobCl_Auto', 'Clas_1581442138112529CjtoVis_AutoICtjoVis_5', 'FechaIniVigencia', 'Fecha inicio vigencia', '');
INSERT INTO IUAttribute (idIU, idIUAttribute, IUAttributeName, IUAttributeAlias, IUAttributeDescription) VALUES ('Clas_1581442138112529UIPobCl_Auto', 'Clas_1581442138112529CjtoVis_AutoICtjoVis_6', 'FechaAntiguedad', 'Fecha antiguedad', '');
INSERT INTO IUAttribute (idIU, idIUAttribute, IUAttributeName, IUAttributeAlias, IUAttributeDescription) VALUES ('Clas_1581442138112529UIPobCl_Auto', 'Clas_1581442138112529CjtoVis_AutoICtjoVis_7', 'SegundoNombre', 'Segundo Nombre', '');
INSERT INTO IUAttribute (idIU, idIUAttribute, IUAttributeName, IUAttributeAlias, IUAttributeDescription) VALUES ('Clas_1581442138112529UIPobCl_Auto', 'Clas_1581442138112529CjtoVis_AutoICtjoVis_8', 'PrimerApellido', 'Primer Apellido', '');
INSERT INTO IUAttribute (idIU, idIUAttribute, IUAttributeName, IUAttributeAlias, IUAttributeDescription) VALUES ('Clas_1581442138112529UIPobCl_Auto', 'Clas_1581442138112529CjtoVis_AutoICtjoVis_9', 'SegundoApellido', 'Segundo Apellido', '');
INSERT INTO IUAttribute (idIU, idIUAttribute, IUAttributeName, IUAttributeAlias, IUAttributeDescription) VALUES ('Clas_1581442138112529UIPobCl_Auto', 'Clas_1581442138112529CjtoVis_AutoICtjoVis_10', 'NumUsuario', 'Nº Usuario', '');
INSERT INTO IUAttribute (idIU, idIUAttribute, IUAttributeName, IUAttributeAlias, IUAttributeDescription) VALUES ('Clas_1581442138112529UIPobCl_Auto', 'Clas_1581442138112529CjtoVis_AutoICtjoVis_11', 'drvEsElTitular', 'Es el titular', '');
INSERT INTO IUAttribute (idIU, idIUAttribute, IUAttributeName, IUAttributeAlias, IUAttributeDescription) VALUES ('Clas_1581442138112529UIPobCl_Auto', 'Clas_1581442138112529CjtoVis_AutoICtjoVis_12', 'drvPuedeSerTitular', 'Puede ser titular', '');
INSERT INTO IUAttribute (idIU, idIUAttribute, IUAttributeName, IUAttributeAlias, IUAttributeDescription) VALUES ('Clas_1581442138112529UIPobCl_Auto', 'Clas_1581442138112529CjtoVis_AutoICtjoVis_13', 'SUNumMeses', 'Nº Meses', '');
INSERT INTO IUAttribute (idIU, idIUAttribute, IUAttributeName, IUAttributeAlias, IUAttributeDescription) VALUES ('Clas_1581442138112529UIPobCl_Auto', 'Clas_1581442138112529CjtoVis_AutoICtjoVis_14', 'drvEstaSuspendido', 'Usuario Suspendido', '');
INSERT INTO IUAttribute (idIU, idIUAttribute, IUAttributeName, IUAttributeAlias, IUAttributeDescription) VALUES ('Clas_1581442138112529UIPobCl_Auto', 'Clas_1581442138112529CjtoVis_AutoICtjoVis_15', 'NumIdentificacionCD', 'Nº Identificación Nuevo', '');
INSERT INTO IUAttribute (idIU, idIUAttribute, IUAttributeName, IUAttributeAlias, IUAttributeDescription) VALUES ('Clas_1581442138112529UIPobCl_Auto', 'Clas_1581442138112529CjtoVis_AutoICtjoVis_16', 'drvEstaActivo', 'Está activo', '');
INSERT INTO IUAttribute (idIU, idIUAttribute, IUAttributeName, IUAttributeAlias, IUAttributeDescription) VALUES ('Clas_1581442138112529UIPobCl_Auto', 'Clas_1581442138112529CjtoVis_AutoICtjoVis_17', 'drvParentescoOK', 'Válido', '');
INSERT INTO IUAttribute (idIU, idIUAttribute, IUAttributeName, IUAttributeAlias, IUAttributeDescription) VALUES ('Clas_1581442138112529UIPobCl_Auto', 'Clas_1581442138112529CjtoVis_AutoICtjoVis_18', 'drvEsTitular', 'Es Titular', '');
INSERT INTO IUAttribute (idIU, idIUAttribute, IUAttributeName, IUAttributeAlias, IUAttributeDescription) VALUES ('Clas_1581442138112529UIPobCl_Auto', 'Clas_1581442138112529CjtoVis_AutoICtjoVis_19', 'drvEsPadre', 'Es Padre', '');
INSERT INTO IUAttribute (idIU, idIUAttribute, IUAttributeName, IUAttributeAlias, IUAttributeDescription) VALUES ('Clas_1581442138112529UIPobCl_Auto', 'Clas_1581442138112529CjtoVis_AutoICtjoVis_20', 'FechaNacimiento', 'Fecha Nacimiento', '');
INSERT INTO IUAttribute (idIU, idIUAttribute, IUAttributeName, IUAttributeAlias, IUAttributeDescription) VALUES ('Clas_1581442138112529UIPobCl_Auto', 'Clas_1581442138112529CjtoVis_AutoICtjoVis_21', 'drvEdad', 'Edad', '');
INSERT INTO IUAttribute (idIU, idIUAttribute, IUAttributeName, IUAttributeAlias, IUAttributeDescription) VALUES ('Clas_1581442138112529UIPobCl_Auto', 'Clas_1581442138112529CjtoVis_AutoICtjoVis_22', 'drvEsHijo', 'Es Hijo', '');
INSERT INTO IUAttribute (idIU, idIUAttribute, IUAttributeName, IUAttributeAlias, IUAttributeDescription) VALUES ('Clas_1581442138112529UIPobCl_Auto', 'Clas_1581442138112529CjtoVis_AutoICtjoVis_23', 'Genero', 'Género', '');
INSERT INTO IUAttribute (idIU, idIUAttribute, IUAttributeName, IUAttributeAlias, IUAttributeDescription) VALUES ('Clas_1581442138112529UIPobCl_Auto', 'Clas_1581442138112529CjtoVis_AutoICtjoVis_24', 'drvEsConyuge', 'Es Conyuge', '');
INSERT INTO IUAttribute (idIU, idIUAttribute, IUAttributeName, IUAttributeAlias, IUAttributeDescription) VALUES ('Clas_1581442138112529UIPobCl_Auto', 'Clas_1581442138112529CjtoVis_AutoICtjoVis_25', 'Excluido', 'Excluido', '');
INSERT INTO IUAttribute (idIU, idIUAttribute, IUAttributeName, IUAttributeAlias, IUAttributeDescription) VALUES ('Clas_1581442138112529UIPobCl_Auto', 'Clas_1581442138112529CjtoVis_AutoICtjoVis_26', 'ContratacionRO', 'Contratación rehabilitación oral', '');
INSERT INTO IUAttribute (idIU, idIUAttribute, IUAttributeName, IUAttributeAlias, IUAttributeDescription) VALUES ('Clas_1581442138112529UIPobCl_Auto', 'Clas_1581442138112529CjtoVis_AutoICtjoVis_27', 'ProrrogaSuspension', 'Prorroga Suspension', '');
INSERT INTO IUAttribute (idIU, idIUAttribute, IUAttributeName, IUAttributeAlias, IUAttributeDescription) VALUES ('Clas_1581442138112529UIPobCl_Auto', 'Clas_1581442138112529CjtoVis_AutoICtjoVis_28', 'ActivacionSuspension', 'Activación Suspension', '');
INSERT INTO IUAttribute (idIU, idIUAttribute, IUAttributeName, IUAttributeAlias, IUAttributeDescription) VALUES ('Clas_1581442138112529UIPobCl_Auto', 'Clas_1581442138112529CjtoVis_AutoICtjoVis_29', 'DrvNombreCompleto', 'Nombre Completo', '');
INSERT INTO IUAttribute (idIU, idIUAttribute, IUAttributeName, IUAttributeAlias, IUAttributeDescription) VALUES ('Clas_1581442138112529UIPobCl_Auto', 'Clas_1581442138112529CjtoVis_AutoICtjoVis_30', 'DrvIdentificacion', 'Identificación', '');
INSERT INTO IUAttribute (idIU, idIUAttribute, IUAttributeName, IUAttributeAlias, IUAttributeDescription) VALUES ('Clas_1581442138112529UIPobCl_Auto', 'Clas_1581442138112529CjtoVis_AutoICtjoVis_31', 'DrvAplicaNovedad', 'Aplica la novedad', '');
INSERT INTO IUAttribute (idIU, idIUAttribute, IUAttributeName, IUAttributeAlias, IUAttributeDescription) VALUES ('Clas_1581442138112529UIPobCl_Auto', 'Clas_1581442138112529CjtoVis_AutoICtjoVis_32', 'DrvNuevaIdentificacion', 'Nueva Identificación', '');
INSERT INTO IUAction (idIU, idIUAction, IUActionName, IUActionAlias, IUActionDescription) VALUES ('Clas_1581442138112529UIPobCl_Auto', 'Clas_1581442138112529AccOfer_AutoElemAcc_1', 'SIUmodificarSUNumMeses', 'Suspender Usuario', '');
INSERT INTO IUAction (idIU, idIUAction, IUActionName, IUActionAlias, IUActionDescription) VALUES ('Clas_1581442138112529UIPobCl_Auto', 'Clas_1581442138112529AccOfer_AutoElemAcc_2', 'SIUcambiarExcluido', 'Cambiar Excluido', '');
INSERT INTO IUAction (idIU, idIUAction, IUActionName, IUActionAlias, IUActionDescription) VALUES ('Clas_1581442138112529UIPobCl_Auto', 'Clas_1581442138112529AccOfer_AutoElemAcc_3', 'SIUcambiarRO', 'Contratación rehabilitación oral', '');
INSERT INTO IUAction (idIU, idIUAction, IUActionName, IUActionAlias, IUActionDescription) VALUES ('Clas_1581442138112529UIPobCl_Auto', 'Clas_1581442138112529AccOfer_AutoElemAcc_4', 'SIUcambiarPS', 'Prorrogar Suspensión', '');
INSERT INTO IUAction (idIU, idIUAction, IUActionName, IUActionAlias, IUActionDescription) VALUES ('Clas_1581442138112529UIPobCl_Auto', 'Clas_1581442138112529AccOfer_AutoElemAcc_5', 'SIUcambiarAS', 'Activar Suspensión', '');
INSERT INTO IUAction (idIU, idIUAction, IUActionName, IUActionAlias, IUActionDescription) VALUES ('Clas_1581442138112529UIPobCl_Auto', 'Clas_1581442138112529AccOfer_AutoElemAcc_6', 'SIUTDELETE', 'Quitar Usuario', '');
INSERT INTO IUAction (idIU, idIUAction, IUActionName, IUActionAlias, IUActionDescription) VALUES ('Clas_1581442138112529UIPobCl_Auto', 'Clas_1581442138112529AccOfer_AutoElemAcc_7', 'SIUTCAMBIARPARENTESCO', 'Cambiar Parentesco', '');
INSERT INTO IUAction (idIU, idIUAction, IUActionName, IUActionAlias, IUActionDescription) VALUES ('Clas_1581442138112529UIPobCl_Auto', 'Clas_1581442138112529AccOfer_AutoElemAcc_8', 'SIUTCAMBIARTIPOIDENT', 'Cambiar Identificación', '');
INSERT INTO IUAction (idIU, idIUAction, IUActionName, IUActionAlias, IUActionDescription) VALUES ('Clas_1581442138112529UIPobCl_Auto', 'Clas_1581442138112529AccOfer_AutoElemAcc_9', 'SIUTMODIFICARMANUAL', 'Modificar', '');
INSERT INTO IUAction (idIU, idIUAction, IUActionName, IUActionAlias, IUActionDescription) VALUES ('Clas_1581442138112529UIPobCl_Auto', 'Clas_1581442138112529AccOfer_AutoElemAcc_10', '_Auto_', 'Usuario', '');
INSERT INTO IUNavigation (idIU, idIUNavigation, IUNavigationName, IUNavigationAlias, IUNavigationDescription) VALUES ('Clas_1581442138112529UIPobCl_Auto', 'Clas_1581442138112529NavOfer_AutoElemNav_1', 'PIUDocumentoNovedad', 'Documentos', '');
INSERT INTO IUNavigation (idIU, idIUNavigation, IUNavigationName, IUNavigationAlias, IUNavigationDescription) VALUES ('Clas_1581442138112529UIPobCl_Auto', 'Clas_1581442138112529NavOfer_AutoElemNav_2', '_Auto_', 'Familia', '');
INSERT INTO IUNavigation (idIU, idIUNavigation, IUNavigationName, IUNavigationAlias, IUNavigationDescription) VALUES ('Clas_1581442138112529UIPobCl_Auto', 'Clas_1581442138112529NavOfer_AutoElemNav_3', '_Auto_', 'Tipo Identificacion', '');
INSERT INTO IUNavigation (idIU, idIUNavigation, IUNavigationName, IUNavigationAlias, IUNavigationDescription) VALUES ('Clas_1581442138112529UIPobCl_Auto', 'Clas_1581442138112529NavOfer_AutoElemNav_4', '_Auto_', 'Parentesco', '');
INSERT INTO IUNavigation (idIU, idIUNavigation, IUNavigationName, IUNavigationAlias, IUNavigationDescription) VALUES ('Clas_1581442138112529UIPobCl_Auto', 'Clas_1581442138112529NavOfer_AutoElemNav_5', '_Auto_', 'EstadoBeneficiario', '');
INSERT INTO IUNavigation (idIU, idIUNavigation, IUNavigationName, IUNavigationAlias, IUNavigationDescription) VALUES ('Clas_1581442138112529UIPobCl_Auto', 'Clas_1581442138112529NavOfer_AutoElemNav_6', '_Auto_', 'Parentesco nuevo', '');
INSERT INTO IUNavigation (idIU, idIUNavigation, IUNavigationName, IUNavigationAlias, IUNavigationDescription) VALUES ('Clas_1581442138112529UIPobCl_Auto', 'Clas_1581442138112529NavOfer_AutoElemNav_7', '_Auto_', 'Tipo Id. Nuevo', '');

-- IIU: UsuarioNovedad._Auto_
INSERT INTO IU (idIU, IUName, IUAlias, IUDescription, IUType) VALUES ('Clas_1581442138112529UIInst_2', '_Auto_', 'Usuario', '', 'I');
INSERT INTO IUAction (idIU, idIUAction, IUActionName, IUActionAlias, IUActionDescription) VALUES ('Clas_1581442138112529UIInst_2', 'Clas_1581442138112529AccOfer_AutoElemAcc_1', 'SIUmodificarSUNumMeses', 'Suspender Usuario', '');
INSERT INTO IUAction (idIU, idIUAction, IUActionName, IUActionAlias, IUActionDescription) VALUES ('Clas_1581442138112529UIInst_2', 'Clas_1581442138112529AccOfer_AutoElemAcc_2', 'SIUcambiarExcluido', 'Cambiar Excluido', '');
INSERT INTO IUAction (idIU, idIUAction, IUActionName, IUActionAlias, IUActionDescription) VALUES ('Clas_1581442138112529UIInst_2', 'Clas_1581442138112529AccOfer_AutoElemAcc_3', 'SIUcambiarRO', 'Contratación rehabilitación oral', '');
INSERT INTO IUAction (idIU, idIUAction, IUActionName, IUActionAlias, IUActionDescription) VALUES ('Clas_1581442138112529UIInst_2', 'Clas_1581442138112529AccOfer_AutoElemAcc_4', 'SIUcambiarPS', 'Prorrogar Suspensión', '');
INSERT INTO IUAction (idIU, idIUAction, IUActionName, IUActionAlias, IUActionDescription) VALUES ('Clas_1581442138112529UIInst_2', 'Clas_1581442138112529AccOfer_AutoElemAcc_5', 'SIUcambiarAS', 'Activar Suspensión', '');
INSERT INTO IUAction (idIU, idIUAction, IUActionName, IUActionAlias, IUActionDescription) VALUES ('Clas_1581442138112529UIInst_2', 'Clas_1581442138112529AccOfer_AutoElemAcc_6', 'SIUTDELETE', 'Quitar Usuario', '');
INSERT INTO IUAction (idIU, idIUAction, IUActionName, IUActionAlias, IUActionDescription) VALUES ('Clas_1581442138112529UIInst_2', 'Clas_1581442138112529AccOfer_AutoElemAcc_7', 'SIUTCAMBIARPARENTESCO', 'Cambiar Parentesco', '');
INSERT INTO IUAction (idIU, idIUAction, IUActionName, IUActionAlias, IUActionDescription) VALUES ('Clas_1581442138112529UIInst_2', 'Clas_1581442138112529AccOfer_AutoElemAcc_8', 'SIUTCAMBIARTIPOIDENT', 'Cambiar Identificación', '');
INSERT INTO IUAction (idIU, idIUAction, IUActionName, IUActionAlias, IUActionDescription) VALUES ('Clas_1581442138112529UIInst_2', 'Clas_1581442138112529AccOfer_AutoElemAcc_9', 'SIUTMODIFICARMANUAL', 'Modificar', '');
INSERT INTO IUAction (idIU, idIUAction, IUActionName, IUActionAlias, IUActionDescription) VALUES ('Clas_1581442138112529UIInst_2', 'Clas_1581442138112529AccOfer_AutoElemAcc_10', '_Auto_', 'Usuario', '');
INSERT INTO IUNavigation (idIU, idIUNavigation, IUNavigationName, IUNavigationAlias, IUNavigationDescription) VALUES ('Clas_1581442138112529UIInst_2', 'Clas_1581442138112529NavOfer_AutoElemNav_1', 'PIUDocumentoNovedad', 'Documentos', '');
INSERT INTO IUNavigation (idIU, idIUNavigation, IUNavigationName, IUNavigationAlias, IUNavigationDescription) VALUES ('Clas_1581442138112529UIInst_2', 'Clas_1581442138112529NavOfer_AutoElemNav_2', '_Auto_', 'Familia', '');
INSERT INTO IUNavigation (idIU, idIUNavigation, IUNavigationName, IUNavigationAlias, IUNavigationDescription) VALUES ('Clas_1581442138112529UIInst_2', 'Clas_1581442138112529NavOfer_AutoElemNav_3', '_Auto_', 'Tipo Identificacion', '');
INSERT INTO IUNavigation (idIU, idIUNavigation, IUNavigationName, IUNavigationAlias, IUNavigationDescription) VALUES ('Clas_1581442138112529UIInst_2', 'Clas_1581442138112529NavOfer_AutoElemNav_4', '_Auto_', 'Parentesco', '');
INSERT INTO IUNavigation (idIU, idIUNavigation, IUNavigationName, IUNavigationAlias, IUNavigationDescription) VALUES ('Clas_1581442138112529UIInst_2', 'Clas_1581442138112529NavOfer_AutoElemNav_5', '_Auto_', 'EstadoBeneficiario', '');
INSERT INTO IUNavigation (idIU, idIUNavigation, IUNavigationName, IUNavigationAlias, IUNavigationDescription) VALUES ('Clas_1581442138112529UIInst_2', 'Clas_1581442138112529NavOfer_AutoElemNav_6', '_Auto_', 'Parentesco nuevo', '');
INSERT INTO IUNavigation (idIU, idIUNavigation, IUNavigationName, IUNavigationAlias, IUNavigationDescription) VALUES ('Clas_1581442138112529UIInst_2', 'Clas_1581442138112529NavOfer_AutoElemNav_7', '_Auto_', 'Tipo Id. Nuevo', '');

-- SIU: UsuarioNovedad.SIUmodificarSUNumMeses
INSERT INTO IU (idIU, IUName, IUAlias, IUDescription, IUType) VALUES ('Clas_1581442138112529Ser_16UIServ_2', 'SIUmodificarSUNumMeses', 'Suspender Usuario', '', 'S');
-- SIU: UsuarioNovedad.SIUcambiarExcluido
INSERT INTO IU (idIU, IUName, IUAlias, IUDescription, IUType) VALUES ('Clas_1581442138112529Ser_21UIServ_1', 'SIUcambiarExcluido', 'Cambiar Excluido', '', 'S');
-- SIU: UsuarioNovedad.SIUcambiarRO
INSERT INTO IU (idIU, IUName, IUAlias, IUDescription, IUType) VALUES ('Clas_1581442138112529Ser_22UIServ_1', 'SIUcambiarRO', 'Contratación rehabilitación oral', '', 'S');
-- SIU: UsuarioNovedad.SIUcambiarPS
INSERT INTO IU (idIU, IUName, IUAlias, IUDescription, IUType) VALUES ('Clas_1581442138112529Ser_23UIServ_1', 'SIUcambiarPS', 'Prorrogar Suspensión', '', 'S');
-- SIU: UsuarioNovedad.SIUcambiarAS
INSERT INTO IU (idIU, IUName, IUAlias, IUDescription, IUType) VALUES ('Clas_1581442138112529Ser_24UIServ_1', 'SIUcambiarAS', 'Activar Suspensión', '', 'S');
-- SIU: UsuarioNovedad.SIUTDELETE
INSERT INTO IU (idIU, IUName, IUAlias, IUDescription, IUType) VALUES ('Clas_1581442138112529Ser_26UIServ_1', 'SIUTDELETE', 'Quitar Usuario', '', 'S');
-- SIU: UsuarioNovedad.SIUTCAMBIARPARENTESCO
INSERT INTO IU (idIU, IUName, IUAlias, IUDescription, IUType) VALUES ('Clas_1581442138112529Ser_27UIServ_1', 'SIUTCAMBIARPARENTESCO', 'Cambiar Parentesco', '', 'S');
-- SIU: UsuarioNovedad.SIUTCAMBIARTIPOIDENT
INSERT INTO IU (idIU, IUName, IUAlias, IUDescription, IUType) VALUES ('Clas_1581442138112529Ser_28UIServ_1', 'SIUTCAMBIARTIPOIDENT', 'Cambiar Identificación', '', 'S');
-- SIU: UsuarioNovedad.SIUTMODIFICARMANUAL
INSERT INTO IU (idIU, IUName, IUAlias, IUDescription, IUType) VALUES ('Clas_1581442138112529Ser_31UIServ_1', 'SIUTMODIFICARMANUAL', 'Modificar', '', 'S');

---------------------------------------------
-- CLASS CausaExclusion
---------------------------------------------
-- PIU: CausaExclusion.PIUCausaExclusion
INSERT INTO IU (idIU, IUName, IUAlias, IUDescription, IUType) VALUES ('Clas_1581522485248372UIPobCl_1', 'PIUCausaExclusion', 'Causas de Exclusion', '', 'P');
INSERT INTO IUAttribute (idIU, idIUAttribute, IUAttributeName, IUAttributeAlias, IUAttributeDescription) VALUES ('Clas_1581522485248372UIPobCl_1', 'Clas_1581522485248372CjtoVis_2ICtjoVis_1', 'AliasCausa', 'Alias', '');
INSERT INTO IUAttribute (idIU, idIUAttribute, IUAttributeName, IUAttributeAlias, IUAttributeDescription) VALUES ('Clas_1581522485248372UIPobCl_1', 'Clas_1581522485248372CjtoVis_2ICtjoVis_2', 'Descripcion', 'Descripción', '');
INSERT INTO IUAction (idIU, idIUAction, IUActionName, IUActionAlias, IUActionDescription) VALUES ('Clas_1581522485248372UIPobCl_1', 'Clas_1581522485248372AccOfer_1ElemAcc_1', 'SIUcrear', 'Crear', '');
INSERT INTO IUAction (idIU, idIUAction, IUActionName, IUActionAlias, IUActionDescription) VALUES ('Clas_1581522485248372UIPobCl_1', 'Clas_1581522485248372AccOfer_1ElemAcc_2', 'SIUmodificar', 'Modificar', '');
INSERT INTO IUAction (idIU, idIUAction, IUActionName, IUActionAlias, IUActionDescription) VALUES ('Clas_1581522485248372UIPobCl_1', 'Clas_1581522485248372AccOfer_1ElemAcc_3', 'SIUeliminar', 'Eliminar', '');

-- PIU: CausaExclusion._Auto_
INSERT INTO IU (idIU, IUName, IUAlias, IUDescription, IUType) VALUES ('Clas_1581522485248372UIPobCl_Auto', '_Auto_', 'Causa de Exclusion', '', 'P');
INSERT INTO IUAttribute (idIU, idIUAttribute, IUAttributeName, IUAttributeAlias, IUAttributeDescription) VALUES ('Clas_1581522485248372UIPobCl_Auto', 'Clas_1581522485248372CjtoVis_AutoICtjoVis_1', 'idCausaExclusion', 'Id.', '');
INSERT INTO IUAttribute (idIU, idIUAttribute, IUAttributeName, IUAttributeAlias, IUAttributeDescription) VALUES ('Clas_1581522485248372UIPobCl_Auto', 'Clas_1581522485248372CjtoVis_AutoICtjoVis_2', 'AliasCausa', 'Alias', '');
INSERT INTO IUAttribute (idIU, idIUAttribute, IUAttributeName, IUAttributeAlias, IUAttributeDescription) VALUES ('Clas_1581522485248372UIPobCl_Auto', 'Clas_1581522485248372CjtoVis_AutoICtjoVis_3', 'Descripcion', 'Descripción', '');
INSERT INTO IUAttribute (idIU, idIUAttribute, IUAttributeName, IUAttributeAlias, IUAttributeDescription) VALUES ('Clas_1581522485248372UIPobCl_Auto', 'Clas_1581522485248372CjtoVis_AutoICtjoVis_4', 'DrvTextoMostrar', 'Descripción', '');
INSERT INTO IUAction (idIU, idIUAction, IUActionName, IUActionAlias, IUActionDescription) VALUES ('Clas_1581522485248372UIPobCl_Auto', 'Clas_1581522485248372AccOfer_AutoElemAcc_1', 'SIUcrear', 'Crear', '');
INSERT INTO IUAction (idIU, idIUAction, IUActionName, IUActionAlias, IUActionDescription) VALUES ('Clas_1581522485248372UIPobCl_Auto', 'Clas_1581522485248372AccOfer_AutoElemAcc_2', 'SIUeliminar', 'Eliminar', '');
INSERT INTO IUAction (idIU, idIUAction, IUActionName, IUActionAlias, IUActionDescription) VALUES ('Clas_1581522485248372UIPobCl_Auto', 'Clas_1581522485248372AccOfer_AutoElemAcc_3', 'SIUmodificar', 'Modificar', '');
INSERT INTO IUAction (idIU, idIUAction, IUActionName, IUActionAlias, IUActionDescription) VALUES ('Clas_1581522485248372UIPobCl_Auto', 'Clas_1581522485248372AccOfer_AutoElemAcc_4', '_Auto_', 'Causa de Exclusion', '');
INSERT INTO IUNavigation (idIU, idIUNavigation, IUNavigationName, IUNavigationAlias, IUNavigationDescription) VALUES ('Clas_1581522485248372UIPobCl_Auto', 'Clas_1581522485248372NavOfer_AutoElemNav_1', 'IIUNovedad', 'Novedad', '');

-- IIU: CausaExclusion._Auto_
INSERT INTO IU (idIU, IUName, IUAlias, IUDescription, IUType) VALUES ('Clas_1581522485248372UIInst_1', '_Auto_', 'Causa de Exclusion', '', 'I');
INSERT INTO IUAction (idIU, idIUAction, IUActionName, IUActionAlias, IUActionDescription) VALUES ('Clas_1581522485248372UIInst_1', 'Clas_1581522485248372AccOfer_AutoElemAcc_1', 'SIUcrear', 'Crear', '');
INSERT INTO IUAction (idIU, idIUAction, IUActionName, IUActionAlias, IUActionDescription) VALUES ('Clas_1581522485248372UIInst_1', 'Clas_1581522485248372AccOfer_AutoElemAcc_2', 'SIUeliminar', 'Eliminar', '');
INSERT INTO IUAction (idIU, idIUAction, IUActionName, IUActionAlias, IUActionDescription) VALUES ('Clas_1581522485248372UIInst_1', 'Clas_1581522485248372AccOfer_AutoElemAcc_3', 'SIUmodificar', 'Modificar', '');
INSERT INTO IUAction (idIU, idIUAction, IUActionName, IUActionAlias, IUActionDescription) VALUES ('Clas_1581522485248372UIInst_1', 'Clas_1581522485248372AccOfer_AutoElemAcc_4', '_Auto_', 'Causa de Exclusion', '');
INSERT INTO IUNavigation (idIU, idIUNavigation, IUNavigationName, IUNavigationAlias, IUNavigationDescription) VALUES ('Clas_1581522485248372UIInst_1', 'Clas_1581522485248372NavOfer_AutoElemNav_1', 'IIUNovedad', 'Novedad', '');

-- SIU: CausaExclusion.SIUcrear
INSERT INTO IU (idIU, IUName, IUAlias, IUDescription, IUType) VALUES ('Clas_1581522485248372Ser_1UIServ_1', 'SIUcrear', 'Crear', '', 'S');
-- SIU: CausaExclusion.SIUeliminar
INSERT INTO IU (idIU, IUName, IUAlias, IUDescription, IUType) VALUES ('Clas_1581522485248372Ser_2UIServ_1', 'SIUeliminar', 'Eliminar', '', 'S');
-- SIU: CausaExclusion.SIUmodificar
INSERT INTO IU (idIU, IUName, IUAlias, IUDescription, IUType) VALUES ('Clas_1581522485248372Ser_3UIServ_1', 'SIUmodificar', 'Modificar', '', 'S');

---------------------------------------------
-- CLASS NovedadCT
---------------------------------------------
-- PIU: NovedadCT._Auto_
INSERT INTO IU (idIU, IUName, IUAlias, IUDescription, IUType) VALUES ('Clas_1582184136704954UIPobCl_Auto', '_Auto_', 'Familia', '', 'P');
INSERT INTO IUAttribute (idIU, idIUAttribute, IUAttributeName, IUAttributeAlias, IUAttributeDescription) VALUES ('Clas_1582184136704954UIPobCl_Auto', 'Clas_1582184136704954CjtoVis_AutoICtjoVis_1', 'idNovedadCT', 'Id.', '');
INSERT INTO IUAttribute (idIU, idIUAttribute, IUAttributeName, IUAttributeAlias, IUAttributeDescription) VALUES ('Clas_1582184136704954UIPobCl_Auto', 'Clas_1582184136704954CjtoVis_AutoICtjoVis_2', 'TitNumidentificacion', 'Nº Identificación', '');
INSERT INTO IUAttribute (idIU, idIUAttribute, IUAttributeName, IUAttributeAlias, IUAttributeDescription) VALUES ('Clas_1582184136704954UIPobCl_Auto', 'Clas_1582184136704954CjtoVis_AutoICtjoVis_3', 'TitPrimerNombre', 'Primer Nombre', '');
INSERT INTO IUAttribute (idIU, idIUAttribute, IUAttributeName, IUAttributeAlias, IUAttributeDescription) VALUES ('Clas_1582184136704954UIPobCl_Auto', 'Clas_1582184136704954CjtoVis_AutoICtjoVis_4', 'TitSegundoNombre', 'Segundo Nombre', '');
INSERT INTO IUAttribute (idIU, idIUAttribute, IUAttributeName, IUAttributeAlias, IUAttributeDescription) VALUES ('Clas_1582184136704954UIPobCl_Auto', 'Clas_1582184136704954CjtoVis_AutoICtjoVis_5', 'TitPrimerApellido', 'Primer Apellido', '');
INSERT INTO IUAttribute (idIU, idIUAttribute, IUAttributeName, IUAttributeAlias, IUAttributeDescription) VALUES ('Clas_1582184136704954UIPobCl_Auto', 'Clas_1582184136704954CjtoVis_AutoICtjoVis_6', 'TitSegundoApellido', 'Segundo Apellido', '');
INSERT INTO IUAttribute (idIU, idIUAttribute, IUAttributeName, IUAttributeAlias, IUAttributeDescription) VALUES ('Clas_1582184136704954UIPobCl_Auto', 'Clas_1582184136704954CjtoVis_AutoICtjoVis_7', 'TitRazonSocial', 'Razón Social', '');
INSERT INTO IUAttribute (idIU, idIUAttribute, IUAttributeName, IUAttributeAlias, IUAttributeDescription) VALUES ('Clas_1582184136704954UIPobCl_Auto', 'Clas_1582184136704954CjtoVis_AutoICtjoVis_8', 'TitTieneBeneficios', 'Tiene beneficios', '');
INSERT INTO IUAttribute (idIU, idIUAttribute, IUAttributeName, IUAttributeAlias, IUAttributeDescription) VALUES ('Clas_1582184136704954UIPobCl_Auto', 'Clas_1582184136704954CjtoVis_AutoICtjoVis_9', 'FechaNacimiento', 'Fecha Nacimiento', '');
INSERT INTO IUAttribute (idIU, idIUAttribute, IUAttributeName, IUAttributeAlias, IUAttributeDescription) VALUES ('Clas_1582184136704954UIPobCl_Auto', 'Clas_1582184136704954CjtoVis_AutoICtjoVis_10', 'Genero', 'Género', '');
INSERT INTO IUAttribute (idIU, idIUAttribute, IUAttributeName, IUAttributeAlias, IUAttributeDescription) VALUES ('Clas_1582184136704954UIPobCl_Auto', 'Clas_1582184136704954CjtoVis_AutoICtjoVis_11', 'IndicadorExtranjero', 'Extranjero', '');
INSERT INTO IUAttribute (idIU, idIUAttribute, IUAttributeName, IUAttributeAlias, IUAttributeDescription) VALUES ('Clas_1582184136704954UIPobCl_Auto', 'Clas_1582184136704954CjtoVis_AutoICtjoVis_12', 'TelefonoFijo', 'Telefono Fijo', '');
INSERT INTO IUAttribute (idIU, idIUAttribute, IUAttributeName, IUAttributeAlias, IUAttributeDescription) VALUES ('Clas_1582184136704954UIPobCl_Auto', 'Clas_1582184136704954CjtoVis_AutoICtjoVis_13', 'TelefonoCelular', 'Telefono celular', '');
INSERT INTO IUAttribute (idIU, idIUAttribute, IUAttributeName, IUAttributeAlias, IUAttributeDescription) VALUES ('Clas_1582184136704954UIPobCl_Auto', 'Clas_1582184136704954CjtoVis_AutoICtjoVis_14', 'CorreoElectronico', 'Correo Electrónico', '');
INSERT INTO IUAttribute (idIU, idIUAttribute, IUAttributeName, IUAttributeAlias, IUAttributeDescription) VALUES ('Clas_1582184136704954UIPobCl_Auto', 'Clas_1582184136704954CjtoVis_AutoICtjoVis_15', 'DireccionCompleta', 'Direccion Completa', '');
INSERT INTO IUAttribute (idIU, idIUAttribute, IUAttributeName, IUAttributeAlias, IUAttributeDescription) VALUES ('Clas_1582184136704954UIPobCl_Auto', 'Clas_1582184136704954CjtoVis_AutoICtjoVis_16', 'Rural', 'Rural', '');
INSERT INTO IUAttribute (idIU, idIUAttribute, IUAttributeName, IUAttributeAlias, IUAttributeDescription) VALUES ('Clas_1582184136704954UIPobCl_Auto', 'Clas_1582184136704954CjtoVis_AutoICtjoVis_17', 'CodigoCORE', 'Código', '');
INSERT INTO IUAction (idIU, idIUAction, IUActionName, IUActionAlias, IUActionDescription) VALUES ('Clas_1582184136704954UIPobCl_Auto', 'Clas_1582184136704954AccOfer_AutoElemAcc_1', '_Auto_', 'Familia', '');
INSERT INTO IUNavigation (idIU, idIUNavigation, IUNavigationName, IUNavigationAlias, IUNavigationDescription) VALUES ('Clas_1582184136704954UIPobCl_Auto', 'Clas_1582184136704954NavOfer_AutoElemNav_1', '_Auto_', 'Familia Novedad', '');
INSERT INTO IUNavigation (idIU, idIUNavigation, IUNavigationName, IUNavigationAlias, IUNavigationDescription) VALUES ('Clas_1582184136704954UIPobCl_Auto', 'Clas_1582184136704954NavOfer_AutoElemNav_2', '_Auto_', 'Tipo Identificación', '');
INSERT INTO IUNavigation (idIU, idIUNavigation, IUNavigationName, IUNavigationAlias, IUNavigationDescription) VALUES ('Clas_1582184136704954UIPobCl_Auto', 'Clas_1582184136704954NavOfer_AutoElemNav_3', '_Auto_', 'Firma', '');
INSERT INTO IUNavigation (idIU, idIUNavigation, IUNavigationName, IUNavigationAlias, IUNavigationDescription) VALUES ('Clas_1582184136704954UIPobCl_Auto', 'Clas_1582184136704954NavOfer_AutoElemNav_4', '_Auto_', 'Municipio Nacimiento', '');
INSERT INTO IUNavigation (idIU, idIUNavigation, IUNavigationName, IUNavigationAlias, IUNavigationDescription) VALUES ('Clas_1582184136704954UIPobCl_Auto', 'Clas_1582184136704954NavOfer_AutoElemNav_5', '_Auto_', 'Municipio residencia', '');
INSERT INTO IUNavigation (idIU, idIUNavigation, IUNavigationName, IUNavigationAlias, IUNavigationDescription) VALUES ('Clas_1582184136704954UIPobCl_Auto', 'Clas_1582184136704954NavOfer_AutoElemNav_6', '_Auto_', 'Departamento nacimiento', '');
INSERT INTO IUNavigation (idIU, idIUNavigation, IUNavigationName, IUNavigationAlias, IUNavigationDescription) VALUES ('Clas_1582184136704954UIPobCl_Auto', 'Clas_1582184136704954NavOfer_AutoElemNav_7', '_Auto_', 'Departamento residencia', '');
INSERT INTO IUNavigation (idIU, idIUNavigation, IUNavigationName, IUNavigationAlias, IUNavigationDescription) VALUES ('Clas_1582184136704954UIPobCl_Auto', 'Clas_1582184136704954NavOfer_AutoElemNav_8', '_Auto_', 'Pais', '');

-- IIU: NovedadCT._Auto_
INSERT INTO IU (idIU, IUName, IUAlias, IUDescription, IUType) VALUES ('Clas_1582184136704954UIInst_0', '_Auto_', 'Familia', '', 'I');
INSERT INTO IUAction (idIU, idIUAction, IUActionName, IUActionAlias, IUActionDescription) VALUES ('Clas_1582184136704954UIInst_0', 'Clas_1582184136704954AccOfer_AutoElemAcc_1', '_Auto_', 'Familia', '');
INSERT INTO IUNavigation (idIU, idIUNavigation, IUNavigationName, IUNavigationAlias, IUNavigationDescription) VALUES ('Clas_1582184136704954UIInst_0', 'Clas_1582184136704954NavOfer_AutoElemNav_1', '_Auto_', 'Familia Novedad', '');
INSERT INTO IUNavigation (idIU, idIUNavigation, IUNavigationName, IUNavigationAlias, IUNavigationDescription) VALUES ('Clas_1582184136704954UIInst_0', 'Clas_1582184136704954NavOfer_AutoElemNav_2', '_Auto_', 'Tipo Identificación', '');
INSERT INTO IUNavigation (idIU, idIUNavigation, IUNavigationName, IUNavigationAlias, IUNavigationDescription) VALUES ('Clas_1582184136704954UIInst_0', 'Clas_1582184136704954NavOfer_AutoElemNav_3', '_Auto_', 'Firma', '');
INSERT INTO IUNavigation (idIU, idIUNavigation, IUNavigationName, IUNavigationAlias, IUNavigationDescription) VALUES ('Clas_1582184136704954UIInst_0', 'Clas_1582184136704954NavOfer_AutoElemNav_4', '_Auto_', 'Municipio Nacimiento', '');
INSERT INTO IUNavigation (idIU, idIUNavigation, IUNavigationName, IUNavigationAlias, IUNavigationDescription) VALUES ('Clas_1582184136704954UIInst_0', 'Clas_1582184136704954NavOfer_AutoElemNav_5', '_Auto_', 'Municipio residencia', '');
INSERT INTO IUNavigation (idIU, idIUNavigation, IUNavigationName, IUNavigationAlias, IUNavigationDescription) VALUES ('Clas_1582184136704954UIInst_0', 'Clas_1582184136704954NavOfer_AutoElemNav_6', '_Auto_', 'Departamento nacimiento', '');
INSERT INTO IUNavigation (idIU, idIUNavigation, IUNavigationName, IUNavigationAlias, IUNavigationDescription) VALUES ('Clas_1582184136704954UIInst_0', 'Clas_1582184136704954NavOfer_AutoElemNav_7', '_Auto_', 'Departamento residencia', '');
INSERT INTO IUNavigation (idIU, idIUNavigation, IUNavigationName, IUNavigationAlias, IUNavigationDescription) VALUES ('Clas_1582184136704954UIInst_0', 'Clas_1582184136704954NavOfer_AutoElemNav_8', '_Auto_', 'Pais', '');


---------------------------------------------
-- CLASS DocumentoNovedad
---------------------------------------------
-- PIU: DocumentoNovedad.PIUDocumentoNovedad
INSERT INTO IU (idIU, IUName, IUAlias, IUDescription, IUType) VALUES ('Clas_1582535933952300UIPobCl_1', 'PIUDocumentoNovedad', 'Documentos', '', 'P');
INSERT INTO IUAttribute (idIU, idIUAttribute, IUAttributeName, IUAttributeAlias, IUAttributeDescription) VALUES ('Clas_1582535933952300UIPobCl_1', 'Clas_1582535933952300CjtoVis_1ICtjoVis_5', 'FechaSubida', 'Fecha subida', '');
INSERT INTO IUAttribute (idIU, idIUAttribute, IUAttributeName, IUAttributeAlias, IUAttributeDescription) VALUES ('Clas_1582535933952300UIPobCl_1', 'Clas_1582535933952300CjtoVis_1ICtjoVis_8', 'Usuario.DrvIdentificacion', 'Identificación Usuario', '');
INSERT INTO IUAttribute (idIU, idIUAttribute, IUAttributeName, IUAttributeAlias, IUAttributeDescription) VALUES ('Clas_1582535933952300UIPobCl_1', 'Clas_1582535933952300CjtoVis_1ICtjoVis_2', 'Usuario.DrvNombreCompleto', 'Nombre Usuario', '');
INSERT INTO IUAttribute (idIU, idIUAttribute, IUAttributeName, IUAttributeAlias, IUAttributeDescription) VALUES ('Clas_1582535933952300UIPobCl_1', 'Clas_1582535933952300CjtoVis_1ICtjoVis_1', 'Tipo', 'Tipo', '');
INSERT INTO IUAttribute (idIU, idIUAttribute, IUAttributeName, IUAttributeAlias, IUAttributeDescription) VALUES ('Clas_1582535933952300UIPobCl_1', 'Clas_1582535933952300CjtoVis_1ICtjoVis_4', 'Estado', 'Estado', '');
INSERT INTO IUAttribute (idIU, idIUAttribute, IUAttributeName, IUAttributeAlias, IUAttributeDescription) VALUES ('Clas_1582535933952300UIPobCl_1', 'Clas_1582535933952300CjtoVis_1ICtjoVis_6', 'Nombre', 'Nombre Archivo', '');
INSERT INTO IUAttribute (idIU, idIUAttribute, IUAttributeName, IUAttributeAlias, IUAttributeDescription) VALUES ('Clas_1582535933952300UIPobCl_1', 'Clas_1582535933952300CjtoVis_1ICtjoVis_3', 'Descripcion', 'Descripción', '');
INSERT INTO IUAction (idIU, idIUAction, IUActionName, IUActionAlias, IUActionDescription) VALUES ('Clas_1582535933952300UIPobCl_1', 'Clas_1582535933952300AccOfer_1ElemAcc_1', 'SIUTCREAR', 'Subir documento', '');
INSERT INTO IUAction (idIU, idIUAction, IUActionName, IUActionAlias, IUActionDescription) VALUES ('Clas_1582535933952300UIPobCl_1', 'Clas_1582535933952300AccOfer_1ElemAcc_7', 'SIUTCREARATO', 'Subir documento', '');
INSERT INTO IUAction (idIU, idIUAction, IUActionName, IUActionAlias, IUActionDescription) VALUES ('Clas_1582535933952300UIPobCl_1', 'Clas_1582535933952300AccOfer_1ElemAcc_4', 'SIUdescargarDocumento', 'Descargar', '');
INSERT INTO IUAction (idIU, idIUAction, IUActionName, IUActionAlias, IUActionDescription) VALUES ('Clas_1582535933952300UIPobCl_1', 'Clas_1582535933952300AccOfer_1ElemAcc_8', 'SIUdescargarDocumentoATO', 'Previsualizar', '');
INSERT INTO IUAction (idIU, idIUAction, IUActionName, IUActionAlias, IUActionDescription) VALUES ('Clas_1582535933952300UIPobCl_1', 'Clas_1582535933952300AccOfer_1ElemAcc_5', 'SIUTAPROBAR', 'Aprobar', '');
INSERT INTO IUAction (idIU, idIUAction, IUActionName, IUActionAlias, IUActionDescription) VALUES ('Clas_1582535933952300UIPobCl_1', 'Clas_1582535933952300AccOfer_1ElemAcc_6', 'SIUTDEVOLVER', 'Devolver', '');
INSERT INTO IUNavigation (idIU, idIUNavigation, IUNavigationName, IUNavigationAlias, IUNavigationDescription) VALUES ('Clas_1582535933952300UIPobCl_1', 'Clas_1582535933952300NavOfer_1ElemNav_1', 'PIULogEstadoDocNov', 'Detalles', '');

-- PIU: DocumentoNovedad._Auto_
INSERT INTO IU (idIU, IUName, IUAlias, IUDescription, IUType) VALUES ('Clas_1582535933952300UIPobCl_Auto', '_Auto_', 'Documento', '', 'P');
INSERT INTO IUAttribute (idIU, idIUAttribute, IUAttributeName, IUAttributeAlias, IUAttributeDescription) VALUES ('Clas_1582535933952300UIPobCl_Auto', 'Clas_1582535933952300CjtoVis_AutoICtjoVis_1', 'IdDocumento', 'Identificador', '');
INSERT INTO IUAttribute (idIU, idIUAttribute, IUAttributeName, IUAttributeAlias, IUAttributeDescription) VALUES ('Clas_1582535933952300UIPobCl_Auto', 'Clas_1582535933952300CjtoVis_AutoICtjoVis_2', 'Descripcion', 'Descripción', '');
INSERT INTO IUAttribute (idIU, idIUAttribute, IUAttributeName, IUAttributeAlias, IUAttributeDescription) VALUES ('Clas_1582535933952300UIPobCl_Auto', 'Clas_1582535933952300CjtoVis_AutoICtjoVis_3', 'Tipo', 'Tipo', '');
INSERT INTO IUAttribute (idIU, idIUAttribute, IUAttributeName, IUAttributeAlias, IUAttributeDescription) VALUES ('Clas_1582535933952300UIPobCl_Auto', 'Clas_1582535933952300CjtoVis_AutoICtjoVis_4', 'Estado', 'Estado', '');
INSERT INTO IUAttribute (idIU, idIUAttribute, IUAttributeName, IUAttributeAlias, IUAttributeDescription) VALUES ('Clas_1582535933952300UIPobCl_Auto', 'Clas_1582535933952300CjtoVis_AutoICtjoVis_5', 'FechaSubida', 'Fecha subida gestor', '');
INSERT INTO IUAttribute (idIU, idIUAttribute, IUAttributeName, IUAttributeAlias, IUAttributeDescription) VALUES ('Clas_1582535933952300UIPobCl_Auto', 'Clas_1582535933952300CjtoVis_AutoICtjoVis_6', 'PathCompleto', 'Path Completo', '');
INSERT INTO IUAttribute (idIU, idIUAttribute, IUAttributeName, IUAttributeAlias, IUAttributeDescription) VALUES ('Clas_1582535933952300UIPobCl_Auto', 'Clas_1582535933952300CjtoVis_AutoICtjoVis_7', 'Extension', 'Extensión', '');
INSERT INTO IUAttribute (idIU, idIUAttribute, IUAttributeName, IUAttributeAlias, IUAttributeDescription) VALUES ('Clas_1582535933952300UIPobCl_Auto', 'Clas_1582535933952300CjtoVis_AutoICtjoVis_8', 'ResultadoSubida', 'Resultado', '');
INSERT INTO IUAttribute (idIU, idIUAttribute, IUAttributeName, IUAttributeAlias, IUAttributeDescription) VALUES ('Clas_1582535933952300UIPobCl_Auto', 'Clas_1582535933952300CjtoVis_AutoICtjoVis_9', 'IdDocEnGestor', 'Id. En Gestor', '');
INSERT INTO IUAttribute (idIU, idIUAttribute, IUAttributeName, IUAttributeAlias, IUAttributeDescription) VALUES ('Clas_1582535933952300UIPobCl_Auto', 'Clas_1582535933952300CjtoVis_AutoICtjoVis_10', 'Nombre', 'Archivo adjunto', '');
INSERT INTO IUAttribute (idIU, idIUAttribute, IUAttributeName, IUAttributeAlias, IUAttributeDescription) VALUES ('Clas_1582535933952300UIPobCl_Auto', 'Clas_1582535933952300CjtoVis_AutoICtjoVis_11', 'UsuarioCreador', 'Usuario', '');
INSERT INTO IUAction (idIU, idIUAction, IUActionName, IUActionAlias, IUActionDescription) VALUES ('Clas_1582535933952300UIPobCl_Auto', 'Clas_1582535933952300AccOfer_AutoElemAcc_1', 'SIUdescargarDocumento', 'Descargar', '');
INSERT INTO IUAction (idIU, idIUAction, IUActionName, IUActionAlias, IUActionDescription) VALUES ('Clas_1582535933952300UIPobCl_Auto', 'Clas_1582535933952300AccOfer_AutoElemAcc_2', 'SIUdescargarDocumentoATO', 'Previsualizar', '');
INSERT INTO IUAction (idIU, idIUAction, IUActionName, IUActionAlias, IUActionDescription) VALUES ('Clas_1582535933952300UIPobCl_Auto', 'Clas_1582535933952300AccOfer_AutoElemAcc_3', 'SIUTAPROBAR', 'Aprobar', '');
INSERT INTO IUAction (idIU, idIUAction, IUActionName, IUActionAlias, IUActionDescription) VALUES ('Clas_1582535933952300UIPobCl_Auto', 'Clas_1582535933952300AccOfer_AutoElemAcc_4', 'SIUTDEVOLVER', 'Devolver', '');
INSERT INTO IUAction (idIU, idIUAction, IUActionName, IUActionAlias, IUActionDescription) VALUES ('Clas_1582535933952300UIPobCl_Auto', 'Clas_1582535933952300AccOfer_AutoElemAcc_5', 'SIUTCREAR', 'Subir documento', '');
INSERT INTO IUAction (idIU, idIUAction, IUActionName, IUActionAlias, IUActionDescription) VALUES ('Clas_1582535933952300UIPobCl_Auto', 'Clas_1582535933952300AccOfer_AutoElemAcc_6', 'SIUTCREARATO', 'Subir documento', '');
INSERT INTO IUAction (idIU, idIUAction, IUActionName, IUActionAlias, IUActionDescription) VALUES ('Clas_1582535933952300UIPobCl_Auto', 'Clas_1582535933952300AccOfer_AutoElemAcc_7', '_Auto_', 'Documento', '');
INSERT INTO IUNavigation (idIU, idIUNavigation, IUNavigationName, IUNavigationAlias, IUNavigationDescription) VALUES ('Clas_1582535933952300UIPobCl_Auto', 'Clas_1582535933952300NavOfer_AutoElemNav_1', 'PIULogEstadoDocNov', 'Log cambios estado documento', '');
INSERT INTO IUNavigation (idIU, idIUNavigation, IUNavigationName, IUNavigationAlias, IUNavigationDescription) VALUES ('Clas_1582535933952300UIPobCl_Auto', 'Clas_1582535933952300NavOfer_AutoElemNav_2', 'IIUSolNovTipoContrato', 'Solicitud', '');
INSERT INTO IUNavigation (idIU, idIUNavigation, IUNavigationName, IUNavigationAlias, IUNavigationDescription) VALUES ('Clas_1582535933952300UIPobCl_Auto', 'Clas_1582535933952300NavOfer_AutoElemNav_3', '_Auto_', 'Usuario', '');

-- IIU: DocumentoNovedad._Auto_
INSERT INTO IU (idIU, IUName, IUAlias, IUDescription, IUType) VALUES ('Clas_1582535933952300UIInst_1', '_Auto_', 'Documento', '', 'I');
INSERT INTO IUAction (idIU, idIUAction, IUActionName, IUActionAlias, IUActionDescription) VALUES ('Clas_1582535933952300UIInst_1', 'Clas_1582535933952300AccOfer_AutoElemAcc_1', 'SIUdescargarDocumento', 'Descargar', '');
INSERT INTO IUAction (idIU, idIUAction, IUActionName, IUActionAlias, IUActionDescription) VALUES ('Clas_1582535933952300UIInst_1', 'Clas_1582535933952300AccOfer_AutoElemAcc_2', 'SIUdescargarDocumentoATO', 'Previsualizar', '');
INSERT INTO IUAction (idIU, idIUAction, IUActionName, IUActionAlias, IUActionDescription) VALUES ('Clas_1582535933952300UIInst_1', 'Clas_1582535933952300AccOfer_AutoElemAcc_3', 'SIUTAPROBAR', 'Aprobar', '');
INSERT INTO IUAction (idIU, idIUAction, IUActionName, IUActionAlias, IUActionDescription) VALUES ('Clas_1582535933952300UIInst_1', 'Clas_1582535933952300AccOfer_AutoElemAcc_4', 'SIUTDEVOLVER', 'Devolver', '');
INSERT INTO IUAction (idIU, idIUAction, IUActionName, IUActionAlias, IUActionDescription) VALUES ('Clas_1582535933952300UIInst_1', 'Clas_1582535933952300AccOfer_AutoElemAcc_5', 'SIUTCREAR', 'Subir documento', '');
INSERT INTO IUAction (idIU, idIUAction, IUActionName, IUActionAlias, IUActionDescription) VALUES ('Clas_1582535933952300UIInst_1', 'Clas_1582535933952300AccOfer_AutoElemAcc_6', 'SIUTCREARATO', 'Subir documento', '');
INSERT INTO IUAction (idIU, idIUAction, IUActionName, IUActionAlias, IUActionDescription) VALUES ('Clas_1582535933952300UIInst_1', 'Clas_1582535933952300AccOfer_AutoElemAcc_7', '_Auto_', 'Documento', '');
INSERT INTO IUNavigation (idIU, idIUNavigation, IUNavigationName, IUNavigationAlias, IUNavigationDescription) VALUES ('Clas_1582535933952300UIInst_1', 'Clas_1582535933952300NavOfer_AutoElemNav_1', 'PIULogEstadoDocNov', 'Log cambios estado documento', '');
INSERT INTO IUNavigation (idIU, idIUNavigation, IUNavigationName, IUNavigationAlias, IUNavigationDescription) VALUES ('Clas_1582535933952300UIInst_1', 'Clas_1582535933952300NavOfer_AutoElemNav_2', 'IIUSolNovTipoContrato', 'Solicitud', '');
INSERT INTO IUNavigation (idIU, idIUNavigation, IUNavigationName, IUNavigationAlias, IUNavigationDescription) VALUES ('Clas_1582535933952300UIInst_1', 'Clas_1582535933952300NavOfer_AutoElemNav_3', '_Auto_', 'Usuario', '');

-- SIU: DocumentoNovedad.SIUdescargarDocumento
INSERT INTO IU (idIU, IUName, IUAlias, IUDescription, IUType) VALUES ('Clas_1582535933952300Ser_6UIServ_1', 'SIUdescargarDocumento', 'Descargar', '', 'S');
-- SIU: DocumentoNovedad.SIUdescargarDocumentoATO
INSERT INTO IU (idIU, IUName, IUAlias, IUDescription, IUType) VALUES ('Clas_1582535933952300Ser_21UIServ_1', 'SIUdescargarDocumentoATO', 'Previsualizar', '', 'S');
-- SIU: DocumentoNovedad.SIUTAPROBAR
INSERT INTO IU (idIU, IUName, IUAlias, IUDescription, IUType) VALUES ('Clas_1582535933952300Ser_10UIServ_1', 'SIUTAPROBAR', 'Aprobar', '', 'S');
-- SIU: DocumentoNovedad.SIUTDEVOLVER
INSERT INTO IU (idIU, IUName, IUAlias, IUDescription, IUType) VALUES ('Clas_1582535933952300Ser_11UIServ_1', 'SIUTDEVOLVER', 'Devolver', '', 'S');
-- SIU: DocumentoNovedad.SIUTCREAR
INSERT INTO IU (idIU, IUName, IUAlias, IUDescription, IUType) VALUES ('Clas_1582535933952300Ser_13UIServ_1', 'SIUTCREAR', 'Subir documento', '', 'S');
-- SIU: DocumentoNovedad.SIUTCREARATO
INSERT INTO IU (idIU, IUName, IUAlias, IUDescription, IUType) VALUES ('Clas_1582535933952300Ser_23UIServ_1', 'SIUTCREARATO', 'Subir documento', '', 'S');

---------------------------------------------
-- CLASS NovedadMD
---------------------------------------------
-- PIU: NovedadMD._Auto_
INSERT INTO IU (idIU, IUName, IUAlias, IUDescription, IUType) VALUES ('Clas_1582553235456449UIPobCl_Auto', '_Auto_', 'Nueva dirección', '', 'P');
INSERT INTO IUAttribute (idIU, idIUAttribute, IUAttributeName, IUAttributeAlias, IUAttributeDescription) VALUES ('Clas_1582553235456449UIPobCl_Auto', 'Clas_1582553235456449CjtoVis_AutoICtjoVis_1', 'idNovedadMD', 'Identificador', '');
INSERT INTO IUAttribute (idIU, idIUAttribute, IUAttributeName, IUAttributeAlias, IUAttributeDescription) VALUES ('Clas_1582553235456449UIPobCl_Auto', 'Clas_1582553235456449CjtoVis_AutoICtjoVis_2', 'DireccionCompleta', 'Dirección completa', '');
INSERT INTO IUAttribute (idIU, idIUAttribute, IUAttributeName, IUAttributeAlias, IUAttributeDescription) VALUES ('Clas_1582553235456449UIPobCl_Auto', 'Clas_1582553235456449CjtoVis_AutoICtjoVis_3', 'Rural', 'Rural', '');
INSERT INTO IUAttribute (idIU, idIUAttribute, IUAttributeName, IUAttributeAlias, IUAttributeDescription) VALUES ('Clas_1582553235456449UIPobCl_Auto', 'Clas_1582553235456449CjtoVis_AutoICtjoVis_4', 'TelefonoFijo', 'Teléfono Fijo', '');
INSERT INTO IUAttribute (idIU, idIUAttribute, IUAttributeName, IUAttributeAlias, IUAttributeDescription) VALUES ('Clas_1582553235456449UIPobCl_Auto', 'Clas_1582553235456449CjtoVis_AutoICtjoVis_5', 'TelefonoCelular', 'Telefono Celular', '');
INSERT INTO IUAttribute (idIU, idIUAttribute, IUAttributeName, IUAttributeAlias, IUAttributeDescription) VALUES ('Clas_1582553235456449UIPobCl_Auto', 'Clas_1582553235456449CjtoVis_AutoICtjoVis_6', 'CorreoElectronico', 'Correo Electrónico', '');
INSERT INTO IUAction (idIU, idIUAction, IUActionName, IUActionAlias, IUActionDescription) VALUES ('Clas_1582553235456449UIPobCl_Auto', 'Clas_1582553235456449AccOfer_AutoElemAcc_1', '_Auto_', 'Nueva dirección', '');
INSERT INTO IUNavigation (idIU, idIUNavigation, IUNavigationName, IUNavigationAlias, IUNavigationDescription) VALUES ('Clas_1582553235456449UIPobCl_Auto', 'Clas_1582553235456449NavOfer_AutoElemNav_1', '_Auto_', 'Familia', '');
INSERT INTO IUNavigation (idIU, idIUNavigation, IUNavigationName, IUNavigationAlias, IUNavigationDescription) VALUES ('Clas_1582553235456449UIPobCl_Auto', 'Clas_1582553235456449NavOfer_AutoElemNav_2', '_Auto_', 'País', '');
INSERT INTO IUNavigation (idIU, idIUNavigation, IUNavigationName, IUNavigationAlias, IUNavigationDescription) VALUES ('Clas_1582553235456449UIPobCl_Auto', 'Clas_1582553235456449NavOfer_AutoElemNav_3', '_Auto_', 'Departamento', '');
INSERT INTO IUNavigation (idIU, idIUNavigation, IUNavigationName, IUNavigationAlias, IUNavigationDescription) VALUES ('Clas_1582553235456449UIPobCl_Auto', 'Clas_1582553235456449NavOfer_AutoElemNav_4', '_Auto_', 'Municipio', '');

-- IIU: NovedadMD._Auto_
INSERT INTO IU (idIU, IUName, IUAlias, IUDescription, IUType) VALUES ('Clas_1582553235456449UIInst_0', '_Auto_', 'Nueva dirección', '', 'I');
INSERT INTO IUAction (idIU, idIUAction, IUActionName, IUActionAlias, IUActionDescription) VALUES ('Clas_1582553235456449UIInst_0', 'Clas_1582553235456449AccOfer_AutoElemAcc_1', '_Auto_', 'Nueva dirección', '');
INSERT INTO IUNavigation (idIU, idIUNavigation, IUNavigationName, IUNavigationAlias, IUNavigationDescription) VALUES ('Clas_1582553235456449UIInst_0', 'Clas_1582553235456449NavOfer_AutoElemNav_1', '_Auto_', 'Familia', '');
INSERT INTO IUNavigation (idIU, idIUNavigation, IUNavigationName, IUNavigationAlias, IUNavigationDescription) VALUES ('Clas_1582553235456449UIInst_0', 'Clas_1582553235456449NavOfer_AutoElemNav_2', '_Auto_', 'País', '');
INSERT INTO IUNavigation (idIU, idIUNavigation, IUNavigationName, IUNavigationAlias, IUNavigationDescription) VALUES ('Clas_1582553235456449UIInst_0', 'Clas_1582553235456449NavOfer_AutoElemNav_3', '_Auto_', 'Departamento', '');
INSERT INTO IUNavigation (idIU, idIUNavigation, IUNavigationName, IUNavigationAlias, IUNavigationDescription) VALUES ('Clas_1582553235456449UIInst_0', 'Clas_1582553235456449NavOfer_AutoElemNav_4', '_Auto_', 'Municipio', '');


---------------------------------------------
-- CLASS LogEstadoSN
---------------------------------------------
-- PIU: LogEstadoSN.PIULogEstadoSN
INSERT INTO IU (idIU, IUName, IUAlias, IUDescription, IUType) VALUES ('Clas_1583331278848231UIPobCl_1', 'PIULogEstadoSN', 'Histórico estados', '', 'P');
INSERT INTO IUAttribute (idIU, idIUAttribute, IUAttributeName, IUAttributeAlias, IUAttributeDescription) VALUES ('Clas_1583331278848231UIPobCl_1', 'Clas_1583331278848231CjtoVis_1ICtjoVis_1', 'Fecha', 'Fecha', '');
INSERT INTO IUAttribute (idIU, idIUAttribute, IUAttributeName, IUAttributeAlias, IUAttributeDescription) VALUES ('Clas_1583331278848231UIPobCl_1', 'Clas_1583331278848231CjtoVis_1ICtjoVis_2', 'Estado', 'Estado', '');
INSERT INTO IUAttribute (idIU, idIUAttribute, IUAttributeName, IUAttributeAlias, IUAttributeDescription) VALUES ('Clas_1583331278848231UIPobCl_1', 'Clas_1583331278848231CjtoVis_1ICtjoVis_4', 'EstadoDoc', 'Estado Documentación', '');
INSERT INTO IUAttribute (idIU, idIUAttribute, IUAttributeName, IUAttributeAlias, IUAttributeDescription) VALUES ('Clas_1583331278848231UIPobCl_1', 'Clas_1583331278848231CjtoVis_1ICtjoVis_3', 'LoginFuncionario', 'Funcionario', '');

-- PIU: LogEstadoSN._Auto_
INSERT INTO IU (idIU, IUName, IUAlias, IUDescription, IUType) VALUES ('Clas_1583331278848231UIPobCl_Auto', '_Auto_', 'Log Estado', '', 'P');
INSERT INTO IUAttribute (idIU, idIUAttribute, IUAttributeName, IUAttributeAlias, IUAttributeDescription) VALUES ('Clas_1583331278848231UIPobCl_Auto', 'Clas_1583331278848231CjtoVis_AutoICtjoVis_1', 'Id', 'Id.', '');
INSERT INTO IUAttribute (idIU, idIUAttribute, IUAttributeName, IUAttributeAlias, IUAttributeDescription) VALUES ('Clas_1583331278848231UIPobCl_Auto', 'Clas_1583331278848231CjtoVis_AutoICtjoVis_2', 'Fecha', 'Fecha', '');
INSERT INTO IUAttribute (idIU, idIUAttribute, IUAttributeName, IUAttributeAlias, IUAttributeDescription) VALUES ('Clas_1583331278848231UIPobCl_Auto', 'Clas_1583331278848231CjtoVis_AutoICtjoVis_3', 'LoginFuncionario', 'Funcionario', '');
INSERT INTO IUAttribute (idIU, idIUAttribute, IUAttributeName, IUAttributeAlias, IUAttributeDescription) VALUES ('Clas_1583331278848231UIPobCl_Auto', 'Clas_1583331278848231CjtoVis_AutoICtjoVis_4', 'Estado', 'Estado', '');
INSERT INTO IUAttribute (idIU, idIUAttribute, IUAttributeName, IUAttributeAlias, IUAttributeDescription) VALUES ('Clas_1583331278848231UIPobCl_Auto', 'Clas_1583331278848231CjtoVis_AutoICtjoVis_5', 'EstadoDoc', 'Estado Documentación', '');
INSERT INTO IUAction (idIU, idIUAction, IUActionName, IUActionAlias, IUActionDescription) VALUES ('Clas_1583331278848231UIPobCl_Auto', 'Clas_1583331278848231AccOfer_AutoElemAcc_1', '_Auto_', 'Log Estado', '');
INSERT INTO IUNavigation (idIU, idIUNavigation, IUNavigationName, IUNavigationAlias, IUNavigationDescription) VALUES ('Clas_1583331278848231UIPobCl_Auto', 'Clas_1583331278848231NavOfer_AutoElemNav_1', 'IIUSolNovTipoContrato', 'Solicitud', '');

-- IIU: LogEstadoSN._Auto_
INSERT INTO IU (idIU, IUName, IUAlias, IUDescription, IUType) VALUES ('Clas_1583331278848231UIInst_1', '_Auto_', 'Log Estado', '', 'I');
INSERT INTO IUAction (idIU, idIUAction, IUActionName, IUActionAlias, IUActionDescription) VALUES ('Clas_1583331278848231UIInst_1', 'Clas_1583331278848231AccOfer_AutoElemAcc_1', '_Auto_', 'Log Estado', '');
INSERT INTO IUNavigation (idIU, idIUNavigation, IUNavigationName, IUNavigationAlias, IUNavigationDescription) VALUES ('Clas_1583331278848231UIInst_1', 'Clas_1583331278848231NavOfer_AutoElemNav_1', 'IIUSolNovTipoContrato', 'Solicitud', '');


---------------------------------------------
-- CLASS MotivoExcepcionSolNov
---------------------------------------------
-- PIU: MotivoExcepcionSolNov.PIUMotivoExcepcionSolNov
INSERT INTO IU (idIU, IUName, IUAlias, IUDescription, IUType) VALUES ('Clas_1583336390656979UIPobCl_1', 'PIUMotivoExcepcionSolNov', 'Motivos de Excepción', '', 'P');
INSERT INTO IUAttribute (idIU, idIUAttribute, IUAttributeName, IUAttributeAlias, IUAttributeDescription) VALUES ('Clas_1583336390656979UIPobCl_1', 'Clas_1583336390656979CjtoVis_1ICtjoVis_1', 'Descripcion', 'Descripción', '');
INSERT INTO IUAction (idIU, idIUAction, IUActionName, IUActionAlias, IUActionDescription) VALUES ('Clas_1583336390656979UIPobCl_1', 'Clas_1583336390656979AccOfer_1ElemAcc_1', 'SIUcrear', 'Crear', '');
INSERT INTO IUAction (idIU, idIUAction, IUActionName, IUActionAlias, IUActionDescription) VALUES ('Clas_1583336390656979UIPobCl_1', 'Clas_1583336390656979AccOfer_1ElemAcc_2', 'SIUmodificar', 'Modificar', '');
INSERT INTO IUAction (idIU, idIUAction, IUActionName, IUActionAlias, IUActionDescription) VALUES ('Clas_1583336390656979UIPobCl_1', 'Clas_1583336390656979AccOfer_1ElemAcc_3', 'SIUeliminar', 'Eliminar', '');

-- PIU: MotivoExcepcionSolNov._Auto_
INSERT INTO IU (idIU, IUName, IUAlias, IUDescription, IUType) VALUES ('Clas_1583336390656979UIPobCl_Auto', '_Auto_', 'Motivo Excepción', '', 'P');
INSERT INTO IUAttribute (idIU, idIUAttribute, IUAttributeName, IUAttributeAlias, IUAttributeDescription) VALUES ('Clas_1583336390656979UIPobCl_Auto', 'Clas_1583336390656979CjtoVis_AutoICtjoVis_1', 'Id', 'Id', '');
INSERT INTO IUAttribute (idIU, idIUAttribute, IUAttributeName, IUAttributeAlias, IUAttributeDescription) VALUES ('Clas_1583336390656979UIPobCl_Auto', 'Clas_1583336390656979CjtoVis_AutoICtjoVis_2', 'Descripcion', 'Descripción', '');
INSERT INTO IUAction (idIU, idIUAction, IUActionName, IUActionAlias, IUActionDescription) VALUES ('Clas_1583336390656979UIPobCl_Auto', 'Clas_1583336390656979AccOfer_AutoElemAcc_1', 'SIUcrear', 'Crear', '');
INSERT INTO IUAction (idIU, idIUAction, IUActionName, IUActionAlias, IUActionDescription) VALUES ('Clas_1583336390656979UIPobCl_Auto', 'Clas_1583336390656979AccOfer_AutoElemAcc_2', 'SIUeliminar', 'Eliminar', '');
INSERT INTO IUAction (idIU, idIUAction, IUActionName, IUActionAlias, IUActionDescription) VALUES ('Clas_1583336390656979UIPobCl_Auto', 'Clas_1583336390656979AccOfer_AutoElemAcc_3', 'SIUmodificar', 'Modificar', '');
INSERT INTO IUAction (idIU, idIUAction, IUActionName, IUActionAlias, IUActionDescription) VALUES ('Clas_1583336390656979UIPobCl_Auto', 'Clas_1583336390656979AccOfer_AutoElemAcc_4', '_Auto_', 'Motivo Excepción', '');
INSERT INTO IUNavigation (idIU, idIUNavigation, IUNavigationName, IUNavigationAlias, IUNavigationDescription) VALUES ('Clas_1583336390656979UIPobCl_Auto', 'Clas_1583336390656979NavOfer_AutoElemNav_1', 'PIUConsultaSolicitudNovedad', 'Consultar Novedades', '');

-- IIU: MotivoExcepcionSolNov._Auto_
INSERT INTO IU (idIU, IUName, IUAlias, IUDescription, IUType) VALUES ('Clas_1583336390656979UIInst_1', '_Auto_', 'Motivo Excepción', '', 'I');
INSERT INTO IUAction (idIU, idIUAction, IUActionName, IUActionAlias, IUActionDescription) VALUES ('Clas_1583336390656979UIInst_1', 'Clas_1583336390656979AccOfer_AutoElemAcc_1', 'SIUcrear', 'Crear', '');
INSERT INTO IUAction (idIU, idIUAction, IUActionName, IUActionAlias, IUActionDescription) VALUES ('Clas_1583336390656979UIInst_1', 'Clas_1583336390656979AccOfer_AutoElemAcc_2', 'SIUeliminar', 'Eliminar', '');
INSERT INTO IUAction (idIU, idIUAction, IUActionName, IUActionAlias, IUActionDescription) VALUES ('Clas_1583336390656979UIInst_1', 'Clas_1583336390656979AccOfer_AutoElemAcc_3', 'SIUmodificar', 'Modificar', '');
INSERT INTO IUAction (idIU, idIUAction, IUActionName, IUActionAlias, IUActionDescription) VALUES ('Clas_1583336390656979UIInst_1', 'Clas_1583336390656979AccOfer_AutoElemAcc_4', '_Auto_', 'Motivo Excepción', '');
INSERT INTO IUNavigation (idIU, idIUNavigation, IUNavigationName, IUNavigationAlias, IUNavigationDescription) VALUES ('Clas_1583336390656979UIInst_1', 'Clas_1583336390656979NavOfer_AutoElemNav_1', 'PIUConsultaSolicitudNovedad', 'Consultar Novedades', '');

-- SIU: MotivoExcepcionSolNov.SIUcrear
INSERT INTO IU (idIU, IUName, IUAlias, IUDescription, IUType) VALUES ('Clas_1583336390656979Ser_1UIServ_1', 'SIUcrear', 'Crear', '', 'S');
-- SIU: MotivoExcepcionSolNov.SIUeliminar
INSERT INTO IU (idIU, IUName, IUAlias, IUDescription, IUType) VALUES ('Clas_1583336390656979Ser_2UIServ_1', 'SIUeliminar', 'Eliminar', '', 'S');
-- SIU: MotivoExcepcionSolNov.SIUmodificar
INSERT INTO IU (idIU, IUName, IUAlias, IUDescription, IUType) VALUES ('Clas_1583336390656979Ser_3UIServ_1', 'SIUmodificar', 'Modificar', '', 'S');

---------------------------------------------
-- CLASS PriorizacionSolicitudes
---------------------------------------------
-- PIU: PriorizacionSolicitudes.PIUPriorizacionSolicitudes
INSERT INTO IU (idIU, IUName, IUAlias, IUDescription, IUType) VALUES ('Clas_1586846892032587UIPobCl_1', 'PIUPriorizacionSolicitudes', 'Priorización de Solicitudes', '', 'P');
INSERT INTO IUAttribute (idIU, idIUAttribute, IUAttributeName, IUAttributeAlias, IUAttributeDescription) VALUES ('Clas_1586846892032587UIPobCl_1', 'Clas_1586846892032587CjtoVis_1ICtjoVis_1', 'EstadoSolicitud', 'Estado Solicitud', '');
INSERT INTO IUAttribute (idIU, idIUAttribute, IUAttributeName, IUAttributeAlias, IUAttributeDescription) VALUES ('Clas_1586846892032587UIPobCl_1', 'Clas_1586846892032587CjtoVis_1ICtjoVis_2', 'EstadoDoc', 'Estado Documentación', '');
INSERT INTO IUAttribute (idIU, idIUAttribute, IUAttributeName, IUAttributeAlias, IUAttributeDescription) VALUES ('Clas_1586846892032587UIPobCl_1', 'Clas_1586846892032587CjtoVis_1ICtjoVis_3', 'Prioridad', 'Prioridad', '');
INSERT INTO IUAction (idIU, idIUAction, IUActionName, IUActionAlias, IUActionDescription) VALUES ('Clas_1586846892032587UIPobCl_1', 'Clas_1586846892032587AccOfer_1ElemAcc_1', 'SIUTCREAR', 'Crear', '');
INSERT INTO IUAction (idIU, idIUAction, IUActionName, IUActionAlias, IUActionDescription) VALUES ('Clas_1586846892032587UIPobCl_1', 'Clas_1586846892032587AccOfer_1ElemAcc_2', 'SIUTMODIFICAR', 'Modificar', '');
INSERT INTO IUAction (idIU, idIUAction, IUActionName, IUActionAlias, IUActionDescription) VALUES ('Clas_1586846892032587UIPobCl_1', 'Clas_1586846892032587AccOfer_1ElemAcc_3', 'SIUTELIMINAR', 'Eliminar', '');
INSERT INTO IUNavigation (idIU, idIUNavigation, IUNavigationName, IUNavigationAlias, IUNavigationDescription) VALUES ('Clas_1586846892032587UIPobCl_1', 'Clas_1586846892032587NavOfer_1ElemNav_1', 'PIULogPriorizacionSol', 'Histórico Priorización Solicitudes', '');

-- PIU: PriorizacionSolicitudes._Auto_
INSERT INTO IU (idIU, IUName, IUAlias, IUDescription, IUType) VALUES ('Clas_1586846892032587UIPobCl_Auto', '_Auto_', 'Priorización Solicitudes', '', 'P');
INSERT INTO IUAttribute (idIU, idIUAttribute, IUAttributeName, IUAttributeAlias, IUAttributeDescription) VALUES ('Clas_1586846892032587UIPobCl_Auto', 'Clas_1586846892032587CjtoVis_AutoICtjoVis_1', 'EstadoSolicitud', 'Estado Solicitud', '');
INSERT INTO IUAttribute (idIU, idIUAttribute, IUAttributeName, IUAttributeAlias, IUAttributeDescription) VALUES ('Clas_1586846892032587UIPobCl_Auto', 'Clas_1586846892032587CjtoVis_AutoICtjoVis_2', 'EstadoDoc', 'Estado Documentación', '');
INSERT INTO IUAttribute (idIU, idIUAttribute, IUAttributeName, IUAttributeAlias, IUAttributeDescription) VALUES ('Clas_1586846892032587UIPobCl_Auto', 'Clas_1586846892032587CjtoVis_AutoICtjoVis_3', 'Prioridad', 'Prioridad', '');
INSERT INTO IUAction (idIU, idIUAction, IUActionName, IUActionAlias, IUActionDescription) VALUES ('Clas_1586846892032587UIPobCl_Auto', 'Clas_1586846892032587AccOfer_AutoElemAcc_1', 'SIUTCREAR', 'Crear', '');
INSERT INTO IUAction (idIU, idIUAction, IUActionName, IUActionAlias, IUActionDescription) VALUES ('Clas_1586846892032587UIPobCl_Auto', 'Clas_1586846892032587AccOfer_AutoElemAcc_2', 'SIUTELIMINAR', 'Eliminar', '');
INSERT INTO IUAction (idIU, idIUAction, IUActionName, IUActionAlias, IUActionDescription) VALUES ('Clas_1586846892032587UIPobCl_Auto', 'Clas_1586846892032587AccOfer_AutoElemAcc_3', 'SIUTMODIFICAR', 'Modificar', '');
INSERT INTO IUAction (idIU, idIUAction, IUActionName, IUActionAlias, IUActionDescription) VALUES ('Clas_1586846892032587UIPobCl_Auto', 'Clas_1586846892032587AccOfer_AutoElemAcc_4', '_Auto_', 'Priorización Solicitudes', '');
INSERT INTO IUNavigation (idIU, idIUNavigation, IUNavigationName, IUNavigationAlias, IUNavigationDescription) VALUES ('Clas_1586846892032587UIPobCl_Auto', 'Clas_1586846892032587NavOfer_AutoElemNav_1', 'PIULogPriorizacionSol', 'Histórico Priorización Solicitudes', '');

-- IIU: PriorizacionSolicitudes._Auto_
INSERT INTO IU (idIU, IUName, IUAlias, IUDescription, IUType) VALUES ('Clas_1586846892032587UIInst_1', '_Auto_', 'Priorización Solicitudes', '', 'I');
INSERT INTO IUAction (idIU, idIUAction, IUActionName, IUActionAlias, IUActionDescription) VALUES ('Clas_1586846892032587UIInst_1', 'Clas_1586846892032587AccOfer_AutoElemAcc_1', 'SIUTCREAR', 'Crear', '');
INSERT INTO IUAction (idIU, idIUAction, IUActionName, IUActionAlias, IUActionDescription) VALUES ('Clas_1586846892032587UIInst_1', 'Clas_1586846892032587AccOfer_AutoElemAcc_2', 'SIUTELIMINAR', 'Eliminar', '');
INSERT INTO IUAction (idIU, idIUAction, IUActionName, IUActionAlias, IUActionDescription) VALUES ('Clas_1586846892032587UIInst_1', 'Clas_1586846892032587AccOfer_AutoElemAcc_3', 'SIUTMODIFICAR', 'Modificar', '');
INSERT INTO IUAction (idIU, idIUAction, IUActionName, IUActionAlias, IUActionDescription) VALUES ('Clas_1586846892032587UIInst_1', 'Clas_1586846892032587AccOfer_AutoElemAcc_4', '_Auto_', 'Priorización Solicitudes', '');
INSERT INTO IUNavigation (idIU, idIUNavigation, IUNavigationName, IUNavigationAlias, IUNavigationDescription) VALUES ('Clas_1586846892032587UIInst_1', 'Clas_1586846892032587NavOfer_AutoElemNav_1', 'PIULogPriorizacionSol', 'Histórico Priorización Solicitudes', '');

-- SIU: PriorizacionSolicitudes.SIUTCREAR
INSERT INTO IU (idIU, IUName, IUAlias, IUDescription, IUType) VALUES ('Clas_1586846892032587Ser_6UIServ_1', 'SIUTCREAR', 'Crear', '', 'S');
-- SIU: PriorizacionSolicitudes.SIUTELIMINAR
INSERT INTO IU (idIU, IUName, IUAlias, IUDescription, IUType) VALUES ('Clas_1586846892032587Ser_7UIServ_1', 'SIUTELIMINAR', 'Eliminar', '', 'S');
-- SIU: PriorizacionSolicitudes.SIUTMODIFICAR
INSERT INTO IU (idIU, IUName, IUAlias, IUDescription, IUType) VALUES ('Clas_1586846892032587Ser_8UIServ_1', 'SIUTMODIFICAR', 'Modificar', '', 'S');

---------------------------------------------
-- CLASS LogPriorizacionSol
---------------------------------------------
-- PIU: LogPriorizacionSol.PIULogPriorizacionSol
INSERT INTO IU (idIU, IUName, IUAlias, IUDescription, IUType) VALUES ('Clas_1586847547392173UIPobCl_1', 'PIULogPriorizacionSol', 'Histórico Priorización Solicitudes', '', 'P');
INSERT INTO IUAttribute (idIU, idIUAttribute, IUAttributeName, IUAttributeAlias, IUAttributeDescription) VALUES ('Clas_1586847547392173UIPobCl_1', 'Clas_1586847547392173CjtoVis_1ICtjoVis_1', 'Fecha', 'Fecha', '');
INSERT INTO IUAttribute (idIU, idIUAttribute, IUAttributeName, IUAttributeAlias, IUAttributeDescription) VALUES ('Clas_1586847547392173UIPobCl_1', 'Clas_1586847547392173CjtoVis_1ICtjoVis_2', 'LoginFuncionario', 'Login', '');
INSERT INTO IUAttribute (idIU, idIUAttribute, IUAttributeName, IUAttributeAlias, IUAttributeDescription) VALUES ('Clas_1586847547392173UIPobCl_1', 'Clas_1586847547392173CjtoVis_1ICtjoVis_3', 'EstadoSolicitud', 'Estado Solicitud', '');
INSERT INTO IUAttribute (idIU, idIUAttribute, IUAttributeName, IUAttributeAlias, IUAttributeDescription) VALUES ('Clas_1586847547392173UIPobCl_1', 'Clas_1586847547392173CjtoVis_1ICtjoVis_4', 'EstadoDoc', 'Estado Documentación', '');
INSERT INTO IUAttribute (idIU, idIUAttribute, IUAttributeName, IUAttributeAlias, IUAttributeDescription) VALUES ('Clas_1586847547392173UIPobCl_1', 'Clas_1586847547392173CjtoVis_1ICtjoVis_5', 'Prioridad', 'Prioridad', '');

-- PIU: LogPriorizacionSol._Auto_
INSERT INTO IU (idIU, IUName, IUAlias, IUDescription, IUType) VALUES ('Clas_1586847547392173UIPobCl_Auto', '_Auto_', 'Histórico Priorización Solicitudes', '', 'P');
INSERT INTO IUAttribute (idIU, idIUAttribute, IUAttributeName, IUAttributeAlias, IUAttributeDescription) VALUES ('Clas_1586847547392173UIPobCl_Auto', 'Clas_1586847547392173CjtoVis_AutoICtjoVis_1', 'Id', 'Id.', '');
INSERT INTO IUAttribute (idIU, idIUAttribute, IUAttributeName, IUAttributeAlias, IUAttributeDescription) VALUES ('Clas_1586847547392173UIPobCl_Auto', 'Clas_1586847547392173CjtoVis_AutoICtjoVis_2', 'EstadoSolicitud', 'Estado Solicitud', '');
INSERT INTO IUAttribute (idIU, idIUAttribute, IUAttributeName, IUAttributeAlias, IUAttributeDescription) VALUES ('Clas_1586847547392173UIPobCl_Auto', 'Clas_1586847547392173CjtoVis_AutoICtjoVis_3', 'EstadoDoc', 'Estado Documentación', '');
INSERT INTO IUAttribute (idIU, idIUAttribute, IUAttributeName, IUAttributeAlias, IUAttributeDescription) VALUES ('Clas_1586847547392173UIPobCl_Auto', 'Clas_1586847547392173CjtoVis_AutoICtjoVis_4', 'Prioridad', 'Prioridad', '');
INSERT INTO IUAttribute (idIU, idIUAttribute, IUAttributeName, IUAttributeAlias, IUAttributeDescription) VALUES ('Clas_1586847547392173UIPobCl_Auto', 'Clas_1586847547392173CjtoVis_AutoICtjoVis_5', 'Fecha', 'Fecha', '');
INSERT INTO IUAttribute (idIU, idIUAttribute, IUAttributeName, IUAttributeAlias, IUAttributeDescription) VALUES ('Clas_1586847547392173UIPobCl_Auto', 'Clas_1586847547392173CjtoVis_AutoICtjoVis_6', 'LoginFuncionario', 'Login', '');
INSERT INTO IUAction (idIU, idIUAction, IUActionName, IUActionAlias, IUActionDescription) VALUES ('Clas_1586847547392173UIPobCl_Auto', 'Clas_1586847547392173AccOfer_AutoElemAcc_1', '_Auto_', 'Histórico Priorización Solicitudes', '');
INSERT INTO IUNavigation (idIU, idIUNavigation, IUNavigationName, IUNavigationAlias, IUNavigationDescription) VALUES ('Clas_1586847547392173UIPobCl_Auto', 'Clas_1586847547392173NavOfer_AutoElemNav_1', '_Auto_', 'Priorización Solicitudes', '');

-- IIU: LogPriorizacionSol._Auto_
INSERT INTO IU (idIU, IUName, IUAlias, IUDescription, IUType) VALUES ('Clas_1586847547392173UIInst_1', '_Auto_', 'Histórico Priorización Solicitudes', '', 'I');
INSERT INTO IUAction (idIU, idIUAction, IUActionName, IUActionAlias, IUActionDescription) VALUES ('Clas_1586847547392173UIInst_1', 'Clas_1586847547392173AccOfer_AutoElemAcc_1', '_Auto_', 'Histórico Priorización Solicitudes', '');
INSERT INTO IUNavigation (idIU, idIUNavigation, IUNavigationName, IUNavigationAlias, IUNavigationDescription) VALUES ('Clas_1586847547392173UIInst_1', 'Clas_1586847547392173NavOfer_AutoElemNav_1', '_Auto_', 'Priorización Solicitudes', '');


---------------------------------------------
-- CLASS GrupoAsignacion
---------------------------------------------
-- PIU: GrupoAsignacion.PIUGrupoAsignacion
INSERT INTO IU (idIU, IUName, IUAlias, IUDescription, IUType) VALUES ('Clas_1586850168832947UIPobCl_1', 'PIUGrupoAsignacion', 'Grupos de Asignación', '', 'P');
INSERT INTO IUAttribute (idIU, idIUAttribute, IUAttributeName, IUAttributeAlias, IUAttributeDescription) VALUES ('Clas_1586850168832947UIPobCl_1', 'Clas_1586850168832947CjtoVis_1ICtjoVis_1', 'Id', 'Id.', '');
INSERT INTO IUAttribute (idIU, idIUAttribute, IUAttributeName, IUAttributeAlias, IUAttributeDescription) VALUES ('Clas_1586850168832947UIPobCl_1', 'Clas_1586850168832947CjtoVis_1ICtjoVis_2', 'Tipo', 'Tipo', '');
INSERT INTO IUAttribute (idIU, idIUAttribute, IUAttributeName, IUAttributeAlias, IUAttributeDescription) VALUES ('Clas_1586850168832947UIPobCl_1', 'Clas_1586850168832947CjtoVis_1ICtjoVis_3', 'Nombre', 'Nombre', '');
INSERT INTO IUAttribute (idIU, idIUAttribute, IUAttributeName, IUAttributeAlias, IUAttributeDescription) VALUES ('Clas_1586850168832947UIPobCl_1', 'Clas_1586850168832947CjtoVis_1ICtjoVis_4', 'Descripcion', 'Descripción', '');
INSERT INTO IUAction (idIU, idIUAction, IUActionName, IUActionAlias, IUActionDescription) VALUES ('Clas_1586850168832947UIPobCl_1', 'Clas_1586850168832947AccOfer_1ElemAcc_1', 'SIUTCREAR', 'Crear', '');
INSERT INTO IUAction (idIU, idIUAction, IUActionName, IUActionAlias, IUActionDescription) VALUES ('Clas_1586850168832947UIPobCl_1', 'Clas_1586850168832947AccOfer_1ElemAcc_2', 'SIUTMODIFICAR', 'Modificar', '');
INSERT INTO IUAction (idIU, idIUAction, IUActionName, IUActionAlias, IUActionDescription) VALUES ('Clas_1586850168832947UIPobCl_1', 'Clas_1586850168832947AccOfer_1ElemAcc_3', 'SIUTELIMINAR', 'Eliminar', '');
INSERT INTO IUNavigation (idIU, idIUNavigation, IUNavigationName, IUNavigationAlias, IUNavigationDescription) VALUES ('Clas_1586850168832947UIPobCl_1', 'Clas_1586850168832947NavOfer_1ElemNav_1', 'PIULogGrupoAsignacion', 'Histórico', '');

-- PIU: GrupoAsignacion.PIUGrupoAsignacion1
INSERT INTO IU (idIU, IUName, IUAlias, IUDescription, IUType) VALUES ('Clas_1586850168832947UIPobCl_2', 'PIUGrupoAsignacion1', 'Grupo de Asignación', '', 'P');
INSERT INTO IUAttribute (idIU, idIUAttribute, IUAttributeName, IUAttributeAlias, IUAttributeDescription) VALUES ('Clas_1586850168832947UIPobCl_2', 'Clas_1586850168832947CjtoVis_AutoICtjoVis_1', 'Id', 'Id.', '');
INSERT INTO IUAttribute (idIU, idIUAttribute, IUAttributeName, IUAttributeAlias, IUAttributeDescription) VALUES ('Clas_1586850168832947UIPobCl_2', 'Clas_1586850168832947CjtoVis_AutoICtjoVis_2', 'Tipo', 'Tipo', '');
INSERT INTO IUAttribute (idIU, idIUAttribute, IUAttributeName, IUAttributeAlias, IUAttributeDescription) VALUES ('Clas_1586850168832947UIPobCl_2', 'Clas_1586850168832947CjtoVis_AutoICtjoVis_3', 'Nombre', 'Nombre', '');
INSERT INTO IUAttribute (idIU, idIUAttribute, IUAttributeName, IUAttributeAlias, IUAttributeDescription) VALUES ('Clas_1586850168832947UIPobCl_2', 'Clas_1586850168832947CjtoVis_AutoICtjoVis_4', 'Descripcion', 'Descripción', '');
INSERT INTO IUAction (idIU, idIUAction, IUActionName, IUActionAlias, IUActionDescription) VALUES ('Clas_1586850168832947UIPobCl_2', 'Clas_1586850168832947AccOfer_AutoElemAcc_1', 'SIUTELIMINAR', 'Eliminar', '');
INSERT INTO IUAction (idIU, idIUAction, IUActionName, IUActionAlias, IUActionDescription) VALUES ('Clas_1586850168832947UIPobCl_2', 'Clas_1586850168832947AccOfer_AutoElemAcc_2', 'SIUTCREAR', 'Crear', '');
INSERT INTO IUAction (idIU, idIUAction, IUActionName, IUActionAlias, IUActionDescription) VALUES ('Clas_1586850168832947UIPobCl_2', 'Clas_1586850168832947AccOfer_AutoElemAcc_3', 'SIUTMODIFICAR', 'Modificar', '');
INSERT INTO IUAction (idIU, idIUAction, IUActionName, IUActionAlias, IUActionDescription) VALUES ('Clas_1586850168832947UIPobCl_2', 'Clas_1586850168832947AccOfer_AutoElemAcc_4', 'SIUTADDUSUARIO', 'Agregar Usuario', '');
INSERT INTO IUAction (idIU, idIUAction, IUActionName, IUActionAlias, IUActionDescription) VALUES ('Clas_1586850168832947UIPobCl_2', 'Clas_1586850168832947AccOfer_AutoElemAcc_5', 'SIUTDELUSUARIO', 'Eliminar Usuario', '');
INSERT INTO IUAction (idIU, idIUAction, IUActionName, IUActionAlias, IUActionDescription) VALUES ('Clas_1586850168832947UIPobCl_2', 'Clas_1586850168832947AccOfer_AutoElemAcc_6', 'IIUGrupoMDominio', 'Grupo de Asignación', '');
INSERT INTO IUAction (idIU, idIUAction, IUActionName, IUActionAlias, IUActionDescription) VALUES ('Clas_1586850168832947UIPobCl_2', 'Clas_1586850168832947AccOfer_AutoElemAcc_7', 'IIUGrupoMedicoMDominio', 'Grupo de Asignación', '');
INSERT INTO IUAction (idIU, idIUAction, IUActionName, IUActionAlias, IUActionDescription) VALUES ('Clas_1586850168832947UIPobCl_2', 'Clas_1586850168832947AccOfer_AutoElemAcc_8', 'MDIUGrupoAsignacion', 'Grupos de Asignación', '');
INSERT INTO IUAction (idIU, idIUAction, IUActionName, IUActionAlias, IUActionDescription) VALUES ('Clas_1586850168832947UIPobCl_2', 'Clas_1586850168832947AccOfer_AutoElemAcc_9', 'MDIUGrupoAsesorDominio', 'Grupo de Asesores', '');
INSERT INTO IUAction (idIU, idIUAction, IUActionName, IUActionAlias, IUActionDescription) VALUES ('Clas_1586850168832947UIPobCl_2', 'Clas_1586850168832947AccOfer_AutoElemAcc_10', 'MDIUGrupoMedicoDominio', 'Grupo Area Médica', '');
INSERT INTO IUNavigation (idIU, idIUNavigation, IUNavigationName, IUNavigationAlias, IUNavigationDescription) VALUES ('Clas_1586850168832947UIPobCl_2', 'Clas_1586850168832947NavOfer_AutoElemNav_1', 'PIUDominioObs', 'Dominios', '');
INSERT INTO IUNavigation (idIU, idIUNavigation, IUNavigationName, IUNavigationAlias, IUNavigationDescription) VALUES ('Clas_1586850168832947UIPobCl_2', 'Clas_1586850168832947NavOfer_AutoElemNav_2', 'PIUDominioObs', 'Dominios', '');
INSERT INTO IUNavigation (idIU, idIUNavigation, IUNavigationName, IUNavigationAlias, IUNavigationDescription) VALUES ('Clas_1586850168832947UIPobCl_2', 'Clas_1586850168832947NavOfer_AutoElemNav_3', 'PIULogGrupoAsignacion', 'Histórico', '');
INSERT INTO IUNavigation (idIU, idIUNavigation, IUNavigationName, IUNavigationAlias, IUNavigationDescription) VALUES ('Clas_1586850168832947UIPobCl_2', 'Clas_1586850168832947NavOfer_AutoElemNav_4', 'PIUGrpAsigNovedadDDominio', 'Grupos Novedades', '');
INSERT INTO IUNavigation (idIU, idIUNavigation, IUNavigationName, IUNavigationAlias, IUNavigationDescription) VALUES ('Clas_1586850168832947UIPobCl_2', 'Clas_1586850168832947NavOfer_AutoElemNav_5', 'PIUAgente', 'Usuarios', '');

-- PIU: GrupoAsignacion._Auto_
INSERT INTO IU (idIU, IUName, IUAlias, IUDescription, IUType) VALUES ('Clas_1586850168832947UIPobCl_Auto', '_Auto_', 'Grupo de Asignación', '', 'P');
INSERT INTO IUAttribute (idIU, idIUAttribute, IUAttributeName, IUAttributeAlias, IUAttributeDescription) VALUES ('Clas_1586850168832947UIPobCl_Auto', 'Clas_1586850168832947CjtoVis_AutoICtjoVis_1', 'Id', 'Id.', '');
INSERT INTO IUAttribute (idIU, idIUAttribute, IUAttributeName, IUAttributeAlias, IUAttributeDescription) VALUES ('Clas_1586850168832947UIPobCl_Auto', 'Clas_1586850168832947CjtoVis_AutoICtjoVis_2', 'Tipo', 'Tipo', '');
INSERT INTO IUAttribute (idIU, idIUAttribute, IUAttributeName, IUAttributeAlias, IUAttributeDescription) VALUES ('Clas_1586850168832947UIPobCl_Auto', 'Clas_1586850168832947CjtoVis_AutoICtjoVis_3', 'Nombre', 'Nombre', '');
INSERT INTO IUAttribute (idIU, idIUAttribute, IUAttributeName, IUAttributeAlias, IUAttributeDescription) VALUES ('Clas_1586850168832947UIPobCl_Auto', 'Clas_1586850168832947CjtoVis_AutoICtjoVis_4', 'Descripcion', 'Descripción', '');
INSERT INTO IUAction (idIU, idIUAction, IUActionName, IUActionAlias, IUActionDescription) VALUES ('Clas_1586850168832947UIPobCl_Auto', 'Clas_1586850168832947AccOfer_AutoElemAcc_1', 'SIUTELIMINAR', 'Eliminar', '');
INSERT INTO IUAction (idIU, idIUAction, IUActionName, IUActionAlias, IUActionDescription) VALUES ('Clas_1586850168832947UIPobCl_Auto', 'Clas_1586850168832947AccOfer_AutoElemAcc_2', 'SIUTCREAR', 'Crear', '');
INSERT INTO IUAction (idIU, idIUAction, IUActionName, IUActionAlias, IUActionDescription) VALUES ('Clas_1586850168832947UIPobCl_Auto', 'Clas_1586850168832947AccOfer_AutoElemAcc_3', 'SIUTMODIFICAR', 'Modificar', '');
INSERT INTO IUAction (idIU, idIUAction, IUActionName, IUActionAlias, IUActionDescription) VALUES ('Clas_1586850168832947UIPobCl_Auto', 'Clas_1586850168832947AccOfer_AutoElemAcc_4', 'SIUTADDUSUARIO', 'Agregar Usuario', '');
INSERT INTO IUAction (idIU, idIUAction, IUActionName, IUActionAlias, IUActionDescription) VALUES ('Clas_1586850168832947UIPobCl_Auto', 'Clas_1586850168832947AccOfer_AutoElemAcc_5', 'SIUTDELUSUARIO', 'Eliminar Usuario', '');
INSERT INTO IUAction (idIU, idIUAction, IUActionName, IUActionAlias, IUActionDescription) VALUES ('Clas_1586850168832947UIPobCl_Auto', 'Clas_1586850168832947AccOfer_AutoElemAcc_6', 'IIUGrupoMDominio', 'Grupo de Asignación', '');
INSERT INTO IUAction (idIU, idIUAction, IUActionName, IUActionAlias, IUActionDescription) VALUES ('Clas_1586850168832947UIPobCl_Auto', 'Clas_1586850168832947AccOfer_AutoElemAcc_7', 'IIUGrupoMedicoMDominio', 'Grupo de Asignación', '');
INSERT INTO IUAction (idIU, idIUAction, IUActionName, IUActionAlias, IUActionDescription) VALUES ('Clas_1586850168832947UIPobCl_Auto', 'Clas_1586850168832947AccOfer_AutoElemAcc_8', 'MDIUGrupoAsignacion', 'Grupos de Asignación', '');
INSERT INTO IUAction (idIU, idIUAction, IUActionName, IUActionAlias, IUActionDescription) VALUES ('Clas_1586850168832947UIPobCl_Auto', 'Clas_1586850168832947AccOfer_AutoElemAcc_9', 'MDIUGrupoAsesorDominio', 'Grupo de Asesores', '');
INSERT INTO IUAction (idIU, idIUAction, IUActionName, IUActionAlias, IUActionDescription) VALUES ('Clas_1586850168832947UIPobCl_Auto', 'Clas_1586850168832947AccOfer_AutoElemAcc_10', 'MDIUGrupoMedicoDominio', 'Grupo Area Médica', '');
INSERT INTO IUNavigation (idIU, idIUNavigation, IUNavigationName, IUNavigationAlias, IUNavigationDescription) VALUES ('Clas_1586850168832947UIPobCl_Auto', 'Clas_1586850168832947NavOfer_AutoElemNav_1', 'PIUDominioObs', 'Dominios', '');
INSERT INTO IUNavigation (idIU, idIUNavigation, IUNavigationName, IUNavigationAlias, IUNavigationDescription) VALUES ('Clas_1586850168832947UIPobCl_Auto', 'Clas_1586850168832947NavOfer_AutoElemNav_2', 'PIUDominioObs', 'Dominios', '');
INSERT INTO IUNavigation (idIU, idIUNavigation, IUNavigationName, IUNavigationAlias, IUNavigationDescription) VALUES ('Clas_1586850168832947UIPobCl_Auto', 'Clas_1586850168832947NavOfer_AutoElemNav_3', 'PIULogGrupoAsignacion', 'Histórico', '');
INSERT INTO IUNavigation (idIU, idIUNavigation, IUNavigationName, IUNavigationAlias, IUNavigationDescription) VALUES ('Clas_1586850168832947UIPobCl_Auto', 'Clas_1586850168832947NavOfer_AutoElemNav_4', 'PIUGrpAsigNovedadDDominio', 'Grupos Novedades', '');
INSERT INTO IUNavigation (idIU, idIUNavigation, IUNavigationName, IUNavigationAlias, IUNavigationDescription) VALUES ('Clas_1586850168832947UIPobCl_Auto', 'Clas_1586850168832947NavOfer_AutoElemNav_5', 'PIUAgente', 'Usuarios', '');

-- IIU: GrupoAsignacion.IIUGrupoMDominio
INSERT INTO IU (idIU, IUName, IUAlias, IUDescription, IUType) VALUES ('Clas_1586850168832947UIInst_1', 'IIUGrupoMDominio', 'Grupo de Asignación', '', 'I');
INSERT INTO IUAction (idIU, idIUAction, IUActionName, IUActionAlias, IUActionDescription) VALUES ('Clas_1586850168832947UIInst_1', 'Clas_1586850168832947AccOfer_2ElemAcc_1', 'SIUTADDGRPASESORES', 'Asignar Grupo', '');
INSERT INTO IUAction (idIU, idIUAction, IUActionName, IUActionAlias, IUActionDescription) VALUES ('Clas_1586850168832947UIInst_1', 'Clas_1586850168832947AccOfer_2ElemAcc_2', 'SIUTDELGRPASESORES', 'Eliminar Grupo Asesores/Afiliaciones', '');

-- IIU: GrupoAsignacion.IIUGrupoMedicoMDominio
INSERT INTO IU (idIU, IUName, IUAlias, IUDescription, IUType) VALUES ('Clas_1586850168832947UIInst_2', 'IIUGrupoMedicoMDominio', 'Grupo de Asignación', '', 'I');
INSERT INTO IUAction (idIU, idIUAction, IUActionName, IUActionAlias, IUActionDescription) VALUES ('Clas_1586850168832947UIInst_2', 'Clas_1586850168832947AccOfer_3ElemAcc_1', 'SIUTADDGRPMEDICO', 'Asignar Grupo', '');
INSERT INTO IUAction (idIU, idIUAction, IUActionName, IUActionAlias, IUActionDescription) VALUES ('Clas_1586850168832947UIInst_2', 'Clas_1586850168832947AccOfer_3ElemAcc_2', 'SIUTDELGRPMEDICO', 'Eliminar Grupo Área Médica', '');

-- IIU: GrupoAsignacion._Auto_
INSERT INTO IU (idIU, IUName, IUAlias, IUDescription, IUType) VALUES ('Clas_1586850168832947UIInst_7', '_Auto_', 'Grupo de Asignación', '', 'I');
INSERT INTO IUAction (idIU, idIUAction, IUActionName, IUActionAlias, IUActionDescription) VALUES ('Clas_1586850168832947UIInst_7', 'Clas_1586850168832947AccOfer_AutoElemAcc_1', 'SIUTELIMINAR', 'Eliminar', '');
INSERT INTO IUAction (idIU, idIUAction, IUActionName, IUActionAlias, IUActionDescription) VALUES ('Clas_1586850168832947UIInst_7', 'Clas_1586850168832947AccOfer_AutoElemAcc_2', 'SIUTCREAR', 'Crear', '');
INSERT INTO IUAction (idIU, idIUAction, IUActionName, IUActionAlias, IUActionDescription) VALUES ('Clas_1586850168832947UIInst_7', 'Clas_1586850168832947AccOfer_AutoElemAcc_3', 'SIUTMODIFICAR', 'Modificar', '');
INSERT INTO IUAction (idIU, idIUAction, IUActionName, IUActionAlias, IUActionDescription) VALUES ('Clas_1586850168832947UIInst_7', 'Clas_1586850168832947AccOfer_AutoElemAcc_4', 'SIUTADDUSUARIO', 'Agregar Usuario', '');
INSERT INTO IUAction (idIU, idIUAction, IUActionName, IUActionAlias, IUActionDescription) VALUES ('Clas_1586850168832947UIInst_7', 'Clas_1586850168832947AccOfer_AutoElemAcc_5', 'SIUTDELUSUARIO', 'Eliminar Usuario', '');
INSERT INTO IUAction (idIU, idIUAction, IUActionName, IUActionAlias, IUActionDescription) VALUES ('Clas_1586850168832947UIInst_7', 'Clas_1586850168832947AccOfer_AutoElemAcc_6', 'IIUGrupoMDominio', 'Grupo de Asignación', '');
INSERT INTO IUAction (idIU, idIUAction, IUActionName, IUActionAlias, IUActionDescription) VALUES ('Clas_1586850168832947UIInst_7', 'Clas_1586850168832947AccOfer_AutoElemAcc_7', 'IIUGrupoMedicoMDominio', 'Grupo de Asignación', '');
INSERT INTO IUAction (idIU, idIUAction, IUActionName, IUActionAlias, IUActionDescription) VALUES ('Clas_1586850168832947UIInst_7', 'Clas_1586850168832947AccOfer_AutoElemAcc_8', 'MDIUGrupoAsignacion', 'Grupos de Asignación', '');
INSERT INTO IUAction (idIU, idIUAction, IUActionName, IUActionAlias, IUActionDescription) VALUES ('Clas_1586850168832947UIInst_7', 'Clas_1586850168832947AccOfer_AutoElemAcc_9', 'MDIUGrupoAsesorDominio', 'Grupo de Asesores', '');
INSERT INTO IUAction (idIU, idIUAction, IUActionName, IUActionAlias, IUActionDescription) VALUES ('Clas_1586850168832947UIInst_7', 'Clas_1586850168832947AccOfer_AutoElemAcc_10', 'MDIUGrupoMedicoDominio', 'Grupo Area Médica', '');
INSERT INTO IUNavigation (idIU, idIUNavigation, IUNavigationName, IUNavigationAlias, IUNavigationDescription) VALUES ('Clas_1586850168832947UIInst_7', 'Clas_1586850168832947NavOfer_AutoElemNav_1', 'PIUDominioObs', 'Dominios', '');
INSERT INTO IUNavigation (idIU, idIUNavigation, IUNavigationName, IUNavigationAlias, IUNavigationDescription) VALUES ('Clas_1586850168832947UIInst_7', 'Clas_1586850168832947NavOfer_AutoElemNav_2', 'PIUDominioObs', 'Dominios', '');
INSERT INTO IUNavigation (idIU, idIUNavigation, IUNavigationName, IUNavigationAlias, IUNavigationDescription) VALUES ('Clas_1586850168832947UIInst_7', 'Clas_1586850168832947NavOfer_AutoElemNav_3', 'PIULogGrupoAsignacion', 'Histórico', '');
INSERT INTO IUNavigation (idIU, idIUNavigation, IUNavigationName, IUNavigationAlias, IUNavigationDescription) VALUES ('Clas_1586850168832947UIInst_7', 'Clas_1586850168832947NavOfer_AutoElemNav_4', 'PIUGrpAsigNovedadDDominio', 'Grupos Novedades', '');
INSERT INTO IUNavigation (idIU, idIUNavigation, IUNavigationName, IUNavigationAlias, IUNavigationDescription) VALUES ('Clas_1586850168832947UIInst_7', 'Clas_1586850168832947NavOfer_AutoElemNav_5', 'PIUAgente', 'Usuarios', '');

-- MDIU: GrupoAsignacion.MDIUGrupoAsignacion
INSERT INTO IU (idIU, IUName, IUAlias, IUDescription, IUType) VALUES ('Clas_1586850168832947UIMaDet_1', 'MDIUGrupoAsignacion', 'Grupos de Asignación', '', 'M');
INSERT INTO IUDetail (idIU, idIUDetail, IUDetailName, IUDetailAlias, IUDetailDescription) VALUES ('Clas_1586850168832947UIMaDet_1', 'Clas_1586850168832947UIMaDet_1Det_1', 'PIUFuncionarioDGrupo', 'Usuarios', '');
-- MDIU: GrupoAsignacion.MDIUGrupoAsesorDominio
INSERT INTO IU (idIU, IUName, IUAlias, IUDescription, IUType) VALUES ('Clas_1586850168832947UIMaDet_2', 'MDIUGrupoAsesorDominio', 'Grupo de Asesores', '', 'M');
INSERT INTO IUDetail (idIU, idIUDetail, IUDetailName, IUDetailAlias, IUDetailDescription) VALUES ('Clas_1586850168832947UIMaDet_2', 'Clas_1586850168832947UIMaDet_2Det_1', 'PIUFuncionarioDDominio', 'Usuarios', '');
-- MDIU: GrupoAsignacion.MDIUGrupoMedicoDominio
INSERT INTO IU (idIU, IUName, IUAlias, IUDescription, IUType) VALUES ('Clas_1586850168832947UIMaDet_3', 'MDIUGrupoMedicoDominio', 'Grupo Area Médica', '', 'M');
INSERT INTO IUDetail (idIU, idIUDetail, IUDetailName, IUDetailAlias, IUDetailDescription) VALUES ('Clas_1586850168832947UIMaDet_3', 'Clas_1586850168832947UIMaDet_3Det_1', 'PIUFuncionarioDDominio', 'Usuarios', '');
-- SIU: GrupoAsignacion.SIUTELIMINAR
INSERT INTO IU (idIU, IUName, IUAlias, IUDescription, IUType) VALUES ('Clas_1586850168832947Ser_6UIServ_1', 'SIUTELIMINAR', 'Eliminar', '', 'S');
-- SIU: GrupoAsignacion.SIUTCREAR
INSERT INTO IU (idIU, IUName, IUAlias, IUDescription, IUType) VALUES ('Clas_1586850168832947Ser_15UIServ_1', 'SIUTCREAR', 'Crear', '', 'S');
-- SIU: GrupoAsignacion.SIUTMODIFICAR
INSERT INTO IU (idIU, IUName, IUAlias, IUDescription, IUType) VALUES ('Clas_1586850168832947Ser_16UIServ_1', 'SIUTMODIFICAR', 'Modificar', '', 'S');
-- SIU: GrupoAsignacion.SIUTADDUSUARIO
INSERT INTO IU (idIU, IUName, IUAlias, IUDescription, IUType) VALUES ('Clas_1586850168832947Ser_17UIServ_1', 'SIUTADDUSUARIO', 'Agregar Usuario', '', 'S');
-- SIU: GrupoAsignacion.SIUTDELUSUARIO
INSERT INTO IU (idIU, IUName, IUAlias, IUDescription, IUType) VALUES ('Clas_1586850168832947Ser_18UIServ_1', 'SIUTDELUSUARIO', 'Eliminar Usuario', '', 'S');

---------------------------------------------
-- CLASS LogGrupoAsignacion
---------------------------------------------
-- PIU: LogGrupoAsignacion.PIULogGrupoAsignacion
INSERT INTO IU (idIU, IUName, IUAlias, IUDescription, IUType) VALUES ('Clas_1586850430976759UIPobCl_1', 'PIULogGrupoAsignacion', 'Histórico Grupo Asignación', '', 'P');
INSERT INTO IUAttribute (idIU, idIUAttribute, IUAttributeName, IUAttributeAlias, IUAttributeDescription) VALUES ('Clas_1586850430976759UIPobCl_1', 'Clas_1586850430976759CjtoVis_1ICtjoVis_2', 'Fecha', 'Fecha', '');
INSERT INTO IUAttribute (idIU, idIUAttribute, IUAttributeName, IUAttributeAlias, IUAttributeDescription) VALUES ('Clas_1586850430976759UIPobCl_1', 'Clas_1586850430976759CjtoVis_1ICtjoVis_4', 'LoginFuncionario', 'Usuario', '');
INSERT INTO IUAttribute (idIU, idIUAttribute, IUAttributeName, IUAttributeAlias, IUAttributeDescription) VALUES ('Clas_1586850430976759UIPobCl_1', 'Clas_1586850430976759CjtoVis_1ICtjoVis_1', 'Accion', 'Acción', '');
INSERT INTO IUAttribute (idIU, idIUAttribute, IUAttributeName, IUAttributeAlias, IUAttributeDescription) VALUES ('Clas_1586850430976759UIPobCl_1', 'Clas_1586850430976759CjtoVis_1ICtjoVis_5', 'Valor', 'Valor', '');

-- PIU: LogGrupoAsignacion._Auto_
INSERT INTO IU (idIU, IUName, IUAlias, IUDescription, IUType) VALUES ('Clas_1586850430976759UIPobCl_Auto', '_Auto_', 'Histórico Grupo Asignación', '', 'P');
INSERT INTO IUAttribute (idIU, idIUAttribute, IUAttributeName, IUAttributeAlias, IUAttributeDescription) VALUES ('Clas_1586850430976759UIPobCl_Auto', 'Clas_1586850430976759CjtoVis_AutoICtjoVis_1', 'Id', 'Id.', '');
INSERT INTO IUAttribute (idIU, idIUAttribute, IUAttributeName, IUAttributeAlias, IUAttributeDescription) VALUES ('Clas_1586850430976759UIPobCl_Auto', 'Clas_1586850430976759CjtoVis_AutoICtjoVis_2', 'Fecha', 'Fecha', '');
INSERT INTO IUAttribute (idIU, idIUAttribute, IUAttributeName, IUAttributeAlias, IUAttributeDescription) VALUES ('Clas_1586850430976759UIPobCl_Auto', 'Clas_1586850430976759CjtoVis_AutoICtjoVis_3', 'LoginFuncionario', 'Login', '');
INSERT INTO IUAttribute (idIU, idIUAttribute, IUAttributeName, IUAttributeAlias, IUAttributeDescription) VALUES ('Clas_1586850430976759UIPobCl_Auto', 'Clas_1586850430976759CjtoVis_AutoICtjoVis_4', 'Accion', 'Acción', '');
INSERT INTO IUAttribute (idIU, idIUAttribute, IUAttributeName, IUAttributeAlias, IUAttributeDescription) VALUES ('Clas_1586850430976759UIPobCl_Auto', 'Clas_1586850430976759CjtoVis_AutoICtjoVis_5', 'Valor', 'Valor', '');
INSERT INTO IUAction (idIU, idIUAction, IUActionName, IUActionAlias, IUActionDescription) VALUES ('Clas_1586850430976759UIPobCl_Auto', 'Clas_1586850430976759AccOfer_AutoElemAcc_1', '_Auto_', 'Histórico Grupo Asignación', '');
INSERT INTO IUNavigation (idIU, idIUNavigation, IUNavigationName, IUNavigationAlias, IUNavigationDescription) VALUES ('Clas_1586850430976759UIPobCl_Auto', 'Clas_1586850430976759NavOfer_AutoElemNav_1', 'IIUGrupoMDominio', 'Grupo', '');

-- IIU: LogGrupoAsignacion._Auto_
INSERT INTO IU (idIU, IUName, IUAlias, IUDescription, IUType) VALUES ('Clas_1586850430976759UIInst_1', '_Auto_', 'Histórico Grupo Asignación', '', 'I');
INSERT INTO IUAction (idIU, idIUAction, IUActionName, IUActionAlias, IUActionDescription) VALUES ('Clas_1586850430976759UIInst_1', 'Clas_1586850430976759AccOfer_AutoElemAcc_1', '_Auto_', 'Histórico Grupo Asignación', '');
INSERT INTO IUNavigation (idIU, idIUNavigation, IUNavigationName, IUNavigationAlias, IUNavigationDescription) VALUES ('Clas_1586850430976759UIInst_1', 'Clas_1586850430976759NavOfer_AutoElemNav_1', 'IIUGrupoMDominio', 'Grupo', '');


---------------------------------------------
-- CLASS LogGruposUsuarios
---------------------------------------------
-- PIU: LogGruposUsuarios.PIULogGruposUsuarios
INSERT INTO IU (idIU, IUName, IUAlias, IUDescription, IUType) VALUES ('Clas_1586851217408583UIPobCl_1', 'PIULogGruposUsuarios', 'Historico Grupos', '', 'P');
INSERT INTO IUAttribute (idIU, idIUAttribute, IUAttributeName, IUAttributeAlias, IUAttributeDescription) VALUES ('Clas_1586851217408583UIPobCl_1', 'Clas_1586851217408583CjtoVis_1ICtjoVis_2', 'Fecha', 'Fecha', '');
INSERT INTO IUAttribute (idIU, idIUAttribute, IUAttributeName, IUAttributeAlias, IUAttributeDescription) VALUES ('Clas_1586851217408583UIPobCl_1', 'Clas_1586851217408583CjtoVis_1ICtjoVis_5', 'LoginFuncionario', 'Login', '');
INSERT INTO IUAttribute (idIU, idIUAttribute, IUAttributeName, IUAttributeAlias, IUAttributeDescription) VALUES ('Clas_1586851217408583UIPobCl_1', 'Clas_1586851217408583CjtoVis_1ICtjoVis_6', 'TipoGrupo', 'Tipo Grupo', '');
INSERT INTO IUAttribute (idIU, idIUAttribute, IUAttributeName, IUAttributeAlias, IUAttributeDescription) VALUES ('Clas_1586851217408583UIPobCl_1', 'Clas_1586851217408583CjtoVis_1ICtjoVis_1', 'Accion', 'Acción', '');
INSERT INTO IUAttribute (idIU, idIUAttribute, IUAttributeName, IUAttributeAlias, IUAttributeDescription) VALUES ('Clas_1586851217408583UIPobCl_1', 'Clas_1586851217408583CjtoVis_1ICtjoVis_3', 'Grupo', 'Grupo', '');

-- PIU: LogGruposUsuarios._Auto_
INSERT INTO IU (idIU, IUName, IUAlias, IUDescription, IUType) VALUES ('Clas_1586851217408583UIPobCl_Auto', '_Auto_', 'Historico Grupos', '', 'P');
INSERT INTO IUAttribute (idIU, idIUAttribute, IUAttributeName, IUAttributeAlias, IUAttributeDescription) VALUES ('Clas_1586851217408583UIPobCl_Auto', 'Clas_1586851217408583CjtoVis_AutoICtjoVis_1', 'Id', 'Id.', '');
INSERT INTO IUAttribute (idIU, idIUAttribute, IUAttributeName, IUAttributeAlias, IUAttributeDescription) VALUES ('Clas_1586851217408583UIPobCl_Auto', 'Clas_1586851217408583CjtoVis_AutoICtjoVis_2', 'Fecha', 'Fecha', '');
INSERT INTO IUAttribute (idIU, idIUAttribute, IUAttributeName, IUAttributeAlias, IUAttributeDescription) VALUES ('Clas_1586851217408583UIPobCl_Auto', 'Clas_1586851217408583CjtoVis_AutoICtjoVis_3', 'LoginFuncionario', 'Login', '');
INSERT INTO IUAttribute (idIU, idIUAttribute, IUAttributeName, IUAttributeAlias, IUAttributeDescription) VALUES ('Clas_1586851217408583UIPobCl_Auto', 'Clas_1586851217408583CjtoVis_AutoICtjoVis_4', 'TipoGrupo', 'Tipo Grupo', '');
INSERT INTO IUAttribute (idIU, idIUAttribute, IUAttributeName, IUAttributeAlias, IUAttributeDescription) VALUES ('Clas_1586851217408583UIPobCl_Auto', 'Clas_1586851217408583CjtoVis_AutoICtjoVis_5', 'Accion', 'Acción', '');
INSERT INTO IUAttribute (idIU, idIUAttribute, IUAttributeName, IUAttributeAlias, IUAttributeDescription) VALUES ('Clas_1586851217408583UIPobCl_Auto', 'Clas_1586851217408583CjtoVis_AutoICtjoVis_6', 'Grupo', 'Grupo', '');
INSERT INTO IUAction (idIU, idIUAction, IUActionName, IUActionAlias, IUActionDescription) VALUES ('Clas_1586851217408583UIPobCl_Auto', 'Clas_1586851217408583AccOfer_AutoElemAcc_1', '_Auto_', 'Historico Grupos', '');
INSERT INTO IUNavigation (idIU, idIUNavigation, IUNavigationName, IUNavigationAlias, IUNavigationDescription) VALUES ('Clas_1586851217408583UIPobCl_Auto', 'Clas_1586851217408583NavOfer_AutoElemNav_1', 'IIUDominio', 'Dominio', '');

-- IIU: LogGruposUsuarios._Auto_
INSERT INTO IU (idIU, IUName, IUAlias, IUDescription, IUType) VALUES ('Clas_1586851217408583UIInst_1', '_Auto_', 'Historico Grupos', '', 'I');
INSERT INTO IUAction (idIU, idIUAction, IUActionName, IUActionAlias, IUActionDescription) VALUES ('Clas_1586851217408583UIInst_1', 'Clas_1586851217408583AccOfer_AutoElemAcc_1', '_Auto_', 'Historico Grupos', '');
INSERT INTO IUNavigation (idIU, idIUNavigation, IUNavigationName, IUNavigationAlias, IUNavigationDescription) VALUES ('Clas_1586851217408583UIInst_1', 'Clas_1586851217408583NavOfer_AutoElemNav_1', 'IIUDominio', 'Dominio', '');


---------------------------------------------
-- CLASS GrupoAsignacionNovedad
---------------------------------------------
-- PIU: GrupoAsignacionNovedad.PIUGrpAsigNovedadDDominio
INSERT INTO IU (idIU, IUName, IUAlias, IUDescription, IUType) VALUES ('Clas_1586852003840652UIPobCl_1', 'PIUGrpAsigNovedadDDominio', 'Grupos Novedades', '', 'P');
INSERT INTO IUAttribute (idIU, idIUAttribute, IUAttributeName, IUAttributeAlias, IUAttributeDescription) VALUES ('Clas_1586852003840652UIPobCl_1', 'Clas_1586852003840652CjtoVis_1ICtjoVis_1', 'Causal.Novedad.Nombre', 'Novedad', '');
INSERT INTO IUAttribute (idIU, idIUAttribute, IUAttributeName, IUAttributeAlias, IUAttributeDescription) VALUES ('Clas_1586852003840652UIPobCl_1', 'Clas_1586852003840652CjtoVis_1ICtjoVis_2', 'Causal.Nombre', 'Causal', '');
INSERT INTO IUAttribute (idIU, idIUAttribute, IUAttributeName, IUAttributeAlias, IUAttributeDescription) VALUES ('Clas_1586852003840652UIPobCl_1', 'Clas_1586852003840652CjtoVis_1ICtjoVis_3', 'GrupoUsuarios.Nombre', 'Grupo', '');
INSERT INTO IUAction (idIU, idIUAction, IUActionName, IUActionAlias, IUActionDescription) VALUES ('Clas_1586852003840652UIPobCl_1', 'Clas_1586852003840652AccOfer_1ElemAcc_1', 'SIUTCREAR', 'Crear', '');
INSERT INTO IUAction (idIU, idIUAction, IUActionName, IUActionAlias, IUActionDescription) VALUES ('Clas_1586852003840652UIPobCl_1', 'Clas_1586852003840652AccOfer_1ElemAcc_2', 'SIUTASGGRUPO', 'Cambiar Grupo', '');
INSERT INTO IUAction (idIU, idIUAction, IUActionName, IUActionAlias, IUActionDescription) VALUES ('Clas_1586852003840652UIPobCl_1', 'Clas_1586852003840652AccOfer_1ElemAcc_3', 'SIUeliminar', 'Eliminar', '');

-- PIU: GrupoAsignacionNovedad._Auto_
INSERT INTO IU (idIU, IUName, IUAlias, IUDescription, IUType) VALUES ('Clas_1586852003840652UIPobCl_Auto', '_Auto_', 'Grupo Asignación Novedades', '', 'P');
INSERT INTO IUAttribute (idIU, idIUAttribute, IUAttributeName, IUAttributeAlias, IUAttributeDescription) VALUES ('Clas_1586852003840652UIPobCl_Auto', 'Clas_1586852003840652CjtoVis_AutoICtjoVis_1', 'Id', 'Id.', '');
INSERT INTO IUAction (idIU, idIUAction, IUActionName, IUActionAlias, IUActionDescription) VALUES ('Clas_1586852003840652UIPobCl_Auto', 'Clas_1586852003840652AccOfer_AutoElemAcc_1', 'SIUeliminar', 'Eliminar', '');
INSERT INTO IUAction (idIU, idIUAction, IUActionName, IUActionAlias, IUActionDescription) VALUES ('Clas_1586852003840652UIPobCl_Auto', 'Clas_1586852003840652AccOfer_AutoElemAcc_2', 'SIUTCREAR', 'Crear', '');
INSERT INTO IUAction (idIU, idIUAction, IUActionName, IUActionAlias, IUActionDescription) VALUES ('Clas_1586852003840652UIPobCl_Auto', 'Clas_1586852003840652AccOfer_AutoElemAcc_3', 'SIUTASGGRUPO', 'Cambiar Grupo', '');
INSERT INTO IUAction (idIU, idIUAction, IUActionName, IUActionAlias, IUActionDescription) VALUES ('Clas_1586852003840652UIPobCl_Auto', 'Clas_1586852003840652AccOfer_AutoElemAcc_4', '_Auto_', 'Grupo Asignación Novedades', '');
INSERT INTO IUAction (idIU, idIUAction, IUActionName, IUActionAlias, IUActionDescription) VALUES ('Clas_1586852003840652UIPobCl_Auto', 'Clas_1586852003840652AccOfer_AutoElemAcc_5', 'MDIUGrupoAsignacionNovedad', 'Grupo Asignación Novedades', '');
INSERT INTO IUNavigation (idIU, idIUNavigation, IUNavigationName, IUNavigationAlias, IUNavigationDescription) VALUES ('Clas_1586852003840652UIPobCl_Auto', 'Clas_1586852003840652NavOfer_AutoElemNav_1', 'IIUDominio', 'Dominio', '');
INSERT INTO IUNavigation (idIU, idIUNavigation, IUNavigationName, IUNavigationAlias, IUNavigationDescription) VALUES ('Clas_1586852003840652UIPobCl_Auto', 'Clas_1586852003840652NavOfer_AutoElemNav_2', '_Auto_', 'Causal', '');
INSERT INTO IUNavigation (idIU, idIUNavigation, IUNavigationName, IUNavigationAlias, IUNavigationDescription) VALUES ('Clas_1586852003840652UIPobCl_Auto', 'Clas_1586852003840652NavOfer_AutoElemNav_3', 'IIUGrupoMDominio', 'Grupo Usuarios', '');

-- IIU: GrupoAsignacionNovedad._Auto_
INSERT INTO IU (idIU, IUName, IUAlias, IUDescription, IUType) VALUES ('Clas_1586852003840652UIInst_2', '_Auto_', 'Grupo Asignación Novedades', '', 'I');
INSERT INTO IUAction (idIU, idIUAction, IUActionName, IUActionAlias, IUActionDescription) VALUES ('Clas_1586852003840652UIInst_2', 'Clas_1586852003840652AccOfer_AutoElemAcc_1', 'SIUeliminar', 'Eliminar', '');
INSERT INTO IUAction (idIU, idIUAction, IUActionName, IUActionAlias, IUActionDescription) VALUES ('Clas_1586852003840652UIInst_2', 'Clas_1586852003840652AccOfer_AutoElemAcc_2', 'SIUTCREAR', 'Crear', '');
INSERT INTO IUAction (idIU, idIUAction, IUActionName, IUActionAlias, IUActionDescription) VALUES ('Clas_1586852003840652UIInst_2', 'Clas_1586852003840652AccOfer_AutoElemAcc_3', 'SIUTASGGRUPO', 'Cambiar Grupo', '');
INSERT INTO IUAction (idIU, idIUAction, IUActionName, IUActionAlias, IUActionDescription) VALUES ('Clas_1586852003840652UIInst_2', 'Clas_1586852003840652AccOfer_AutoElemAcc_4', '_Auto_', 'Grupo Asignación Novedades', '');
INSERT INTO IUAction (idIU, idIUAction, IUActionName, IUActionAlias, IUActionDescription) VALUES ('Clas_1586852003840652UIInst_2', 'Clas_1586852003840652AccOfer_AutoElemAcc_5', 'MDIUGrupoAsignacionNovedad', 'Grupo Asignación Novedades', '');
INSERT INTO IUNavigation (idIU, idIUNavigation, IUNavigationName, IUNavigationAlias, IUNavigationDescription) VALUES ('Clas_1586852003840652UIInst_2', 'Clas_1586852003840652NavOfer_AutoElemNav_1', 'IIUDominio', 'Dominio', '');
INSERT INTO IUNavigation (idIU, idIUNavigation, IUNavigationName, IUNavigationAlias, IUNavigationDescription) VALUES ('Clas_1586852003840652UIInst_2', 'Clas_1586852003840652NavOfer_AutoElemNav_2', '_Auto_', 'Causal', '');
INSERT INTO IUNavigation (idIU, idIUNavigation, IUNavigationName, IUNavigationAlias, IUNavigationDescription) VALUES ('Clas_1586852003840652UIInst_2', 'Clas_1586852003840652NavOfer_AutoElemNav_3', 'IIUGrupoMDominio', 'Grupo Usuarios', '');

-- MDIU: GrupoAsignacionNovedad.MDIUGrupoAsignacionNovedad
INSERT INTO IU (idIU, IUName, IUAlias, IUDescription, IUType) VALUES ('Clas_1586852003840652UIMaDet_1', 'MDIUGrupoAsignacionNovedad', 'Grupo Asignación Novedades', '', 'M');
INSERT INTO IUDetail (idIU, idIUDetail, IUDetailName, IUDetailAlias, IUDetailDescription) VALUES ('Clas_1586852003840652UIMaDet_1', 'Clas_1586852003840652UIMaDet_1Det_2', 'PIUFuncionarioDDominio', 'Usuarios', '');
-- SIU: GrupoAsignacionNovedad.SIUeliminar
INSERT INTO IU (idIU, IUName, IUAlias, IUDescription, IUType) VALUES ('Clas_1586852003840652Ser_2UIServ_1', 'SIUeliminar', 'Eliminar', '', 'S');
-- SIU: GrupoAsignacionNovedad.SIUTCREAR
INSERT INTO IU (idIU, IUName, IUAlias, IUDescription, IUType) VALUES ('Clas_1586852003840652Ser_8UIServ_1', 'SIUTCREAR', 'Crear', '', 'S');
-- SIU: GrupoAsignacionNovedad.SIUTASGGRUPO
INSERT INTO IU (idIU, IUName, IUAlias, IUDescription, IUType) VALUES ('Clas_1586852003840652Ser_9UIServ_1', 'SIUTASGGRUPO', 'Cambiar Grupo', '', 'S');

---------------------------------------------
-- CLASS LogFuncionario
---------------------------------------------
-- PIU: LogFuncionario.PIULogFuncionario
INSERT INTO IU (idIU, IUName, IUAlias, IUDescription, IUType) VALUES ('Clas_1586853183488419UIPobCl_1', 'PIULogFuncionario', 'Histórico Funcionario', '', 'P');
INSERT INTO IUAttribute (idIU, idIUAttribute, IUAttributeName, IUAttributeAlias, IUAttributeDescription) VALUES ('Clas_1586853183488419UIPobCl_1', 'Clas_1586853183488419CjtoVis_1ICtjoVis_2', 'Fecha', 'Fecha', '');
INSERT INTO IUAttribute (idIU, idIUAttribute, IUAttributeName, IUAttributeAlias, IUAttributeDescription) VALUES ('Clas_1586853183488419UIPobCl_1', 'Clas_1586853183488419CjtoVis_1ICtjoVis_4', 'LoginFuncionario', 'Login', '');
INSERT INTO IUAttribute (idIU, idIUAttribute, IUAttributeName, IUAttributeAlias, IUAttributeDescription) VALUES ('Clas_1586853183488419UIPobCl_1', 'Clas_1586853183488419CjtoVis_1ICtjoVis_1', 'Disponible', 'Disponible', '');

-- PIU: LogFuncionario._Auto_
INSERT INTO IU (idIU, IUName, IUAlias, IUDescription, IUType) VALUES ('Clas_1586853183488419UIPobCl_Auto', '_Auto_', 'Histórico Funcionario', '', 'P');
INSERT INTO IUAttribute (idIU, idIUAttribute, IUAttributeName, IUAttributeAlias, IUAttributeDescription) VALUES ('Clas_1586853183488419UIPobCl_Auto', 'Clas_1586853183488419CjtoVis_AutoICtjoVis_1', 'Id', 'Id.', '');
INSERT INTO IUAttribute (idIU, idIUAttribute, IUAttributeName, IUAttributeAlias, IUAttributeDescription) VALUES ('Clas_1586853183488419UIPobCl_Auto', 'Clas_1586853183488419CjtoVis_AutoICtjoVis_2', 'Fecha', 'Fecha', '');
INSERT INTO IUAttribute (idIU, idIUAttribute, IUAttributeName, IUAttributeAlias, IUAttributeDescription) VALUES ('Clas_1586853183488419UIPobCl_Auto', 'Clas_1586853183488419CjtoVis_AutoICtjoVis_3', 'LoginFuncionario', 'Login', '');
INSERT INTO IUAttribute (idIU, idIUAttribute, IUAttributeName, IUAttributeAlias, IUAttributeDescription) VALUES ('Clas_1586853183488419UIPobCl_Auto', 'Clas_1586853183488419CjtoVis_AutoICtjoVis_4', 'Disponible', 'Disponible', '');
INSERT INTO IUAction (idIU, idIUAction, IUActionName, IUActionAlias, IUActionDescription) VALUES ('Clas_1586853183488419UIPobCl_Auto', 'Clas_1586853183488419AccOfer_AutoElemAcc_1', '_Auto_', 'Histórico Funcionario', '');
INSERT INTO IUNavigation (idIU, idIUNavigation, IUNavigationName, IUNavigationAlias, IUNavigationDescription) VALUES ('Clas_1586853183488419UIPobCl_Auto', 'Clas_1586853183488419NavOfer_AutoElemNav_1', '_Auto_', 'Funcionario', '');

-- IIU: LogFuncionario._Auto_
INSERT INTO IU (idIU, IUName, IUAlias, IUDescription, IUType) VALUES ('Clas_1586853183488419UIInst_1', '_Auto_', 'Histórico Funcionario', '', 'I');
INSERT INTO IUAction (idIU, idIUAction, IUActionName, IUActionAlias, IUActionDescription) VALUES ('Clas_1586853183488419UIInst_1', 'Clas_1586853183488419AccOfer_AutoElemAcc_1', '_Auto_', 'Histórico Funcionario', '');
INSERT INTO IUNavigation (idIU, idIUNavigation, IUNavigationName, IUNavigationAlias, IUNavigationDescription) VALUES ('Clas_1586853183488419UIInst_1', 'Clas_1586853183488419NavOfer_AutoElemNav_1', '_Auto_', 'Funcionario', '');


---------------------------------------------
-- CLASS LogUsrSolNov
---------------------------------------------
-- PIU: LogUsrSolNov.PIULogUsrSolNov
INSERT INTO IU (idIU, IUName, IUAlias, IUDescription, IUType) VALUES ('Clas_1586856198144763UIPobCl_1', 'PIULogUsrSolNov', 'Log Asignaciones', '', 'P');
INSERT INTO IUAttribute (idIU, idIUAttribute, IUAttributeName, IUAttributeAlias, IUAttributeDescription) VALUES ('Clas_1586856198144763UIPobCl_1', 'Clas_1586856198144763CjtoVis_1ICtjoVis_1', 'Fecha', 'Fecha', '');
INSERT INTO IUAttribute (idIU, idIUAttribute, IUAttributeName, IUAttributeAlias, IUAttributeDescription) VALUES ('Clas_1586856198144763UIPobCl_1', 'Clas_1586856198144763CjtoVis_1ICtjoVis_2', 'LoginFuncionario', 'Login', '');
INSERT INTO IUAttribute (idIU, idIUAttribute, IUAttributeName, IUAttributeAlias, IUAttributeDescription) VALUES ('Clas_1586856198144763UIPobCl_1', 'Clas_1586856198144763CjtoVis_1ICtjoVis_3', 'Usuario', 'Usuario', '');

-- PIU: LogUsrSolNov._Auto_
INSERT INTO IU (idIU, IUName, IUAlias, IUDescription, IUType) VALUES ('Clas_1586856198144763UIPobCl_Auto', '_Auto_', 'Histórico Usuarios Solicitud Novedad', '', 'P');
INSERT INTO IUAttribute (idIU, idIUAttribute, IUAttributeName, IUAttributeAlias, IUAttributeDescription) VALUES ('Clas_1586856198144763UIPobCl_Auto', 'Clas_1586856198144763CjtoVis_AutoICtjoVis_1', 'Id', 'Id.', '');
INSERT INTO IUAttribute (idIU, idIUAttribute, IUAttributeName, IUAttributeAlias, IUAttributeDescription) VALUES ('Clas_1586856198144763UIPobCl_Auto', 'Clas_1586856198144763CjtoVis_AutoICtjoVis_2', 'Fecha', 'Fecha', '');
INSERT INTO IUAttribute (idIU, idIUAttribute, IUAttributeName, IUAttributeAlias, IUAttributeDescription) VALUES ('Clas_1586856198144763UIPobCl_Auto', 'Clas_1586856198144763CjtoVis_AutoICtjoVis_3', 'LoginFuncionario', 'Login', '');
INSERT INTO IUAttribute (idIU, idIUAttribute, IUAttributeName, IUAttributeAlias, IUAttributeDescription) VALUES ('Clas_1586856198144763UIPobCl_Auto', 'Clas_1586856198144763CjtoVis_AutoICtjoVis_4', 'Usuario', 'Usuario', '');
INSERT INTO IUAction (idIU, idIUAction, IUActionName, IUActionAlias, IUActionDescription) VALUES ('Clas_1586856198144763UIPobCl_Auto', 'Clas_1586856198144763AccOfer_AutoElemAcc_1', '_Auto_', 'Histórico Usuarios Solicitud Novedad', '');
INSERT INTO IUNavigation (idIU, idIUNavigation, IUNavigationName, IUNavigationAlias, IUNavigationDescription) VALUES ('Clas_1586856198144763UIPobCl_Auto', 'Clas_1586856198144763NavOfer_AutoElemNav_1', 'IIUSolNovTipoContrato', 'Solicitud de Novedad', '');

-- IIU: LogUsrSolNov._Auto_
INSERT INTO IU (idIU, IUName, IUAlias, IUDescription, IUType) VALUES ('Clas_1586856198144763UIInst_1', '_Auto_', 'Histórico Usuarios Solicitud Novedad', '', 'I');
INSERT INTO IUAction (idIU, idIUAction, IUActionName, IUActionAlias, IUActionDescription) VALUES ('Clas_1586856198144763UIInst_1', 'Clas_1586856198144763AccOfer_AutoElemAcc_1', '_Auto_', 'Histórico Usuarios Solicitud Novedad', '');
INSERT INTO IUNavigation (idIU, idIUNavigation, IUNavigationName, IUNavigationAlias, IUNavigationDescription) VALUES ('Clas_1586856198144763UIInst_1', 'Clas_1586856198144763NavOfer_AutoElemNav_1', 'IIUSolNovTipoContrato', 'Solicitud de Novedad', '');


---------------------------------------------
-- CLASS ContratoCombo
---------------------------------------------
-- PIU: ContratoCombo.PIUContratoCombo
INSERT INTO IU (idIU, IUName, IUAlias, IUDescription, IUType) VALUES ('Clas_1586858164224485UIPobCl_1', 'PIUContratoCombo', 'Contratos Combo', '', 'P');
INSERT INTO IUAttribute (idIU, idIUAttribute, IUAttributeName, IUAttributeAlias, IUAttributeDescription) VALUES ('Clas_1586858164224485UIPobCl_1', 'Clas_1586858164224485CjtoVis_1ICtjoVis_1', 'ContratoIntegral', 'Contrato Integral', '');
INSERT INTO IUAttribute (idIU, idIUAttribute, IUAttributeName, IUAttributeAlias, IUAttributeDescription) VALUES ('Clas_1586858164224485UIPobCl_1', 'Clas_1586858164224485CjtoVis_1ICtjoVis_2', 'ContratoOdontologico', 'Contrato Odontológico', '');
INSERT INTO IUAction (idIU, idIUAction, IUActionName, IUActionAlias, IUActionDescription) VALUES ('Clas_1586858164224485UIPobCl_1', 'Clas_1586858164224485AccOfer_1ElemAcc_1', 'SIUTGCREARCOMBO', 'Nueva', '');
INSERT INTO IUAction (idIU, idIUAction, IUActionName, IUActionAlias, IUActionDescription) VALUES ('Clas_1586858164224485UIPobCl_1', 'Clas_1586858164224485AccOfer_1ElemAcc_2', 'SIUTGEDITARCOMBO', 'Editar', '');
INSERT INTO IUAction (idIU, idIUAction, IUActionName, IUActionAlias, IUActionDescription) VALUES ('Clas_1586858164224485UIPobCl_1', 'Clas_1586858164224485AccOfer_1ElemAcc_3', 'SIUTDELCOMBO', 'Eliminar', '');
INSERT INTO IUAction (idIU, idIUAction, IUActionName, IUActionAlias, IUActionDescription) VALUES ('Clas_1586858164224485UIPobCl_1', 'Clas_1586858164224485AccOfer_1ElemAcc_4', 'PIULogContratoCombo', 'Histórico Global Contratos Combo', '');

-- PIU: ContratoCombo._Auto_
INSERT INTO IU (idIU, IUName, IUAlias, IUDescription, IUType) VALUES ('Clas_1586858164224485UIPobCl_Auto', '_Auto_', 'Contrato Combo', '', 'P');
INSERT INTO IUAttribute (idIU, idIUAttribute, IUAttributeName, IUAttributeAlias, IUAttributeDescription) VALUES ('Clas_1586858164224485UIPobCl_Auto', 'Clas_1586858164224485CjtoVis_AutoICtjoVis_1', 'Id', 'Id.', '');
INSERT INTO IUAttribute (idIU, idIUAttribute, IUAttributeName, IUAttributeAlias, IUAttributeDescription) VALUES ('Clas_1586858164224485UIPobCl_Auto', 'Clas_1586858164224485CjtoVis_AutoICtjoVis_2', 'ContratoIntegral', 'Contrato Integral', '');
INSERT INTO IUAttribute (idIU, idIUAttribute, IUAttributeName, IUAttributeAlias, IUAttributeDescription) VALUES ('Clas_1586858164224485UIPobCl_Auto', 'Clas_1586858164224485CjtoVis_AutoICtjoVis_3', 'ContratoOdontologico', 'Contrato Odontológico', '');
INSERT INTO IUAction (idIU, idIUAction, IUActionName, IUActionAlias, IUActionDescription) VALUES ('Clas_1586858164224485UIPobCl_Auto', 'Clas_1586858164224485AccOfer_AutoElemAcc_1', '_Auto_', 'Contrato Combo', '');

-- IIU: ContratoCombo._Auto_
INSERT INTO IU (idIU, IUName, IUAlias, IUDescription, IUType) VALUES ('Clas_1586858164224485UIInst_1', '_Auto_', 'Contrato Combo', '', 'I');
INSERT INTO IUAction (idIU, idIUAction, IUActionName, IUActionAlias, IUActionDescription) VALUES ('Clas_1586858164224485UIInst_1', 'Clas_1586858164224485AccOfer_AutoElemAcc_1', '_Auto_', 'Contrato Combo', '');


---------------------------------------------
-- CLASS LogContratoCombo
---------------------------------------------
-- PIU: LogContratoCombo.PIULogContratoCombo
INSERT INTO IU (idIU, IUName, IUAlias, IUDescription, IUType) VALUES ('Clas_1586858295296800UIPobCl_1', 'PIULogContratoCombo', 'Histórico Global Contratos Combo', '', 'P');
INSERT INTO IUAttribute (idIU, idIUAttribute, IUAttributeName, IUAttributeAlias, IUAttributeDescription) VALUES ('Clas_1586858295296800UIPobCl_1', 'Clas_1586858295296800CjtoVis_1ICtjoVis_1', 'Fecha', 'Fecha', '');
INSERT INTO IUAttribute (idIU, idIUAttribute, IUAttributeName, IUAttributeAlias, IUAttributeDescription) VALUES ('Clas_1586858295296800UIPobCl_1', 'Clas_1586858295296800CjtoVis_1ICtjoVis_2', 'LoginFuncionario', 'Login', '');
INSERT INTO IUAttribute (idIU, idIUAttribute, IUAttributeName, IUAttributeAlias, IUAttributeDescription) VALUES ('Clas_1586858295296800UIPobCl_1', 'Clas_1586858295296800CjtoVis_1ICtjoVis_3', 'ContratoIntegral', 'Contrato Integral', '');
INSERT INTO IUAttribute (idIU, idIUAttribute, IUAttributeName, IUAttributeAlias, IUAttributeDescription) VALUES ('Clas_1586858295296800UIPobCl_1', 'Clas_1586858295296800CjtoVis_1ICtjoVis_4', 'ContratoOdontologico', 'Contrato Odontológico', '');
INSERT INTO IUAttribute (idIU, idIUAttribute, IUAttributeName, IUAttributeAlias, IUAttributeDescription) VALUES ('Clas_1586858295296800UIPobCl_1', 'Clas_1586858295296800CjtoVis_1ICtjoVis_5', 'Accion', 'Acción', '');

-- PIU: LogContratoCombo._Auto_
INSERT INTO IU (idIU, IUName, IUAlias, IUDescription, IUType) VALUES ('Clas_1586858295296800UIPobCl_Auto', '_Auto_', 'Histórico Global Contratos Combo', '', 'P');
INSERT INTO IUAttribute (idIU, idIUAttribute, IUAttributeName, IUAttributeAlias, IUAttributeDescription) VALUES ('Clas_1586858295296800UIPobCl_Auto', 'Clas_1586858295296800CjtoVis_AutoICtjoVis_1', 'Id', 'Id.', '');
INSERT INTO IUAttribute (idIU, idIUAttribute, IUAttributeName, IUAttributeAlias, IUAttributeDescription) VALUES ('Clas_1586858295296800UIPobCl_Auto', 'Clas_1586858295296800CjtoVis_AutoICtjoVis_2', 'Fecha', 'Fecha', '');
INSERT INTO IUAttribute (idIU, idIUAttribute, IUAttributeName, IUAttributeAlias, IUAttributeDescription) VALUES ('Clas_1586858295296800UIPobCl_Auto', 'Clas_1586858295296800CjtoVis_AutoICtjoVis_3', 'LoginFuncionario', 'Login', '');
INSERT INTO IUAttribute (idIU, idIUAttribute, IUAttributeName, IUAttributeAlias, IUAttributeDescription) VALUES ('Clas_1586858295296800UIPobCl_Auto', 'Clas_1586858295296800CjtoVis_AutoICtjoVis_4', 'ContratoIntegral', 'Contrato Integral', '');
INSERT INTO IUAttribute (idIU, idIUAttribute, IUAttributeName, IUAttributeAlias, IUAttributeDescription) VALUES ('Clas_1586858295296800UIPobCl_Auto', 'Clas_1586858295296800CjtoVis_AutoICtjoVis_5', 'ContratoOdontologico', 'Contrato Odontológico', '');
INSERT INTO IUAttribute (idIU, idIUAttribute, IUAttributeName, IUAttributeAlias, IUAttributeDescription) VALUES ('Clas_1586858295296800UIPobCl_Auto', 'Clas_1586858295296800CjtoVis_AutoICtjoVis_6', 'Accion', 'Acción', '');
INSERT INTO IUAction (idIU, idIUAction, IUActionName, IUActionAlias, IUActionDescription) VALUES ('Clas_1586858295296800UIPobCl_Auto', 'Clas_1586858295296800AccOfer_AutoElemAcc_1', '_Auto_', 'Histórico Global Contratos Combo', '');

-- IIU: LogContratoCombo._Auto_
INSERT INTO IU (idIU, IUName, IUAlias, IUDescription, IUType) VALUES ('Clas_1586858295296800UIInst_1', '_Auto_', 'Histórico Global Contratos Combo', '', 'I');
INSERT INTO IUAction (idIU, idIUAction, IUActionName, IUActionAlias, IUActionDescription) VALUES ('Clas_1586858295296800UIInst_1', 'Clas_1586858295296800AccOfer_AutoElemAcc_1', '_Auto_', 'Histórico Global Contratos Combo', '');


---------------------------------------------
-- CLASS ConfiguracionANS
---------------------------------------------
-- PIU: ConfiguracionANS.PIUConfiguracionANS
INSERT INTO IU (idIU, IUName, IUAlias, IUDescription, IUType) VALUES ('Clas_1586859868160432UIPobCl_1', 'PIUConfiguracionANS', 'Acuerdo nivel de servicio', '', 'P');
INSERT INTO IUAttribute (idIU, idIUAttribute, IUAttributeName, IUAttributeAlias, IUAttributeDescription) VALUES ('Clas_1586859868160432UIPobCl_1', 'Clas_1586859868160432CjtoVis_1ICtjoVis_1', 'Tramite', 'Trámite', '');
INSERT INTO IUAttribute (idIU, idIUAttribute, IUAttributeName, IUAttributeAlias, IUAttributeDescription) VALUES ('Clas_1586859868160432UIPobCl_1', 'Clas_1586859868160432CjtoVis_1ICtjoVis_6', 'Dominio.ProductoT.Descripcion', 'Producto', '');
INSERT INTO IUAttribute (idIU, idIUAttribute, IUAttributeName, IUAttributeAlias, IUAttributeDescription) VALUES ('Clas_1586859868160432UIPobCl_1', 'Clas_1586859868160432CjtoVis_1ICtjoVis_7', 'Dominio.PlanT.Nombre', 'Plan', '');
INSERT INTO IUAttribute (idIU, idIUAttribute, IUAttributeName, IUAttributeAlias, IUAttributeDescription) VALUES ('Clas_1586859868160432UIPobCl_1', 'Clas_1586859868160432CjtoVis_1ICtjoVis_2', 'Novedad.Nombre', 'Novedad', '');
INSERT INTO IUAttribute (idIU, idIUAttribute, IUAttributeName, IUAttributeAlias, IUAttributeDescription) VALUES ('Clas_1586859868160432UIPobCl_1', 'Clas_1586859868160432CjtoVis_1ICtjoVis_3', 'Causal.Nombre', 'Causal', '');
INSERT INTO IUAttribute (idIU, idIUAttribute, IUAttributeName, IUAttributeAlias, IUAttributeDescription) VALUES ('Clas_1586859868160432UIPobCl_1', 'Clas_1586859868160432CjtoVis_1ICtjoVis_4', 'ANSAfiliaciones', 'ANS Afiliaciones', '');
INSERT INTO IUAttribute (idIU, idIUAttribute, IUAttributeName, IUAttributeAlias, IUAttributeDescription) VALUES ('Clas_1586859868160432UIPobCl_1', 'Clas_1586859868160432CjtoVis_1ICtjoVis_5', 'ANSAreaMedica', 'ANS Área Médica', '');
INSERT INTO IUAction (idIU, idIUAction, IUActionName, IUActionAlias, IUActionDescription) VALUES ('Clas_1586859868160432UIPobCl_1', 'Clas_1586859868160432AccOfer_1ElemAcc_1', 'SIUTCREAR', 'Crear', '');
INSERT INTO IUAction (idIU, idIUAction, IUActionName, IUActionAlias, IUActionDescription) VALUES ('Clas_1586859868160432UIPobCl_1', 'Clas_1586859868160432AccOfer_1ElemAcc_2', 'SIUTMODIFICAR', 'Modificar', '');
INSERT INTO IUAction (idIU, idIUAction, IUActionName, IUActionAlias, IUActionDescription) VALUES ('Clas_1586859868160432UIPobCl_1', 'Clas_1586859868160432AccOfer_1ElemAcc_3', 'SIUTELIMINAR', 'Eliminar', '');
INSERT INTO IUNavigation (idIU, idIUNavigation, IUNavigationName, IUNavigationAlias, IUNavigationDescription) VALUES ('Clas_1586859868160432UIPobCl_1', 'Clas_1586859868160432NavOfer_1ElemNav_2', 'IIUConfiguracionANS', 'Detalles', '');
INSERT INTO IUNavigation (idIU, idIUNavigation, IUNavigationName, IUNavigationAlias, IUNavigationDescription) VALUES ('Clas_1586859868160432UIPobCl_1', 'Clas_1586859868160432NavOfer_1ElemNav_1', 'PIULogConfiguracionANS', 'Histórico ANS', '');

-- PIU: ConfiguracionANS._Auto_
INSERT INTO IU (idIU, IUName, IUAlias, IUDescription, IUType) VALUES ('Clas_1586859868160432UIPobCl_Auto', '_Auto_', 'Acuerdo nivel de servicio', '', 'P');
INSERT INTO IUAttribute (idIU, idIUAttribute, IUAttributeName, IUAttributeAlias, IUAttributeDescription) VALUES ('Clas_1586859868160432UIPobCl_Auto', 'Clas_1586859868160432CjtoVis_AutoICtjoVis_1', 'Id', 'Id.', '');
INSERT INTO IUAttribute (idIU, idIUAttribute, IUAttributeName, IUAttributeAlias, IUAttributeDescription) VALUES ('Clas_1586859868160432UIPobCl_Auto', 'Clas_1586859868160432CjtoVis_AutoICtjoVis_2', 'Tramite', 'Trámite', '');
INSERT INTO IUAttribute (idIU, idIUAttribute, IUAttributeName, IUAttributeAlias, IUAttributeDescription) VALUES ('Clas_1586859868160432UIPobCl_Auto', 'Clas_1586859868160432CjtoVis_AutoICtjoVis_3', 'ANSAreaMedica', 'ANS Área Médica', '');
INSERT INTO IUAttribute (idIU, idIUAttribute, IUAttributeName, IUAttributeAlias, IUAttributeDescription) VALUES ('Clas_1586859868160432UIPobCl_Auto', 'Clas_1586859868160432CjtoVis_AutoICtjoVis_4', 'ANSAfiliaciones', 'ANS Afiliaciones', '');
INSERT INTO IUAttribute (idIU, idIUAttribute, IUAttributeName, IUAttributeAlias, IUAttributeDescription) VALUES ('Clas_1586859868160432UIPobCl_Auto', 'Clas_1586859868160432CjtoVis_AutoICtjoVis_5', 'HabilLunes', 'Lunes', '');
INSERT INTO IUAttribute (idIU, idIUAttribute, IUAttributeName, IUAttributeAlias, IUAttributeDescription) VALUES ('Clas_1586859868160432UIPobCl_Auto', 'Clas_1586859868160432CjtoVis_AutoICtjoVis_6', 'HabilMartes', 'Martes', '');
INSERT INTO IUAttribute (idIU, idIUAttribute, IUAttributeName, IUAttributeAlias, IUAttributeDescription) VALUES ('Clas_1586859868160432UIPobCl_Auto', 'Clas_1586859868160432CjtoVis_AutoICtjoVis_7', 'HabilMiercoles', 'Miércoles', '');
INSERT INTO IUAttribute (idIU, idIUAttribute, IUAttributeName, IUAttributeAlias, IUAttributeDescription) VALUES ('Clas_1586859868160432UIPobCl_Auto', 'Clas_1586859868160432CjtoVis_AutoICtjoVis_8', 'HabilJueves', 'Jueves', '');
INSERT INTO IUAttribute (idIU, idIUAttribute, IUAttributeName, IUAttributeAlias, IUAttributeDescription) VALUES ('Clas_1586859868160432UIPobCl_Auto', 'Clas_1586859868160432CjtoVis_AutoICtjoVis_9', 'HabilViernes', 'Viernes', '');
INSERT INTO IUAttribute (idIU, idIUAttribute, IUAttributeName, IUAttributeAlias, IUAttributeDescription) VALUES ('Clas_1586859868160432UIPobCl_Auto', 'Clas_1586859868160432CjtoVis_AutoICtjoVis_10', 'HabilSabado', 'Sábado', '');
INSERT INTO IUAttribute (idIU, idIUAttribute, IUAttributeName, IUAttributeAlias, IUAttributeDescription) VALUES ('Clas_1586859868160432UIPobCl_Auto', 'Clas_1586859868160432CjtoVis_AutoICtjoVis_11', 'HabilDomingo', 'Domingo', '');
INSERT INTO IUAttribute (idIU, idIUAttribute, IUAttributeName, IUAttributeAlias, IUAttributeDescription) VALUES ('Clas_1586859868160432UIPobCl_Auto', 'Clas_1586859868160432CjtoVis_AutoICtjoVis_12', 'drvTieneCausal', 'Tiene Causal', '');
INSERT INTO IUAction (idIU, idIUAction, IUActionName, IUActionAlias, IUActionDescription) VALUES ('Clas_1586859868160432UIPobCl_Auto', 'Clas_1586859868160432AccOfer_AutoElemAcc_1', 'SIUTCREAR', 'Crear', '');
INSERT INTO IUAction (idIU, idIUAction, IUActionName, IUActionAlias, IUActionDescription) VALUES ('Clas_1586859868160432UIPobCl_Auto', 'Clas_1586859868160432AccOfer_AutoElemAcc_2', 'SIUTMODIFICAR', 'Modificar', '');
INSERT INTO IUAction (idIU, idIUAction, IUActionName, IUActionAlias, IUActionDescription) VALUES ('Clas_1586859868160432UIPobCl_Auto', 'Clas_1586859868160432AccOfer_AutoElemAcc_3', 'SIUTELIMINAR', 'Eliminar', '');
INSERT INTO IUAction (idIU, idIUAction, IUActionName, IUActionAlias, IUActionDescription) VALUES ('Clas_1586859868160432UIPobCl_Auto', 'Clas_1586859868160432AccOfer_AutoElemAcc_4', 'IIUConfiguracionANS', 'Detalles de Acuerdo nivel de servicio', '');
INSERT INTO IUNavigation (idIU, idIUNavigation, IUNavigationName, IUNavigationAlias, IUNavigationDescription) VALUES ('Clas_1586859868160432UIPobCl_Auto', 'Clas_1586859868160432NavOfer_AutoElemNav_1', 'PIULogConfiguracionANS', 'LogConfiguracionANS', '');
INSERT INTO IUNavigation (idIU, idIUNavigation, IUNavigationName, IUNavigationAlias, IUNavigationDescription) VALUES ('Clas_1586859868160432UIPobCl_Auto', 'Clas_1586859868160432NavOfer_AutoElemNav_2', 'IIUDominio', 'Dominio', '');
INSERT INTO IUNavigation (idIU, idIUNavigation, IUNavigationName, IUNavigationAlias, IUNavigationDescription) VALUES ('Clas_1586859868160432UIPobCl_Auto', 'Clas_1586859868160432NavOfer_AutoElemNav_3', 'IIUNovedad', 'Novedad', '');
INSERT INTO IUNavigation (idIU, idIUNavigation, IUNavigationName, IUNavigationAlias, IUNavigationDescription) VALUES ('Clas_1586859868160432UIPobCl_Auto', 'Clas_1586859868160432NavOfer_AutoElemNav_4', '_Auto_', 'Causal', '');

-- IIU: ConfiguracionANS.IIUConfiguracionANS
INSERT INTO IU (idIU, IUName, IUAlias, IUDescription, IUType) VALUES ('Clas_1586859868160432UIInst_1', 'IIUConfiguracionANS', 'Detalles de Acuerdo nivel de servicio', '', 'I');
INSERT INTO IUAction (idIU, idIUAction, IUActionName, IUActionAlias, IUActionDescription) VALUES ('Clas_1586859868160432UIInst_1', 'Clas_1586859868160432AccOfer_2ElemAcc_1', 'SIUTMODIFICAR', 'Modificar', '');

-- IIU: ConfiguracionANS._Auto_
INSERT INTO IU (idIU, IUName, IUAlias, IUDescription, IUType) VALUES ('Clas_1586859868160432UIInst_2', '_Auto_', 'Acuerdo nivel de servicio', '', 'I');
INSERT INTO IUAction (idIU, idIUAction, IUActionName, IUActionAlias, IUActionDescription) VALUES ('Clas_1586859868160432UIInst_2', 'Clas_1586859868160432AccOfer_AutoElemAcc_1', 'SIUTCREAR', 'Crear', '');
INSERT INTO IUAction (idIU, idIUAction, IUActionName, IUActionAlias, IUActionDescription) VALUES ('Clas_1586859868160432UIInst_2', 'Clas_1586859868160432AccOfer_AutoElemAcc_2', 'SIUTMODIFICAR', 'Modificar', '');
INSERT INTO IUAction (idIU, idIUAction, IUActionName, IUActionAlias, IUActionDescription) VALUES ('Clas_1586859868160432UIInst_2', 'Clas_1586859868160432AccOfer_AutoElemAcc_3', 'SIUTELIMINAR', 'Eliminar', '');
INSERT INTO IUAction (idIU, idIUAction, IUActionName, IUActionAlias, IUActionDescription) VALUES ('Clas_1586859868160432UIInst_2', 'Clas_1586859868160432AccOfer_AutoElemAcc_4', 'IIUConfiguracionANS', 'Detalles de Acuerdo nivel de servicio', '');
INSERT INTO IUNavigation (idIU, idIUNavigation, IUNavigationName, IUNavigationAlias, IUNavigationDescription) VALUES ('Clas_1586859868160432UIInst_2', 'Clas_1586859868160432NavOfer_AutoElemNav_1', 'PIULogConfiguracionANS', 'LogConfiguracionANS', '');
INSERT INTO IUNavigation (idIU, idIUNavigation, IUNavigationName, IUNavigationAlias, IUNavigationDescription) VALUES ('Clas_1586859868160432UIInst_2', 'Clas_1586859868160432NavOfer_AutoElemNav_2', 'IIUDominio', 'Dominio', '');
INSERT INTO IUNavigation (idIU, idIUNavigation, IUNavigationName, IUNavigationAlias, IUNavigationDescription) VALUES ('Clas_1586859868160432UIInst_2', 'Clas_1586859868160432NavOfer_AutoElemNav_3', 'IIUNovedad', 'Novedad', '');
INSERT INTO IUNavigation (idIU, idIUNavigation, IUNavigationName, IUNavigationAlias, IUNavigationDescription) VALUES ('Clas_1586859868160432UIInst_2', 'Clas_1586859868160432NavOfer_AutoElemNav_4', '_Auto_', 'Causal', '');

-- SIU: ConfiguracionANS.SIUTCREAR
INSERT INTO IU (idIU, IUName, IUAlias, IUDescription, IUType) VALUES ('Clas_1586859868160432Ser_10UIServ_1', 'SIUTCREAR', 'Crear', '', 'S');
-- SIU: ConfiguracionANS.SIUTMODIFICAR
INSERT INTO IU (idIU, IUName, IUAlias, IUDescription, IUType) VALUES ('Clas_1586859868160432Ser_11UIServ_1', 'SIUTMODIFICAR', 'Modificar', '', 'S');
-- SIU: ConfiguracionANS.SIUTELIMINAR
INSERT INTO IU (idIU, IUName, IUAlias, IUDescription, IUType) VALUES ('Clas_1586859868160432Ser_12UIServ_1', 'SIUTELIMINAR', 'Eliminar', '', 'S');

---------------------------------------------
-- CLASS LogConfiguracionANS
---------------------------------------------
-- PIU: LogConfiguracionANS.PIULogConfiguracionANS
INSERT INTO IU (idIU, IUName, IUAlias, IUDescription, IUType) VALUES ('Clas_1586860392448303UIPobCl_1', 'PIULogConfiguracionANS', 'Histórico ANS', '', 'P');
INSERT INTO IUAttribute (idIU, idIUAttribute, IUAttributeName, IUAttributeAlias, IUAttributeDescription) VALUES ('Clas_1586860392448303UIPobCl_1', 'Clas_1586860392448303CjtoVis_1ICtjoVis_3', 'Fecha', 'Fecha', '');
INSERT INTO IUAttribute (idIU, idIUAttribute, IUAttributeName, IUAttributeAlias, IUAttributeDescription) VALUES ('Clas_1586860392448303UIPobCl_1', 'Clas_1586860392448303CjtoVis_1ICtjoVis_12', 'LoginFuncionario', 'Usuario', '');
INSERT INTO IUAttribute (idIU, idIUAttribute, IUAttributeName, IUAttributeAlias, IUAttributeDescription) VALUES ('Clas_1586860392448303UIPobCl_1', 'Clas_1586860392448303CjtoVis_1ICtjoVis_1', 'ANSAfiliaciones', 'ANS Afiliaciones', '');
INSERT INTO IUAttribute (idIU, idIUAttribute, IUAttributeName, IUAttributeAlias, IUAttributeDescription) VALUES ('Clas_1586860392448303UIPobCl_1', 'Clas_1586860392448303CjtoVis_1ICtjoVis_2', 'ANSAreaMedica', 'ANS Área Mádica', '');
INSERT INTO IUAttribute (idIU, idIUAttribute, IUAttributeName, IUAttributeAlias, IUAttributeDescription) VALUES ('Clas_1586860392448303UIPobCl_1', 'Clas_1586860392448303CjtoVis_1ICtjoVis_6', 'HabilLunes', 'Lunes', '');
INSERT INTO IUAttribute (idIU, idIUAttribute, IUAttributeName, IUAttributeAlias, IUAttributeDescription) VALUES ('Clas_1586860392448303UIPobCl_1', 'Clas_1586860392448303CjtoVis_1ICtjoVis_7', 'HabilMartes', 'Martes', '');
INSERT INTO IUAttribute (idIU, idIUAttribute, IUAttributeName, IUAttributeAlias, IUAttributeDescription) VALUES ('Clas_1586860392448303UIPobCl_1', 'Clas_1586860392448303CjtoVis_1ICtjoVis_8', 'HabilMiercoles', 'Miércoles', '');
INSERT INTO IUAttribute (idIU, idIUAttribute, IUAttributeName, IUAttributeAlias, IUAttributeDescription) VALUES ('Clas_1586860392448303UIPobCl_1', 'Clas_1586860392448303CjtoVis_1ICtjoVis_5', 'HabilJueves', 'Jueves', '');
INSERT INTO IUAttribute (idIU, idIUAttribute, IUAttributeName, IUAttributeAlias, IUAttributeDescription) VALUES ('Clas_1586860392448303UIPobCl_1', 'Clas_1586860392448303CjtoVis_1ICtjoVis_10', 'HabilViernes', 'Viernes', '');
INSERT INTO IUAttribute (idIU, idIUAttribute, IUAttributeName, IUAttributeAlias, IUAttributeDescription) VALUES ('Clas_1586860392448303UIPobCl_1', 'Clas_1586860392448303CjtoVis_1ICtjoVis_9', 'HabilSabado', 'Sábado', '');
INSERT INTO IUAttribute (idIU, idIUAttribute, IUAttributeName, IUAttributeAlias, IUAttributeDescription) VALUES ('Clas_1586860392448303UIPobCl_1', 'Clas_1586860392448303CjtoVis_1ICtjoVis_4', 'HabilDomingo', 'Domingo', '');

-- PIU: LogConfiguracionANS._Auto_
INSERT INTO IU (idIU, IUName, IUAlias, IUDescription, IUType) VALUES ('Clas_1586860392448303UIPobCl_Auto', '_Auto_', 'Histórico ANS', '', 'P');
INSERT INTO IUAttribute (idIU, idIUAttribute, IUAttributeName, IUAttributeAlias, IUAttributeDescription) VALUES ('Clas_1586860392448303UIPobCl_Auto', 'Clas_1586860392448303CjtoVis_AutoICtjoVis_1', 'Id', 'Id.', '');
INSERT INTO IUAttribute (idIU, idIUAttribute, IUAttributeName, IUAttributeAlias, IUAttributeDescription) VALUES ('Clas_1586860392448303UIPobCl_Auto', 'Clas_1586860392448303CjtoVis_AutoICtjoVis_2', 'Fecha', 'Fecha', '');
INSERT INTO IUAttribute (idIU, idIUAttribute, IUAttributeName, IUAttributeAlias, IUAttributeDescription) VALUES ('Clas_1586860392448303UIPobCl_Auto', 'Clas_1586860392448303CjtoVis_AutoICtjoVis_3', 'LoginFuncionario', 'Login', '');
INSERT INTO IUAttribute (idIU, idIUAttribute, IUAttributeName, IUAttributeAlias, IUAttributeDescription) VALUES ('Clas_1586860392448303UIPobCl_Auto', 'Clas_1586860392448303CjtoVis_AutoICtjoVis_4', 'ANSAfiliaciones', 'ANS Afiliaciones', '');
INSERT INTO IUAttribute (idIU, idIUAttribute, IUAttributeName, IUAttributeAlias, IUAttributeDescription) VALUES ('Clas_1586860392448303UIPobCl_Auto', 'Clas_1586860392448303CjtoVis_AutoICtjoVis_5', 'ANSAreaMedica', 'ANS Área Mádica', '');
INSERT INTO IUAttribute (idIU, idIUAttribute, IUAttributeName, IUAttributeAlias, IUAttributeDescription) VALUES ('Clas_1586860392448303UIPobCl_Auto', 'Clas_1586860392448303CjtoVis_AutoICtjoVis_6', 'HabilLunes', 'Lunes', '');
INSERT INTO IUAttribute (idIU, idIUAttribute, IUAttributeName, IUAttributeAlias, IUAttributeDescription) VALUES ('Clas_1586860392448303UIPobCl_Auto', 'Clas_1586860392448303CjtoVis_AutoICtjoVis_7', 'HabilMartes', 'Martes', '');
INSERT INTO IUAttribute (idIU, idIUAttribute, IUAttributeName, IUAttributeAlias, IUAttributeDescription) VALUES ('Clas_1586860392448303UIPobCl_Auto', 'Clas_1586860392448303CjtoVis_AutoICtjoVis_8', 'HabilMiercoles', 'Miércoles', '');
INSERT INTO IUAttribute (idIU, idIUAttribute, IUAttributeName, IUAttributeAlias, IUAttributeDescription) VALUES ('Clas_1586860392448303UIPobCl_Auto', 'Clas_1586860392448303CjtoVis_AutoICtjoVis_9', 'HabilJueves', 'Jueves', '');
INSERT INTO IUAttribute (idIU, idIUAttribute, IUAttributeName, IUAttributeAlias, IUAttributeDescription) VALUES ('Clas_1586860392448303UIPobCl_Auto', 'Clas_1586860392448303CjtoVis_AutoICtjoVis_10', 'HabilViernes', 'Viernes', '');
INSERT INTO IUAttribute (idIU, idIUAttribute, IUAttributeName, IUAttributeAlias, IUAttributeDescription) VALUES ('Clas_1586860392448303UIPobCl_Auto', 'Clas_1586860392448303CjtoVis_AutoICtjoVis_11', 'HabilSabado', 'Sábado', '');
INSERT INTO IUAttribute (idIU, idIUAttribute, IUAttributeName, IUAttributeAlias, IUAttributeDescription) VALUES ('Clas_1586860392448303UIPobCl_Auto', 'Clas_1586860392448303CjtoVis_AutoICtjoVis_12', 'HabilDomingo', 'Domingo', '');
INSERT INTO IUAction (idIU, idIUAction, IUActionName, IUActionAlias, IUActionDescription) VALUES ('Clas_1586860392448303UIPobCl_Auto', 'Clas_1586860392448303AccOfer_AutoElemAcc_1', '_Auto_', 'Histórico ANS', '');
INSERT INTO IUNavigation (idIU, idIUNavigation, IUNavigationName, IUNavigationAlias, IUNavigationDescription) VALUES ('Clas_1586860392448303UIPobCl_Auto', 'Clas_1586860392448303NavOfer_AutoElemNav_1', 'IIUConfiguracionANS', 'Detalles de Acuerdo nivel de servicio', '');

-- IIU: LogConfiguracionANS._Auto_
INSERT INTO IU (idIU, IUName, IUAlias, IUDescription, IUType) VALUES ('Clas_1586860392448303UIInst_1', '_Auto_', 'Histórico ANS', '', 'I');
INSERT INTO IUAction (idIU, idIUAction, IUActionName, IUActionAlias, IUActionDescription) VALUES ('Clas_1586860392448303UIInst_1', 'Clas_1586860392448303AccOfer_AutoElemAcc_1', '_Auto_', 'Histórico ANS', '');
INSERT INTO IUNavigation (idIU, idIUNavigation, IUNavigationName, IUNavigationAlias, IUNavigationDescription) VALUES ('Clas_1586860392448303UIInst_1', 'Clas_1586860392448303NavOfer_AutoElemNav_1', 'IIUConfiguracionANS', 'Detalles de Acuerdo nivel de servicio', '');


---------------------------------------------
-- CLASS ConfiguracionFestivos
---------------------------------------------
-- PIU: ConfiguracionFestivos._Auto_
INSERT INTO IU (idIU, IUName, IUAlias, IUDescription, IUType) VALUES ('Clas_1586872451072264UIPobCl_Auto', '_Auto_', 'Configuración Festivos', '', 'P');
INSERT INTO IUAttribute (idIU, idIUAttribute, IUAttributeName, IUAttributeAlias, IUAttributeDescription) VALUES ('Clas_1586872451072264UIPobCl_Auto', 'Clas_1586872451072264CjtoVis_AutoICtjoVis_1', 'Id', 'Id.', '');
INSERT INTO IUAttribute (idIU, idIUAttribute, IUAttributeName, IUAttributeAlias, IUAttributeDescription) VALUES ('Clas_1586872451072264UIPobCl_Auto', 'Clas_1586872451072264CjtoVis_AutoICtjoVis_2', 'DiaFestivo', 'Día festivo', '');
INSERT INTO IUAction (idIU, idIUAction, IUActionName, IUActionAlias, IUActionDescription) VALUES ('Clas_1586872451072264UIPobCl_Auto', 'Clas_1586872451072264AccOfer_AutoElemAcc_1', 'SIUcrear', 'Crear', '');
INSERT INTO IUAction (idIU, idIUAction, IUActionName, IUActionAlias, IUActionDescription) VALUES ('Clas_1586872451072264UIPobCl_Auto', 'Clas_1586872451072264AccOfer_AutoElemAcc_2', 'SIUeliminar', 'Eliminar', '');
INSERT INTO IUAction (idIU, idIUAction, IUActionName, IUActionAlias, IUActionDescription) VALUES ('Clas_1586872451072264UIPobCl_Auto', 'Clas_1586872451072264AccOfer_AutoElemAcc_3', '_Auto_', 'Configuración Festivos', '');

-- IIU: ConfiguracionFestivos._Auto_
INSERT INTO IU (idIU, IUName, IUAlias, IUDescription, IUType) VALUES ('Clas_1586872451072264UIInst_0', '_Auto_', 'Configuración Festivos', '', 'I');
INSERT INTO IUAction (idIU, idIUAction, IUActionName, IUActionAlias, IUActionDescription) VALUES ('Clas_1586872451072264UIInst_0', 'Clas_1586872451072264AccOfer_AutoElemAcc_1', 'SIUcrear', 'Crear', '');
INSERT INTO IUAction (idIU, idIUAction, IUActionName, IUActionAlias, IUActionDescription) VALUES ('Clas_1586872451072264UIInst_0', 'Clas_1586872451072264AccOfer_AutoElemAcc_2', 'SIUeliminar', 'Eliminar', '');
INSERT INTO IUAction (idIU, idIUAction, IUActionName, IUActionAlias, IUActionDescription) VALUES ('Clas_1586872451072264UIInst_0', 'Clas_1586872451072264AccOfer_AutoElemAcc_3', '_Auto_', 'Configuración Festivos', '');

-- SIU: ConfiguracionFestivos.SIUcrear
INSERT INTO IU (idIU, IUName, IUAlias, IUDescription, IUType) VALUES ('Clas_1586872451072264Ser_1UIServ_1', 'SIUcrear', 'Crear', '', 'S');
-- SIU: ConfiguracionFestivos.SIUeliminar
INSERT INTO IU (idIU, IUName, IUAlias, IUDescription, IUType) VALUES ('Clas_1586872451072264Ser_2UIServ_1', 'SIUeliminar', 'Eliminar', '', 'S');

---------------------------------------------
-- CLASS LogEstadoDocNov
---------------------------------------------
-- PIU: LogEstadoDocNov.PIULogEstadoDocNov
INSERT INTO IU (idIU, IUName, IUAlias, IUDescription, IUType) VALUES ('Clas_1594054803456437UIPobCl_1', 'PIULogEstadoDocNov', 'Log cambios estado documento', '', 'P');
INSERT INTO IUAttribute (idIU, idIUAttribute, IUAttributeName, IUAttributeAlias, IUAttributeDescription) VALUES ('Clas_1594054803456437UIPobCl_1', 'Clas_1594054803456437CjtoVis_1ICtjoVis_1', 'Fecha', 'Fecha', '');
INSERT INTO IUAttribute (idIU, idIUAttribute, IUAttributeName, IUAttributeAlias, IUAttributeDescription) VALUES ('Clas_1594054803456437UIPobCl_1', 'Clas_1594054803456437CjtoVis_1ICtjoVis_2', 'NombreFuncionario', 'Usuario', '');
INSERT INTO IUAttribute (idIU, idIUAttribute, IUAttributeName, IUAttributeAlias, IUAttributeDescription) VALUES ('Clas_1594054803456437UIPobCl_1', 'Clas_1594054803456437CjtoVis_1ICtjoVis_3', 'EstadoAnterior', 'Estado Anterior', '');
INSERT INTO IUAttribute (idIU, idIUAttribute, IUAttributeName, IUAttributeAlias, IUAttributeDescription) VALUES ('Clas_1594054803456437UIPobCl_1', 'Clas_1594054803456437CjtoVis_1ICtjoVis_4', 'EstadoNuevo', 'Estado Nuevo', '');
INSERT INTO IUAttribute (idIU, idIUAttribute, IUAttributeName, IUAttributeAlias, IUAttributeDescription) VALUES ('Clas_1594054803456437UIPobCl_1', 'Clas_1594054803456437CjtoVis_1ICtjoVis_5', 'Observacions', 'Observaciones', '');

-- PIU: LogEstadoDocNov._Auto_
INSERT INTO IU (idIU, IUName, IUAlias, IUDescription, IUType) VALUES ('Clas_1594054803456437UIPobCl_Auto', '_Auto_', 'Observaciones', '', 'P');
INSERT INTO IUAttribute (idIU, idIUAttribute, IUAttributeName, IUAttributeAlias, IUAttributeDescription) VALUES ('Clas_1594054803456437UIPobCl_Auto', 'Clas_1594054803456437CjtoVis_AutoICtjoVis_1', 'Id', 'Id.', '');
INSERT INTO IUAttribute (idIU, idIUAttribute, IUAttributeName, IUAttributeAlias, IUAttributeDescription) VALUES ('Clas_1594054803456437UIPobCl_Auto', 'Clas_1594054803456437CjtoVis_AutoICtjoVis_2', 'Fecha', 'Fecha', '');
INSERT INTO IUAttribute (idIU, idIUAttribute, IUAttributeName, IUAttributeAlias, IUAttributeDescription) VALUES ('Clas_1594054803456437UIPobCl_Auto', 'Clas_1594054803456437CjtoVis_AutoICtjoVis_3', 'NombreFuncionario', 'Nombre', '');
INSERT INTO IUAttribute (idIU, idIUAttribute, IUAttributeName, IUAttributeAlias, IUAttributeDescription) VALUES ('Clas_1594054803456437UIPobCl_Auto', 'Clas_1594054803456437CjtoVis_AutoICtjoVis_4', 'EstadoAnterior', 'Estado Anterior', '');
INSERT INTO IUAttribute (idIU, idIUAttribute, IUAttributeName, IUAttributeAlias, IUAttributeDescription) VALUES ('Clas_1594054803456437UIPobCl_Auto', 'Clas_1594054803456437CjtoVis_AutoICtjoVis_5', 'EstadoNuevo', 'Estado Nuevo', '');
INSERT INTO IUAttribute (idIU, idIUAttribute, IUAttributeName, IUAttributeAlias, IUAttributeDescription) VALUES ('Clas_1594054803456437UIPobCl_Auto', 'Clas_1594054803456437CjtoVis_AutoICtjoVis_6', 'Observacions', 'Observaciones', '');
INSERT INTO IUAction (idIU, idIUAction, IUActionName, IUActionAlias, IUActionDescription) VALUES ('Clas_1594054803456437UIPobCl_Auto', 'Clas_1594054803456437AccOfer_AutoElemAcc_1', '_Auto_', 'Observaciones', '');
INSERT INTO IUNavigation (idIU, idIUNavigation, IUNavigationName, IUNavigationAlias, IUNavigationDescription) VALUES ('Clas_1594054803456437UIPobCl_Auto', 'Clas_1594054803456437NavOfer_AutoElemNav_1', '_Auto_', 'Documento', '');

-- IIU: LogEstadoDocNov._Auto_
INSERT INTO IU (idIU, IUName, IUAlias, IUDescription, IUType) VALUES ('Clas_1594054803456437UIInst_1', '_Auto_', 'Observaciones', '', 'I');
INSERT INTO IUAction (idIU, idIUAction, IUActionName, IUActionAlias, IUActionDescription) VALUES ('Clas_1594054803456437UIInst_1', 'Clas_1594054803456437AccOfer_AutoElemAcc_1', '_Auto_', 'Observaciones', '');
INSERT INTO IUNavigation (idIU, idIUNavigation, IUNavigationName, IUNavigationAlias, IUNavigationDescription) VALUES ('Clas_1594054803456437UIInst_1', 'Clas_1594054803456437NavOfer_AutoElemNav_1', '_Auto_', 'Documento', '');


---------------------------------------------
-- CLASS PlantillaReporte
---------------------------------------------
-- PIU: PlantillaReporte.PIUPlantillaReporte
INSERT INTO IU (idIU, IUName, IUAlias, IUDescription, IUType) VALUES ('Clas_1623831347200006UIPobCl_1', 'PIUPlantillaReporte', 'Reportes para solicitud', '', 'P');
INSERT INTO IUAttribute (idIU, idIUAttribute, IUAttributeName, IUAttributeAlias, IUAttributeDescription) VALUES ('Clas_1623831347200006UIPobCl_1', 'Clas_1623831347200006CjtoVis_1ICtjoVis_1', 'Tipo', 'Tipo', '');
INSERT INTO IUAttribute (idIU, idIUAttribute, IUAttributeName, IUAttributeAlias, IUAttributeDescription) VALUES ('Clas_1623831347200006UIPobCl_1', 'Clas_1623831347200006CjtoVis_1ICtjoVis_2', 'Titulo', 'Título', '');
INSERT INTO IUAttribute (idIU, idIUAttribute, IUAttributeName, IUAttributeAlias, IUAttributeDescription) VALUES ('Clas_1623831347200006UIPobCl_1', 'Clas_1623831347200006CjtoVis_1ICtjoVis_3', 'FechaVigencia', 'Fecha vigencia', '');
INSERT INTO IUAttribute (idIU, idIUAttribute, IUAttributeName, IUAttributeAlias, IUAttributeDescription) VALUES ('Clas_1623831347200006UIPobCl_1', 'Clas_1623831347200006CjtoVis_1ICtjoVis_5', 'NombreArchivoPDF', 'Nombre fichero PDF', '');
INSERT INTO IUAttribute (idIU, idIUAttribute, IUAttributeName, IUAttributeAlias, IUAttributeDescription) VALUES ('Clas_1623831347200006UIPobCl_1', 'Clas_1623831347200006CjtoVis_1ICtjoVis_4', 'RutaArchivos', 'Ruta relativa', '');
INSERT INTO IUAction (idIU, idIUAction, IUActionName, IUActionAlias, IUActionDescription) VALUES ('Clas_1623831347200006UIPobCl_1', 'Clas_1623831347200006AccOfer_1ElemAcc_4', 'SIUTGADDPLANTREP', 'Nuevo', '');
INSERT INTO IUAction (idIU, idIUAction, IUActionName, IUActionAlias, IUActionDescription) VALUES ('Clas_1623831347200006UIPobCl_1', 'Clas_1623831347200006AccOfer_1ElemAcc_5', 'SIUTGEDITPLANTREP', 'Modificar', '');
INSERT INTO IUAction (idIU, idIUAction, IUActionName, IUActionAlias, IUActionDescription) VALUES ('Clas_1623831347200006UIPobCl_1', 'Clas_1623831347200006AccOfer_1ElemAcc_3', 'SIUeliminar', 'Eliminar', '');

-- PIU: PlantillaReporte._Auto_
INSERT INTO IU (idIU, IUName, IUAlias, IUDescription, IUType) VALUES ('Clas_1623831347200006UIPobCl_Auto', '_Auto_', 'Plantilla reporte', '', 'P');
INSERT INTO IUAttribute (idIU, idIUAttribute, IUAttributeName, IUAttributeAlias, IUAttributeDescription) VALUES ('Clas_1623831347200006UIPobCl_Auto', 'Clas_1623831347200006CjtoVis_AutoICtjoVis_1', 'idPlantillaReporte', 'Id', '');
INSERT INTO IUAttribute (idIU, idIUAttribute, IUAttributeName, IUAttributeAlias, IUAttributeDescription) VALUES ('Clas_1623831347200006UIPobCl_Auto', 'Clas_1623831347200006CjtoVis_AutoICtjoVis_2', 'Tipo', 'Tipo', '');
INSERT INTO IUAttribute (idIU, idIUAttribute, IUAttributeName, IUAttributeAlias, IUAttributeDescription) VALUES ('Clas_1623831347200006UIPobCl_Auto', 'Clas_1623831347200006CjtoVis_AutoICtjoVis_3', 'Titulo', 'Título', '');
INSERT INTO IUAttribute (idIU, idIUAttribute, IUAttributeName, IUAttributeAlias, IUAttributeDescription) VALUES ('Clas_1623831347200006UIPobCl_Auto', 'Clas_1623831347200006CjtoVis_AutoICtjoVis_4', 'FechaVigencia', 'Fecha vigencia', '');
INSERT INTO IUAttribute (idIU, idIUAttribute, IUAttributeName, IUAttributeAlias, IUAttributeDescription) VALUES ('Clas_1623831347200006UIPobCl_Auto', 'Clas_1623831347200006CjtoVis_AutoICtjoVis_5', 'RutaArchivos', 'Ruta relativa', '');
INSERT INTO IUAttribute (idIU, idIUAttribute, IUAttributeName, IUAttributeAlias, IUAttributeDescription) VALUES ('Clas_1623831347200006UIPobCl_Auto', 'Clas_1623831347200006CjtoVis_AutoICtjoVis_6', 'NombreArchivoPDF', 'Nombre fichero PDF', '');
INSERT INTO IUAction (idIU, idIUAction, IUActionName, IUActionAlias, IUActionDescription) VALUES ('Clas_1623831347200006UIPobCl_Auto', 'Clas_1623831347200006AccOfer_AutoElemAcc_1', 'SIUeliminar', 'Eliminar', '');
INSERT INTO IUAction (idIU, idIUAction, IUActionName, IUActionAlias, IUActionDescription) VALUES ('Clas_1623831347200006UIPobCl_Auto', 'Clas_1623831347200006AccOfer_AutoElemAcc_2', '_Auto_', 'Plantilla reporte', '');
INSERT INTO IUNavigation (idIU, idIUNavigation, IUNavigationName, IUNavigationAlias, IUNavigationDescription) VALUES ('Clas_1623831347200006UIPobCl_Auto', 'Clas_1623831347200006NavOfer_AutoElemNav_1', 'PIUReportesDominio', 'Reportes', '');

-- IIU: PlantillaReporte._Auto_
INSERT INTO IU (idIU, IUName, IUAlias, IUDescription, IUType) VALUES ('Clas_1623831347200006UIInst_1', '_Auto_', 'Plantilla reporte', '', 'I');
INSERT INTO IUAction (idIU, idIUAction, IUActionName, IUActionAlias, IUActionDescription) VALUES ('Clas_1623831347200006UIInst_1', 'Clas_1623831347200006AccOfer_AutoElemAcc_1', 'SIUeliminar', 'Eliminar', '');
INSERT INTO IUAction (idIU, idIUAction, IUActionName, IUActionAlias, IUActionDescription) VALUES ('Clas_1623831347200006UIInst_1', 'Clas_1623831347200006AccOfer_AutoElemAcc_2', '_Auto_', 'Plantilla reporte', '');
INSERT INTO IUNavigation (idIU, idIUNavigation, IUNavigationName, IUNavigationAlias, IUNavigationDescription) VALUES ('Clas_1623831347200006UIInst_1', 'Clas_1623831347200006NavOfer_AutoElemNav_1', 'PIUReportesDominio', 'Reportes', '');

-- SIU: PlantillaReporte.SIUeliminar
INSERT INTO IU (idIU, IUName, IUAlias, IUDescription, IUType) VALUES ('Clas_1623831347200006Ser_2UIServ_1', 'SIUeliminar', 'Eliminar', '', 'S');

---------------------------------------------
-- CLASS ReportesDominio
---------------------------------------------
-- PIU: ReportesDominio.PIUReportesDominio
INSERT INTO IU (idIU, IUName, IUAlias, IUDescription, IUType) VALUES ('Clas_1623832395776730UIPobCl_1', 'PIUReportesDominio', 'Reportes', '', 'P');
INSERT INTO IUAttribute (idIU, idIUAttribute, IUAttributeName, IUAttributeAlias, IUAttributeDescription) VALUES ('Clas_1623832395776730UIPobCl_1', 'Clas_1623832395776730CjtoVis_1ICtjoVis_1', 'PlantillaReporte.Tipo', 'Tipo', '');
INSERT INTO IUAttribute (idIU, idIUAttribute, IUAttributeName, IUAttributeAlias, IUAttributeDescription) VALUES ('Clas_1623832395776730UIPobCl_1', 'Clas_1623832395776730CjtoVis_1ICtjoVis_3', 'PlantillaReporte.FechaVigencia', 'Fecha vigencia', '');
INSERT INTO IUAttribute (idIU, idIUAttribute, IUAttributeName, IUAttributeAlias, IUAttributeDescription) VALUES ('Clas_1623832395776730UIPobCl_1', 'Clas_1623832395776730CjtoVis_1ICtjoVis_4', 'EnviarAuto', 'Enviar automáticamente', '');
INSERT INTO IUAttribute (idIU, idIUAttribute, IUAttributeName, IUAttributeAlias, IUAttributeDescription) VALUES ('Clas_1623832395776730UIPobCl_1', 'Clas_1623832395776730CjtoVis_1ICtjoVis_2', 'PlantillaReporte.Titulo', 'Título', '');
INSERT INTO IUAction (idIU, idIUAction, IUActionName, IUActionAlias, IUActionDescription) VALUES ('Clas_1623832395776730UIPobCl_1', 'Clas_1623832395776730AccOfer_1ElemAcc_3', 'SIUTADDREPORTE', 'Asociar reporte', '');
INSERT INTO IUAction (idIU, idIUAction, IUActionName, IUActionAlias, IUActionDescription) VALUES ('Clas_1623832395776730UIPobCl_1', 'Clas_1623832395776730AccOfer_1ElemAcc_1', 'SIUmodificar', 'Modificar', '');
INSERT INTO IUAction (idIU, idIUAction, IUActionName, IUActionAlias, IUActionDescription) VALUES ('Clas_1623832395776730UIPobCl_1', 'Clas_1623832395776730AccOfer_1ElemAcc_2', 'SIUeliminar', 'Desasociar', '');

-- PIU: ReportesDominio._Auto_
INSERT INTO IU (idIU, IUName, IUAlias, IUDescription, IUType) VALUES ('Clas_1623832395776730UIPobCl_Auto', '_Auto_', 'Reportes de Dominio', '', 'P');
INSERT INTO IUAttribute (idIU, idIUAttribute, IUAttributeName, IUAttributeAlias, IUAttributeDescription) VALUES ('Clas_1623832395776730UIPobCl_Auto', 'Clas_1623832395776730CjtoVis_AutoICtjoVis_1', 'EnviarAuto', 'Enviar automáticamente', '');
INSERT INTO IUAttribute (idIU, idIUAttribute, IUAttributeName, IUAttributeAlias, IUAttributeDescription) VALUES ('Clas_1623832395776730UIPobCl_Auto', 'Clas_1623832395776730CjtoVis_AutoICtjoVis_2', 'drvFechaHasta', 'Fecha hasta', '');
INSERT INTO IUAction (idIU, idIUAction, IUActionName, IUActionAlias, IUActionDescription) VALUES ('Clas_1623832395776730UIPobCl_Auto', 'Clas_1623832395776730AccOfer_AutoElemAcc_1', 'SIUeliminar', 'Desasociar', '');
INSERT INTO IUAction (idIU, idIUAction, IUActionName, IUActionAlias, IUActionDescription) VALUES ('Clas_1623832395776730UIPobCl_Auto', 'Clas_1623832395776730AccOfer_AutoElemAcc_2', 'SIUmodificar', 'Modificar', '');
INSERT INTO IUAction (idIU, idIUAction, IUActionName, IUActionAlias, IUActionDescription) VALUES ('Clas_1623832395776730UIPobCl_Auto', 'Clas_1623832395776730AccOfer_AutoElemAcc_3', '_Auto_', 'Reportes de Dominio', '');
INSERT INTO IUNavigation (idIU, idIUNavigation, IUNavigationName, IUNavigationAlias, IUNavigationDescription) VALUES ('Clas_1623832395776730UIPobCl_Auto', 'Clas_1623832395776730NavOfer_AutoElemNav_1', 'IIUDominio', 'Dominio', '');
INSERT INTO IUNavigation (idIU, idIUNavigation, IUNavigationName, IUNavigationAlias, IUNavigationDescription) VALUES ('Clas_1623832395776730UIPobCl_Auto', 'Clas_1623832395776730NavOfer_AutoElemNav_2', '_Auto_', 'Plantilla', '');

-- IIU: ReportesDominio._Auto_
INSERT INTO IU (idIU, IUName, IUAlias, IUDescription, IUType) VALUES ('Clas_1623832395776730UIInst_1', '_Auto_', 'Reportes de Dominio', '', 'I');
INSERT INTO IUAction (idIU, idIUAction, IUActionName, IUActionAlias, IUActionDescription) VALUES ('Clas_1623832395776730UIInst_1', 'Clas_1623832395776730AccOfer_AutoElemAcc_1', 'SIUeliminar', 'Desasociar', '');
INSERT INTO IUAction (idIU, idIUAction, IUActionName, IUActionAlias, IUActionDescription) VALUES ('Clas_1623832395776730UIInst_1', 'Clas_1623832395776730AccOfer_AutoElemAcc_2', 'SIUmodificar', 'Modificar', '');
INSERT INTO IUAction (idIU, idIUAction, IUActionName, IUActionAlias, IUActionDescription) VALUES ('Clas_1623832395776730UIInst_1', 'Clas_1623832395776730AccOfer_AutoElemAcc_3', '_Auto_', 'Reportes de Dominio', '');
INSERT INTO IUNavigation (idIU, idIUNavigation, IUNavigationName, IUNavigationAlias, IUNavigationDescription) VALUES ('Clas_1623832395776730UIInst_1', 'Clas_1623832395776730NavOfer_AutoElemNav_1', 'IIUDominio', 'Dominio', '');
INSERT INTO IUNavigation (idIU, idIUNavigation, IUNavigationName, IUNavigationAlias, IUNavigationDescription) VALUES ('Clas_1623832395776730UIInst_1', 'Clas_1623832395776730NavOfer_AutoElemNav_2', '_Auto_', 'Plantilla', '');

-- SIU: ReportesDominio.SIUeliminar
INSERT INTO IU (idIU, IUName, IUAlias, IUDescription, IUType) VALUES ('Clas_1623832395776730Ser_2UIServ_1', 'SIUeliminar', 'Desasociar', '', 'S');
-- SIU: ReportesDominio.SIUmodificar
INSERT INTO IU (idIU, IUName, IUAlias, IUDescription, IUType) VALUES ('Clas_1623832395776730Ser_3UIServ_1', 'SIUmodificar', 'Modificar', '', 'S');

---------------------------------------------
-- CLASS LogInformacionAsesor
---------------------------------------------
-- PIU: LogInformacionAsesor.PIULogInformacionAsesor
INSERT INTO IU (idIU, IUName, IUAlias, IUDescription, IUType) VALUES ('Clas_1623836459008779UIPobCl_1', 'PIULogInformacionAsesor', 'Historico Información', '', 'P');
INSERT INTO IUAttribute (idIU, idIUAttribute, IUAttributeName, IUAttributeAlias, IUAttributeDescription) VALUES ('Clas_1623836459008779UIPobCl_1', 'Clas_1623836459008779CjtoVis_1ICtjoVis_1', 'FechaHora', 'Fecha', '');
INSERT INTO IUAttribute (idIU, idIUAttribute, IUAttributeName, IUAttributeAlias, IUAttributeDescription) VALUES ('Clas_1623836459008779UIPobCl_1', 'Clas_1623836459008779CjtoVis_1ICtjoVis_2', 'LoginFuncionario', 'Login', '');
INSERT INTO IUAttribute (idIU, idIUAttribute, IUAttributeName, IUAttributeAlias, IUAttributeDescription) VALUES ('Clas_1623836459008779UIPobCl_1', 'Clas_1623836459008779CjtoVis_1ICtjoVis_4', 'VerDatosPersona', 'Ver datos persona', '');
INSERT INTO IUAttribute (idIU, idIUAttribute, IUAttributeName, IUAttributeAlias, IUAttributeDescription) VALUES ('Clas_1623836459008779UIPobCl_1', 'Clas_1623836459008779CjtoVis_1ICtjoVis_5', 'VerDocsPersona', 'Ver documentos persona', '');
INSERT INTO IUAttribute (idIU, idIUAttribute, IUAttributeName, IUAttributeAlias, IUAttributeDescription) VALUES ('Clas_1623836459008779UIPobCl_1', 'Clas_1623836459008779CjtoVis_1ICtjoVis_3', 'VerContratoNovedad', 'Ver contrato Novedades', '');
INSERT INTO IUAttribute (idIU, idIUAttribute, IUAttributeName, IUAttributeAlias, IUAttributeDescription) VALUES ('Clas_1623836459008779UIPobCl_1', 'Clas_1623836459008779CjtoVis_1ICtjoVis_6', 'AccesoValidadorUsuarios', 'Acceso validador usuarios', '');

-- PIU: LogInformacionAsesor._Auto_
INSERT INTO IU (idIU, IUName, IUAlias, IUDescription, IUType) VALUES ('Clas_1623836459008779UIPobCl_Auto', '_Auto_', 'Historico Información', '', 'P');
INSERT INTO IUAttribute (idIU, idIUAttribute, IUAttributeName, IUAttributeAlias, IUAttributeDescription) VALUES ('Clas_1623836459008779UIPobCl_Auto', 'Clas_1623836459008779CjtoVis_AutoICtjoVis_1', 'idLogInformacionAsesor', 'Id.', '');
INSERT INTO IUAttribute (idIU, idIUAttribute, IUAttributeName, IUAttributeAlias, IUAttributeDescription) VALUES ('Clas_1623836459008779UIPobCl_Auto', 'Clas_1623836459008779CjtoVis_AutoICtjoVis_2', 'FechaHora', 'Fecha', '');
INSERT INTO IUAttribute (idIU, idIUAttribute, IUAttributeName, IUAttributeAlias, IUAttributeDescription) VALUES ('Clas_1623836459008779UIPobCl_Auto', 'Clas_1623836459008779CjtoVis_AutoICtjoVis_3', 'LoginFuncionario', 'Login', '');
INSERT INTO IUAttribute (idIU, idIUAttribute, IUAttributeName, IUAttributeAlias, IUAttributeDescription) VALUES ('Clas_1623836459008779UIPobCl_Auto', 'Clas_1623836459008779CjtoVis_AutoICtjoVis_4', 'VerDatosPersona', 'Ver datos persona', '');
INSERT INTO IUAttribute (idIU, idIUAttribute, IUAttributeName, IUAttributeAlias, IUAttributeDescription) VALUES ('Clas_1623836459008779UIPobCl_Auto', 'Clas_1623836459008779CjtoVis_AutoICtjoVis_5', 'VerDocsPersona', 'Ver documentos persona', '');
INSERT INTO IUAttribute (idIU, idIUAttribute, IUAttributeName, IUAttributeAlias, IUAttributeDescription) VALUES ('Clas_1623836459008779UIPobCl_Auto', 'Clas_1623836459008779CjtoVis_AutoICtjoVis_6', 'VerContratoNovedad', 'Ver contrato Novedades', '');
INSERT INTO IUAttribute (idIU, idIUAttribute, IUAttributeName, IUAttributeAlias, IUAttributeDescription) VALUES ('Clas_1623836459008779UIPobCl_Auto', 'Clas_1623836459008779CjtoVis_AutoICtjoVis_7', 'AccesoValidadorUsuarios', 'Acceso validador usuarios', '');
INSERT INTO IUAction (idIU, idIUAction, IUActionName, IUActionAlias, IUActionDescription) VALUES ('Clas_1623836459008779UIPobCl_Auto', 'Clas_1623836459008779AccOfer_AutoElemAcc_1', '_Auto_', 'Historico Información', '');
INSERT INTO IUNavigation (idIU, idIUNavigation, IUNavigationName, IUNavigationAlias, IUNavigationDescription) VALUES ('Clas_1623836459008779UIPobCl_Auto', 'Clas_1623836459008779NavOfer_AutoElemNav_1', 'IIUAsesor', 'Asesor jefe', '');

-- IIU: LogInformacionAsesor._Auto_
INSERT INTO IU (idIU, IUName, IUAlias, IUDescription, IUType) VALUES ('Clas_1623836459008779UIInst_1', '_Auto_', 'Historico Información', '', 'I');
INSERT INTO IUAction (idIU, idIUAction, IUActionName, IUActionAlias, IUActionDescription) VALUES ('Clas_1623836459008779UIInst_1', 'Clas_1623836459008779AccOfer_AutoElemAcc_1', '_Auto_', 'Historico Información', '');
INSERT INTO IUNavigation (idIU, idIUNavigation, IUNavigationName, IUNavigationAlias, IUNavigationDescription) VALUES ('Clas_1623836459008779UIInst_1', 'Clas_1623836459008779NavOfer_AutoElemNav_1', 'IIUAsesor', 'Asesor jefe', '');


---------------------------------------------
-- CLASS LogHistoricoPlanes
---------------------------------------------
-- PIU: LogHistoricoPlanes.PIULogHistoricoPlanes
INSERT INTO IU (idIU, IUName, IUAlias, IUDescription, IUType) VALUES ('Clas_1624004755456313UIPobCl_1', 'PIULogHistoricoPlanes', 'Histórico Planes', '', 'P');
INSERT INTO IUAttribute (idIU, idIUAttribute, IUAttributeName, IUAttributeAlias, IUAttributeDescription) VALUES ('Clas_1624004755456313UIPobCl_1', 'Clas_1624004755456313CjtoVis_1ICtjoVis_1', 'Accion', 'Acción', '');
INSERT INTO IUAttribute (idIU, idIUAttribute, IUAttributeName, IUAttributeAlias, IUAttributeDescription) VALUES ('Clas_1624004755456313UIPobCl_1', 'Clas_1624004755456313CjtoVis_1ICtjoVis_2', 'Producto', 'Producto', '');
INSERT INTO IUAttribute (idIU, idIUAttribute, IUAttributeName, IUAttributeAlias, IUAttributeDescription) VALUES ('Clas_1624004755456313UIPobCl_1', 'Clas_1624004755456313CjtoVis_1ICtjoVis_3', 'Plan', 'Plan', '');
INSERT INTO IUAttribute (idIU, idIUAttribute, IUAttributeName, IUAttributeAlias, IUAttributeDescription) VALUES ('Clas_1624004755456313UIPobCl_1', 'Clas_1624004755456313CjtoVis_1ICtjoVis_4', 'FechaHora', 'Fecha', '');
INSERT INTO IUAttribute (idIU, idIUAttribute, IUAttributeName, IUAttributeAlias, IUAttributeDescription) VALUES ('Clas_1624004755456313UIPobCl_1', 'Clas_1624004755456313CjtoVis_1ICtjoVis_5', 'LoginFuncionario', 'Login', '');

-- PIU: LogHistoricoPlanes._Auto_
INSERT INTO IU (idIU, IUName, IUAlias, IUDescription, IUType) VALUES ('Clas_1624004755456313UIPobCl_Auto', '_Auto_', 'Histórico Planes', '', 'P');
INSERT INTO IUAttribute (idIU, idIUAttribute, IUAttributeName, IUAttributeAlias, IUAttributeDescription) VALUES ('Clas_1624004755456313UIPobCl_Auto', 'Clas_1624004755456313CjtoVis_AutoICtjoVis_1', 'idLogHistoricoPlanes', 'Id.', '');
INSERT INTO IUAttribute (idIU, idIUAttribute, IUAttributeName, IUAttributeAlias, IUAttributeDescription) VALUES ('Clas_1624004755456313UIPobCl_Auto', 'Clas_1624004755456313CjtoVis_AutoICtjoVis_2', 'FechaHora', 'Fecha', '');
INSERT INTO IUAttribute (idIU, idIUAttribute, IUAttributeName, IUAttributeAlias, IUAttributeDescription) VALUES ('Clas_1624004755456313UIPobCl_Auto', 'Clas_1624004755456313CjtoVis_AutoICtjoVis_3', 'LoginFuncionario', 'Login', '');
INSERT INTO IUAttribute (idIU, idIUAttribute, IUAttributeName, IUAttributeAlias, IUAttributeDescription) VALUES ('Clas_1624004755456313UIPobCl_Auto', 'Clas_1624004755456313CjtoVis_AutoICtjoVis_4', 'Producto', 'Producto', '');
INSERT INTO IUAttribute (idIU, idIUAttribute, IUAttributeName, IUAttributeAlias, IUAttributeDescription) VALUES ('Clas_1624004755456313UIPobCl_Auto', 'Clas_1624004755456313CjtoVis_AutoICtjoVis_5', 'Plan', 'Plan', '');
INSERT INTO IUAttribute (idIU, idIUAttribute, IUAttributeName, IUAttributeAlias, IUAttributeDescription) VALUES ('Clas_1624004755456313UIPobCl_Auto', 'Clas_1624004755456313CjtoVis_AutoICtjoVis_6', 'Accion', 'Acción', '');
INSERT INTO IUAction (idIU, idIUAction, IUActionName, IUActionAlias, IUActionDescription) VALUES ('Clas_1624004755456313UIPobCl_Auto', 'Clas_1624004755456313AccOfer_AutoElemAcc_1', '_Auto_', 'Histórico Planes', '');
INSERT INTO IUNavigation (idIU, idIUNavigation, IUNavigationName, IUNavigationAlias, IUNavigationDescription) VALUES ('Clas_1624004755456313UIPobCl_Auto', 'Clas_1624004755456313NavOfer_AutoElemNav_1', 'IIUAsesor', 'Asesor jefe', '');

-- IIU: LogHistoricoPlanes._Auto_
INSERT INTO IU (idIU, IUName, IUAlias, IUDescription, IUType) VALUES ('Clas_1624004755456313UIInst_1', '_Auto_', 'Histórico Planes', '', 'I');
INSERT INTO IUAction (idIU, idIUAction, IUActionName, IUActionAlias, IUActionDescription) VALUES ('Clas_1624004755456313UIInst_1', 'Clas_1624004755456313AccOfer_AutoElemAcc_1', '_Auto_', 'Histórico Planes', '');
INSERT INTO IUNavigation (idIU, idIUNavigation, IUNavigationName, IUNavigationAlias, IUNavigationDescription) VALUES ('Clas_1624004755456313UIInst_1', 'Clas_1624004755456313NavOfer_AutoElemNav_1', 'IIUAsesor', 'Asesor jefe', '');


---------------------------------------------
-- CLASS LogLlamadasAE
---------------------------------------------
-- PIU: LogLlamadasAE.PIULogLlamadasAE
INSERT INTO IU (idIU, IUName, IUAlias, IUDescription, IUType) VALUES ('Clas_1641826746368185UIPobCl_1', 'PIULogLlamadasAE', 'Llamadas a AE', '', 'P');
INSERT INTO IUAttribute (idIU, idIUAttribute, IUAttributeName, IUAttributeAlias, IUAttributeDescription) VALUES ('Clas_1641826746368185UIPobCl_1', 'Clas_1641826746368185CjtoVis_1ICtjoVis_1', 'TipoServicio', 'Tipo Servicio', '');
INSERT INTO IUAttribute (idIU, idIUAttribute, IUAttributeName, IUAttributeAlias, IUAttributeDescription) VALUES ('Clas_1641826746368185UIPobCl_1', 'Clas_1641826746368185CjtoVis_1ICtjoVis_2', 'Servicio', 'Servicio', '');
INSERT INTO IUAttribute (idIU, idIUAttribute, IUAttributeName, IUAttributeAlias, IUAttributeDescription) VALUES ('Clas_1641826746368185UIPobCl_1', 'Clas_1641826746368185CjtoVis_1ICtjoVis_3', 'Capacidad', 'Capacidad', '');
INSERT INTO IUAttribute (idIU, idIUAttribute, IUAttributeName, IUAttributeAlias, IUAttributeDescription) VALUES ('Clas_1641826746368185UIPobCl_1', 'Clas_1641826746368185CjtoVis_1ICtjoVis_4', 'FechaHora', 'Fecha', '');
INSERT INTO IUAttribute (idIU, idIUAttribute, IUAttributeName, IUAttributeAlias, IUAttributeDescription) VALUES ('Clas_1641826746368185UIPobCl_1', 'Clas_1641826746368185CjtoVis_1ICtjoVis_5', 'TextoError', 'Texto Error', '');
INSERT INTO IUAction (idIU, idIUAction, IUActionName, IUActionAlias, IUActionDescription) VALUES ('Clas_1641826746368185UIPobCl_1', 'Clas_1641826746368185AccOfer_1ElemAcc_1', 'IIULogLlamadasAE', 'Detalles', '');

-- PIU: LogLlamadasAE._Auto_
INSERT INTO IU (idIU, IUName, IUAlias, IUDescription, IUType) VALUES ('Clas_1641826746368185UIPobCl_Auto', '_Auto_', 'Llamada a BH', '', 'P');
INSERT INTO IUAttribute (idIU, idIUAttribute, IUAttributeName, IUAttributeAlias, IUAttributeDescription) VALUES ('Clas_1641826746368185UIPobCl_Auto', 'Clas_1641826746368185CjtoVis_AutoICtjoVis_1', 'ID', 'Id.', '');
INSERT INTO IUAttribute (idIU, idIUAttribute, IUAttributeName, IUAttributeAlias, IUAttributeDescription) VALUES ('Clas_1641826746368185UIPobCl_Auto', 'Clas_1641826746368185CjtoVis_AutoICtjoVis_2', 'TipoServicio', 'Tipo Servicio', '');
INSERT INTO IUAttribute (idIU, idIUAttribute, IUAttributeName, IUAttributeAlias, IUAttributeDescription) VALUES ('Clas_1641826746368185UIPobCl_Auto', 'Clas_1641826746368185CjtoVis_AutoICtjoVis_3', 'Solicitud', 'No. Radicación', '');
INSERT INTO IUAttribute (idIU, idIUAttribute, IUAttributeName, IUAttributeAlias, IUAttributeDescription) VALUES ('Clas_1641826746368185UIPobCl_Auto', 'Clas_1641826746368185CjtoVis_AutoICtjoVis_4', 'Servicio', 'Servicio', '');
INSERT INTO IUAttribute (idIU, idIUAttribute, IUAttributeName, IUAttributeAlias, IUAttributeDescription) VALUES ('Clas_1641826746368185UIPobCl_Auto', 'Clas_1641826746368185CjtoVis_AutoICtjoVis_5', 'Capacidad', 'Capacidad', '');
INSERT INTO IUAttribute (idIU, idIUAttribute, IUAttributeName, IUAttributeAlias, IUAttributeDescription) VALUES ('Clas_1641826746368185UIPobCl_Auto', 'Clas_1641826746368185CjtoVis_AutoICtjoVis_6', 'FechaHora', 'Fecha', '');
INSERT INTO IUAttribute (idIU, idIUAttribute, IUAttributeName, IUAttributeAlias, IUAttributeDescription) VALUES ('Clas_1641826746368185UIPobCl_Auto', 'Clas_1641826746368185CjtoVis_AutoICtjoVis_7', 'TextoError', 'Texto Error', '');
INSERT INTO IUAttribute (idIU, idIUAttribute, IUAttributeName, IUAttributeAlias, IUAttributeDescription) VALUES ('Clas_1641826746368185UIPobCl_Auto', 'Clas_1641826746368185CjtoVis_AutoICtjoVis_8', 'TiempoEjecucion', 'Tiempo Ejecución', '');
INSERT INTO IUAttribute (idIU, idIUAttribute, IUAttributeName, IUAttributeAlias, IUAttributeDescription) VALUES ('Clas_1641826746368185UIPobCl_Auto', 'Clas_1641826746368185CjtoVis_AutoICtjoVis_9', 'DatosRecibidos', 'Petición', '');
INSERT INTO IUAttribute (idIU, idIUAttribute, IUAttributeName, IUAttributeAlias, IUAttributeDescription) VALUES ('Clas_1641826746368185UIPobCl_Auto', 'Clas_1641826746368185CjtoVis_AutoICtjoVis_10', 'DatosEnviados', 'Respuesta', '');
INSERT INTO IUAction (idIU, idIUAction, IUActionName, IUActionAlias, IUActionDescription) VALUES ('Clas_1641826746368185UIPobCl_Auto', 'Clas_1641826746368185AccOfer_AutoElemAcc_1', 'SIUcreateinstance', 'Crear', '');
INSERT INTO IUAction (idIU, idIUAction, IUActionName, IUActionAlias, IUActionDescription) VALUES ('Clas_1641826746368185UIPobCl_Auto', 'Clas_1641826746368185AccOfer_AutoElemAcc_2', 'SIUdeleteinstance', 'Borrar', '');
INSERT INTO IUAction (idIU, idIUAction, IUActionName, IUActionAlias, IUActionDescription) VALUES ('Clas_1641826746368185UIPobCl_Auto', 'Clas_1641826746368185AccOfer_AutoElemAcc_3', 'IIULogLlamadasAE', 'Llamada a AE', '');

-- IIU: LogLlamadasAE.IIULogLlamadasAE
INSERT INTO IU (idIU, IUName, IUAlias, IUDescription, IUType) VALUES ('Clas_1641826746368185UIInst_1', 'IIULogLlamadasAE', 'Llamada a AE', '', 'I');

-- IIU: LogLlamadasAE._Auto_
INSERT INTO IU (idIU, IUName, IUAlias, IUDescription, IUType) VALUES ('Clas_1641826746368185UIInst_2', '_Auto_', 'Llamada a BH', '', 'I');
INSERT INTO IUAction (idIU, idIUAction, IUActionName, IUActionAlias, IUActionDescription) VALUES ('Clas_1641826746368185UIInst_2', 'Clas_1641826746368185AccOfer_AutoElemAcc_1', 'SIUcreateinstance', 'Crear', '');
INSERT INTO IUAction (idIU, idIUAction, IUActionName, IUActionAlias, IUActionDescription) VALUES ('Clas_1641826746368185UIInst_2', 'Clas_1641826746368185AccOfer_AutoElemAcc_2', 'SIUdeleteinstance', 'Borrar', '');
INSERT INTO IUAction (idIU, idIUAction, IUActionName, IUActionAlias, IUActionDescription) VALUES ('Clas_1641826746368185UIInst_2', 'Clas_1641826746368185AccOfer_AutoElemAcc_3', 'IIULogLlamadasAE', 'Llamada a AE', '');

-- SIU: LogLlamadasAE.SIUcreateinstance
INSERT INTO IU (idIU, IUName, IUAlias, IUDescription, IUType) VALUES ('Clas_1641826746368185Ser_1UIServ_1', 'SIUcreateinstance', 'Crear', '', 'S');
-- SIU: LogLlamadasAE.SIUdeleteinstance
INSERT INTO IU (idIU, IUName, IUAlias, IUDescription, IUType) VALUES ('Clas_1641826746368185Ser_2UIServ_1', 'SIUdeleteinstance', 'Borrar', '', 'S');

---------------------------------------------
-- CLASS LogLlamadasBH
---------------------------------------------
-- PIU: LogLlamadasBH.PIULogLlamadasBH
INSERT INTO IU (idIU, IUName, IUAlias, IUDescription, IUType) VALUES ('Clas_1641826746368463UIPobCl_1', 'PIULogLlamadasBH', 'Llamadas a BH', '', 'P');
INSERT INTO IUAttribute (idIU, idIUAttribute, IUAttributeName, IUAttributeAlias, IUAttributeDescription) VALUES ('Clas_1641826746368463UIPobCl_1', 'Clas_1641826746368463CjtoVis_1ICtjoVis_1', 'TipoServicio', 'Tipo Servicio', '');
INSERT INTO IUAttribute (idIU, idIUAttribute, IUAttributeName, IUAttributeAlias, IUAttributeDescription) VALUES ('Clas_1641826746368463UIPobCl_1', 'Clas_1641826746368463CjtoVis_1ICtjoVis_2', 'Servicio', 'Servicio', '');
INSERT INTO IUAttribute (idIU, idIUAttribute, IUAttributeName, IUAttributeAlias, IUAttributeDescription) VALUES ('Clas_1641826746368463UIPobCl_1', 'Clas_1641826746368463CjtoVis_1ICtjoVis_3', 'Capacidad', 'Capacidad', '');
INSERT INTO IUAttribute (idIU, idIUAttribute, IUAttributeName, IUAttributeAlias, IUAttributeDescription) VALUES ('Clas_1641826746368463UIPobCl_1', 'Clas_1641826746368463CjtoVis_1ICtjoVis_4', 'FechaHora', 'Fecha', '');
INSERT INTO IUAttribute (idIU, idIUAttribute, IUAttributeName, IUAttributeAlias, IUAttributeDescription) VALUES ('Clas_1641826746368463UIPobCl_1', 'Clas_1641826746368463CjtoVis_1ICtjoVis_5', 'Solicitud', 'No. Solicitud', '');
INSERT INTO IUAttribute (idIU, idIUAttribute, IUAttributeName, IUAttributeAlias, IUAttributeDescription) VALUES ('Clas_1641826746368463UIPobCl_1', 'Clas_1641826746368463CjtoVis_1ICtjoVis_6', 'TextoError', 'Texto Error', '');
INSERT INTO IUAction (idIU, idIUAction, IUActionName, IUActionAlias, IUActionDescription) VALUES ('Clas_1641826746368463UIPobCl_1', 'Clas_1641826746368463AccOfer_1ElemAcc_1', 'IIULogLlamadasBH', 'Detalles', '');

-- PIU: LogLlamadasBH._Auto_
INSERT INTO IU (idIU, IUName, IUAlias, IUDescription, IUType) VALUES ('Clas_1641826746368463UIPobCl_Auto', '_Auto_', 'Llamada a BH', '', 'P');
INSERT INTO IUAttribute (idIU, idIUAttribute, IUAttributeName, IUAttributeAlias, IUAttributeDescription) VALUES ('Clas_1641826746368463UIPobCl_Auto', 'Clas_1641826746368463CjtoVis_AutoICtjoVis_1', 'ID', 'Id.', '');
INSERT INTO IUAttribute (idIU, idIUAttribute, IUAttributeName, IUAttributeAlias, IUAttributeDescription) VALUES ('Clas_1641826746368463UIPobCl_Auto', 'Clas_1641826746368463CjtoVis_AutoICtjoVis_2', 'TipoServicio', 'Tipo Servicio', '');
INSERT INTO IUAttribute (idIU, idIUAttribute, IUAttributeName, IUAttributeAlias, IUAttributeDescription) VALUES ('Clas_1641826746368463UIPobCl_Auto', 'Clas_1641826746368463CjtoVis_AutoICtjoVis_3', 'Solicitud', 'No. Radicación', '');
INSERT INTO IUAttribute (idIU, idIUAttribute, IUAttributeName, IUAttributeAlias, IUAttributeDescription) VALUES ('Clas_1641826746368463UIPobCl_Auto', 'Clas_1641826746368463CjtoVis_AutoICtjoVis_4', 'Servicio', 'Servicio', '');
INSERT INTO IUAttribute (idIU, idIUAttribute, IUAttributeName, IUAttributeAlias, IUAttributeDescription) VALUES ('Clas_1641826746368463UIPobCl_Auto', 'Clas_1641826746368463CjtoVis_AutoICtjoVis_5', 'Capacidad', 'Capacidad', '');
INSERT INTO IUAttribute (idIU, idIUAttribute, IUAttributeName, IUAttributeAlias, IUAttributeDescription) VALUES ('Clas_1641826746368463UIPobCl_Auto', 'Clas_1641826746368463CjtoVis_AutoICtjoVis_6', 'FechaHora', 'Fecha', '');
INSERT INTO IUAttribute (idIU, idIUAttribute, IUAttributeName, IUAttributeAlias, IUAttributeDescription) VALUES ('Clas_1641826746368463UIPobCl_Auto', 'Clas_1641826746368463CjtoVis_AutoICtjoVis_7', 'TextoError', 'Texto Error', '');
INSERT INTO IUAttribute (idIU, idIUAttribute, IUAttributeName, IUAttributeAlias, IUAttributeDescription) VALUES ('Clas_1641826746368463UIPobCl_Auto', 'Clas_1641826746368463CjtoVis_AutoICtjoVis_8', 'TiempoEjecucion', 'Tiempo Ejecución', '');
INSERT INTO IUAttribute (idIU, idIUAttribute, IUAttributeName, IUAttributeAlias, IUAttributeDescription) VALUES ('Clas_1641826746368463UIPobCl_Auto', 'Clas_1641826746368463CjtoVis_AutoICtjoVis_9', 'Peticion', 'Petición', '');
INSERT INTO IUAttribute (idIU, idIUAttribute, IUAttributeName, IUAttributeAlias, IUAttributeDescription) VALUES ('Clas_1641826746368463UIPobCl_Auto', 'Clas_1641826746368463CjtoVis_AutoICtjoVis_10', 'Respuesta', 'Respuesta', '');
INSERT INTO IUAttribute (idIU, idIUAttribute, IUAttributeName, IUAttributeAlias, IUAttributeDescription) VALUES ('Clas_1641826746368463UIPobCl_Auto', 'Clas_1641826746368463CjtoVis_AutoICtjoVis_11', 'Usuario', 'Usuario', '');
INSERT INTO IUAction (idIU, idIUAction, IUActionName, IUActionAlias, IUActionDescription) VALUES ('Clas_1641826746368463UIPobCl_Auto', 'Clas_1641826746368463AccOfer_AutoElemAcc_1', 'SIUcreateinstance', 'Crear', '');
INSERT INTO IUAction (idIU, idIUAction, IUActionName, IUActionAlias, IUActionDescription) VALUES ('Clas_1641826746368463UIPobCl_Auto', 'Clas_1641826746368463AccOfer_AutoElemAcc_2', 'SIUdeleteinstance', 'Borrar', '');
INSERT INTO IUAction (idIU, idIUAction, IUActionName, IUActionAlias, IUActionDescription) VALUES ('Clas_1641826746368463UIPobCl_Auto', 'Clas_1641826746368463AccOfer_AutoElemAcc_3', 'IIULogLlamadasBH', 'Llamada a BH', '');

-- IIU: LogLlamadasBH.IIULogLlamadasBH
INSERT INTO IU (idIU, IUName, IUAlias, IUDescription, IUType) VALUES ('Clas_1641826746368463UIInst_1', 'IIULogLlamadasBH', 'Llamada a BH', '', 'I');

-- IIU: LogLlamadasBH._Auto_
INSERT INTO IU (idIU, IUName, IUAlias, IUDescription, IUType) VALUES ('Clas_1641826746368463UIInst_2', '_Auto_', 'Llamada a BH', '', 'I');
INSERT INTO IUAction (idIU, idIUAction, IUActionName, IUActionAlias, IUActionDescription) VALUES ('Clas_1641826746368463UIInst_2', 'Clas_1641826746368463AccOfer_AutoElemAcc_1', 'SIUcreateinstance', 'Crear', '');
INSERT INTO IUAction (idIU, idIUAction, IUActionName, IUActionAlias, IUActionDescription) VALUES ('Clas_1641826746368463UIInst_2', 'Clas_1641826746368463AccOfer_AutoElemAcc_2', 'SIUdeleteinstance', 'Borrar', '');
INSERT INTO IUAction (idIU, idIUAction, IUActionName, IUActionAlias, IUActionDescription) VALUES ('Clas_1641826746368463UIInst_2', 'Clas_1641826746368463AccOfer_AutoElemAcc_3', 'IIULogLlamadasBH', 'Llamada a BH', '');

-- SIU: LogLlamadasBH.SIUcreateinstance
INSERT INTO IU (idIU, IUName, IUAlias, IUDescription, IUType) VALUES ('Clas_1641826746368463Ser_1UIServ_1', 'SIUcreateinstance', 'Crear', '', 'S');
-- SIU: LogLlamadasBH.SIUdeleteinstance
INSERT INTO IU (idIU, IUName, IUAlias, IUDescription, IUType) VALUES ('Clas_1641826746368463Ser_2UIServ_1', 'SIUdeleteinstance', 'Borrar', '', 'S');

---------------------------------------------
-- CLASS FechaIniEPS
---------------------------------------------
-- PIU: FechaIniEPS.PIUFechaIniEPS
INSERT INTO IU (idIU, IUName, IUAlias, IUDescription, IUType) VALUES ('Clas_1655287709696534UIPobCl_1', 'PIUFechaIniEPS', 'Fechas Inicio Vigencia para EPS', '', 'P');
INSERT INTO IUAttribute (idIU, idIUAttribute, IUAttributeName, IUAttributeAlias, IUAttributeDescription) VALUES ('Clas_1655287709696534UIPobCl_1', 'Clas_1655287709696534CjtoVis_1ICtjoVis_1', 'Tramite', 'Trámite', '');
INSERT INTO IUAttribute (idIU, idIUAttribute, IUAttributeName, IUAttributeAlias, IUAttributeDescription) VALUES ('Clas_1655287709696534UIPobCl_1', 'Clas_1655287709696534CjtoVis_1ICtjoVis_2', 'TipoContrato', 'Tipo Contrato', '');
INSERT INTO IUAttribute (idIU, idIUAttribute, IUAttributeName, IUAttributeAlias, IUAttributeDescription) VALUES ('Clas_1655287709696534UIPobCl_1', 'Clas_1655287709696534CjtoVis_1ICtjoVis_3', 'Desde', 'Fecha Desde', '');
INSERT INTO IUAttribute (idIU, idIUAttribute, IUAttributeName, IUAttributeAlias, IUAttributeDescription) VALUES ('Clas_1655287709696534UIPobCl_1', 'Clas_1655287709696534CjtoVis_1ICtjoVis_4', 'Hasta', 'Fecha Hasta', '');
INSERT INTO IUAttribute (idIU, idIUAttribute, IUAttributeName, IUAttributeAlias, IUAttributeDescription) VALUES ('Clas_1655287709696534UIPobCl_1', 'Clas_1655287709696534CjtoVis_1ICtjoVis_5', 'FechaInicioAplicar', 'Fecha inicio de contratación', '');
INSERT INTO IUAction (idIU, idIUAction, IUActionName, IUActionAlias, IUActionDescription) VALUES ('Clas_1655287709696534UIPobCl_1', 'Clas_1655287709696534AccOfer_1ElemAcc_2', 'SIUTGCREARFINIEPS', 'Crear', '');
INSERT INTO IUAction (idIU, idIUAction, IUActionName, IUActionAlias, IUActionDescription) VALUES ('Clas_1655287709696534UIPobCl_1', 'Clas_1655287709696534AccOfer_1ElemAcc_3', 'SIUTGMODFINIEPS', 'Modificar', '');
INSERT INTO IUAction (idIU, idIUAction, IUActionName, IUActionAlias, IUActionDescription) VALUES ('Clas_1655287709696534UIPobCl_1', 'Clas_1655287709696534AccOfer_1ElemAcc_1', 'SIUeliminar', 'Eliminar', '');

-- PIU: FechaIniEPS._Auto_
INSERT INTO IU (idIU, IUName, IUAlias, IUDescription, IUType) VALUES ('Clas_1655287709696534UIPobCl_Auto', '_Auto_', 'Fechas inicio vigencia para EPS', '', 'P');
INSERT INTO IUAttribute (idIU, idIUAttribute, IUAttributeName, IUAttributeAlias, IUAttributeDescription) VALUES ('Clas_1655287709696534UIPobCl_Auto', 'Clas_1655287709696534CjtoVis_AutoICtjoVis_1', 'Id', 'Id', '');
INSERT INTO IUAttribute (idIU, idIUAttribute, IUAttributeName, IUAttributeAlias, IUAttributeDescription) VALUES ('Clas_1655287709696534UIPobCl_Auto', 'Clas_1655287709696534CjtoVis_AutoICtjoVis_2', 'Tramite', 'Trámite', '');
INSERT INTO IUAttribute (idIU, idIUAttribute, IUAttributeName, IUAttributeAlias, IUAttributeDescription) VALUES ('Clas_1655287709696534UIPobCl_Auto', 'Clas_1655287709696534CjtoVis_AutoICtjoVis_3', 'TipoContrato', 'Tipo Contrato', '');
INSERT INTO IUAttribute (idIU, idIUAttribute, IUAttributeName, IUAttributeAlias, IUAttributeDescription) VALUES ('Clas_1655287709696534UIPobCl_Auto', 'Clas_1655287709696534CjtoVis_AutoICtjoVis_4', 'Desde', 'Fecha Desde', '');
INSERT INTO IUAttribute (idIU, idIUAttribute, IUAttributeName, IUAttributeAlias, IUAttributeDescription) VALUES ('Clas_1655287709696534UIPobCl_Auto', 'Clas_1655287709696534CjtoVis_AutoICtjoVis_5', 'Hasta', 'Fecha Hasta', '');
INSERT INTO IUAttribute (idIU, idIUAttribute, IUAttributeName, IUAttributeAlias, IUAttributeDescription) VALUES ('Clas_1655287709696534UIPobCl_Auto', 'Clas_1655287709696534CjtoVis_AutoICtjoVis_6', 'FechaInicioAplicar', 'Fecha inicio de contratación', '');
INSERT INTO IUAction (idIU, idIUAction, IUActionName, IUActionAlias, IUActionDescription) VALUES ('Clas_1655287709696534UIPobCl_Auto', 'Clas_1655287709696534AccOfer_AutoElemAcc_1', 'SIUeliminar', 'Eliminar', '');
INSERT INTO IUAction (idIU, idIUAction, IUActionName, IUActionAlias, IUActionDescription) VALUES ('Clas_1655287709696534UIPobCl_Auto', 'Clas_1655287709696534AccOfer_AutoElemAcc_2', '_Auto_', 'Fechas inicio vigencia para EPS', '');

-- IIU: FechaIniEPS._Auto_
INSERT INTO IU (idIU, IUName, IUAlias, IUDescription, IUType) VALUES ('Clas_1655287709696534UIInst_1', '_Auto_', 'Fechas inicio vigencia para EPS', '', 'I');
INSERT INTO IUAction (idIU, idIUAction, IUActionName, IUActionAlias, IUActionDescription) VALUES ('Clas_1655287709696534UIInst_1', 'Clas_1655287709696534AccOfer_AutoElemAcc_1', 'SIUeliminar', 'Eliminar', '');
INSERT INTO IUAction (idIU, idIUAction, IUActionName, IUActionAlias, IUActionDescription) VALUES ('Clas_1655287709696534UIInst_1', 'Clas_1655287709696534AccOfer_AutoElemAcc_2', '_Auto_', 'Fechas inicio vigencia para EPS', '');

-- SIU: FechaIniEPS.SIUeliminar
INSERT INTO IU (idIU, IUName, IUAlias, IUDescription, IUType) VALUES ('Clas_1655287709696534Ser_2UIServ_1', 'SIUeliminar', 'Eliminar', '', 'S');

---------------------------------------------
-- CLASS LogIncompatibilidades
---------------------------------------------
-- PIU: LogIncompatibilidades.PIULogIncompatibilidades
INSERT INTO IU (idIU, IUName, IUAlias, IUDescription, IUType) VALUES ('Clas_1658387955712525UIPobCl_1', 'PIULogIncompatibilidades', 'Log modificaciones Incompatibles', '', 'P');
INSERT INTO IUAttribute (idIU, idIUAttribute, IUAttributeName, IUAttributeAlias, IUAttributeDescription) VALUES ('Clas_1658387955712525UIPobCl_1', 'Clas_1658387955712525CjtoVis_1ICtjoVis_1', 'Fecha', 'Fecha', '');
INSERT INTO IUAttribute (idIU, idIUAttribute, IUAttributeName, IUAttributeAlias, IUAttributeDescription) VALUES ('Clas_1658387955712525UIPobCl_1', 'Clas_1658387955712525CjtoVis_1ICtjoVis_2', 'LoginFuncionario', 'Usuario', '');
INSERT INTO IUAttribute (idIU, idIUAttribute, IUAttributeName, IUAttributeAlias, IUAttributeDescription) VALUES ('Clas_1658387955712525UIPobCl_1', 'Clas_1658387955712525CjtoVis_1ICtjoVis_3', 'Accion', 'Acción', '');
INSERT INTO IUAttribute (idIU, idIUAttribute, IUAttributeName, IUAttributeAlias, IUAttributeDescription) VALUES ('Clas_1658387955712525UIPobCl_1', 'Clas_1658387955712525CjtoVis_1ICtjoVis_4', 'NomDominio', 'Dominio', '');

-- PIU: LogIncompatibilidades._Auto_
INSERT INTO IU (idIU, IUName, IUAlias, IUDescription, IUType) VALUES ('Clas_1658387955712525UIPobCl_Auto', '_Auto_', 'Log Incompatibles', '', 'P');
INSERT INTO IUAttribute (idIU, idIUAttribute, IUAttributeName, IUAttributeAlias, IUAttributeDescription) VALUES ('Clas_1658387955712525UIPobCl_Auto', 'Clas_1658387955712525CjtoVis_AutoICtjoVis_1', 'idLogIncompatibilidades', 'id_LogIncompatibilidades', '');
INSERT INTO IUAttribute (idIU, idIUAttribute, IUAttributeName, IUAttributeAlias, IUAttributeDescription) VALUES ('Clas_1658387955712525UIPobCl_Auto', 'Clas_1658387955712525CjtoVis_AutoICtjoVis_2', 'LoginFuncionario', 'Usuario', '');
INSERT INTO IUAttribute (idIU, idIUAttribute, IUAttributeName, IUAttributeAlias, IUAttributeDescription) VALUES ('Clas_1658387955712525UIPobCl_Auto', 'Clas_1658387955712525CjtoVis_AutoICtjoVis_3', 'Fecha', 'Fecha', '');
INSERT INTO IUAttribute (idIU, idIUAttribute, IUAttributeName, IUAttributeAlias, IUAttributeDescription) VALUES ('Clas_1658387955712525UIPobCl_Auto', 'Clas_1658387955712525CjtoVis_AutoICtjoVis_4', 'Accion', 'Acción', '');
INSERT INTO IUAttribute (idIU, idIUAttribute, IUAttributeName, IUAttributeAlias, IUAttributeDescription) VALUES ('Clas_1658387955712525UIPobCl_Auto', 'Clas_1658387955712525CjtoVis_AutoICtjoVis_5', 'NomDominio', 'Dominio', '');
INSERT INTO IUAction (idIU, idIUAction, IUActionName, IUActionAlias, IUActionDescription) VALUES ('Clas_1658387955712525UIPobCl_Auto', 'Clas_1658387955712525AccOfer_AutoElemAcc_1', 'SIUTCREAR', 'TCREAR', '');
INSERT INTO IUAction (idIU, idIUAction, IUActionName, IUActionAlias, IUActionDescription) VALUES ('Clas_1658387955712525UIPobCl_Auto', 'Clas_1658387955712525AccOfer_AutoElemAcc_2', '_Auto_', 'Log Incompatibles', '');
INSERT INTO IUNavigation (idIU, idIUNavigation, IUNavigationName, IUNavigationAlias, IUNavigationDescription) VALUES ('Clas_1658387955712525UIPobCl_Auto', 'Clas_1658387955712525NavOfer_AutoElemNav_1', 'IIUDominio', 'Dominio', '');

-- IIU: LogIncompatibilidades._Auto_
INSERT INTO IU (idIU, IUName, IUAlias, IUDescription, IUType) VALUES ('Clas_1658387955712525UIInst_1', '_Auto_', 'Log Incompatibles', '', 'I');
INSERT INTO IUAction (idIU, idIUAction, IUActionName, IUActionAlias, IUActionDescription) VALUES ('Clas_1658387955712525UIInst_1', 'Clas_1658387955712525AccOfer_AutoElemAcc_1', 'SIUTCREAR', 'TCREAR', '');
INSERT INTO IUAction (idIU, idIUAction, IUActionName, IUActionAlias, IUActionDescription) VALUES ('Clas_1658387955712525UIInst_1', 'Clas_1658387955712525AccOfer_AutoElemAcc_2', '_Auto_', 'Log Incompatibles', '');
INSERT INTO IUNavigation (idIU, idIUNavigation, IUNavigationName, IUNavigationAlias, IUNavigationDescription) VALUES ('Clas_1658387955712525UIInst_1', 'Clas_1658387955712525NavOfer_AutoElemNav_1', 'IIUDominio', 'Dominio', '');

-- SIU: LogIncompatibilidades.SIUTCREAR
INSERT INTO IU (idIU, IUName, IUAlias, IUDescription, IUType) VALUES ('Clas_1658387955712525Ser_4UIServ_1', 'SIUTCREAR', 'TCREAR', '', 'S');

---------------------------------------------
-- CLASS LogDatosDominio
---------------------------------------------
-- PIU: LogDatosDominio.PIULogDatosDominio
INSERT INTO IU (idIU, IUName, IUAlias, IUDescription, IUType) VALUES ('Clas_1658394247168004UIPobCl_1', 'PIULogDatosDominio', 'Log Dominio', '', 'P');
INSERT INTO IUAttribute (idIU, idIUAttribute, IUAttributeName, IUAttributeAlias, IUAttributeDescription) VALUES ('Clas_1658394247168004UIPobCl_1', 'Clas_1658394247168004CjtoVis_1ICtjoVis_1', 'Fecha', 'Fecha', '');
INSERT INTO IUAttribute (idIU, idIUAttribute, IUAttributeName, IUAttributeAlias, IUAttributeDescription) VALUES ('Clas_1658394247168004UIPobCl_1', 'Clas_1658394247168004CjtoVis_1ICtjoVis_2', 'LoginFuncionario', 'Usuario', '');
INSERT INTO IUAttribute (idIU, idIUAttribute, IUAttributeName, IUAttributeAlias, IUAttributeDescription) VALUES ('Clas_1658394247168004UIPobCl_1', 'Clas_1658394247168004CjtoVis_1ICtjoVis_3', 'TramiteEnLinea', 'Trámite en línea', '');
INSERT INTO IUAttribute (idIU, idIUAttribute, IUAttributeName, IUAttributeAlias, IUAttributeDescription) VALUES ('Clas_1658394247168004UIPobCl_1', 'Clas_1658394247168004CjtoVis_1ICtjoVis_4', 'VigenciaRadicacion', 'Vigencia de radicación', '');

-- PIU: LogDatosDominio._Auto_
INSERT INTO IU (idIU, IUName, IUAlias, IUDescription, IUType) VALUES ('Clas_1658394247168004UIPobCl_Auto', '_Auto_', 'Log Dominio', '', 'P');
INSERT INTO IUAttribute (idIU, idIUAttribute, IUAttributeName, IUAttributeAlias, IUAttributeDescription) VALUES ('Clas_1658394247168004UIPobCl_Auto', 'Clas_1658394247168004CjtoVis_AutoICtjoVis_1', 'idLogDatosDominio', 'id_LogDatosDominio', '');
INSERT INTO IUAttribute (idIU, idIUAttribute, IUAttributeName, IUAttributeAlias, IUAttributeDescription) VALUES ('Clas_1658394247168004UIPobCl_Auto', 'Clas_1658394247168004CjtoVis_AutoICtjoVis_2', 'LoginFuncionario', 'Usuario', '');
INSERT INTO IUAttribute (idIU, idIUAttribute, IUAttributeName, IUAttributeAlias, IUAttributeDescription) VALUES ('Clas_1658394247168004UIPobCl_Auto', 'Clas_1658394247168004CjtoVis_AutoICtjoVis_3', 'Fecha', 'Fecha', '');
INSERT INTO IUAttribute (idIU, idIUAttribute, IUAttributeName, IUAttributeAlias, IUAttributeDescription) VALUES ('Clas_1658394247168004UIPobCl_Auto', 'Clas_1658394247168004CjtoVis_AutoICtjoVis_4', 'TramiteEnLinea', 'Trámite en línea', '');
INSERT INTO IUAttribute (idIU, idIUAttribute, IUAttributeName, IUAttributeAlias, IUAttributeDescription) VALUES ('Clas_1658394247168004UIPobCl_Auto', 'Clas_1658394247168004CjtoVis_AutoICtjoVis_5', 'VigenciaRadicacion', 'Vigencia de radicación', '');
INSERT INTO IUAction (idIU, idIUAction, IUActionName, IUActionAlias, IUActionDescription) VALUES ('Clas_1658394247168004UIPobCl_Auto', 'Clas_1658394247168004AccOfer_AutoElemAcc_1', '_Auto_', 'Log Dominio', '');
INSERT INTO IUNavigation (idIU, idIUNavigation, IUNavigationName, IUNavigationAlias, IUNavigationDescription) VALUES ('Clas_1658394247168004UIPobCl_Auto', 'Clas_1658394247168004NavOfer_AutoElemNav_1', 'IIUDominio', 'Dominio', '');

-- IIU: LogDatosDominio._Auto_
INSERT INTO IU (idIU, IUName, IUAlias, IUDescription, IUType) VALUES ('Clas_1658394247168004UIInst_1', '_Auto_', 'Log Dominio', '', 'I');
INSERT INTO IUAction (idIU, idIUAction, IUActionName, IUActionAlias, IUActionDescription) VALUES ('Clas_1658394247168004UIInst_1', 'Clas_1658394247168004AccOfer_AutoElemAcc_1', '_Auto_', 'Log Dominio', '');
INSERT INTO IUNavigation (idIU, idIUNavigation, IUNavigationName, IUNavigationAlias, IUNavigationDescription) VALUES ('Clas_1658394247168004UIInst_1', 'Clas_1658394247168004NavOfer_AutoElemNav_1', 'IIUDominio', 'Dominio', '');


---------------------------------------------
-- CLASS ContratosExentosFIngreso
---------------------------------------------
-- PIU: ContratosExentosFIngreso.PIUContratosExentosFIngreso
INSERT INTO IU (idIU, IUName, IUAlias, IUDescription, IUType) VALUES ('Clas_1658397392896210UIPobCl_1', 'PIUContratosExentosFIngreso', 'Contratos exentos fecha de ingreso', '', 'P');
INSERT INTO IUAttribute (idIU, idIUAttribute, IUAttributeName, IUAttributeAlias, IUAttributeDescription) VALUES ('Clas_1658397392896210UIPobCl_1', 'Clas_1658397392896210CjtoVis_1ICtjoVis_1', 'NumContrato', 'NumContrato', '');
INSERT INTO IUAction (idIU, idIUAction, IUActionName, IUActionAlias, IUActionDescription) VALUES ('Clas_1658397392896210UIPobCl_1', 'Clas_1658397392896210AccOfer_1ElemAcc_1', 'SIUTGCREARCONTEXENTO', 'Añadir contrato exento', '');
INSERT INTO IUAction (idIU, idIUAction, IUActionName, IUActionAlias, IUActionDescription) VALUES ('Clas_1658397392896210UIPobCl_1', 'Clas_1658397392896210AccOfer_1ElemAcc_2', 'SIUTGDELCONTRATOEXENTO', 'Eliminar', '');
INSERT INTO IUAction (idIU, idIUAction, IUActionName, IUActionAlias, IUActionDescription) VALUES ('Clas_1658397392896210UIPobCl_1', 'Clas_1658397392896210AccOfer_1ElemAcc_3', 'PIULogContratosExentosFIngres', 'Log Contratos exentos fecha ingreso', '');

-- PIU: ContratosExentosFIngreso._Auto_
INSERT INTO IU (idIU, IUName, IUAlias, IUDescription, IUType) VALUES ('Clas_1658397392896210UIPobCl_Auto', '_Auto_', 'Contratos exentos fecha de ingreso', '', 'P');
INSERT INTO IUAttribute (idIU, idIUAttribute, IUAttributeName, IUAttributeAlias, IUAttributeDescription) VALUES ('Clas_1658397392896210UIPobCl_Auto', 'Clas_1658397392896210CjtoVis_AutoICtjoVis_1', 'idContratosExentosFIngreso', 'Id.', '');
INSERT INTO IUAttribute (idIU, idIUAttribute, IUAttributeName, IUAttributeAlias, IUAttributeDescription) VALUES ('Clas_1658397392896210UIPobCl_Auto', 'Clas_1658397392896210CjtoVis_AutoICtjoVis_2', 'NumContrato', 'NumContrato', '');
INSERT INTO IUAction (idIU, idIUAction, IUActionName, IUActionAlias, IUActionDescription) VALUES ('Clas_1658397392896210UIPobCl_Auto', 'Clas_1658397392896210AccOfer_AutoElemAcc_1', '_Auto_', 'Contratos exentos fecha de ingreso', '');

-- IIU: ContratosExentosFIngreso._Auto_
INSERT INTO IU (idIU, IUName, IUAlias, IUDescription, IUType) VALUES ('Clas_1658397392896210UIInst_1', '_Auto_', 'Contratos exentos fecha de ingreso', '', 'I');
INSERT INTO IUAction (idIU, idIUAction, IUActionName, IUActionAlias, IUActionDescription) VALUES ('Clas_1658397392896210UIInst_1', 'Clas_1658397392896210AccOfer_AutoElemAcc_1', '_Auto_', 'Contratos exentos fecha de ingreso', '');


---------------------------------------------
-- CLASS LogContratosExentosFIngreso
---------------------------------------------
-- PIU: LogContratosExentosFIngreso.PIULogContratosExentosFIngres
INSERT INTO IU (idIU, IUName, IUAlias, IUDescription, IUType) VALUES ('Clas_1658397523968042UIPobCl_1', 'PIULogContratosExentosFIngres', 'Log Contratos exentos fecha ingreso', '', 'P');
INSERT INTO IUAttribute (idIU, idIUAttribute, IUAttributeName, IUAttributeAlias, IUAttributeDescription) VALUES ('Clas_1658397523968042UIPobCl_1', 'Clas_1658397523968042CjtoVis_1ICtjoVis_1', 'Fecha', 'Fecha', '');
INSERT INTO IUAttribute (idIU, idIUAttribute, IUAttributeName, IUAttributeAlias, IUAttributeDescription) VALUES ('Clas_1658397523968042UIPobCl_1', 'Clas_1658397523968042CjtoVis_1ICtjoVis_2', 'LoginFuncionario', 'Usuario', '');
INSERT INTO IUAttribute (idIU, idIUAttribute, IUAttributeName, IUAttributeAlias, IUAttributeDescription) VALUES ('Clas_1658397523968042UIPobCl_1', 'Clas_1658397523968042CjtoVis_1ICtjoVis_3', 'Accion', 'Acción', '');
INSERT INTO IUAttribute (idIU, idIUAttribute, IUAttributeName, IUAttributeAlias, IUAttributeDescription) VALUES ('Clas_1658397523968042UIPobCl_1', 'Clas_1658397523968042CjtoVis_1ICtjoVis_4', 'NumContrato', 'Num. Contrato', '');

-- PIU: LogContratosExentosFIngreso._Auto_
INSERT INTO IU (idIU, IUName, IUAlias, IUDescription, IUType) VALUES ('Clas_1658397523968042UIPobCl_Auto', '_Auto_', 'Log Contratos exentos fecha ingreso', '', 'P');
INSERT INTO IUAttribute (idIU, idIUAttribute, IUAttributeName, IUAttributeAlias, IUAttributeDescription) VALUES ('Clas_1658397523968042UIPobCl_Auto', 'Clas_1658397523968042CjtoVis_AutoICtjoVis_1', 'idLogContratosExentosFIngreso', 'Id.', '');
INSERT INTO IUAttribute (idIU, idIUAttribute, IUAttributeName, IUAttributeAlias, IUAttributeDescription) VALUES ('Clas_1658397523968042UIPobCl_Auto', 'Clas_1658397523968042CjtoVis_AutoICtjoVis_2', 'LoginFuncionario', 'Usuario', '');
INSERT INTO IUAttribute (idIU, idIUAttribute, IUAttributeName, IUAttributeAlias, IUAttributeDescription) VALUES ('Clas_1658397523968042UIPobCl_Auto', 'Clas_1658397523968042CjtoVis_AutoICtjoVis_3', 'Accion', 'Acción', '');
INSERT INTO IUAttribute (idIU, idIUAttribute, IUAttributeName, IUAttributeAlias, IUAttributeDescription) VALUES ('Clas_1658397523968042UIPobCl_Auto', 'Clas_1658397523968042CjtoVis_AutoICtjoVis_4', 'Fecha', 'Fecha', '');
INSERT INTO IUAttribute (idIU, idIUAttribute, IUAttributeName, IUAttributeAlias, IUAttributeDescription) VALUES ('Clas_1658397523968042UIPobCl_Auto', 'Clas_1658397523968042CjtoVis_AutoICtjoVis_5', 'NumContrato', 'Num. Contrato', '');
INSERT INTO IUAction (idIU, idIUAction, IUActionName, IUActionAlias, IUActionDescription) VALUES ('Clas_1658397523968042UIPobCl_Auto', 'Clas_1658397523968042AccOfer_AutoElemAcc_1', '_Auto_', 'Log Contratos exentos fecha ingreso', '');

-- IIU: LogContratosExentosFIngreso._Auto_
INSERT INTO IU (idIU, IUName, IUAlias, IUDescription, IUType) VALUES ('Clas_1658397523968042UIInst_1', '_Auto_', 'Log Contratos exentos fecha ingreso', '', 'I');
INSERT INTO IUAction (idIU, idIUAction, IUActionName, IUActionAlias, IUActionDescription) VALUES ('Clas_1658397523968042UIInst_1', 'Clas_1658397523968042AccOfer_AutoElemAcc_1', '_Auto_', 'Log Contratos exentos fecha ingreso', '');


---------------------------------------------
-- HAT NODES
---------------------------------------------
